{
  "version": 2,
  "times": [
    0.03705338016152382,
    0.03682909719645977,
    0.03694870136678219,
    0.036939047276973724,
    0.036951759830117226,
    0.03701148368418217,
    0.036905791610479355,
    0.03697458654642105,
    0.03682691231369972,
    0.03705751150846481,
    0.03694935701787472,
    0.0370450746268034,
    0.03703103959560394,
    0.03706906922161579,
    0.036875851452350616,
    0.03688465803861618,
    0.036952245980501175,
    0.03694392368197441,
    0.03697873279452324,
    0.03700016066431999,
    0.036900851875543594,
    0.037026531994342804,
    0.03695656359195709,
    0.03701304458081722,
    0.0370483435690403,
    0.03698795847594738,
    0.03685465827584267,
    0.03696837089955807,
    0.03689268231391907,
    0.03709430806338787,
    0.03696221485733986,
    0.03694310039281845,
    0.036992501467466354,
    0.03702489286661148,
    0.03689020872116089,
    0.03699739649891853,
    0.03694494441151619,
    0.03687632456421852,
    0.03698860853910446,
    0.03707415610551834,
    0.036902131512761116,
    0.03692930191755295,
    0.03703497350215912,
    0.0368672851473093,
    0.03694525733590126,
    0.036856044083833694,
    0.036974385380744934,
    0.036895062774419785,
    0.03691122680902481,
    0.036945637315511703,
    0.03700213320553303,
    0.036941222846508026,
    0.03706514276564121,
    0.03696174919605255,
    0.03693067096173763,
    0.0369223952293396,
    0.03709518723189831,
    0.03703626058995724,
    0.0369917806237936,
    0.036976130679249763,
    0.03698207624256611,
    0.03685962222516537,
    0.03705622814595699,
    0.037051815539598465,
    0.03690854273736477,
    0.0370077658444643,
    0.03705191984772682,
    0.036885762587189674,
    0.036867182701826096,
    0.0371040403842926,
    0.03703770227730274,
    0.03699544817209244,
    0.036892712116241455,
    0.03691543638706207,
    0.036818334832787514,
    0.03704984299838543,
    0.037039196118712425,
    0.03684789501130581,
    0.0369709637016058,
    0.036995017901062965,
    0.03706635721027851,
    0.03694614768028259,
    0.03703062795102596,
    0.03693247213959694,
    0.0368599034845829,
    0.0369354784488678,
    0.037024348974227905,
    0.036904746666550636,
    0.03693651594221592,
    0.03695048205554485,
    0.03704458847641945,
    0.03690190799534321,
    0.03702606447041035,
    0.0369857382029295,
    0.03697504475712776,
    0.03684269264340401,
    0.03686229698359966,
    0.036933477967977524,
    0.03680198825895786,
    0.037050601094961166,
    0.036993036046624184,
    0.03694339655339718,
    0.03696670010685921,
    0.03696901723742485,
    0.03684990294277668,
    0.03702284395694733,
    0.03702825494110584,
    0.037131089717149734,
    0.03707856312394142,
    0.03703076392412186,
    0.036840567365288734,
    0.036844395101070404,
    0.037072647362947464,
    0.03708598017692566,
    0.036934999749064445,
    0.036946527659893036,
    0.03698581084609032,
    0.03696388378739357,
    0.0369462464004755,
    0.03686307556927204,
    0.03688758239150047,
    0.037010425701737404,
    0.036811115220189095,
    0.036871159449219704,
    0.0370560884475708,
    0.036932604387402534,
    0.03689027763903141,
    0.037054747343063354,
    0.03700892999768257,
    0.03707598149776459,
    0.03698914684355259,
    0.03695404902100563,
    0.03697510063648224,
    0.03695271350443363,
    0.03691781125962734,
    0.03698912262916565,
    0.037019940093159676,
    0.03696335479617119,
    0.03697141259908676,
    0.0369380135089159,
    0.03695604018867016,
    0.037009380757808685,
    0.03691498376429081,
    0.03693014569580555,
    0.03694384545087814,
    0.037012483924627304,
    0.03688959591090679,
    0.03685437701642513,
    0.037005387246608734,
    0.03695926070213318,
    0.03689585439860821,
    0.036951787769794464,
    0.03694375976920128,
    0.03699435479938984,
    0.037115899845957756,
    0.03709358908236027,
    0.03696121275424957,
    0.03698986582458019,
    0.036938780918717384,
    0.0370411891490221,
    0.03706633672118187,
    0.03690658323466778,
    0.037029264494776726,
    0.03689571097493172,
    0.03704473003745079,
    0.03702550753951073,
    0.036912702023983,
    0.03702792339026928,
    0.03705543652176857,
    0.036950116977095604,
    0.036947060376405716,
    0.03702765330672264,
    0.03693140484392643,
    0.03701088763773441,
    0.03689457289874554,
    0.0368752907961607,
    0.03700140304863453,
    0.036935120820999146,
    0.0368771031498909,
    0.036952847614884377,
    0.036877185106277466,
    0.037004055455327034,
    0.036883944645524025,
    0.036925047636032104,
    0.037043292075395584,
    0.03687534108757973,
    0.03682049177587032,
    0.03696621581912041,
    0.037003910169005394,
    0.03703348897397518,
    0.036969512701034546,
    0.037026578560471535,
    0.03704759292304516,
    0.03696373291313648,
    0.03710082173347473,
    0.037049151957035065,
    0.03697063401341438,
    0.036858782172203064,
    0.036958176642656326,
    0.037096891552209854,
    0.03704697638750076,
    0.037003250792622566,
    0.03699795342981815,
    0.03687192127108574,
    0.03702348284423351,
    0.03706657886505127,
    0.03702843561768532,
    0.036950284615159035,
    0.03703300654888153,
    0.03705584816634655,
    0.03675791248679161,
    0.03699837252497673,
    0.03681637905538082,
    0.03694128058850765,
    0.03686388395726681,
    0.036822499707341194,
    0.0370896328240633,
    0.03696996904909611,
    0.0370024386793375,
    0.036846814677119255,
    0.03696341998875141,
    0.03702748566865921,
    0.03694477118551731,
    0.036869388073682785,
    0.03693428263068199,
    0.036854036152362823,
    0.037031615152955055,
    0.03703578934073448,
    0.036976562812924385,
    0.03686058335006237,
    0.036849504336714745,
    0.036925528198480606,
    0.03694888390600681,
    0.037042396143078804,
    0.036843691021203995,
    0.037018511444330215,
    0.03699623607099056,
    0.036985259503126144,
    0.037034906446933746,
    0.0369427390396595,
    0.0368980560451746,
    0.036970049142837524,
    0.03702421113848686,
    0.03716789372265339,
    0.03703447803854942,
    0.03684970736503601,
    0.03705914691090584,
    0.03689725324511528,
    0.03700390085577965,
    0.03684990666806698,
    0.03686661459505558,
    0.03690968081355095,
    0.03680765442550182,
    0.03698274865746498,
    0.037049442529678345,
    0.036897141486406326,
    0.03699537739157677,
    0.03688405826687813,
    0.03693223558366299,
    0.03706389106810093,
    0.03698897920548916,
    0.03695332445204258,
    0.03702504001557827,
    0.0370324831455946,
    0.0369461327791214,
    0.0368381105363369,
    0.03706570155918598,
    0.03694809786975384,
    0.036971159279346466,
    0.03693379648029804,
    0.03699900768697262,
    0.03684566542506218,
    0.03695417381823063,
    0.03690074011683464,
    0.036965882405638695,
    0.03702428936958313,
    0.03709571622312069,
    0.03687319532036781,
    0.036981675773859024,
    0.03692185692489147,
    0.036862753331661224,
    0.036997999995946884,
    0.03692623786628246,
    0.03704047203063965,
    0.036915650591254234,
    0.03691381961107254,
    0.03705012984573841,
    0.03696355223655701,
    0.03683174401521683,
    0.03687601909041405,
    0.03686775267124176,
    0.037043726071715355,
    0.03690291568636894,
    0.03688973933458328,
    0.03695756196975708,
    0.0370178185403347,
    0.03695044480264187,
    0.03699867986142635,
    0.036918796598911285,
    0.03702331706881523,
    0.03700799494981766,
    0.03702613338828087,
    0.03700052388012409,
    0.03699122928082943,
    0.03692305088043213,
    0.03686479106545448,
    0.03697620518505573,
    0.036900412291288376,
    0.03691091947257519,
    0.03706232272088528,
    0.03694308176636696,
    0.03695680759847164,
    0.03697418235242367,
    0.0368306040763855,
    0.036888936534523964,
    0.03694320097565651,
