{
  "version": 2,
  "times": [
    0.3804203551262617,
    0.3851868938654661,
    0.3802483510226011,
    0.37515086866915226,
    0.3768812771886587,
    0.37391226179897785,
    0.3737912755459547,
    0.3750664424151182,
    0.37536935694515705,
    0.37248396314680576,
    0.3728779964148998,
    0.3795221410691738,
    0.38361252658069134,
    0.38002466410398483,
    0.3810100257396698,
    0.38220562785863876,
    0.3813957441598177,
    0.38239734806120396,
    0.38264295272529125,
    0.38072090223431587,
    0.379688136279583,
    0.3883403241634369,
    0.3826646041125059,
    0.3800130393356085,
    0.3785081822425127,
    0.3855131193995476,
    0.37890367954969406,
    0.3813053257763386,
    0.3799304459244013,
    0.3753874432295561,
    0.3792024180293083,
    0.3766507301479578,
    0.3906901739537716,
    0.3815252408385277,
    0.3830076642334461,
    0.3842990640550852,
    0.3788042291998863,
    0.3776173163205385,
    0.3910880982875824,
    0.38402194902300835,
    0.3793997596949339,
    0.38185257837176323,
    0.3888887818902731,
    0.3955680578947067,
    0.4004572629928589,
    0.3831457793712616,
    0.3836627285927534,
    0.3835088647902012,
    0.38831429556012154,
    0.3841435890644789,
    0.38364248163998127,
    0.38878421299159527,
    0.3836900107562542,
    0.38829197362065315,
    0.38833448849618435
  ],
  "warmups": [
    0.4139318950474262,
    0.40186670795083046,
    0.39485214464366436,
    0.38740917295217514,
    0.3834263514727354,
    0.38441608287394047,
    0.3945131376385689,
    0.38051515258848667,
    0.3767397440969944,
    0.3867053743451834,
    0.3804010394960642,
    0.38643598556518555,
    0.3896613083779812,
    0.3817183915525675,
    0.3748148363083601,
    0.3748188614845276,
    0.3850687276571989,
    0.3870856799185276,
    0.39700477942824364,
    0.3829345293343067,
    0.3803106676787138,
    0.38616700284183025,
    0.3892261330038309,
    0.38011983782052994,
    0.3806069400161505,
    0.3833243492990732,
    0.39208236895501614,
    0.382706630975008,
    0.3846589010208845,
    0.38149928115308285,
    0.3817596957087517,
    0.38555012084543705,
    0.38126928731799126,
    0.3806888237595558,
    0.3895986285060644,
    0.4120356310158968,
    0.3993117082864046,
    0.3900078069418669,
    0.387647170573473,
    0.39669860526919365,
    0.3926761597394943,
    0.3853682838380337,
    0.38808123767375946,
    0.3930642604827881,
    0.39180552028119564,
    0.3919127881526947,
    0.39415134489536285,
    0.3956822566688061,
    0.3879642244428396,
    0.3877801764756441,
    0.3810496758669615,
    0.3797359261661768,
    0.3832507114857435,
    0.38410514406859875,
    0.3860669042915106,
    0.38250526413321495,
    0.3748739920556545,
    0.37295385636389256,
    0.37694383785128593,
    0.3837492857128382,
    0.3864045049995184,
    0.3810827489942312,
    0.3739011827856302,
    0.37824091874063015,
    0.37559688836336136,
    0.38433967158198357,
    0.37627682089805603,
    0.37799297645688057,
    0.3773654457181692,
    0.37888500839471817,
    0.3782040476799011,
    0.376008503139019,
    0.37985154427587986,
    0.3776262681931257,
    0.3834307249635458
  ],
  "yjit_stats": null,
  "peak_mem_bytes": 107061248,
  "benchmark_metadata": {
    "warmup_itrs": 75,
    "min_bench_itrs": 55,
    "min_bench_time": 0.0,
    "env": {
      "RUBY_VERSION": "3.2.0",
      "GEM_ROOT": "/home/ubuntu/.rubies/ruby-yjit-metrics-prod/lib/ruby/gems/3.2.0",
      "RUBY_ENGINE": "ruby",
      "GEM_PATH": "/home/ubuntu/.gem/ruby/3.2.0:/home/ubuntu/.rubies/ruby-yjit-metrics-prod/lib/ruby/gems/3.2.0",
      "GEM_HOME": "/home/ubuntu/.gem/ruby/3.2.0",
      "RUBY_ROOT": "/home/ubuntu/.rubies/ruby-yjit-metrics-prod",
      "PATH": "/home/ubuntu/.gem/ruby/3.2.0/bin:/home/ubuntu/.rubies/ruby-yjit-metrics-prod/lib/ruby/gems/3.2.0/bin:/home/ubuntu/.rubies/ruby-yjit-metrics-prod/bin:/usr/local/sbin:/usr/local/bin:/usr/sbin:/usr/bin:/sbin:/bin:/usr/games:/usr/local/games:/snap/bin",
      "RUBYOPT": "-r/home/ubuntu/.rubies/ruby-yjit-metrics-prod/lib/ruby/3.2.0/bundler/setup ",
      "BUNDLER_ORIG_BUNDLE_BIN_PATH": "BUNDLER_ENVIRONMENT_PRESERVER_INTENTIONALLY_NIL",
      "BUNDLER_ORIG_BUNDLE_GEMFILE": "BUNDLER_ENVIRONMENT_PRESERVER_INTENTIONALLY_NIL",
      "BUNDLER_ORIG_BUNDLER_VERSION": "BUNDLER_ENVIRONMENT_PRESERVER_INTENTIONALLY_NIL",
      "BUNDLER_ORIG_GEM_HOME": "/home/ubuntu/.gem/ruby/3.2.0",
      "BUNDLER_ORIG_GEM_PATH": "/home/ubuntu/.gem/ruby/3.2.0:/home/ubuntu/.rubies/ruby-yjit-metrics-prod/lib/ruby/gems/3.2.0",
      "BUNDLER_ORIG_MANPATH": "BUNDLER_ENVIRONMENT_PRESERVER_INTENTIONALLY_NIL",
      "BUNDLER_ORIG_PATH": "/home/ubuntu/.gem/ruby/3.2.0/bin:/home/ubuntu/.rubies/ruby-yjit-metrics-prod/lib/ruby/gems/3.2.0/bin:/home/ubuntu/.rubies/ruby-yjit-metrics-prod/bin:/usr/local/sbin:/usr/local/bin:/usr/sbin:/usr/bin:/sbin:/bin:/usr/games:/usr/local/games:/snap/bin",
      "BUNDLER_ORIG_RB_USER_INSTALL": "BUNDLER_ENVIRONMENT_PRESERVER_INTENTIONALLY_NIL",
      "BUNDLER_ORIG_RUBYLIB": "BUNDLER_ENVIRONMENT_PRESERVER_INTENTIONALLY_NIL",
      "BUNDLE_BIN_PATH": "/home/ubuntu/.rubies/ruby-yjit-metrics-prod/lib/ruby/gems/3.2.0/gems/bundler-2.4.0.dev/libexec/bundle",
      "BUNDLE_GEMFILE": "/home/ubuntu/ym/yjit-bench/benchmarks/erubi/Gemfile",
      "BUNDLER_VERSION": "2.4.0.dev",
      "BUNDLER_ORIG_RUBYOPT": "",
      "RUBYLIB": ""
    },
    "loaded_gems": [
      [
        "error_highlight",
        "0.3.0"
      ],
      [
        "did_you_mean",
        "1.6.1"
      ],
      [
        "benchmark",
        "0.2.0"
      ],
      [
        "json",
        "2.6.1"
      ],
      [
        "ostruct",
        "0.5.2"
      ],
      [
        "bundler",
        "2.4.0.dev"
      ],
      [
        "pathname",
        "0.2.0"
      ],
      [
        "erubi",
        "1.10.0"
      ]
    ],
    "benchmark_name": "erubi",
    "benchmark_path": "/home/ubuntu/ym/yjit-bench/benchmarks/erubi/benchmark.rb"
  },
  "ruby_metadata": {
    "RUBY_VERSION": "3.2.0",
    "RUBY_DESCRIPTION": "ruby 3.2.0dev (2022-01-13T02:34:09Z master 5a75151a01) +MJIT [x86_64-linux]",
    "RUBY_ENGINE": "ruby",
    "which ruby": "/home/ubuntu/.rubies/ruby-yjit-metrics-prod/bin/ruby\n",
    "hostname": "ip-172-31-8-3\n",
    "ec2 instance id": "i-0ed46ee597dcad5d4",
    "ec2 instance type": "c5.2xlarge",
    "RbConfig configure_args": " '--disable-install-doc' '--disable-install-rdoc' '--prefix=/home/ubuntu/.rubies/ruby-yjit-metrics-prod'"
  }
}