{
  "version": 2,
  "times": [
    0.3811151999980211,
    0.3807351849973202,
    0.38140239007771015,
    0.3812135364860296,
    0.3811223488301039,
    0.38171140290796757,
    0.3816729485988617,
    0.3810245767235756,
    0.3811004515737295,
    0.38113002851605415,
    0.3810324966907501,
    0.38113778457045555,
    0.381327236071229,
    0.38303713127970695,
    0.3820228483527899,
    0.3814160842448473,
    0.38056440465152264,
    0.3804766945540905,
    0.3811395298689604,
    0.38038593903183937,
    0.3803985361009836,
    0.3811543192714453,
    0.3806614279747009,
    0.3803466409444809,
    0.3805832266807556,
    0.3805302269756794,
    0.3810587450861931,
    0.380715811625123,
    0.38087451085448265,
    0.38062884099781513,
    0.380483640357852,
    0.3804767895489931,
    0.38040205277502537,
    0.38033480755984783,
    0.3808780200779438,
    0.3805995751172304,
    0.3811731990426779,
    0.3808555640280247,
    0.3805386573076248,
    0.38078472577035427,
    0.3807367030531168,
    0.3804564420133829,
    0.38067227974534035,
    0.38366742990911007,
    0.38393470272421837,
    0.38049878738820553,
    0.38054201751947403,
    0.38055793195962906,
    0.38027111254632473,
    0.3803653363138437,
    0.38030175492167473,
    0.38028278946876526,
    0.3804282806813717,
    0.38084197603166103,
    0.3806520402431488,
    0.3806538712233305,
    0.38089209981262684,
    0.3805069997906685,
    0.38042197562754154,
    0.3803341258317232,
    0.38054322823882103,
    0.38035294599831104,
    0.38060398027300835,
    0.3807339761406183,
    0.3806329295039177,
    0.38049132376909256,
    0.3813090492039919,
    0.3802967518568039,
    0.3826564606279135,
    0.3808230012655258,
    0.38047561794519424,
    0.3804820664227009,
    0.38051041401922703,
    0.38041782565414906,
    0.3812476359307766,
    0.3805847242474556,
    0.3807584196329117,
    0.3807841017842293,
    0.3807173315435648,
    0.38113183714449406,
    0.3801868837326765,
    0.3807039950042963,
    0.3806434031575918,
    0.3806256987154484,
    0.3810650445520878
  ],
  "warmups": [
    0.3921221233904362,
    0.3808525297790766,
    0.3808022867888212,
    0.3806581664830446,
    0.38109928742051125
  ],
  "yjit_stats": null,
  "peak_mem_bytes": 30703616,
  "benchmark_metadata": {
    "warmup_itrs": 5,
    "min_bench_itrs": 85,
    "min_bench_time": 0.0,
    "env": {
      "RUBY_VERSION": "3.2.0",
      "GEM_ROOT": "/home/ubuntu/.rubies/ruby-yjit-metrics-prod/lib/ruby/gems/3.2.0",
      "RUBY_ENGINE": "ruby",
      "GEM_PATH": "/home/ubuntu/.gem/ruby/3.2.0:/home/ubuntu/.rubies/ruby-yjit-metrics-prod/lib/ruby/gems/3.2.0",
      "GEM_HOME": "/home/ubuntu/.gem/ruby/3.2.0",
      "RUBY_ROOT": "/home/ubuntu/.rubies/ruby-yjit-metrics-prod",
      "PATH": "/home/ubuntu/.gem/ruby/3.2.0/bin:/home/ubuntu/.rubies/ruby-yjit-metrics-prod/lib/ruby/gems/3.2.0/bin:/home/ubuntu/.rubies/ruby-yjit-metrics-prod/bin:/usr/local/sbin:/usr/local/bin:/usr/sbin:/usr/bin:/sbin:/bin:/usr/games:/usr/local/games:/snap/bin",
      "RUBYOPT": ""
    },
    "loaded_gems": [
      [
        "error_highlight",
        "0.3.0"
      ],
      [
        "did_you_mean",
        "1.6.1"
      ],
      [
        "benchmark",
        "0.2.0"
      ],
      [
        "json",
        "2.6.1"
      ],
      [
        "ostruct",
        "0.5.2"
      ]
    ],
    "benchmark_name": "binarytrees",
    "benchmark_path": "/home/ubuntu/ym/yjit-bench/benchmarks/binarytrees/benchmark.rb"
  },
  "ruby_metadata": {
    "RUBY_VERSION": "3.2.0",
    "RUBY_DESCRIPTION": "ruby 3.2.0dev (2022-01-13T02:34:09Z master 5a75151a01) [x86_64-linux]",
    "RUBY_ENGINE": "ruby",
    "which ruby": "/home/ubuntu/.rubies/ruby-yjit-metrics-prod/bin/ruby\n",
    "hostname": "ip-172-31-8-3\n",
    "ec2 instance id": "i-0ed46ee597dcad5d4",
    "ec2 instance type": "c5.2xlarge",
    "RbConfig configure_args": " '--disable-install-doc' '--disable-install-rdoc' '--prefix=/home/ubuntu/.rubies/ruby-yjit-metrics-prod'"
  }
}