{
  "version": 2,
  "times": [
    0.28710408695042133,
    0.28700739704072475,
    0.2886067405343056,
    0.28889882378280163,
    0.2893555983901024,
    0.286733690649271,
    0.2864942401647568,
    0.28697784803807735,
    0.2867582216858864,
    0.2867530044168234,
    0.28704974986612797,
    0.2869365010410547,
    0.2871122360229492,
    0.2870184239000082,
    0.2870378699153662,
    0.28708340786397457,
    0.2872836161404848,
    0.28745366260409355,
    0.28698853589594364,
    0.2869075555354357,
    0.28711408749222755,
    0.2870363090187311,
    0.28704019263386726,
    0.28692005947232246,
    0.28690665774047375,
    0.2869587317109108,
    0.2868410125374794,
    0.28675807267427444,
    0.2868328448385,
    0.286702424287796,
    0.28668008744716644,
    0.28711992874741554,
    0.2869571503251791,
    0.28666181676089764,
    0.2867085002362728,
    0.28677354753017426,
    0.28675718791782856,
    0.2870756760239601,
    0.2871427722275257,
    0.2869976554065943,
    0.2867915201932192,
    0.28685227781534195,
    0.28699090890586376,
    0.2870168909430504,
    0.2871184069663286,
    0.2874675150960684,
    0.28710203617811203,
    0.28692724741995335,
    0.2869583461433649,
    0.28703828901052475,
    0.2869257964193821,
    0.2867348678410053,
    0.2869615014642477,
    0.28727497160434723,
    0.28688003681600094,
    0.28685287572443485,
    0.28684404119849205,
    0.286898460239172,
    0.2868822477757931,
    0.28687285259366035,
    0.2869530562311411,
    0.28677861019968987,
    0.2868091035634279,
    0.28703030198812485,
    0.2868742551654577,
    0.28680979646742344,
    0.28688596934080124,
    0.2870009671896696,
    0.2868628650903702,
    0.2871281411498785,
    0.28724862448871136,
    0.28702121414244175,
    0.2873899023979902,
    0.28767167776823044,
    0.2870176490396261,
    0.2869866117835045,
    0.2869903687387705,
    0.28707025200128555,
    0.2869482394307852,
    0.2869408968836069,
    0.2869085129350424,
    0.2871339377015829,
    0.2875938843935728,
    0.28691263124346733,
    0.28743383288383484
  ],
  "warmups": [
    0.30215222015976906,
    0.282718975096941,
    0.2791541386395693,
    0.29421229287981987,
    0.2932795900851488,
    0.2926605809479952,
    0.2868896909058094,
    0.2861789409071207,
    0.2858035694807768,
    0.2871415298432112,
    0.2879075277596712,
    0.28696975484490395,
    0.28711039014160633,
    0.2871348187327385,
    0.2869755197316408,
    0.2869891729205847,
    0.2869801763445139,
    0.28693454898893833,
    0.2869186419993639,
    0.2869206890463829
  ],
  "yjit_stats": {
    "inline_code_size": 84441,
    "outlined_code_size": 65172
  },
  "peak_mem_bytes": 299384832,
  "benchmark_metadata": {
    "warmup_itrs": 20,
    "min_bench_itrs": 85,
    "min_bench_time": 0.0,
    "env": {
      "RUBY_VERSION": "3.2.0",
      "GEM_ROOT": "/home/ubuntu/.rubies/ruby-yjit-metrics-prod/lib/ruby/gems/3.2.0",
      "RUBY_ENGINE": "ruby",
      "GEM_PATH": "/home/ubuntu/.gem/ruby/3.2.0:/home/ubuntu/.rubies/ruby-yjit-metrics-prod/lib/ruby/gems/3.2.0",
      "GEM_HOME": "/home/ubuntu/.gem/ruby/3.2.0",
      "RUBY_ROOT": "/home/ubuntu/.rubies/ruby-yjit-metrics-prod",
      "PATH": "/home/ubuntu/.gem/ruby/3.2.0/bin:/home/ubuntu/.rubies/ruby-yjit-metrics-prod/lib/ruby/gems/3.2.0/bin:/home/ubuntu/.rubies/ruby-yjit-metrics-prod/bin:/usr/local/sbin:/usr/local/bin:/usr/sbin:/usr/bin:/sbin:/bin:/usr/games:/usr/local/games:/snap/bin",
      "RUBYOPT": ""
    },
    "loaded_gems": [
      [
        "error_highlight",
        "0.3.0"
      ],
      [
        "did_you_mean",
        "1.6.1"
      ],
      [
        "benchmark",
        "0.2.0"
      ],
      [
        "json",
        "2.6.1"
      ],
      [
        "ostruct",
        "0.5.2"
      ]
    ],
    "benchmark_name": "binarytrees",
    "benchmark_path": "/home/ubuntu/ym/yjit-bench/benchmarks/binarytrees/benchmark.rb"
  },
  "ruby_metadata": {
    "RUBY_VERSION": "3.2.0",
    "RUBY_DESCRIPTION": "ruby 3.2.0dev (2022-01-13T02:34:09Z master 5a75151a01) +YJIT [x86_64-linux]",
    "RUBY_ENGINE": "ruby",
    "which ruby": "/home/ubuntu/.rubies/ruby-yjit-metrics-prod/bin/ruby\n",
    "hostname": "ip-172-31-8-3\n",
    "ec2 instance id": "i-0ed46ee597dcad5d4",
    "ec2 instance type": "c5.2xlarge",
    "RbConfig configure_args": " '--disable-install-doc' '--disable-install-rdoc' '--prefix=/home/ubuntu/.rubies/ruby-yjit-metrics-prod'"
  }
}