{
  "version": 2,
  "times": [
    0.15590355172753334,
    0.15584639087319374,
    0.15574421733617783,
    0.1558291595429182,
    0.15723996236920357,
    0.1556558720767498,
    0.15561390668153763,
    0.1556829698383808,
    0.15560168959200382,
    0.15550615824759007,
    0.15620684809982777,
    0.155830642208457,
    0.15587261132895947,
    0.1558077707886696,
    0.15556741505861282,
    0.15595673769712448,
    0.1557697132229805,
    0.1558549366891384,
    0.15587453171610832,
    0.15589232742786407,
    0.15578917786478996,
    0.15592067874968052,
    0.15656751953065395,
    0.15608144365251064,
    0.15620077401399612,
    0.15599045902490616,
    0.15665836818516254,
    0.1562141515314579,
    0.1565225888043642,
    0.15592724084854126,
    0.1561837736517191,
    0.15581310540437698,
    0.15596156381070614,
    0.15566878020763397,
    0.15602984838187695,
    0.1558445692062378,
    0.15621459856629372,
    0.155901700258255,
    0.15605109371244907,
    0.15642309188842773,
    0.15586534701287746,
    0.15607338398694992,
    0.15592233650386333,
    0.1561255380511284,
    0.15580854378640652,
    0.15628304705023766,
    0.1566511932760477,
    0.15586095117032528,
    0.15599988587200642,
    0.1558680571615696,
    0.15615099854767323,
    0.1562338713556528,
    0.1560551729053259,
    0.15616676770150661,
    0.1562508549541235,
    0.15608355775475502,
    0.15627019479870796,
    0.1560817677527666,
    0.1560773365199566,
    0.1561885755509138,
    0.15583335980772972,
    0.15573955699801445,
    0.1560844276100397,
    0.1560705155134201,
    0.1556970290839672,
    0.15608542785048485,
    0.15584534220397472,
    0.15599012188613415,
    0.15588158182799816,
    0.1560168508440256,
    0.1571485921740532,
    0.15614432469010353,
    0.1558668129146099,
    0.156332241371274,
    0.15609438717365265,
    0.1566345002502203,
    0.15636156126856804,
    0.15590042993426323,
    0.1560944989323616,
    0.15626750327646732,
    0.15610047802329063,
    0.15623848885297775,
    0.1562066301703453,
    0.1560862995684147,
    0.15615081414580345,
    0.15601516887545586,
    0.15622231550514698,
    0.1560658235102892,
    0.15645074285566807,
    0.15596317872405052,
    0.15722534246742725,
    0.1578456275165081,
    0.15618824772536755,
    0.15721886605024338,
    0.15826192870736122,
    0.15630482323467731,
    0.1563187539577484,
    0.15619458071887493,
    0.15601580031216145,
    0.15603788383305073,
    0.1571586187928915,
    0.15689209662377834,
    0.15625896863639355,
    0.15614563040435314,
    0.1561624500900507,
    0.15662403218448162,
    0.15627897158265114,
    0.15654490515589714,
    0.1562641616910696,
    0.15634041093289852,
    0.15613917261362076,
    0.15608236379921436,
    0.15620451979339123,
    0.15614555962383747,
    0.1563006155192852,
    0.156142832711339,
    0.15639598853886127,
    0.1560521051287651,
    0.15608462132513523,
    0.15608091838657856,
    0.1562807634472847,
    0.15625012665987015,
    0.1571791023015976,
    0.15634952299296856,
    0.15619253553450108,
    0.15610040165483952,
    0.15625033155083656,
    0.15635120496153831,
    0.15735195390880108,
    0.15626444481313229,
    0.1558702327311039,
    0.1561473049223423,
    0.1558391936123371,
    0.1563985776156187,
    0.15596378594636917,
    0.1559980120509863,
    0.15599502809345722,
    0.1560785286128521,
    0.1562614906579256,
    0.15602481365203857
  ],
  "warmups": [
    0.2768910527229309,
    0.15554506704211235,
    0.15936044417321682,
    0.15858153998851776,
    0.15575375221669674
  ],
  "yjit_stats": null,
  "peak_mem_bytes": 50769920,
  "benchmark_metadata": {
    "warmup_itrs": 5,
    "min_bench_itrs": 140,
    "min_bench_time": 0.0,
    "env": {
      "RUBY_VERSION": "3.2.0",
      "GEM_ROOT": "/home/ubuntu/.rubies/ruby-yjit-metrics-prod/lib/ruby/gems/3.2.0",
      "RUBY_ENGINE": "ruby",
      "GEM_PATH": "/home/ubuntu/.gem/ruby/3.2.0:/home/ubuntu/.rubies/ruby-yjit-metrics-prod/lib/ruby/gems/3.2.0",
      "GEM_HOME": "/home/ubuntu/.gem/ruby/3.2.0",
      "RUBY_ROOT": "/home/ubuntu/.rubies/ruby-yjit-metrics-prod",
      "PATH": "/home/ubuntu/.gem/ruby/3.2.0/bin:/home/ubuntu/.rubies/ruby-yjit-metrics-prod/lib/ruby/gems/3.2.0/bin:/home/ubuntu/.rubies/ruby-yjit-metrics-prod/bin:/usr/local/sbin:/usr/local/bin:/usr/sbin:/usr/bin:/sbin:/bin:/usr/games:/usr/local/games:/snap/bin",
      "RUBYOPT": "-r/home/ubuntu/.gem/ruby/3.2.0/gems/bundler-2.1.4/lib/bundler/setup ",
      "BUNDLER_ORIG_BUNDLE_BIN_PATH": "BUNDLER_ENVIRONMENT_PRESERVER_INTENTIONALLY_NIL",
      "BUNDLER_ORIG_BUNDLE_GEMFILE": "BUNDLER_ENVIRONMENT_PRESERVER_INTENTIONALLY_NIL",
      "BUNDLER_ORIG_BUNDLER_VERSION": "BUNDLER_ENVIRONMENT_PRESERVER_INTENTIONALLY_NIL",
      "BUNDLER_ORIG_GEM_HOME": "/home/ubuntu/.gem/ruby/3.2.0",
      "BUNDLER_ORIG_GEM_PATH": "/home/ubuntu/.gem/ruby/3.2.0:/home/ubuntu/.rubies/ruby-yjit-metrics-prod/lib/ruby/gems/3.2.0",
      "BUNDLER_ORIG_MANPATH": "BUNDLER_ENVIRONMENT_PRESERVER_INTENTIONALLY_NIL",
      "BUNDLER_ORIG_PATH": "/home/ubuntu/.gem/ruby/3.2.0/bin:/home/ubuntu/.rubies/ruby-yjit-metrics-prod/lib/ruby/gems/3.2.0/bin:/home/ubuntu/.rubies/ruby-yjit-metrics-prod/bin:/usr/local/sbin:/usr/local/bin:/usr/sbin:/usr/bin:/sbin:/bin:/usr/games:/usr/local/games:/snap/bin",
      "BUNDLER_ORIG_RB_USER_INSTALL": "BUNDLER_ENVIRONMENT_PRESERVER_INTENTIONALLY_NIL",
      "BUNDLER_ORIG_RUBYLIB": "BUNDLER_ENVIRONMENT_PRESERVER_INTENTIONALLY_NIL",
      "BUNDLE_BIN_PATH": "/home/ubuntu/.gem/ruby/3.2.0/gems/bundler-2.1.4/exe/bundle",
      "BUNDLE_GEMFILE": "/home/ubuntu/ym/yjit-bench/benchmarks/mail/Gemfile",
      "BUNDLER_VERSION": "2.1.4",
      "BUNDLER_ORIG_RUBYOPT": "",
      "RUBYLIB": "/home/ubuntu/.gem/ruby/3.2.0/gems/bundler-2.1.4/lib"
    },
    "loaded_gems": [
      [
        "error_highlight",
        "0.3.0"
      ],
      [
        "did_you_mean",
        "1.6.1"
      ],
      [
        "benchmark",
        "0.2.0"
      ],
      [
        "json",
        "2.6.1"
      ],
      [
        "ostruct",
        "0.5.2"
      ],
      [
        "bundler",
        "2.1.4"
      ],
      [
        "pathname",
        "0.2.0"
      ],
      [
        "set",
        "1.0.2"
      ],
      [
        "tsort",
        "0.1.0"
      ],
      [
        "io-wait",
        "0.1.0"
      ],
      [
        "mini_mime",
        "1.1.2"
      ],
      [
        "mail",
        "2.7.1"
      ],
      [
        "timeout",
        "0.2.0"
      ],
      [
        "net-protocol",
        "0.1.2"
      ],
      [
        "net-smtp",
        "0.2.1"
      ]
    ],
    "benchmark_name": "mail",
    "benchmark_path": "/home/ubuntu/ym/yjit-bench/benchmarks/mail/benchmark.rb"
  },
  "ruby_metadata": {
    "RUBY_VERSION": "3.2.0",
    "RUBY_DESCRIPTION": "ruby 3.2.0dev (2022-01-13T02:34:09Z master 5a75151a01) [x86_64-linux]",
    "RUBY_ENGINE": "ruby",
    "which ruby": "/home/ubuntu/.rubies/ruby-yjit-metrics-prod/bin/ruby\n",
    "hostname": "ip-172-31-8-3\n",
    "ec2 instance id": "i-0ed46ee597dcad5d4",
    "ec2 instance type": "c5.2xlarge",
    "RbConfig configure_args": " '--disable-install-doc' '--disable-install-rdoc' '--prefix=/home/ubuntu/.rubies/ruby-yjit-metrics-prod'"
  }
}