{
  "activerecord": {
    "mean": 102.09762060850704,
    "rsd_pct": 0.6055903375667842,
    "micro": false
  },
  "hexapdf": {
    "mean": 2415.8272080123425,
    "rsd_pct": 1.0893389698398201,
    "micro": false
  },
  "liquid-render": {
    "mean": 126.66119312949526,
    "rsd_pct": 1.811542272119841,
    "micro": false
  },
  "mail": {
    "mean": 154.28909155889414,
    "rsd_pct": 0.1911196439597685,
    "micro": false
  },
  "psych-load": {
    "mean": 1928.3610655615728,
    "rsd_pct": 0.019569457165358527,
    "micro": false
  },
  "railsbench": {
    "mean": 2044.2399876813095,
    "rsd_pct": 0.8622137477860942,
    "micro": false
  },
  "binarytrees": {
    "mean": 367.36027013797025,
    "rsd_pct": 0.047037715726764774,
    "micro": false
  },
  "chunky_png": {
    "mean": 648.2644999399781,
    "rsd_pct": 0.0476283509121052,
    "micro": false
  },
  "erubi": {
    "mean": 320.8317288888558,
    "rsd_pct": 0.6918341968860492,
    "micro": false
  },
  "erubi_rails": {
    "mean": 19.20560579435605,
    "rsd_pct": 3.83573101179481,
    "micro": false
  },
  "fannkuchredux": {
    "mean": 6988.773328065872,
    "rsd_pct": 0.602883148775261,
    "micro": false
  },
  "lee": {
    "mean": 931.7414880331073,
    "rsd_pct": 0.7096635744483035,
    "micro": false
  },
  "nbody": {
    "mean": 90.86350484312266,
    "rsd_pct": 0.06909843044050101,
    "micro": false
  },
  "optcarrot": {
    "mean": 3456.6973954439163,
    "rsd_pct": 0.6046928816115615,
    "micro": false
  },
  "rubykon": {
    "mean": 6865.708561986685,
    "rsd_pct": 0.47047323659795526,
    "micro": false
  },
  "30k_ifelse": {
    "mean": 354.14445464583963,
    "rsd_pct": 0.1032092392429507,
    "micro": true
  },
  "30k_methods": {
    "mean": 876.6530711542476,
    "rsd_pct": 0.022112180973128757,
    "micro": true
  },
  "cfunc_itself": {
    "mean": 45.842868079422814,
    "rsd_pct": 0.7422791969691679,
    "micro": true
  },
  "fib": {
    "mean": 63.5071358091797,
    "rsd_pct": 0.04980278547367315,
    "micro": true
  },
  "getivar": {
    "mean": 44.2446624698596,
    "rsd_pct": 0.11739786191330841,
    "micro": true
  },
  "keyword_args": {
    "mean": 52.40847216664605,
    "rsd_pct": 0.14715448065387765,
    "micro": true
  },
  "respond_to": {
    "mean": 187.43059095882234,
    "rsd_pct": 0.14275608104441187,
    "micro": true
  },
  "setivar": {
    "mean": 49.953631335814876,
    "rsd_pct": 0.6295753683816485,
    "micro": true
  },
  "str_concat": {
    "mean": 42.79525808941726,
    "rsd_pct": 1.7420725488871367,
    "micro": true
  }
}