{
  "activerecord": {
    "mean": 336.22597337021057,
    "rsd_pct": 0.5627833971926428,
    "micro": false
  },
  "hexapdf": {
    "mean": 7562.319127470255,
    "rsd_pct": 1.1270363353762607,
    "micro": false
  },
  "liquid-render": {
    "mean": 446.60389342408797,
    "rsd_pct": 1.4427362957204612,
    "micro": false
  },
  "mail": {
    "mean": 580.8678360930247,
    "rsd_pct": 0.097595076549035,
    "micro": false
  },
  "psych-load": {
    "mean": 6029.882486847539,
    "rsd_pct": 0.05096640913673734,
    "micro": false
  },
  "railsbench": {
    "mean": 6449.687629938126,
    "rsd_pct": 1.578103154623233,
    "micro": false
  },
  "binarytrees": {
    "mean": 566.4251647608052,
    "rsd_pct": 3.46367698737271,
    "micro": false
  },
  "chunky_png": {
    "mean": 1633.508528913221,
    "rsd_pct": 0.07410537930492007,
    "micro": false
  },
  "erubi": {
    "mean": 742.6724229995725,
    "rsd_pct": 1.2338555062111836,
    "micro": false
  },
  "erubi_rails": {
    "mean": 53.46070233182135,
    "rsd_pct": 4.838548445733085,
    "micro": false
  },
  "etanni": {
    "mean": 1216.2972856756478,
    "rsd_pct": 0.7894114787476985,
    "micro": false
  },
  "fannkuchredux": {
    "mean": 5859.571796407302,
    "rsd_pct": 0.1049086612167783,
    "micro": false
  },
  "lee": {
    "mean": 2496.3521532248706,
    "rsd_pct": 1.4349048867602987,
    "micro": false
  },
  "nbody": {
    "mean": 216.0328173515748,
    "rsd_pct": 0.1687384637719813,
    "micro": false
  },
  "optcarrot": {
    "mean": 15766.571902297437,
    "rsd_pct": 0.3719847416859685,
    "micro": false
  },
  "ruby-lsp": {
    "mean": 240.66915637999773,
    "rsd_pct": 8.95564033055337,
    "micro": false
  },
  "rubykon": {
    "mean": 24804.807740511995,
    "rsd_pct": 0.768337355373213,
    "micro": false
  },
  "30k_ifelse": {
    "mean": 2381.043571010232,
    "rsd_pct": 0.06467105233807204,
    "micro": true
  },
  "30k_methods": {
    "mean": 5153.258605208248,
    "rsd_pct": 0.07898829361124045,
    "micro": true
  },
  "cfunc_itself": {
    "mean": 124.28756686953096,
    "rsd_pct": 0.3296079446624948,
    "micro": true
  },
  "fib": {
    "mean": 234.0839017205373,
    "rsd_pct": 0.007201447490547584,
    "micro": true
  },
  "getivar": {
    "mean": 118.347701032869,
    "rsd_pct": 0.004976113257334918,
    "micro": true
  },
  "keyword_args": {
    "mean": 155.2632245635662,
    "rsd_pct": 0.0632203445732962,
    "micro": true
  },
  "respond_to": {
    "mean": 115.31065049669488,
    "rsd_pct": 1.373377924631726,
    "micro": true
  },
  "setivar": {
    "mean": 112.71504961769097,
    "rsd_pct": 0.011062736639561917,
    "micro": true
  },
  "str_concat": {
    "mean": 118.0752566079964,
    "rsd_pct": 0.7098840493207355,
    "micro": true
  }
}