{
  "activerecord": {
    "mean": 337.5938241872206,
    "rsd_pct": 0.26244177079179837,
    "micro": false
  },
  "hexapdf": {
    "mean": 7428.486597972612,
    "rsd_pct": 1.5950141344642754,
    "micro": false
  },
  "liquid-render": {
    "mean": 443.86074992695023,
    "rsd_pct": 1.4322808244743306,
    "micro": false
  },
  "mail": {
    "mean": 584.3752246871591,
    "rsd_pct": 0.4329346773529204,
    "micro": false
  },
  "psych-load": {
    "mean": 6336.760020193954,
    "rsd_pct": 0.10740194779782271,
    "micro": false
  },
  "railsbench": {
    "mean": 6556.145836785436,
    "rsd_pct": 0.644672589700035,
    "micro": false
  },
  "ruby-lsp": {
    "mean": 236.32359188728728,
    "rsd_pct": 15.518053568364003,
    "micro": false
  },
  "binarytrees": {
    "mean": 569.1354392792088,
    "rsd_pct": 3.4183902029548436,
    "micro": false
  },
  "chunky_png": {
    "mean": 1638.9602302224375,
    "rsd_pct": 0.06304362288045796,
    "micro": false
  },
  "erubi": {
    "mean": 756.943160407793,
    "rsd_pct": 1.062123134946548,
    "micro": false
  },
  "erubi_rails": {
    "mean": 52.09616790207141,
    "rsd_pct": 2.4429009872104825,
    "micro": false
  },
  "etanni": {
    "mean": 1180.7352761250168,
    "rsd_pct": 0.6886898742291011,
    "micro": false
  },
  "fannkuchredux": {
    "mean": 5904.497264449795,
    "rsd_pct": 0.8229263858617563,
    "micro": false
  },
  "lee": {
    "mean": 2570.5586969386786,
    "rsd_pct": 1.5341975113398583,
    "micro": false
  },
  "nbody": {
    "mean": 213.46071510050646,
    "rsd_pct": 0.1786876807872366,
    "micro": false
  },
  "optcarrot": {
    "mean": 15066.371820494533,
    "rsd_pct": 0.3875349750122728,
    "micro": false
  },
  "rubykon": {
    "mean": 25254.66655517618,
    "rsd_pct": 0.3711606151946749,
    "micro": false
  },
  "30k_ifelse": {
    "mean": 2365.611955765635,
    "rsd_pct": 0.041357468798641446,
    "micro": true
  },
  "30k_methods": {
    "mean": 5238.424265358065,
    "rsd_pct": 0.0946619879053846,
    "micro": true
  },
  "cfunc_itself": {
    "mean": 116.75941212766016,
    "rsd_pct": 0.04682820764036632,
    "micro": true
  },
  "fib": {
    "mean": 225.84966557607373,
    "rsd_pct": 0.004769470554089876,
    "micro": true
  },
  "getivar": {
    "mean": 118.34660795093143,
    "rsd_pct": 0.005270332699187473,
    "micro": true
  },
  "keyword_args": {
    "mean": 163.6006796751847,
    "rsd_pct": 0.008829527570387798,
    "micro": true
  },
  "respond_to": {
    "mean": 113.91586529641924,
    "rsd_pct": 0.55803313191893,
    "micro": true
  },
  "setivar": {
    "mean": 113.90529931755736,
    "rsd_pct": 0.5274952403893574,
    "micro": true
  },
  "str_concat": {
    "mean": 120.06677052281069,
    "rsd_pct": 0.8541698389734089,
    "micro": true
  }
}