{
  "activerecord": {
    "mean": 329.360823550406,
    "rsd_pct": 0.22684490757512085,
    "micro": false
  },
  "hexapdf": {
    "mean": 6346.402176034947,
    "rsd_pct": 1.9018733432838324,
    "micro": false
  },
  "liquid-c": {
    "mean": 191.99958655331008,
    "rsd_pct": 1.8225643608822952,
    "micro": false
  },
  "liquid-render": {
    "mean": 374.10060866321953,
    "rsd_pct": 2.225924214313083,
    "micro": false
  },
  "mail": {
    "mean": 374.9980558544911,
    "rsd_pct": 0.31063908616847086,
    "micro": false
  },
  "psych-load": {
    "mean": 5304.764092030625,
    "rsd_pct": 0.04271166365262152,
    "micro": false
  },
  "railsbench": {
    "mean": 5581.700273106496,
    "rsd_pct": 0.7007948483598901,
    "micro": false
  },
  "ruby-lsp": {
    "mean": 192.57136599442578,
    "rsd_pct": 11.629526667471609,
    "micro": false
  },
  "sequel": {
    "mean": 384.6630139385153,
    "rsd_pct": 2.2750545508913955,
    "micro": false
  },
  "binarytrees": {
    "mean": 525.6122998516297,
    "rsd_pct": 0.08593124262690202,
    "micro": false
  },
  "chunky_png": {
    "mean": 1535.9207389701623,
    "rsd_pct": 0.06647922287898332,
    "micro": false
  },
  "erubi": {
    "mean": 580.7818265225834,
    "rsd_pct": 0.934474029324089,
    "micro": false
  },
  "erubi_rails": {
    "mean": 47.36783592862975,
    "rsd_pct": 2.3590949587437064,
    "micro": false
  },
  "etanni": {
    "mean": 902.8578778272685,
    "rsd_pct": 0.5359895787296814,
    "micro": false
  },
  "fannkuchredux": {
    "mean": 2019.5476167524855,
    "rsd_pct": 0.11709079552018309,
    "micro": false
  },
  "lee": {
    "mean": 2345.1949645003133,
    "rsd_pct": 0.16488561690706696,
    "micro": false
  },
  "nbody": {
    "mean": 177.49892713818093,
    "rsd_pct": 0.08281136141226329,
    "micro": false
  },
  "optcarrot": {
    "mean": 13983.490964273611,
    "rsd_pct": 0.4771908811664917,
    "micro": false
  },
  "rubykon": {
    "mean": 21108.481241203845,
    "rsd_pct": 0.38409397980097537,
    "micro": false
  },
  "30k_ifelse": {
    "mean": 1926.7252147237355,
    "rsd_pct": 0.03154368063540073,
    "micro": true
  },
  "30k_methods": {
    "mean": 3890.693837404251,
    "rsd_pct": 0.07185593216585393,
    "micro": true
  },
  "cfunc_itself": {
    "mean": 103.36800461321243,
    "rsd_pct": 0.015450872470450742,
    "micro": true
  },
  "fib": {
    "mean": 191.10340858603655,
    "rsd_pct": 0.007095595049205511,
    "micro": true
  },
  "getivar": {
    "mean": 107.46921396412708,
    "rsd_pct": 0.007435314941264472,
    "micro": true
  },
  "keyword_args": {
    "mean": 191.01695214597248,
    "rsd_pct": 0.007175007978534398,
    "micro": true
  },
  "respond_to": {
    "mean": 99.98253522902426,
    "rsd_pct": 1.4024185000488654,
    "micro": true
  },
  "setivar": {
    "mean": 50.03960884746108,
    "rsd_pct": 0.013670516674131886,
    "micro": true
  },
  "setivar_object": {
    "mean": 127.50430553797588,
    "rsd_pct": 0.9473564715769683,
    "micro": true
  },
  "str_concat": {
    "mean": 106.45803150386263,
    "rsd_pct": 0.7155045791458609,
    "micro": true
  }
}