{
  "activerecord": {
    "mean": 107.94504314385863,
    "rsd_pct": 0.564960846098489,
    "micro": false
  },
  "hexapdf": {
    "mean": 2178.1275297515094,
    "rsd_pct": 1.90643092653809,
    "micro": false
  },
  "jekyll": {
    "mean": 7439.998450037092,
    "rsd_pct": 1.711779828362993,
    "micro": false
  },
  "liquid-render": {
    "mean": 115.27326972246533,
    "rsd_pct": 2.102065030665536,
    "micro": false
  },
  "mail": {
    "mean": 141.6491295232345,
    "rsd_pct": 0.2908274665519109,
    "micro": false
  },
  "psych-load": {
    "mean": 1631.0621191747487,
    "rsd_pct": 0.3814982335561364,
    "micro": false
  },
  "railsbench": {
    "mean": 2406.208510044962,
    "rsd_pct": 1.4607911624136092,
    "micro": false
  },
  "binarytrees": {
    "mean": 276.67553005887873,
    "rsd_pct": 2.663790595909896,
    "micro": false
  },
  "fannkuchredux": {
    "mean": 5792.205343861133,
    "rsd_pct": 0.03573024362928924,
    "micro": false
  },
  "lee": {
    "mean": 800.4592498143514,
    "rsd_pct": 1.3288508368561642,
    "micro": false
  },
  "nbody": {
    "mean": 73.63355664877605,
    "rsd_pct": 0.047943954238176295,
    "micro": false
  },
  "optcarrot": {
    "mean": 3295.0911166146398,
    "rsd_pct": 0.43608662584620506,
    "micro": false
  },
  "rubykon": {
    "mean": 5529.910541325808,
    "rsd_pct": 0.35242505167039645,
    "micro": false
  },
  "30k_ifelse": {
    "mean": 313.23697978492686,
    "rsd_pct": 0.15730556621060718,
    "micro": true
  },
  "30k_methods": {
    "mean": 749.1770185639753,
    "rsd_pct": 0.027683487801437735,
    "micro": true
  },
  "cfunc_itself": {
    "mean": 38.92828431534802,
    "rsd_pct": 0.253978137599144,
    "micro": true
  },
  "fib": {
    "mean": 52.10771459966579,
    "rsd_pct": 0.1683638089867632,
    "micro": true
  },
  "getivar": {
    "mean": 35.48947647523803,
    "rsd_pct": 0.04589504071680763,
    "micro": true
  },
  "keyword_args": {
    "mean": 45.414237413564024,
    "rsd_pct": 0.08875921634702529,
    "micro": true
  },
  "respond_to": {
    "mean": 156.5483181453231,
    "rsd_pct": 0.3417222730301847,
    "micro": true
  },
  "setivar": {
    "mean": 41.988377937103635,
    "rsd_pct": 0.10978953048745627,
    "micro": true
  }
}