{
  "activerecord": {
    "mean": 143.29953375272453,
    "rsd_pct": 2.6273163432689843,
    "micro": false
  },
  "erubi_rails": {
    "mean": 44.47643208030174,
    "rsd_pct": 13.155640212873653,
    "micro": false
  },
  "hexapdf": {
    "mean": 5843.493273481727,
    "rsd_pct": 1.7809878016926521,
    "micro": false
  },
  "liquid-c": {
    "mean": 190.23758630384003,
    "rsd_pct": 1.5104753936964819,
    "micro": false
  },
  "liquid-compile": {
    "mean": 160.95575832908875,
    "rsd_pct": 0.5326813952998961,
    "micro": false
  },
  "liquid-render": {
    "mean": 355.0033331140066,
    "rsd_pct": 2.045827052516967,
    "micro": false
  },
  "mail": {
    "mean": 362.21314212129374,
    "rsd_pct": 0.12209606058785907,
    "micro": false
  },
  "psych-load": {
    "mean": 5226.201625540853,
    "rsd_pct": 0.1000899566951725,
    "micro": false
  },
  "railsbench": {
    "mean": 5308.12115992109,
    "rsd_pct": 0.657550208908461,
    "micro": false
  },
  "ruby-lsp": {
    "mean": 193.562040803954,
    "rsd_pct": 19.32833084902105,
    "micro": false
  },
  "sequel": {
    "mean": 199.45123824197174,
    "rsd_pct": 1.2806852474026338,
    "micro": false
  },
  "binarytrees": {
    "mean": 489.13394835674103,
    "rsd_pct": 0.192857652729238,
    "micro": false
  },
  "chunky_png": {
    "mean": 1499.2007162421942,
    "rsd_pct": 0.39792349256676424,
    "micro": false
  },
  "erubi": {
    "mean": 561.1388620454818,
    "rsd_pct": 0.8741712488140561,
    "micro": false
  },
  "etanni": {
    "mean": 915.7069940500113,
    "rsd_pct": 0.4714280034373237,
    "micro": false
  },
  "fannkuchredux": {
    "mean": 1470.9849271178246,
    "rsd_pct": 0.17269191733393327,
    "micro": false
  },
  "lee": {
    "mean": 2539.8257618681305,
    "rsd_pct": 0.2577899226386165,
    "micro": false
  },
  "nbody": {
    "mean": 157.34545581196386,
    "rsd_pct": 0.02045657955124584,
    "micro": false
  },
  "optcarrot": {
    "mean": 8831.251400336623,
    "rsd_pct": 0.4354052053057415,
    "micro": false
  },
  "ruby-json": {
    "mean": 7970.108948399623,
    "rsd_pct": 0.05255055820449574,
    "micro": false
  },
  "rubykon": {
    "mean": 19352.25635903577,
    "rsd_pct": 0.39356463253449914,
    "micro": false
  },
  "30k_ifelse": {
    "mean": 1599.076175655831,
    "rsd_pct": 0.028417056972405458,
    "micro": true
  },
  "30k_methods": {
    "mean": 3461.707927853517,
    "rsd_pct": 0.07239837658225913,
    "micro": true
  },
  "cfunc_itself": {
    "mean": 86.82958331818764,
    "rsd_pct": 0.035830558274311315,
    "micro": true
  },
  "fib": {
    "mean": 123.667384458057,
    "rsd_pct": 0.06659650626014954,
    "micro": true
  },
  "getivar": {
    "mean": 40.466313274040566,
    "rsd_pct": 0.013586993724599055,
    "micro": true
  },
  "keyword_args": {
    "mean": 121.68222398673602,
    "rsd_pct": 0.03908926973392383,
    "micro": true
  },
  "respond_to": {
    "mean": 72.95757384294538,
    "rsd_pct": 0.7471699663057477,
    "micro": true
  },
  "setivar": {
    "mean": 30.894744584820696,
    "rsd_pct": 0.018585029693191805,
    "micro": true
  },
  "setivar_object": {
    "mean": 115.7076185238417,
    "rsd_pct": 1.5956165328607488,
    "micro": true
  },
  "setivar_young": {
    "mean": 113.13831645174552,
    "rsd_pct": 0.020819165416070297,
    "micro": true
  },
  "str_concat": {
    "mean": 83.33890209263171,
    "rsd_pct": 0.9831719056867543,
    "micro": true
  },
  "throw": {
    "mean": 48.95318715233387,
    "rsd_pct": 0.1903531551827695,
    "micro": true
  }
}