{
  "activerecord": {
    "mean": 102.94005406448628,
    "rsd_pct": 0.6575440596645794,
    "micro": false
  },
  "hexapdf": {
    "mean": 2209.30911693722,
    "rsd_pct": 1.714874227903756,
    "micro": false
  },
  "liquid-render": {
    "mean": 128.5907882959761,
    "rsd_pct": 1.2001418685619256,
    "micro": false
  },
  "mail": {
    "mean": 144.18446066246617,
    "rsd_pct": 0.17472718718415703,
    "micro": false
  },
  "psych-load": {
    "mean": 1804.9792477240164,
    "rsd_pct": 0.04081727535801288,
    "micro": false
  },
  "railsbench": {
    "mean": 2044.9432137965534,
    "rsd_pct": 1.9455977076734914,
    "micro": false
  },
  "ruby-lsp": {
    "mean": 71.86088214009759,
    "rsd_pct": 18.127498653617554,
    "micro": false
  },
  "binarytrees": {
    "mean": 235.4793158301618,
    "rsd_pct": 0.050290344830027214,
    "micro": false
  },
  "chunky_png": {
    "mean": 615.3350707863865,
    "rsd_pct": 0.05604633967384458,
    "micro": false
  },
  "erubi": {
    "mean": 293.4196476109218,
    "rsd_pct": 0.9792398913590473,
    "micro": false
  },
  "erubi_rails": {
    "mean": 17.575454893246597,
    "rsd_pct": 3.9380932292741546,
    "micro": false
  },
  "etanni": {
    "mean": 470.4950461940219,
    "rsd_pct": 0.4907933973513029,
    "micro": false
  },
  "fannkuchredux": {
    "mean": 940.9384231327012,
    "rsd_pct": 0.4296872159555977,
    "micro": false
  },
  "lee": {
    "mean": 891.468925634399,
    "rsd_pct": 1.9061696360423142,
    "micro": false
  },
  "nbody": {
    "mean": 73.98248137216325,
    "rsd_pct": 0.036738298840943796,
    "micro": false
  },
  "optcarrot": {
    "mean": 2687.0244164718315,
    "rsd_pct": 0.40324176687114505,
    "micro": false
  },
  "rubykon": {
    "mean": 6553.837900236249,
    "rsd_pct": 1.4208846912896689,
    "micro": false
  },
  "30k_ifelse": {
    "mean": 395.59345671726504,
    "rsd_pct": 0.20815432941378986,
    "micro": true
  },
  "30k_methods": {
    "mean": 960.0700176146347,
    "rsd_pct": 0.029812424387215444,
    "micro": true
  },
  "cfunc_itself": {
    "mean": 40.32240456169193,
    "rsd_pct": 0.19643793064095436,
    "micro": true
  },
  "fib": {
    "mean": 61.05751627258706,
    "rsd_pct": 0.06075688179634094,
    "micro": true
  },
  "getivar": {
    "mean": 45.84716314198342,
    "rsd_pct": 0.07138028468876745,
    "micro": true
  },
  "keyword_args": {
    "mean": 51.97831903378827,
    "rsd_pct": 0.049830847515013564,
    "micro": true
  },
  "respond_to": {
    "mean": 30.365266004066857,
    "rsd_pct": 0.2782064803891024,
    "micro": true
  },
  "setivar": {
    "mean": 14.701522716495674,
    "rsd_pct": 0.09657822276457147,
    "micro": true
  },
  "str_concat": {
    "mean": 40.52224481769723,
    "rsd_pct": 1.883020494806589,
    "micro": true
  }
}