{
  "activerecord": {
    "mean": 99.38787513722976,
    "rsd_pct": 0.9077935440281542,
    "micro": false
  },
  "hexapdf": {
    "mean": 2357.996923228105,
    "rsd_pct": 2.1825900927419255,
    "micro": false
  },
  "liquid-render": {
    "mean": 112.73522443005017,
    "rsd_pct": 2.0510705511901164,
    "micro": false
  },
  "mail": {
    "mean": 159.38785427808762,
    "rsd_pct": 0.13751908276077165,
    "micro": false
  },
  "psych-load": {
    "mean": 1910.212983439366,
    "rsd_pct": 0.023771328912736648,
    "micro": false
  },
  "railsbench": {
    "mean": 2093.2252479096255,
    "rsd_pct": 1.2102362488387917,
    "micro": false
  },
  "ruby-lsp": {
    "mean": 84.9095345569043,
    "rsd_pct": 23.219021285586035,
    "micro": false
  },
  "binarytrees": {
    "mean": 248.08492156935026,
    "rsd_pct": 0.09170958454204241,
    "micro": false
  },
  "chunky_png": {
    "mean": 621.5942455455661,
    "rsd_pct": 0.06386016942227037,
    "micro": false
  },
  "erubi": {
    "mean": 300.41180507225147,
    "rsd_pct": 0.8897582592662128,
    "micro": false
  },
  "erubi_rails": {
    "mean": 18.148415190014514,
    "rsd_pct": 4.04968628171247,
    "micro": false
  },
  "etanni": {
    "mean": 476.46024672403223,
    "rsd_pct": 0.4835938887037428,
    "micro": false
  },
  "fannkuchredux": {
    "mean": 2280.79885939757,
    "rsd_pct": 0.6307654941241794,
    "micro": false
  },
  "lee": {
    "mean": 944.4204043596983,
    "rsd_pct": 1.998048711701893,
    "micro": false
  },
  "nbody": {
    "mean": 83.68666765927777,
    "rsd_pct": 0.08470710885361732,
    "micro": false
  },
  "optcarrot": {
    "mean": 3053.491556147734,
    "rsd_pct": 0.3870697933678172,
    "micro": false
  },
  "rubykon": {
    "mean": 6923.528383672237,
    "rsd_pct": 0.4449689681188782,
    "micro": false
  },
  "30k_ifelse": {
    "mean": 405.3770988434553,
    "rsd_pct": 0.11282323228939031,
    "micro": true
  },
  "30k_methods": {
    "mean": 958.7356221108209,
    "rsd_pct": 0.047657263328442404,
    "micro": true
  },
  "cfunc_itself": {
    "mean": 39.98950323951778,
    "rsd_pct": 0.25267573007520017,
    "micro": true
  },
  "fib": {
    "mean": 60.363614082974394,
    "rsd_pct": 0.040351616326430195,
    "micro": true
  },
  "getivar": {
    "mean": 46.854876882523435,
    "rsd_pct": 0.05065973657049998,
    "micro": true
  },
  "keyword_args": {
    "mean": 51.71205327300828,
    "rsd_pct": 0.13917160369485274,
    "micro": true
  },
  "respond_to": {
    "mean": 30.13395310812433,
    "rsd_pct": 0.6491034299757605,
    "micro": true
  },
  "setivar": {
    "mean": 49.434244045987725,
    "rsd_pct": 0.1611468476950349,
    "micro": true
  },
  "str_concat": {
    "mean": 42.718403645463894,
    "rsd_pct": 1.7016736163978057,
    "micro": true
  }
}