{
  "activerecord": {
    "mean": 108.55644289913073,
    "rsd_pct": 0.5345206098270133,
    "micro": false
  },
  "hexapdf": {
    "mean": 2409.455556732913,
    "rsd_pct": 1.89314553137922,
    "micro": false
  },
  "liquid-render": {
    "mean": 127.27184016741329,
    "rsd_pct": 1.682653878009354,
    "micro": false
  },
  "mail": {
    "mean": 162.86600303904314,
    "rsd_pct": 0.34926374278049477,
    "micro": false
  },
  "psych-load": {
    "mean": 1952.4536379923422,
    "rsd_pct": 0.034726760596351186,
    "micro": false
  },
  "railsbench": {
    "mean": 2163.886032626033,
    "rsd_pct": 1.213022772882101,
    "micro": false
  },
  "binarytrees": {
    "mean": 366.0416111815721,
    "rsd_pct": 1.450196859338899,
    "micro": false
  },
  "chunky_png": {
    "mean": 660.9614179780086,
    "rsd_pct": 0.23301968085184646,
    "micro": false
  },
  "discourse": {
    "mean": 498.29360598232597,
    "rsd_pct": 8.96414849761303,
    "micro": false
  },
  "erubi": {
    "mean": 418.52352724588934,
    "rsd_pct": 0.7848441107923495,
    "micro": false
  },
  "erubi_rails": {
    "mean": 20.529344949316805,
    "rsd_pct": 3.7253306385057607,
    "micro": false
  },
  "fannkuchredux": {
    "mean": 7080.250058385233,
    "rsd_pct": 0.7917798952551087,
    "micro": false
  },
  "lee": {
    "mean": 918.3961947315505,
    "rsd_pct": 0.30275289658300497,
    "micro": false
  },
  "nbody": {
    "mean": 89.14255924184214,
    "rsd_pct": 0.4580457866205075,
    "micro": false
  },
  "optcarrot": {
    "mean": 3452.0376225312552,
    "rsd_pct": 0.5739983095638741,
    "micro": false
  },
  "rubykon": {
    "mean": 7959.533642108242,
    "rsd_pct": 0.7429523219525714,
    "micro": false
  },
  "30k_ifelse": {
    "mean": 357.1819844822,
    "rsd_pct": 0.1673409495791041,
    "micro": true
  },
  "30k_methods": {
    "mean": 884.6925022927197,
    "rsd_pct": 0.05572331382890402,
    "micro": true
  },
  "cfunc_itself": {
    "mean": 44.308885617155426,
    "rsd_pct": 0.8926724714411436,
    "micro": true
  },
  "fib": {
    "mean": 62.614895377191715,
    "rsd_pct": 0.5709479057912047,
    "micro": true
  },
  "getivar": {
    "mean": 42.545996469852604,
    "rsd_pct": 0.6749408214756112,
    "micro": true
  },
  "keyword_args": {
    "mean": 52.94538119144024,
    "rsd_pct": 0.6490973354938705,
    "micro": true
  },
  "respond_to": {
    "mean": 184.87638686360285,
    "rsd_pct": 0.34879508504383866,
    "micro": true
  },
  "setivar": {
    "mean": 49.176075120338474,
    "rsd_pct": 0.6490204304685305,
    "micro": true
  }
}