{
  "activerecord": {
    "mean": 114.755667988158,
    "rsd_pct": 0.5358815638403271,
    "micro": false
  },
  "hexapdf": {
    "mean": 2380.838533832381,
    "rsd_pct": 2.220364441403887,
    "micro": false
  },
  "liquid-render": {
    "mean": 129.0511202895651,
    "rsd_pct": 1.942743582051102,
    "micro": false
  },
  "mail": {
    "mean": 163.10499385114727,
    "rsd_pct": 0.34641090860029106,
    "micro": false
  },
  "psych-load": {
    "mean": 1930.8538546940933,
    "rsd_pct": 0.07252426008287378,
    "micro": false
  },
  "railsbench": {
    "mean": 2194.625076248,
    "rsd_pct": 1.401124889583149,
    "micro": false
  },
  "binarytrees": {
    "mean": 378.6011413174371,
    "rsd_pct": 0.5485040734251321,
    "micro": false
  },
  "discourse": {
    "mean": 584.6395466120584,
    "rsd_pct": 7.546207685960167,
    "micro": false
  },
  "erubi": {
    "mean": 418.62579118559495,
    "rsd_pct": 0.7827427694731155,
    "micro": false
  },
  "erubi_rails": {
    "mean": 20.687145029948947,
    "rsd_pct": 3.3333364382464046,
    "micro": false
  },
  "fannkuchredux": {
    "mean": 6740.2661319511635,
    "rsd_pct": 0.057333620998113406,
    "micro": false
  },
  "lee": {
    "mean": 905.3233026272871,
    "rsd_pct": 1.4565965781512598,
    "micro": false
  },
  "nbody": {
    "mean": 88.85265605764315,
    "rsd_pct": 0.46200231479826376,
    "micro": false
  },
  "optcarrot": {
    "mean": 3571.811367990449,
    "rsd_pct": 0.5526262408459128,
    "micro": false
  },
  "rubykon": {
    "mean": 6388.339748373255,
    "rsd_pct": 0.2893510766224849,
    "micro": false
  },
  "30k_ifelse": {
    "mean": 360.348321179944,
    "rsd_pct": 0.16909644940905894,
    "micro": true
  },
  "30k_methods": {
    "mean": 880.0622691315683,
    "rsd_pct": 0.06226746452422281,
    "micro": true
  },
  "cfunc_itself": {
    "mean": 44.33811965900613,
    "rsd_pct": 0.8515619278943374,
    "micro": true
  },
  "fib": {
    "mean": 62.484622256306466,
    "rsd_pct": 0.5737149551705479,
    "micro": true
  },
  "getivar": {
    "mean": 42.55544671542802,
    "rsd_pct": 0.6704212654588193,
    "micro": true
  },
  "keyword_args": {
    "mean": 53.004262636017934,
    "rsd_pct": 0.7159748058345857,
    "micro": true
  },
  "respond_to": {
    "mean": 187.67838954509605,
    "rsd_pct": 0.30921252601800325,
    "micro": true
  },
  "setivar": {
    "mean": 49.34015141521329,
    "rsd_pct": 0.6630827964022828,
    "micro": true
  }
}