{
  "activerecord": {
    "mean": 144.6189306221695,
    "rsd_pct": 0.2136058353082026,
    "micro": false
  },
  "erubi_rails": {
    "mean": 43.63875434164943,
    "rsd_pct": 2.036705748983866,
    "micro": false
  },
  "hexapdf": {
    "mean": 5829.999728997548,
    "rsd_pct": 2.2434838559989756,
    "micro": false
  },
  "liquid-c": {
    "mean": 188.6375357917998,
    "rsd_pct": 1.8256768526493972,
    "micro": false
  },
  "liquid-compile": {
    "mean": 164.89431870865423,
    "rsd_pct": 0.6681452075775957,
    "micro": false
  },
  "liquid-render": {
    "mean": 351.65567187916326,
    "rsd_pct": 2.2988763825445986,
    "micro": false
  },
  "mail": {
    "mean": 359.658951396423,
    "rsd_pct": 0.32008963391357337,
    "micro": false
  },
  "psych-load": {
    "mean": 5094.697060063481,
    "rsd_pct": 0.05642202358100851,
    "micro": false
  },
  "railsbench": {
    "mean": 5310.14875844121,
    "rsd_pct": 0.7325918806814552,
    "micro": false
  },
  "ruby-lsp": {
    "mean": 172.69614625645698,
    "rsd_pct": 11.858228103158906,
    "micro": false
  },
  "sequel": {
    "mean": 200.73414213169798,
    "rsd_pct": 0.11835438529235211,
    "micro": false
  },
  "binarytrees": {
    "mean": 492.5743000031534,
    "rsd_pct": 0.14186214943623948,
    "micro": false
  },
  "chunky_png": {
    "mean": 1457.5567786271374,
    "rsd_pct": 0.12615192195268213,
    "micro": false
  },
  "erubi": {
    "mean": 556.4916644914028,
    "rsd_pct": 0.81047465307664,
    "micro": false
  },
  "etanni": {
    "mean": 914.5858625027662,
    "rsd_pct": 0.4993827367814311,
    "micro": false
  },
  "fannkuchredux": {
    "mean": 1490.9590104967356,
    "rsd_pct": 0.2451153528019116,
    "micro": false
  },
  "lee": {
    "mean": 2284.5004045714936,
    "rsd_pct": 0.2562303246899432,
    "micro": false
  },
  "nbody": {
    "mean": 158.83217219056354,
    "rsd_pct": 0.0705007156391749,
    "micro": false
  },
  "optcarrot": {
    "mean": 8121.585744743546,
    "rsd_pct": 0.5126651719696258,
    "micro": false
  },
  "ruby-json": {
    "mean": 8716.764760017395,
    "rsd_pct": 0.10095041814105614,
    "micro": false
  },
  "rubykon": {
    "mean": 18886.79066908856,
    "rsd_pct": 1.1199721132391287,
    "micro": false
  },
  "30k_ifelse": {
    "mean": 1596.9299014996398,
    "rsd_pct": 0.03141957849323936,
    "micro": true
  },
  "30k_methods": {
    "mean": 3466.9246153663034,
    "rsd_pct": 0.07894235851016948,
    "micro": true
  },
  "cfunc_itself": {
    "mean": 86.82822878338439,
    "rsd_pct": 0.025904357089472224,
    "micro": true
  },
  "fib": {
    "mean": 123.65555608232549,
    "rsd_pct": 0.06971607418569739,
    "micro": true
  },
  "getivar": {
    "mean": 40.46695806621623,
    "rsd_pct": 0.018047163486090884,
    "micro": true
  },
  "keyword_args": {
    "mean": 121.69417430399994,
    "rsd_pct": 0.03412642149411382,
    "micro": true
  },
  "respond_to": {
    "mean": 73.07451714756827,
    "rsd_pct": 1.4100354245819342,
    "micro": true
  },
  "setivar": {
    "mean": 30.919144888775538,
    "rsd_pct": 0.03099332009864684,
    "micro": true
  },
  "setivar_object": {
    "mean": 116.03460003037092,
    "rsd_pct": 1.4892427849162482,
    "micro": true
  },
  "setivar_young": {
    "mean": 113.4330368742852,
    "rsd_pct": 2.8269586682706938,
    "micro": true
  },
  "str_concat": {
    "mean": 83.32991542271044,
    "rsd_pct": 0.9600188995088332,
    "micro": true
  },
  "throw": {
    "mean": 53.15299523838163,
    "rsd_pct": 0.15011879300783554,
    "micro": true
  }
}