{
  "activerecord": {
    "mean": 112.39819153394949,
    "rsd_pct": 2.013899325100706
  },
  "jekyll": {
    "mean": 7498.358492949046,
    "rsd_pct": 2.7923234066671525
  },
  "liquid-render": {
    "mean": 149.0575054679066,
    "rsd_pct": 3.0606789145705564
  },
  "mail": {
    "mean": 145.97110715914724,
    "rsd_pct": 1.5626102672972413
  },
  "psych-load": {
    "mean": 1696.2307034991682,
    "rsd_pct": 0.4376225216219277
  },
  "railsbench": {
    "mean": 2631.9213367067277,
    "rsd_pct": 1.2137296784245284
  },
  "binarytrees": {
    "mean": 297.8068183031704,
    "rsd_pct": 0.5292738298782814
  },
  "fannkuchredux": {
    "mean": 5505.1708763232455,
    "rsd_pct": 0.12159049050715241
  },
  "lee": {
    "mean": 805.7371452295532,
    "rsd_pct": 1.1667838947334452
  },
  "nbody": {
    "mean": 72.08630492052397,
    "rsd_pct": 0.059901361167993175
  },
  "optcarrot": {
    "mean": 3122.0010651974007,
    "rsd_pct": 0.1921450950793225
  },
  "30k_ifelse": {
    "mean": 328.3923777304224,
    "rsd_pct": 0.3056927216468918
  },
  "30k_methods": {
    "mean": 709.3850074482983,
    "rsd_pct": 0.0851489974833335
  },
  "cfunc_itself": {
    "mean": 40.794210682725705,
    "rsd_pct": 0.29344826675123775
  },
  "fib": {
    "mean": 57.23373189856134,
    "rsd_pct": 0.0370297417150314
  },
  "getivar": {
    "mean": 36.28796871541248,
    "rsd_pct": 0.05288779270019151
  },
  "respond_to": {
    "mean": 161.824316738108,
    "rsd_pct": 0.060726461820303584
  },
  "setivar": {
    "mean": 43.6325551405012,
    "rsd_pct": 0.16908055673862674
  }
}