{
  "activerecord": {
    "mean": 324.36377471465465,
    "rsd_pct": 0.32471945766681853,
    "micro": false
  },
  "hexapdf": {
    "mean": 7385.2975497410325,
    "rsd_pct": 1.6331036154007623,
    "micro": false
  },
  "liquid-render": {
    "mean": 416.4838239210605,
    "rsd_pct": 1.253472242426036,
    "micro": false
  },
  "mail": {
    "mean": 577.180858992983,
    "rsd_pct": 0.24779620506597028,
    "micro": false
  },
  "psych-load": {
    "mean": 6018.749379067837,
    "rsd_pct": 0.03371620681675369,
    "micro": false
  },
  "railsbench": {
    "mean": 6364.993082735843,
    "rsd_pct": 1.7030900847529626,
    "micro": false
  },
  "ruby-lsp": {
    "mean": 216.3090409750931,
    "rsd_pct": 8.918613161399215,
    "micro": false
  },
  "binarytrees": {
    "mean": 602.5848139637674,
    "rsd_pct": 0.49042319998239,
    "micro": false
  },
  "chunky_png": {
    "mean": 1598.6606690348708,
    "rsd_pct": 0.10705291759361696,
    "micro": false
  },
  "erubi": {
    "mean": 726.9226797216106,
    "rsd_pct": 1.2915151046709963,
    "micro": false
  },
  "erubi_rails": {
    "mean": 50.53238638865165,
    "rsd_pct": 2.1352027420427184,
    "micro": false
  },
  "etanni": {
    "mean": 1125.1418430211265,
    "rsd_pct": 0.6057481336979095,
    "micro": false
  },
  "fannkuchredux": {
    "mean": 6030.860668537207,
    "rsd_pct": 0.6061412929268017,
    "micro": false
  },
  "lee": {
    "mean": 2492.4660169552744,
    "rsd_pct": 0.8660272891016184,
    "micro": false
  },
  "nbody": {
    "mean": 227.750914211309,
    "rsd_pct": 0.17755469067576463,
    "micro": false
  },
  "optcarrot": {
    "mean": 13767.726043999815,
    "rsd_pct": 0.44550605426250084,
    "micro": false
  },
  "rubykon": {
    "mean": 23537.885289270587,
    "rsd_pct": 0.7376654281496303,
    "micro": false
  },
  "30k_ifelse": {
    "mean": 2347.2775665903464,
    "rsd_pct": 0.035913669958887263,
    "micro": true
  },
  "30k_methods": {
    "mean": 5289.256521759671,
    "rsd_pct": 0.05133034237256565,
    "micro": true
  },
  "cfunc_itself": {
    "mean": 119.79191223650074,
    "rsd_pct": 0.08803077285683236,
    "micro": true
  },
  "fib": {
    "mean": 225.64572724602712,
    "rsd_pct": 0.007949726404421568,
    "micro": true
  },
  "getivar": {
    "mean": 112.25464302458663,
    "rsd_pct": 0.007433617334324224,
    "micro": true
  },
  "keyword_args": {
    "mean": 153.13675226535108,
    "rsd_pct": 0.06504484540931893,
    "micro": true
  },
  "respond_to": {
    "mean": 111.40812849981387,
    "rsd_pct": 0.014590867784644425,
    "micro": true
  },
  "setivar": {
    "mean": 113.55974564883786,
    "rsd_pct": 0.012039237058349047,
    "micro": true
  },
  "str_concat": {
    "mean": 119.0004864413297,
    "rsd_pct": 0.9909576713445639,
    "micro": true
  }
}