{
  "activerecord": {
    "mean": 122.65617715800467,
    "rsd_pct": 2.111195871583182,
    "micro": false
  },
  "hexapdf": {
    "mean": 2353.2115502903857,
    "rsd_pct": 1.9781287682815432,
    "micro": false
  },
  "liquid-render": {
    "mean": 143.66736176653185,
    "rsd_pct": 1.733158117120678,
    "micro": false
  },
  "mail": {
    "mean": 185.43662839334144,
    "rsd_pct": 2.70199126242716,
    "micro": false
  },
  "psych-load": {
    "mean": 2162.120312949022,
    "rsd_pct": 0.04315435941682521,
    "micro": false
  },
  "railsbench": {
    "mean": 2442.6015723496675,
    "rsd_pct": 0.777548857072497,
    "micro": false
  },
  "binarytrees": {
    "mean": 358.7650142109661,
    "rsd_pct": 0.4774215453246838,
    "micro": false
  },
  "chunky_png": {
    "mean": 672.7625457891103,
    "rsd_pct": 0.18674266934056377,
    "micro": false
  },
  "discourse": {
    "mean": 529.2836032582052,
    "rsd_pct": 18.267333378299366,
    "micro": false
  },
  "erubi": {
    "mean": 411.5176745215241,
    "rsd_pct": 0.8168297932666192,
    "micro": false
  },
  "erubi_rails": {
    "mean": 25.3951688260959,
    "rsd_pct": 54.9885673350335,
    "micro": false
  },
  "fannkuchredux": {
    "mean": 8662.414672225714,
    "rsd_pct": 0.30132321874061846,
    "micro": false
  },
  "lee": {
    "mean": 921.32894246077,
    "rsd_pct": 0.250741188235228,
    "micro": false
  },
  "nbody": {
    "mean": 87.2028549099817,
    "rsd_pct": 0.4864079123528012,
    "micro": false
  },
  "optcarrot": {
    "mean": 3496.6049113621316,
    "rsd_pct": 0.6040377220323366,
    "micro": false
  },
  "rubykon": {
    "mean": 7750.976221387585,
    "rsd_pct": 2.3089864455292792,
    "micro": false
  },
  "30k_ifelse": {
    "mean": 354.51921434565025,
    "rsd_pct": 0.18894793302597498,
    "micro": true
  },
  "30k_methods": {
    "mean": 875.9571731259877,
    "rsd_pct": 0.05941950788097052,
    "micro": true
  },
  "cfunc_itself": {
    "mean": 47.342994156799634,
    "rsd_pct": 1.0112399215327175,
    "micro": true
  },
  "fib": {
    "mean": 62.482784219016104,
    "rsd_pct": 0.5940866334209935,
    "micro": true
  },
  "getivar": {
    "mean": 42.61129465183612,
    "rsd_pct": 0.725067957162732,
    "micro": true
  },
  "keyword_args": {
    "mean": 53.93938804218244,
    "rsd_pct": 0.63457111729396,
    "micro": true
  },
  "respond_to": {
    "mean": 186.273465654603,
    "rsd_pct": 0.4439566466877627,
    "micro": true
  },
  "setivar": {
    "mean": 53.49272141049614,
    "rsd_pct": 0.6763383984541607,
    "micro": true
  },
  "str_concat": {
    "mean": 107.19075969014412,
    "rsd_pct": 1.4349012309698583,
    "micro": true
  }
}