{
  "activerecord": {
    "mean": 96.50294146172091,
    "rsd_pct": 0.841425987713263,
    "micro": false
  },
  "hexapdf": {
    "mean": 2332.4660959343114,
    "rsd_pct": 1.8001144149684292,
    "micro": false
  },
  "liquid-render": {
    "mean": 114.67519478272584,
    "rsd_pct": 1.858538077265159,
    "micro": false
  },
  "mail": {
    "mean": 160.40064001083374,
    "rsd_pct": 0.15083809895851688,
    "micro": false
  },
  "psych-load": {
    "mean": 1902.8688030938308,
    "rsd_pct": 0.020001870284625203,
    "micro": false
  },
  "railsbench": {
    "mean": 2053.9433846871057,
    "rsd_pct": 1.4833074243233968,
    "micro": false
  },
  "binarytrees": {
    "mean": 238.1784624250775,
    "rsd_pct": 3.7414737266120723,
    "micro": false
  },
  "chunky_png": {
    "mean": 620.6353579182178,
    "rsd_pct": 0.052770197386858876,
    "micro": false
  },
  "erubi": {
    "mean": 292.3337989556256,
    "rsd_pct": 0.9315116326226255,
    "micro": false
  },
  "erubi_rails": {
    "mean": 17.919411415439697,
    "rsd_pct": 3.9336144363571344,
    "micro": false
  },
  "etanni": {
    "mean": 466.6965158567542,
    "rsd_pct": 0.4746133266531412,
    "micro": false
  },
  "fannkuchredux": {
    "mean": 2341.690698762735,
    "rsd_pct": 0.12488883002129735,
    "micro": false
  },
  "lee": {
    "mean": 935.6365512524333,
    "rsd_pct": 0.07018093813274466,
    "micro": false
  },
  "nbody": {
    "mean": 85.33646442054764,
    "rsd_pct": 0.11100736881916672,
    "micro": false
  },
  "optcarrot": {
    "mean": 3082.27576315403,
    "rsd_pct": 0.43345909525489973,
    "micro": false
  },
  "ruby-lsp": {
    "mean": 87.87000430117091,
    "rsd_pct": 25.544309867711437,
    "micro": false
  },
  "rubykon": {
    "mean": 6777.130883683761,
    "rsd_pct": 0.3984649148033969,
    "micro": false
  },
  "30k_ifelse": {
    "mean": 396.36146381497383,
    "rsd_pct": 0.09855750662421967,
    "micro": true
  },
  "30k_methods": {
    "mean": 960.566234216094,
    "rsd_pct": 0.04334431245639976,
    "micro": true
  },
  "cfunc_itself": {
    "mean": 40.045391275616716,
    "rsd_pct": 0.33994380057528806,
    "micro": true
  },
  "fib": {
    "mean": 60.360409182273536,
    "rsd_pct": 0.03982629351392824,
    "micro": true
  },
  "getivar": {
    "mean": 46.8166070802251,
    "rsd_pct": 0.06171588744593714,
    "micro": true
  },
  "keyword_args": {
    "mean": 51.50407179224985,
    "rsd_pct": 0.10414306310408972,
    "micro": true
  },
  "respond_to": {
    "mean": 28.7183869515474,
    "rsd_pct": 0.540578593040055,
    "micro": true
  },
  "setivar": {
    "mean": 47.48046790158947,
    "rsd_pct": 0.3869341896331506,
    "micro": true
  },
  "str_concat": {
    "mean": 41.72884712710321,
    "rsd_pct": 1.6808317761800657,
    "micro": true
  }
}