{
  "activerecord": {
    "mean": 338.48287751290786,
    "rsd_pct": 0.23595251155825384,
    "micro": false
  },
  "hexapdf": {
    "mean": 6559.609894268215,
    "rsd_pct": 1.537081322314162,
    "micro": false
  },
  "liquid-c": {
    "mean": 194.27800366750083,
    "rsd_pct": 1.7938610363634204,
    "micro": false
  },
  "liquid-render": {
    "mean": 384.98125117084834,
    "rsd_pct": 2.194191379638572,
    "micro": false
  },
  "mail": {
    "mean": 393.63441956068937,
    "rsd_pct": 0.28581687078466783,
    "micro": false
  },
  "psych-load": {
    "mean": 5457.199797406793,
    "rsd_pct": 0.06788997845044449,
    "micro": false
  },
  "railsbench": {
    "mean": 5687.21309484293,
    "rsd_pct": 0.7353636988175992,
    "micro": false
  },
  "ruby-lsp": {
    "mean": 197.79734831789264,
    "rsd_pct": 10.799420370927814,
    "micro": false
  },
  "sequel": {
    "mean": 390.8254771113948,
    "rsd_pct": 2.050046445722546,
    "micro": false
  },
  "binarytrees": {
    "mean": 527.6914451709565,
    "rsd_pct": 0.12146966204161594,
    "micro": false
  },
  "chunky_png": {
    "mean": 1537.6105870630952,
    "rsd_pct": 0.10801486313573734,
    "micro": false
  },
  "erubi": {
    "mean": 559.0772779706197,
    "rsd_pct": 0.9259191493608667,
    "micro": false
  },
  "erubi_rails": {
    "mean": 47.72434677950113,
    "rsd_pct": 2.438008826925662,
    "micro": false
  },
  "etanni": {
    "mean": 899.2592593350885,
    "rsd_pct": 0.40954773996146765,
    "micro": false
  },
  "fannkuchredux": {
    "mean": 2452.9702114828287,
    "rsd_pct": 0.6581066397347041,
    "micro": false
  },
  "lee": {
    "mean": 2243.2729276340633,
    "rsd_pct": 0.2159425309373203,
    "micro": false
  },
  "nbody": {
    "mean": 182.19903489366334,
    "rsd_pct": 0.17462599409693597,
    "micro": false
  },
  "optcarrot": {
    "mean": 19579.131583000224,
    "rsd_pct": 0.42019891035628276,
    "micro": false
  },
  "rubykon": {
    "mean": 20618.93287661175,
    "rsd_pct": 0.30271552900263654,
    "micro": false
  },
  "30k_ifelse": {
    "mean": 1928.4629277647175,
    "rsd_pct": 0.039801561386143394,
    "micro": true
  },
  "30k_methods": {
    "mean": 3868.7613090500236,
    "rsd_pct": 0.08017850452570482,
    "micro": true
  },
  "cfunc_itself": {
    "mean": 103.43433528883298,
    "rsd_pct": 0.009429007002652381,
    "micro": true
  },
  "fib": {
    "mean": 191.0977036433985,
    "rsd_pct": 0.006037954534144127,
    "micro": true
  },
  "getivar": {
    "mean": 107.4722347708436,
    "rsd_pct": 0.008051078149711335,
    "micro": true
  },
  "keyword_args": {
    "mean": 191.05309446275942,
    "rsd_pct": 0.011400591132980002,
    "micro": true
  },
  "respond_to": {
    "mean": 99.79935888206406,
    "rsd_pct": 0.6495092020683976,
    "micro": true
  },
  "setivar": {
    "mean": 50.038957750281675,
    "rsd_pct": 0.012916845671053822,
    "micro": true
  },
  "setivar_object": {
    "mean": 127.49475504840213,
    "rsd_pct": 0.9564669334892636,
    "micro": true
  },
  "str_concat": {
    "mean": 106.61132157310448,
    "rsd_pct": 0.6511117522578977,
    "micro": true
  }
}