{
  "activerecord": {
    "mean": 113.15975977082748,
    "rsd_pct": 0.4840823833407604,
    "micro": false
  },
  "hexapdf": {
    "mean": 2383.872887666803,
    "rsd_pct": 1.4626524547795683,
    "micro": false
  },
  "liquid-render": {
    "mean": 128.9509537474059,
    "rsd_pct": 1.832478709916394,
    "micro": false
  },
  "mail": {
    "mean": 161.53651802775786,
    "rsd_pct": 0.3367658893465194,
    "micro": false
  },
  "psych-load": {
    "mean": 2036.4667043361503,
    "rsd_pct": 0.05777376554708862,
    "micro": false
  },
  "railsbench": {
    "mean": 2227.2793949387656,
    "rsd_pct": 1.31183751976937,
    "micro": false
  },
  "binarytrees": {
    "mean": 346.29344974799704,
    "rsd_pct": 0.1527191944289125,
    "micro": false
  },
  "discourse": {
    "mean": 57.29456010989712,
    "rsd_pct": 15.594282510657404,
    "micro": false
  },
  "erubi": {
    "mean": 412.78835183498927,
    "rsd_pct": 0.8321581715283326,
    "micro": false
  },
  "erubi_rails": {
    "mean": 20.931834733104953,
    "rsd_pct": 3.2816847884997222,
    "micro": false
  },
  "fannkuchredux": {
    "mean": 6884.72475874781,
    "rsd_pct": 0.869796862489269,
    "micro": false
  },
  "lee": {
    "mean": 895.6245437730104,
    "rsd_pct": 1.5622231929085602,
    "micro": false
  },
  "nbody": {
    "mean": 85.94554183069286,
    "rsd_pct": 0.45654956208545516,
    "micro": false
  },
  "optcarrot": {
    "mean": 3633.0675857374445,
    "rsd_pct": 0.5501988021628819,
    "micro": false
  },
  "rubykon": {
    "mean": 6449.797865333191,
    "rsd_pct": 0.2912192377587581,
    "micro": false
  },
  "30k_ifelse": {
    "mean": 356.4646837650798,
    "rsd_pct": 0.15617653970352857,
    "micro": true
  },
  "30k_methods": {
    "mean": 886.068410732233,
    "rsd_pct": 0.0597663977119975,
    "micro": true
  },
  "cfunc_itself": {
    "mean": 44.637540078350035,
    "rsd_pct": 0.9112786388201176,
    "micro": true
  },
  "fib": {
    "mean": 62.47520602792065,
    "rsd_pct": 0.5476426629657973,
    "micro": true
  },
  "getivar": {
    "mean": 42.55338382579794,
    "rsd_pct": 0.6510227290329087,
    "micro": true
  },
  "keyword_args": {
    "mean": 52.70386891326837,
    "rsd_pct": 0.7068529662878473,
    "micro": true
  },
  "respond_to": {
    "mean": 192.8473667457833,
    "rsd_pct": 0.23589241093154292,
    "micro": true
  },
  "setivar": {
    "mean": 49.30398264174749,
    "rsd_pct": 0.6670373919052817,
    "micro": true
  }
}