{
  "activerecord": {
    "mean": 103.2673446929821,
    "rsd_pct": 0.5907776644751759,
    "micro": false
  },
  "hexapdf": {
    "mean": 2365.5792293449244,
    "rsd_pct": 1.7395653503571769,
    "micro": false
  },
  "liquid-render": {
    "mean": 125.60439682742462,
    "rsd_pct": 1.727247826287209,
    "micro": false
  },
  "mail": {
    "mean": 155.349243155797,
    "rsd_pct": 0.17436246413220938,
    "micro": false
  },
  "psych-load": {
    "mean": 1933.2034181803465,
    "rsd_pct": 0.018480845018481355,
    "micro": false
  },
  "railsbench": {
    "mean": 2111.875497798125,
    "rsd_pct": 0.914284516840618,
    "micro": false
  },
  "binarytrees": {
    "mean": 367.8983157357344,
    "rsd_pct": 0.07771222005830473,
    "micro": false
  },
  "chunky_png": {
    "mean": 648.7972634814439,
    "rsd_pct": 0.059014473604978024,
    "micro": false
  },
  "erubi": {
    "mean": 321.6071501679596,
    "rsd_pct": 0.6387235822207342,
    "micro": false
  },
  "erubi_rails": {
    "mean": 19.646652044690086,
    "rsd_pct": 3.4987009465460424,
    "micro": false
  },
  "fannkuchredux": {
    "mean": 6932.607305049896,
    "rsd_pct": 0.09556207968853699,
    "micro": false
  },
  "lee": {
    "mean": 931.2968174261706,
    "rsd_pct": 0.3164219701180814,
    "micro": false
  },
  "nbody": {
    "mean": 90.67350400476164,
    "rsd_pct": 0.07201706337205181,
    "micro": false
  },
  "optcarrot": {
    "mean": 3444.9759560326734,
    "rsd_pct": 0.5986604648046246,
    "micro": false
  },
  "rubykon": {
    "mean": 6811.042929813266,
    "rsd_pct": 0.7131018430668952,
    "micro": false
  },
  "30k_ifelse": {
    "mean": 358.8628761935979,
    "rsd_pct": 0.07250592633102754,
    "micro": true
  },
  "30k_methods": {
    "mean": 870.8396975628355,
    "rsd_pct": 0.01693448879215778,
    "micro": true
  },
  "cfunc_itself": {
    "mean": 45.79144000614944,
    "rsd_pct": 0.6192824635821763,
    "micro": true
  },
  "fib": {
    "mean": 63.50086851725503,
    "rsd_pct": 0.06045639305116792,
    "micro": true
  },
  "getivar": {
    "mean": 44.252611586431925,
    "rsd_pct": 0.12381210507315471,
    "micro": true
  },
  "keyword_args": {
    "mean": 54.555623425971866,
    "rsd_pct": 0.11294262005984866,
    "micro": true
  },
  "respond_to": {
    "mean": 188.92257913802433,
    "rsd_pct": 0.20333104545603445,
    "micro": true
  },
  "setivar": {
    "mean": 49.726321851462906,
    "rsd_pct": 0.11467530128476608,
    "micro": true
  },
  "str_concat": {
    "mean": 43.1849476840833,
    "rsd_pct": 1.6092857616552718,
    "micro": true
  }
}