{
  "activerecord": {
    "mean": 113.89483999471459,
    "rsd_pct": 0.4238461479291889,
    "micro": false
  },
  "hexapdf": {
    "mean": 2416.7939448884376,
    "rsd_pct": 1.7581058448871616,
    "micro": false
  },
  "liquid-render": {
    "mean": 130.26791161316777,
    "rsd_pct": 1.981405026822732,
    "micro": false
  },
  "mail": {
    "mean": 162.46997367125005,
    "rsd_pct": 0.3535082882572359,
    "micro": false
  },
  "psych-load": {
    "mean": 1933.0472007859498,
    "rsd_pct": 0.0595887492418518,
    "micro": false
  },
  "railsbench": {
    "mean": 2202.6667797627547,
    "rsd_pct": 1.3276322056209415,
    "micro": false
  },
  "binarytrees": {
    "mean": 357.12950244545937,
    "rsd_pct": 0.5870671404021742,
    "micro": false
  },
  "discourse": {
    "mean": 612.8459538552253,
    "rsd_pct": 13.826223370957846,
    "micro": false
  },
  "erubi": {
    "mean": 410.4696854580349,
    "rsd_pct": 0.8442365773502015,
    "micro": false
  },
  "erubi_rails": {
    "mean": 21.191624763461203,
    "rsd_pct": 4.633199511208979,
    "micro": false
  },
  "fannkuchredux": {
    "mean": 7041.824483017747,
    "rsd_pct": 0.07257071778629358,
    "micro": false
  },
  "lee": {
    "mean": 911.7742001655556,
    "rsd_pct": 1.555876339942642,
    "micro": false
  },
  "nbody": {
    "mean": 86.6708513324957,
    "rsd_pct": 0.4721940870550014,
    "micro": false
  },
  "optcarrot": {
    "mean": 3642.244558222592,
    "rsd_pct": 0.5507591563642069,
    "micro": false
  },
  "rubykon": {
    "mean": 6487.461771598707,
    "rsd_pct": 0.2780686648863404,
    "micro": false
  },
  "30k_ifelse": {
    "mean": 356.88182071105325,
    "rsd_pct": 0.1632887467741487,
    "micro": true
  },
  "30k_methods": {
    "mean": 877.8731223957783,
    "rsd_pct": 0.21503606009923065,
    "micro": true
  },
  "cfunc_itself": {
    "mean": 45.85558585658231,
    "rsd_pct": 0.8405925067231468,
    "micro": true
  },
  "fib": {
    "mean": 62.488972894789185,
    "rsd_pct": 0.5868943492564231,
    "micro": true
  },
  "getivar": {
    "mean": 42.55158146638306,
    "rsd_pct": 0.6664794421514517,
    "micro": true
  },
  "keyword_args": {
    "mean": 52.63985471089093,
    "rsd_pct": 0.6326723826738753,
    "micro": true
  },
  "respond_to": {
    "mean": 194.95405763550434,
    "rsd_pct": 0.2634547049531639,
    "micro": true
  },
  "setivar": {
    "mean": 52.631279984188296,
    "rsd_pct": 0.6926911390442955,
    "micro": true
  }
}