{
  "activerecord": {
    "mean": 102.05047824031983,
    "rsd_pct": 0.4717045979247553,
    "micro": false
  },
  "hexapdf": {
    "mean": 2269.657721618811,
    "rsd_pct": 1.851679719247166,
    "micro": false
  },
  "liquid-render": {
    "mean": 113.72821255661975,
    "rsd_pct": 1.7391161799200108,
    "micro": false
  },
  "mail": {
    "mean": 156.89039396238513,
    "rsd_pct": 0.16481066695734778,
    "micro": false
  },
  "psych-load": {
    "mean": 1986.950311313073,
    "rsd_pct": 0.014623618668395448,
    "micro": false
  },
  "railsbench": {
    "mean": 2162.248322367668,
    "rsd_pct": 1.475616130602707,
    "micro": false
  },
  "binarytrees": {
    "mean": 225.4350286569785,
    "rsd_pct": 0.08186963519046611,
    "micro": false
  },
  "chunky_png": {
    "mean": 646.6862224042416,
    "rsd_pct": 0.18955531183376756,
    "micro": false
  },
  "erubi": {
    "mean": 298.60875033067936,
    "rsd_pct": 0.9567593861546975,
    "micro": false
  },
  "erubi_rails": {
    "mean": 19.72032822112539,
    "rsd_pct": 3.908820184684832,
    "micro": false
  },
  "fannkuchredux": {
    "mean": 2329.8229885598025,
    "rsd_pct": 0.11278210538977716,
    "micro": false
  },
  "lee": {
    "mean": 949.4579083153179,
    "rsd_pct": 0.9685952248147313,
    "micro": false
  },
  "nbody": {
    "mean": 88.70614873931596,
    "rsd_pct": 0.06477774195370932,
    "micro": false
  },
  "optcarrot": {
    "mean": 3459.2400098840394,
    "rsd_pct": 0.4145713668816144,
    "micro": false
  },
  "rubykon": {
    "mean": 7126.386863986651,
    "rsd_pct": 1.666397830445693,
    "micro": false
  },
  "30k_ifelse": {
    "mean": 348.46638375893235,
    "rsd_pct": 0.1942013254389811,
    "micro": true
  },
  "30k_methods": {
    "mean": 815.4979098277787,
    "rsd_pct": 0.03301516567239702,
    "micro": true
  },
  "cfunc_itself": {
    "mean": 42.024928465986456,
    "rsd_pct": 0.07093207384728567,
    "micro": true
  },
  "fib": {
    "mean": 61.58845948761907,
    "rsd_pct": 0.05051809002835673,
    "micro": true
  },
  "getivar": {
    "mean": 42.751688837239264,
    "rsd_pct": 0.05427196629169327,
    "micro": true
  },
  "keyword_args": {
    "mean": 53.54213770830406,
    "rsd_pct": 0.16624411271971337,
    "micro": true
  },
  "respond_to": {
    "mean": 30.55499707605512,
    "rsd_pct": 0.6160604524269679,
    "micro": true
  },
  "setivar": {
    "mean": 40.52518696469419,
    "rsd_pct": 0.5343342063990746,
    "micro": true
  },
  "str_concat": {
    "mean": 49.10336703499408,
    "rsd_pct": 1.5056349034792689,
    "micro": true
  }
}