{
  "activerecord": {
    "mean": 103.12045863649463,
    "rsd_pct": 0.5681161052723644,
    "micro": false
  },
  "hexapdf": {
    "mean": 2216.1952521651983,
    "rsd_pct": 1.3567219783958988,
    "micro": false
  },
  "jekyll": {
    "mean": 7751.524796957771,
    "rsd_pct": 3.1205649607774624,
    "micro": false
  },
  "liquid-render": {
    "mean": 115.28660518641787,
    "rsd_pct": 2.1535922347294765,
    "micro": false
  },
  "mail": {
    "mean": 144.60858856763343,
    "rsd_pct": 1.016450721868618,
    "micro": false
  },
  "psych-load": {
    "mean": 1809.3675281852484,
    "rsd_pct": 0.7090524212342756,
    "micro": false
  },
  "railsbench": {
    "mean": 2026.2853727986414,
    "rsd_pct": 1.5782882587548226,
    "micro": false
  },
  "binarytrees": {
    "mean": 302.26672303185546,
    "rsd_pct": 0.29377368077254434,
    "micro": false
  },
  "erubi": {
    "mean": 425.93065583530597,
    "rsd_pct": 1.0478982210350651,
    "micro": false
  },
  "erubi_rails": {
    "mean": 36.05089674884867,
    "rsd_pct": 4.071718127621678,
    "micro": false
  },
  "fannkuchredux": {
    "mean": 5673.312159876029,
    "rsd_pct": 0.2121659482854314,
    "micro": false
  },
  "lee": {
    "mean": 741.7238323877638,
    "rsd_pct": 1.4705785180075546,
    "micro": false
  },
  "nbody": {
    "mean": 72.43392995555963,
    "rsd_pct": 0.030190646132667243,
    "micro": false
  },
  "optcarrot": {
    "mean": 3092.112086340785,
    "rsd_pct": 0.6590837265531613,
    "micro": false
  },
  "rubykon": {
    "mean": 5755.067805449168,
    "rsd_pct": 0.4846454654694645,
    "micro": false
  },
  "30k_ifelse": {
    "mean": 314.7551964427675,
    "rsd_pct": 0.1235684467425251,
    "micro": true
  },
  "30k_methods": {
    "mean": 758.4685086487577,
    "rsd_pct": 0.08145522407052555,
    "micro": true
  },
  "cfunc_itself": {
    "mean": 39.689135671717914,
    "rsd_pct": 0.19021725099757822,
    "micro": true
  },
  "fib": {
    "mean": 52.1852588402618,
    "rsd_pct": 0.0401834093890663,
    "micro": true
  },
  "getivar": {
    "mean": 35.49390210775033,
    "rsd_pct": 0.05023060357159285,
    "micro": true
  },
  "keyword_args": {
    "mean": 44.267761377761,
    "rsd_pct": 0.2449362330804045,
    "micro": true
  },
  "respond_to": {
    "mean": 150.2369747397082,
    "rsd_pct": 0.21596654228397907,
    "micro": true
  },
  "setivar": {
    "mean": 41.815590004292496,
    "rsd_pct": 0.19334749950888727,
    "micro": true
  }
}