{
  "activerecord": {
    "mean": 329.77471366968643,
    "rsd_pct": 0.16973379383646914,
    "micro": false
  },
  "hexapdf": {
    "mean": 6909.771302637334,
    "rsd_pct": 1.111678731364722,
    "micro": false
  },
  "liquid-render": {
    "mean": 454.708648676222,
    "rsd_pct": 1.0797588336201422,
    "micro": false
  },
  "mail": {
    "mean": 424.78868120815605,
    "rsd_pct": 0.10552261314092724,
    "micro": false
  },
  "psych-load": {
    "mean": 5315.3922421857715,
    "rsd_pct": 0.04651594109955278,
    "micro": false
  },
  "railsbench": {
    "mean": 6204.880887456238,
    "rsd_pct": 0.9168307352991216,
    "micro": false
  },
  "ruby-lsp": {
    "mean": 208.60399816887872,
    "rsd_pct": 10.898853884112562,
    "micro": false
  },
  "binarytrees": {
    "mean": 529.4548825707374,
    "rsd_pct": 3.484108284644256,
    "micro": false
  },
  "chunky_png": {
    "mean": 1533.4449961374048,
    "rsd_pct": 0.10232049433390773,
    "micro": false
  },
  "erubi": {
    "mean": 740.934956714214,
    "rsd_pct": 0.8552452223966917,
    "micro": false
  },
  "erubi_rails": {
    "mean": 50.358354896389045,
    "rsd_pct": 2.363763044137051,
    "micro": false
  },
  "etanni": {
    "mean": 1201.5281904411192,
    "rsd_pct": 0.543764925033136,
    "micro": false
  },
  "fannkuchredux": {
    "mean": 2349.71767924726,
    "rsd_pct": 0.14427110936965123,
    "micro": false
  },
  "lee": {
    "mean": 2388.5906110835176,
    "rsd_pct": 1.628003451513919,
    "micro": false
  },
  "nbody": {
    "mean": 177.22060600858873,
    "rsd_pct": 0.06194992008999775,
    "micro": false
  },
  "optcarrot": {
    "mean": 10724.563577507311,
    "rsd_pct": 0.37804518485448246,
    "micro": false
  },
  "rubykon": {
    "mean": 21844.106965356816,
    "rsd_pct": 0.23811306650004518,
    "micro": false
  },
  "30k_ifelse": {
    "mean": 1924.0516734030098,
    "rsd_pct": 0.05162555632464397,
    "micro": true
  },
  "30k_methods": {
    "mean": 3904.605861811433,
    "rsd_pct": 1.5385391895506562,
    "micro": true
  },
  "cfunc_itself": {
    "mean": 103.17780182042691,
    "rsd_pct": 0.025265928330864974,
    "micro": true
  },
  "fib": {
    "mean": 181.48512191734412,
    "rsd_pct": 0.005374560089362214,
    "micro": true
  },
  "getivar": {
    "mean": 107.47107444012104,
    "rsd_pct": 0.01385636786014775,
    "micro": true
  },
  "keyword_args": {
    "mean": 161.5540950194069,
    "rsd_pct": 0.008731295749029436,
    "micro": true
  },
  "respond_to": {
    "mean": 107.23063043459238,
    "rsd_pct": 1.0494139641954423,
    "micro": true
  },
  "setivar": {
    "mean": 50.039094715905364,
    "rsd_pct": 0.009784079569658995,
    "micro": true
  },
  "str_concat": {
    "mean": 106.71340573316837,
    "rsd_pct": 0.9581591323617177,
    "micro": true
  }
}