{
  "activerecord": {
    "mean": 97.33028404751614,
    "rsd_pct": 0.7593805426437824,
    "micro": false
  },
  "hexapdf": {
    "mean": 2357.481325417757,
    "rsd_pct": 1.5819949406611,
    "micro": false
  },
  "liquid-render": {
    "mean": 116.32271430624479,
    "rsd_pct": 1.8841000561380223,
    "micro": false
  },
  "mail": {
    "mean": 162.70758001314056,
    "rsd_pct": 0.14043158682062706,
    "micro": false
  },
  "psych-load": {
    "mean": 1913.6296326915424,
    "rsd_pct": 0.04519606819360148,
    "micro": false
  },
  "railsbench": {
    "mean": 2016.1369221905868,
    "rsd_pct": 1.2305792631252133,
    "micro": false
  },
  "ruby-lsp": {
    "mean": 73.27455429670711,
    "rsd_pct": 15.450544227566702,
    "micro": false
  },
  "binarytrees": {
    "mean": 255.3911471207227,
    "rsd_pct": 0.08478894807850536,
    "micro": false
  },
  "chunky_png": {
    "mean": 616.5138641372323,
    "rsd_pct": 0.07671968555002799,
    "micro": false
  },
  "erubi": {
    "mean": 291.2535272214724,
    "rsd_pct": 0.8112517734672037,
    "micro": false
  },
  "erubi_rails": {
    "mean": 17.826401000452595,
    "rsd_pct": 3.739568486951858,
    "micro": false
  },
  "etanni": {
    "mean": 472.2173758560703,
    "rsd_pct": 0.45188229348357617,
    "micro": false
  },
  "fannkuchredux": {
    "mean": 2314.467895279328,
    "rsd_pct": 0.07350296183999876,
    "micro": false
  },
  "lee": {
    "mean": 930.206538133678,
    "rsd_pct": 1.3545571940328227,
    "micro": false
  },
  "nbody": {
    "mean": 85.2719836198447,
    "rsd_pct": 0.11675754437645582,
    "micro": false
  },
  "optcarrot": {
    "mean": 3074.1452428201833,
    "rsd_pct": 0.4363403185927753,
    "micro": false
  },
  "rubykon": {
    "mean": 6709.034589926402,
    "rsd_pct": 1.5629589862858206,
    "micro": false
  },
  "30k_ifelse": {
    "mean": 397.0102506130934,
    "rsd_pct": 0.10557064443925356,
    "micro": true
  },
  "30k_methods": {
    "mean": 964.6798500791192,
    "rsd_pct": 0.04883127750039734,
    "micro": true
  },
  "cfunc_itself": {
    "mean": 41.017252667728116,
    "rsd_pct": 0.07413984797348835,
    "micro": true
  },
  "fib": {
    "mean": 61.12856014606056,
    "rsd_pct": 0.04512387097548403,
    "micro": true
  },
  "getivar": {
    "mean": 46.852345259186805,
    "rsd_pct": 0.04967182246244286,
    "micro": true
  },
  "keyword_args": {
    "mean": 51.5799201474498,
    "rsd_pct": 0.07706678958472704,
    "micro": true
  },
  "respond_to": {
    "mean": 28.605924876794177,
    "rsd_pct": 0.3756935246777384,
    "micro": true
  },
  "setivar": {
    "mean": 55.70554950203591,
    "rsd_pct": 0.04446436197079931,
    "micro": true
  },
  "str_concat": {
    "mean": 43.79730648618134,
    "rsd_pct": 1.527980303634885,
    "micro": true
  }
}