{
  "activerecord": {
    "mean": 104.32786711482044,
    "rsd_pct": 0.6276317895258435,
    "micro": false
  },
  "hexapdf": {
    "mean": 2346.4223931233087,
    "rsd_pct": 2.281065149777592,
    "micro": false
  },
  "liquid-render": {
    "mean": 125.17435419597203,
    "rsd_pct": 1.567913230648459,
    "micro": false
  },
  "mail": {
    "mean": 157.19988563796505,
    "rsd_pct": 0.1566324325649631,
    "micro": false
  },
  "psych-load": {
    "mean": 1899.6817486981552,
    "rsd_pct": 0.015745363980252048,
    "micro": false
  },
  "railsbench": {
    "mean": 2096.320345501105,
    "rsd_pct": 0.9938107309387869,
    "micro": false
  },
  "binarytrees": {
    "mean": 380.8263335672636,
    "rsd_pct": 0.12553620834928517,
    "micro": false
  },
  "chunky_png": {
    "mean": 663.9992912610372,
    "rsd_pct": 0.05404714072637358,
    "micro": false
  },
  "erubi": {
    "mean": 324.15134886339786,
    "rsd_pct": 0.6648040829256209,
    "micro": false
  },
  "erubi_rails": {
    "mean": 19.581855784876538,
    "rsd_pct": 3.821268506369892,
    "micro": false
  },
  "fannkuchredux": {
    "mean": 2356.33451739947,
    "rsd_pct": 0.06823269136820803,
    "micro": false
  },
  "lee": {
    "mean": 964.7535456344485,
    "rsd_pct": 2.0641728160065567,
    "micro": false
  },
  "nbody": {
    "mean": 94.59594794763969,
    "rsd_pct": 0.08540109514571442,
    "micro": false
  },
  "optcarrot": {
    "mean": 3444.0781973302364,
    "rsd_pct": 0.5927133400392275,
    "micro": false
  },
  "rubykon": {
    "mean": 6763.8150334358215,
    "rsd_pct": 0.708475946561411,
    "micro": false
  },
  "30k_ifelse": {
    "mean": 355.12008391586795,
    "rsd_pct": 0.08912054969650865,
    "micro": true
  },
  "30k_methods": {
    "mean": 872.7785003897936,
    "rsd_pct": 0.01576474741407104,
    "micro": true
  },
  "cfunc_itself": {
    "mean": 47.997070181383876,
    "rsd_pct": 0.8664651510408842,
    "micro": true
  },
  "fib": {
    "mean": 63.30785047676828,
    "rsd_pct": 0.038428003335562434,
    "micro": true
  },
  "getivar": {
    "mean": 44.220768157304185,
    "rsd_pct": 0.09636835028496285,
    "micro": true
  },
  "keyword_args": {
    "mean": 55.93385702534898,
    "rsd_pct": 0.12679724481090981,
    "micro": true
  },
  "respond_to": {
    "mean": 195.8415652118107,
    "rsd_pct": 0.03757888376856044,
    "micro": true
  },
  "setivar": {
    "mean": 41.419985146120524,
    "rsd_pct": 0.3611379168716962,
    "micro": true
  },
  "str_concat": {
    "mean": 42.3865687907121,
    "rsd_pct": 1.3582142611640304,
    "micro": true
  }
}