{
  "activerecord": {
    "mean": 143.7714771117254,
    "rsd_pct": 0.23654443090156171,
    "micro": false
  },
  "erubi_rails": {
    "mean": 44.71218714975019,
    "rsd_pct": 1.9542492667024882,
    "micro": false
  },
  "hexapdf": {
    "mean": 5690.605123961966,
    "rsd_pct": 2.137307990638433,
    "micro": false
  },
  "liquid-c": {
    "mean": 189.93632678351523,
    "rsd_pct": 1.76480582932408,
    "micro": false
  },
  "liquid-compile": {
    "mean": 162.67323810174022,
    "rsd_pct": 0.6404855984825337,
    "micro": false
  },
  "liquid-render": {
    "mean": 355.34840877896744,
    "rsd_pct": 2.287782376924936,
    "micro": false
  },
  "mail": {
    "mean": 367.50883148802865,
    "rsd_pct": 0.13343970706947214,
    "micro": false
  },
  "psych-load": {
    "mean": 5224.8551818231745,
    "rsd_pct": 0.07136051752218485,
    "micro": false
  },
  "railsbench": {
    "mean": 5309.257057184975,
    "rsd_pct": 0.7416634512230761,
    "micro": false
  },
  "ruby-lsp": {
    "mean": 174.9113318879059,
    "rsd_pct": 12.552532187042583,
    "micro": false
  },
  "sequel": {
    "mean": 200.35355882245605,
    "rsd_pct": 0.25047680776492126,
    "micro": false
  },
  "binarytrees": {
    "mean": 490.6042877754027,
    "rsd_pct": 0.15227807174411767,
    "micro": false
  },
  "chunky_png": {
    "mean": 1460.5369697054548,
    "rsd_pct": 0.09006597412673248,
    "micro": false
  },
  "erubi": {
    "mean": 562.2414453671529,
    "rsd_pct": 1.017817316174013,
    "micro": false
  },
  "etanni": {
    "mean": 905.6383592930312,
    "rsd_pct": 0.4650068138558462,
    "micro": false
  },
  "fannkuchredux": {
    "mean": 1484.5691347122192,
    "rsd_pct": 0.24583362130920275,
    "micro": false
  },
  "lee": {
    "mean": 2217.5648587622813,
    "rsd_pct": 0.20068196180733539,
    "micro": false
  },
  "nbody": {
    "mean": 158.89566237779542,
    "rsd_pct": 0.06940383796798157,
    "micro": false
  },
  "optcarrot": {
    "mean": 8533.441967517138,
    "rsd_pct": 0.541160322009847,
    "micro": false
  },
  "ruby-json": {
    "mean": 8757.086079691848,
    "rsd_pct": 0.13217216181217312,
    "micro": false
  },
  "rubykon": {
    "mean": 19254.751225188375,
    "rsd_pct": 0.3868002530278896,
    "micro": false
  },
  "30k_ifelse": {
    "mean": 1599.5272918180985,
    "rsd_pct": 0.03827912081846567,
    "micro": true
  },
  "30k_methods": {
    "mean": 3434.130200792266,
    "rsd_pct": 0.056530414224095264,
    "micro": true
  },
  "cfunc_itself": {
    "mean": 86.821721126674,
    "rsd_pct": 0.01560231058863911,
    "micro": true
  },
  "fib": {
    "mean": 123.70803726782869,
    "rsd_pct": 0.06575142868054099,
    "micro": true
  },
  "getivar": {
    "mean": 40.46640629185585,
    "rsd_pct": 0.014069484112516614,
    "micro": true
  },
  "keyword_args": {
    "mean": 121.68742255552819,
    "rsd_pct": 0.08945728468545557,
    "micro": true
  },
  "respond_to": {
    "mean": 81.77747886068884,
    "rsd_pct": 1.1693660408177367,
    "micro": true
  },
  "setivar": {
    "mean": 30.894100716327504,
    "rsd_pct": 0.016705167976212118,
    "micro": true
  },
  "setivar_object": {
    "mean": 116.1722555565082,
    "rsd_pct": 1.3995677954557322,
    "micro": true
  },
  "setivar_young": {
    "mean": 113.14382085624008,
    "rsd_pct": 0.019161706503584047,
    "micro": true
  },
  "str_concat": {
    "mean": 83.3110167931781,
    "rsd_pct": 0.9601928367066397,
    "micro": true
  },
  "throw": {
    "mean": 50.48166352643627,
    "rsd_pct": 0.1562837427914413,
    "micro": true
  }
}