{
  "activerecord": {
    "mean": 103.05724034346447,
    "rsd_pct": 0.586548483266007,
    "micro": false
  },
  "hexapdf": {
    "mean": 2359.1146022081375,
    "rsd_pct": 1.7282362355017062,
    "micro": false
  },
  "liquid-render": {
    "mean": 126.98186809032023,
    "rsd_pct": 1.7848053569987838,
    "micro": false
  },
  "mail": {
    "mean": 155.03902098005133,
    "rsd_pct": 0.2171813744466959,
    "micro": false
  },
  "psych-load": {
    "mean": 1913.9061331748962,
    "rsd_pct": 0.033035879318264696,
    "micro": false
  },
  "railsbench": {
    "mean": 2089.9819433689117,
    "rsd_pct": 0.758114635349216,
    "micro": false
  },
  "binarytrees": {
    "mean": 367.22466722130775,
    "rsd_pct": 0.04181673881124286,
    "micro": false
  },
  "chunky_png": {
    "mean": 645.9179763351717,
    "rsd_pct": 0.06041733664857145,
    "micro": false
  },
  "erubi": {
    "mean": 323.8564748011652,
    "rsd_pct": 0.6781534442466466,
    "micro": false
  },
  "erubi_rails": {
    "mean": 19.274599986425148,
    "rsd_pct": 3.5862886119358746,
    "micro": false
  },
  "fannkuchredux": {
    "mean": 7013.27130595843,
    "rsd_pct": 0.19711782476266362,
    "micro": false
  },
  "lee": {
    "mean": 932.1669989398548,
    "rsd_pct": 0.6799857178375182,
    "micro": false
  },
  "nbody": {
    "mean": 91.28741624540297,
    "rsd_pct": 0.07389275389473518,
    "micro": false
  },
  "optcarrot": {
    "mean": 3486.787965645393,
    "rsd_pct": 0.6166170629505178,
    "micro": false
  },
  "rubykon": {
    "mean": 6776.330806314945,
    "rsd_pct": 0.5663381918494668,
    "micro": false
  },
  "30k_ifelse": {
    "mean": 361.71669912125384,
    "rsd_pct": 0.0832645747954834,
    "micro": true
  },
  "30k_methods": {
    "mean": 874.7641031184922,
    "rsd_pct": 0.03613248221826445,
    "micro": true
  },
  "cfunc_itself": {
    "mean": 47.05197879705917,
    "rsd_pct": 0.7991835033115536,
    "micro": true
  },
  "fib": {
    "mean": 63.397873831646784,
    "rsd_pct": 0.06933738677202994,
    "micro": true
  },
  "getivar": {
    "mean": 44.23631841896987,
    "rsd_pct": 0.11674489824601007,
    "micro": true
  },
  "keyword_args": {
    "mean": 52.63126438404334,
    "rsd_pct": 0.3269619403072396,
    "micro": true
  },
  "respond_to": {
    "mean": 188.82663147611038,
    "rsd_pct": 0.10866377027907059,
    "micro": true
  },
  "setivar": {
    "mean": 49.713784471029776,
    "rsd_pct": 0.10704613058091031,
    "micro": true
  },
  "str_concat": {
    "mean": 43.26329787901944,
    "rsd_pct": 1.6575716375500493,
    "micro": true
  }
}