{
  "activerecord": {
    "mean": 110.47387596485096,
    "rsd_pct": 1.9573231923908154
  },
  "jekyll": {
    "mean": 7476.9201894290745,
    "rsd_pct": 1.2439478653670584
  },
  "liquid-render": {
    "mean": 147.68034779089726,
    "rsd_pct": 2.6505673100866196
  },
  "mail": {
    "mean": 146.38058264510676,
    "rsd_pct": 1.486925491537931
  },
  "psych-load": {
    "mean": 1733.2793980836868,
    "rsd_pct": 0.48908452336630615
  },
  "railsbench": {
    "mean": 2637.077440880239,
    "rsd_pct": 1.3514276040385187
  },
  "binarytrees": {
    "mean": 294.1575693608872,
    "rsd_pct": 0.2412958776196379
  },
  "fannkuchredux": {
    "mean": 5551.044037682004,
    "rsd_pct": 0.0951804068664668
  },
  "lee": {
    "mean": 800.9104863012908,
    "rsd_pct": 1.4710059748073931
  },
  "nbody": {
    "mean": 72.43002342297399,
    "rsd_pct": 0.038141959267184875
  },
  "optcarrot": {
    "mean": 3128.8278754334897,
    "rsd_pct": 0.2879589456167462
  },
  "30k_ifelse": {
    "mean": 327.5527540484772,
    "rsd_pct": 0.40213475555893924
  },
  "30k_methods": {
    "mean": 708.5637931687463,
    "rsd_pct": 0.069074461387337
  },
  "cfunc_itself": {
    "mean": 40.87371719215298,
    "rsd_pct": 0.24523914045607328
  },
  "fib": {
    "mean": 57.24029763505849,
    "rsd_pct": 0.04186287128373914
  },
  "getivar": {
    "mean": 36.26277639293792,
    "rsd_pct": 0.03653160657462348
  },
  "respond_to": {
    "mean": 162.81717065392078,
    "rsd_pct": 0.18646290398609808
  },
  "setivar": {
    "mean": 43.8018322161639,
    "rsd_pct": 0.16083094825410924
  }
}