{
  "activerecord": {
    "mean": 95.00604120008117,
    "rsd_pct": 0.7354332500707929,
    "micro": false
  },
  "hexapdf": {
    "mean": 2161.9465676757195,
    "rsd_pct": 2.7248754737092016,
    "micro": false
  },
  "liquid-render": {
    "mean": 110.8536199385602,
    "rsd_pct": 1.9514633285448988,
    "micro": false
  },
  "mail": {
    "mean": 141.39150528250434,
    "rsd_pct": 0.12834019604552807,
    "micro": false
  },
  "psych-load": {
    "mean": 1841.131751301388,
    "rsd_pct": 0.04946203422010548,
    "micro": false
  },
  "railsbench": {
    "mean": 2007.0157971854012,
    "rsd_pct": 1.328836776671743,
    "micro": false
  },
  "ruby-lsp": {
    "mean": 68.84020836381563,
    "rsd_pct": 15.812270272153198,
    "micro": false
  },
  "binarytrees": {
    "mean": 236.5503949944728,
    "rsd_pct": 0.1219215541607955,
    "micro": false
  },
  "chunky_png": {
    "mean": 627.1560035384027,
    "rsd_pct": 0.05211043920712162,
    "micro": false
  },
  "erubi": {
    "mean": 295.6190515200005,
    "rsd_pct": 1.035013232263326,
    "micro": false
  },
  "erubi_rails": {
    "mean": 17.31541972728851,
    "rsd_pct": 3.4492320774855143,
    "micro": false
  },
  "etanni": {
    "mean": 473.0074595260833,
    "rsd_pct": 0.5335032883307612,
    "micro": false
  },
  "fannkuchredux": {
    "mean": 937.7514427039949,
    "rsd_pct": 0.06235001646077116,
    "micro": false
  },
  "lee": {
    "mean": 905.8412688530304,
    "rsd_pct": 0.29631320990252524,
    "micro": false
  },
  "nbody": {
    "mean": 74.10833357522885,
    "rsd_pct": 0.13083543012476445,
    "micro": false
  },
  "optcarrot": {
    "mean": 2649.576003663242,
    "rsd_pct": 0.41561790998061443,
    "micro": false
  },
  "rubykon": {
    "mean": 6680.422317236662,
    "rsd_pct": 2.029381657015449,
    "micro": false
  },
  "30k_ifelse": {
    "mean": 404.62461072951555,
    "rsd_pct": 0.14426142266718225,
    "micro": true
  },
  "30k_methods": {
    "mean": 952.9764275532216,
    "rsd_pct": 0.03393060720610913,
    "micro": true
  },
  "cfunc_itself": {
    "mean": 41.791398393923664,
    "rsd_pct": 0.5203504024425996,
    "micro": true
  },
  "fib": {
    "mean": 62.8591824378584,
    "rsd_pct": 0.16648876270785087,
    "micro": true
  },
  "getivar": {
    "mean": 45.82903145661138,
    "rsd_pct": 0.2519032899848019,
    "micro": true
  },
  "keyword_args": {
    "mean": 52.00827613169138,
    "rsd_pct": 0.13278906123239181,
    "micro": true
  },
  "respond_to": {
    "mean": 28.390339137361952,
    "rsd_pct": 0.6736059518573927,
    "micro": true
  },
  "setivar": {
    "mean": 19.29760278777822,
    "rsd_pct": 0.07161601147797905,
    "micro": true
  },
  "setivar_object": {
    "mean": 47.75523614173928,
    "rsd_pct": 1.5586072434213905,
    "micro": true
  },
  "str_concat": {
    "mean": 44.514317942629056,
    "rsd_pct": 1.4686546152443523,
    "micro": true
  }
}