{
  "activerecord": {
    "mean": 106.1093256600756,
    "rsd_pct": 0.6413032184560901,
    "micro": false
  },
  "hexapdf": {
    "mean": 2011.63127363349,
    "rsd_pct": 1.054385576673049,
    "micro": false
  },
  "liquid-c": {
    "mean": 59.206091552395485,
    "rsd_pct": 2.087926437458801,
    "micro": false
  },
  "liquid-render": {
    "mean": 104.38033050647185,
    "rsd_pct": 2.739432495360088,
    "micro": false
  },
  "mail": {
    "mean": 131.47903559423102,
    "rsd_pct": 0.3541130975038667,
    "micro": false
  },
  "psych-load": {
    "mean": 1785.8641524178286,
    "rsd_pct": 0.031164092625991395,
    "micro": false
  },
  "railsbench": {
    "mean": 1833.7239306109648,
    "rsd_pct": 1.1293823042743247,
    "micro": false
  },
  "ruby-lsp": {
    "mean": 59.29894384080127,
    "rsd_pct": 20.043646052048423,
    "micro": false
  },
  "sequel": {
    "mean": 148.3873009695602,
    "rsd_pct": 1.9847438230555887,
    "micro": false
  },
  "binarytrees": {
    "mean": 233.17382973344888,
    "rsd_pct": 0.08779020371794959,
    "micro": false
  },
  "chunky_png": {
    "mean": 634.1584262197778,
    "rsd_pct": 0.04590475034567084,
    "micro": false
  },
  "erubi": {
    "mean": 251.32692769122653,
    "rsd_pct": 0.8456012402457567,
    "micro": false
  },
  "erubi_rails": {
    "mean": 15.836003830364776,
    "rsd_pct": 3.4116964986428195,
    "micro": false
  },
  "etanni": {
    "mean": 409.12241985717293,
    "rsd_pct": 0.45804406234031136,
    "micro": false
  },
  "fannkuchredux": {
    "mean": 853.8014408524917,
    "rsd_pct": 0.05151373292748677,
    "micro": false
  },
  "lee": {
    "mean": 906.7181247625161,
    "rsd_pct": 0.3005404944425561,
    "micro": false
  },
  "nbody": {
    "mean": 73.11670435592532,
    "rsd_pct": 0.09634964850034043,
    "micro": false
  },
  "optcarrot": {
    "mean": 2577.803681294123,
    "rsd_pct": 0.6709112630173314,
    "micro": false
  },
  "ruby-json": {
    "mean": 3165.1688220600286,
    "rsd_pct": 0.2165826705664414,
    "micro": false
  },
  "rubykon": {
    "mean": 6722.943141218275,
    "rsd_pct": 0.362622633768654,
    "micro": false
  },
  "30k_ifelse": {
    "mean": 427.23999362762856,
    "rsd_pct": 0.06469242738408804,
    "micro": true
  },
  "30k_methods": {
    "mean": 942.6543897949159,
    "rsd_pct": 0.049003168869834655,
    "micro": true
  },
  "cfunc_itself": {
    "mean": 42.047099650440586,
    "rsd_pct": 0.24258639721211991,
    "micro": true
  },
  "fib": {
    "mean": 62.07832996225756,
    "rsd_pct": 0.03966544783779892,
    "micro": true
  },
  "getivar": {
    "mean": 45.810922565912705,
    "rsd_pct": 0.06250861316128624,
    "micro": true
  },
  "keyword_args": {
    "mean": 54.32666211278849,
    "rsd_pct": 0.1137955823381538,
    "micro": true
  },
  "respond_to": {
    "mean": 32.26039265829848,
    "rsd_pct": 1.0403456551583297,
    "micro": true
  },
  "setivar": {
    "mean": 14.804375764554802,
    "rsd_pct": 0.12545815628305623,
    "micro": true
  },
  "setivar_object": {
    "mean": 49.333724761045126,
    "rsd_pct": 0.05094213587104137,
    "micro": true
  },
  "str_concat": {
    "mean": 43.12126150256709,
    "rsd_pct": 1.6140876751361246,
    "micro": true
  }
}