{
  "activerecord": {
    "mean": 41.90709758121287,
    "rsd_pct": 0.8940149649589278,
    "micro": false
  },
  "erubi_rails": {
    "mean": 14.960976383695977,
    "rsd_pct": 3.468237412985448,
    "micro": false
  },
  "hexapdf": {
    "mean": 2008.386957148711,
    "rsd_pct": 2.867711775400191,
    "micro": false
  },
  "liquid-c": {
    "mean": 57.796299471047476,
    "rsd_pct": 1.9986630576981859,
    "micro": false
  },
  "liquid-compile": {
    "mean": 55.1602091990788,
    "rsd_pct": 0.7279595327851367,
    "micro": false
  },
  "liquid-render": {
    "mean": 102.83606119777019,
    "rsd_pct": 2.772181782115482,
    "micro": false
  },
  "mail": {
    "mean": 127.3265549806273,
    "rsd_pct": 0.4324167278300946,
    "micro": false
  },
  "psych-load": {
    "mean": 1798.5787397250533,
    "rsd_pct": 0.08174937837951102,
    "micro": false
  },
  "railsbench": {
    "mean": 1786.7178363725543,
    "rsd_pct": 1.1756682428064031,
    "micro": false
  },
  "ruby-lsp": {
    "mean": 57.41164225397862,
    "rsd_pct": 20.689523958701223,
    "micro": false
  },
  "sequel": {
    "mean": 67.39248908313645,
    "rsd_pct": 0.3412840321042848,
    "micro": false
  },
  "binarytrees": {
    "mean": 228.83362533651632,
    "rsd_pct": 0.2680677154855087,
    "micro": false
  },
  "chunky_png": {
    "mean": 603.2046559557784,
    "rsd_pct": 0.05820381175121338,
    "micro": false
  },
  "erubi": {
    "mean": 245.83155072376698,
    "rsd_pct": 0.8535304449048563,
    "micro": false
  },
  "etanni": {
    "mean": 401.3176134903915,
    "rsd_pct": 0.4589131379641692,
    "micro": false
  },
  "fannkuchredux": {
    "mean": 771.5538864453824,
    "rsd_pct": 0.26729914921481407,
    "micro": false
  },
  "lee": {
    "mean": 857.6486439484617,
    "rsd_pct": 0.3683456218129115,
    "micro": false
  },
  "nbody": {
    "mean": 76.63966329272024,
    "rsd_pct": 0.06503668638234354,
    "micro": false
  },
  "optcarrot": {
    "mean": 2236.0214817648134,
    "rsd_pct": 0.6215799423323664,
    "micro": false
  },
  "ruby-json": {
    "mean": 3042.833399462203,
    "rsd_pct": 0.1326148405495861,
    "micro": false
  },
  "rubykon": {
    "mean": 6408.310377039015,
    "rsd_pct": 0.38542947588435206,
    "micro": false
  },
  "30k_ifelse": {
    "mean": 358.78151562064886,
    "rsd_pct": 0.06954363707039948,
    "micro": true
  },
  "30k_methods": {
    "mean": 862.467574077132,
    "rsd_pct": 0.021683544070145524,
    "micro": true
  },
  "cfunc_itself": {
    "mean": 39.230682139507174,
    "rsd_pct": 0.5489439512000469,
    "micro": true
  },
  "fib": {
    "mean": 44.35484062673317,
    "rsd_pct": 0.04983627842330174,
    "micro": true
  },
  "getivar": {
    "mean": 21.155699543127234,
    "rsd_pct": 0.23288212827756583,
    "micro": true
  },
  "keyword_args": {
    "mean": 47.65386706960514,
    "rsd_pct": 0.11182644309106914,
    "micro": true
  },
  "respond_to": {
    "mean": 26.212754669589,
    "rsd_pct": 0.9976691123520289,
    "micro": true
  },
  "setivar": {
    "mean": 11.994895720815293,
    "rsd_pct": 0.08667600935182336,
    "micro": true
  },
  "setivar_object": {
    "mean": 46.69761332892761,
    "rsd_pct": 4.26085862223039,
    "micro": true
  },
  "setivar_young": {
    "mean": 43.135673674786915,
    "rsd_pct": 2.0402192526021032,
    "micro": true
  },
  "str_concat": {
    "mean": 42.21461445882885,
    "rsd_pct": 1.6555421375001804,
    "micro": true
  },
  "throw": {
    "mean": 24.29691779245509,
    "rsd_pct": 0.22360417830356644,
    "micro": true
  }
}