{
  "activerecord": {
    "mean": 370.8295501007039,
    "rsd_pct": 0.262120260266274,
    "micro": false
  },
  "hexapdf": {
    "mean": 7676.232833508402,
    "rsd_pct": 1.4441255370289225,
    "micro": false
  },
  "liquid-render": {
    "mean": 456.55034743515506,
    "rsd_pct": 1.196668224798654,
    "micro": false
  },
  "mail": {
    "mean": 489.4272743384968,
    "rsd_pct": 0.3952522438626266,
    "micro": false
  },
  "psych-load": {
    "mean": 6825.7969174223645,
    "rsd_pct": 0.02772196248516589,
    "micro": false
  },
  "railsbench": {
    "mean": 7153.214807156473,
    "rsd_pct": 0.5809744783061292,
    "micro": false
  },
  "binarytrees": {
    "mean": 542.8496637725316,
    "rsd_pct": 0.11647852260611591,
    "micro": false
  },
  "chunky_png": {
    "mean": 1669.598126783967,
    "rsd_pct": 0.2045571131172213,
    "micro": false
  },
  "erubi": {
    "mean": 747.0510390086739,
    "rsd_pct": 1.3158411180263563,
    "micro": false
  },
  "erubi_rails": {
    "mean": 58.33697669241114,
    "rsd_pct": 2.0495822679143254,
    "micro": false
  },
  "fannkuchredux": {
    "mean": 6304.095424618572,
    "rsd_pct": 0.14011256622782406,
    "micro": false
  },
  "lee": {
    "mean": 2429.3402433162555,
    "rsd_pct": 1.1288445775544147,
    "micro": false
  },
  "nbody": {
    "mean": 202.19559181473016,
    "rsd_pct": 2.1648987691488597,
    "micro": false
  },
  "optcarrot": {
    "mean": 12745.712213932225,
    "rsd_pct": 0.5497691142203589,
    "micro": false
  },
  "rubykon": {
    "mean": 24736.627641599625,
    "rsd_pct": 0.43227690061211616,
    "micro": false
  },
  "30k_ifelse": {
    "mean": 2679.10270729478,
    "rsd_pct": 0.02675722000286299,
    "micro": true
  },
  "30k_methods": {
    "mean": 5899.373734428082,
    "rsd_pct": 2.592519409750313,
    "micro": true
  },
  "cfunc_itself": {
    "mean": 105.37894201677358,
    "rsd_pct": 0.2263898565514816,
    "micro": true
  },
  "fib": {
    "mean": 199.38402582408378,
    "rsd_pct": 0.30789912112648327,
    "micro": true
  },
  "getivar": {
    "mean": 127.57265555016234,
    "rsd_pct": 0.004543500117880366,
    "micro": true
  },
  "keyword_args": {
    "mean": 150.65335998842392,
    "rsd_pct": 0.005550544496972764,
    "micro": true
  },
  "respond_to": {
    "mean": 104.23246370614534,
    "rsd_pct": 0.9844952533091231,
    "micro": true
  },
  "setivar": {
    "mean": 123.13094877615748,
    "rsd_pct": 0.004420431182334953,
    "micro": true
  },
  "str_concat": {
    "mean": 104.14513194266317,
    "rsd_pct": 0.872453577528286,
    "micro": true
  }
}