{
  "activerecord": {
    "mean": 103.6127900289748,
    "rsd_pct": 0.6222671240500518,
    "micro": false
  },
  "hexapdf": {
    "mean": 2324.6681253115335,
    "rsd_pct": 1.7512196093592078,
    "micro": false
  },
  "liquid-render": {
    "mean": 124.6389162959531,
    "rsd_pct": 1.7137881549345646,
    "micro": false
  },
  "mail": {
    "mean": 157.43253592933928,
    "rsd_pct": 0.1539403496156321,
    "micro": false
  },
  "psych-load": {
    "mean": 1908.1731170415878,
    "rsd_pct": 0.030126462055660753,
    "micro": false
  },
  "railsbench": {
    "mean": 2090.6169526278973,
    "rsd_pct": 1.1590658160578664,
    "micro": false
  },
  "binarytrees": {
    "mean": 362.5731516916018,
    "rsd_pct": 0.10687477653326997,
    "micro": false
  },
  "chunky_png": {
    "mean": 652.4726641674837,
    "rsd_pct": 0.0575446893071778,
    "micro": false
  },
  "erubi": {
    "mean": 328.20567457626265,
    "rsd_pct": 0.6566895359956202,
    "micro": false
  },
  "erubi_rails": {
    "mean": 19.472471759147336,
    "rsd_pct": 3.958941691929019,
    "micro": false
  },
  "fannkuchredux": {
    "mean": 2317.2841461996236,
    "rsd_pct": 0.024340302352988372,
    "micro": false
  },
  "lee": {
    "mean": 970.6621553748846,
    "rsd_pct": 1.9923942951947022,
    "micro": false
  },
  "nbody": {
    "mean": 95.18277288282512,
    "rsd_pct": 0.10492354122726172,
    "micro": false
  },
  "optcarrot": {
    "mean": 3497.175040344397,
    "rsd_pct": 0.5828796989053161,
    "micro": false
  },
  "rubykon": {
    "mean": 6759.544052680333,
    "rsd_pct": 0.509169217898298,
    "micro": false
  },
  "30k_ifelse": {
    "mean": 357.13232058015734,
    "rsd_pct": 0.08519313551735548,
    "micro": true
  },
  "30k_methods": {
    "mean": 870.3400897370143,
    "rsd_pct": 0.02003133704817932,
    "micro": true
  },
  "cfunc_itself": {
    "mean": 47.5860892118683,
    "rsd_pct": 0.6850174274002434,
    "micro": true
  },
  "fib": {
    "mean": 63.31116379121875,
    "rsd_pct": 0.03999352270933833,
    "micro": true
  },
  "getivar": {
    "mean": 44.21924956822434,
    "rsd_pct": 0.07975240198272224,
    "micro": true
  },
  "keyword_args": {
    "mean": 54.98366162550351,
    "rsd_pct": 0.21591287429785413,
    "micro": true
  },
  "respond_to": {
    "mean": 186.4852169980702,
    "rsd_pct": 0.3446992616976938,
    "micro": true
  },
  "setivar": {
    "mean": 49.72792580815087,
    "rsd_pct": 0.11512020532435714,
    "micro": true
  },
  "str_concat": {
    "mean": 46.00217924496838,
    "rsd_pct": 1.2966581125004935,
    "micro": true
  }
}