{
  "activerecord": {
    "mean": 108.28548322615961,
    "rsd_pct": 0.5402421559260505,
    "micro": false
  },
  "hexapdf": {
    "mean": 2045.5321853669982,
    "rsd_pct": 1.8516649948082884,
    "micro": false
  },
  "liquid-c": {
    "mean": 59.99437815679068,
    "rsd_pct": 2.1217547378081196,
    "micro": false
  },
  "liquid-render": {
    "mean": 111.66411626225944,
    "rsd_pct": 2.6760304671170383,
    "micro": false
  },
  "mail": {
    "mean": 137.81202596631678,
    "rsd_pct": 0.16079655053172007,
    "micro": false
  },
  "psych-load": {
    "mean": 1800.7996096586187,
    "rsd_pct": 0.06153492882329156,
    "micro": false
  },
  "railsbench": {
    "mean": 1856.737937933455,
    "rsd_pct": 1.2254569041369938,
    "micro": false
  },
  "ruby-lsp": {
    "mean": 66.77626730253299,
    "rsd_pct": 20.51826147238174,
    "micro": false
  },
  "sequel": {
    "mean": 147.81594639126627,
    "rsd_pct": 1.9202679426857057,
    "micro": false
  },
  "binarytrees": {
    "mean": 233.15766233512585,
    "rsd_pct": 0.07274952079617475,
    "micro": false
  },
  "chunky_png": {
    "mean": 625.1782442050171,
    "rsd_pct": 0.05104080385056977,
    "micro": false
  },
  "erubi": {
    "mean": 254.85922631371437,
    "rsd_pct": 1.0076702015535388,
    "micro": false
  },
  "erubi_rails": {
    "mean": 16.426408634264124,
    "rsd_pct": 3.228084367088856,
    "micro": false
  },
  "etanni": {
    "mean": 406.3371309288302,
    "rsd_pct": 0.4676856625964852,
    "micro": false
  },
  "fannkuchredux": {
    "mean": 912.7426458607343,
    "rsd_pct": 0.13242210423236148,
    "micro": false
  },
  "lee": {
    "mean": 922.642025109824,
    "rsd_pct": 0.09774902769943626,
    "micro": false
  },
  "nbody": {
    "mean": 72.07211340182471,
    "rsd_pct": 0.06804311607310444,
    "micro": false
  },
  "optcarrot": {
    "mean": 8594.392694920922,
    "rsd_pct": 0.2050299784835614,
    "micro": false
  },
  "rubykon": {
    "mean": 6627.133493140961,
    "rsd_pct": 0.5161209514321828,
    "micro": false
  },
  "30k_ifelse": {
    "mean": 422.9859307685748,
    "rsd_pct": 0.08885363776544394,
    "micro": true
  },
  "30k_methods": {
    "mean": 959.2579665948592,
    "rsd_pct": 0.04013615459130766,
    "micro": true
  },
  "cfunc_itself": {
    "mean": 42.81770390299882,
    "rsd_pct": 0.11204130313488189,
    "micro": true
  },
  "fib": {
    "mean": 62.15246921881012,
    "rsd_pct": 0.04471551182936231,
    "micro": true
  },
  "getivar": {
    "mean": 45.837430260464586,
    "rsd_pct": 0.15566027837522167,
    "micro": true
  },
  "keyword_args": {
    "mean": 52.6567146972459,
    "rsd_pct": 0.16483156241637806,
    "micro": true
  },
  "respond_to": {
    "mean": 29.000528964016887,
    "rsd_pct": 0.4029768060255796,
    "micro": true
  },
  "setivar": {
    "mean": 14.912507335129655,
    "rsd_pct": 0.07765590443236357,
    "micro": true
  },
  "setivar_object": {
    "mean": 47.47448903077112,
    "rsd_pct": 1.221332984078223,
    "micro": true
  },
  "str_concat": {
    "mean": 44.17685104877149,
    "rsd_pct": 1.3851850072730651,
    "micro": true
  }
}