{
  "activerecord": {
    "mean": 338.5824960170557,
    "rsd_pct": 0.22931188602908592,
    "micro": false
  },
  "hexapdf": {
    "mean": 6585.9817346557975,
    "rsd_pct": 1.161872085197689,
    "micro": false
  },
  "liquid-c": {
    "mean": 196.29056230411157,
    "rsd_pct": 1.7946488090151371,
    "micro": false
  },
  "liquid-render": {
    "mean": 390.77230480463146,
    "rsd_pct": 2.151976607119155,
    "micro": false
  },
  "mail": {
    "mean": 402.49234551628086,
    "rsd_pct": 0.23005244855386894,
    "micro": false
  },
  "psych-load": {
    "mean": 5287.098815540473,
    "rsd_pct": 0.09662881746722655,
    "micro": false
  },
  "railsbench": {
    "mean": 5693.01772788167,
    "rsd_pct": 0.8060088008369547,
    "micro": false
  },
  "ruby-lsp": {
    "mean": 198.39719508503592,
    "rsd_pct": 9.951470535699443,
    "micro": false
  },
  "sequel": {
    "mean": 397.28014341521043,
    "rsd_pct": 2.2437135661683687,
    "micro": false
  },
  "binarytrees": {
    "mean": 526.1754545876208,
    "rsd_pct": 0.1149822743404869,
    "micro": false
  },
  "chunky_png": {
    "mean": 1535.5378799741306,
    "rsd_pct": 0.06812842491609183,
    "micro": false
  },
  "erubi": {
    "mean": 583.8017290792404,
    "rsd_pct": 0.948801111713348,
    "micro": false
  },
  "erubi_rails": {
    "mean": 47.91801436762146,
    "rsd_pct": 2.2687354483175857,
    "micro": false
  },
  "etanni": {
    "mean": 896.446977304865,
    "rsd_pct": 0.440568688044939,
    "micro": false
  },
  "fannkuchredux": {
    "mean": 2536.8095952573985,
    "rsd_pct": 0.07614474347113966,
    "micro": false
  },
  "lee": {
    "mean": 2283.4974240422957,
    "rsd_pct": 0.19811034123289464,
    "micro": false
  },
  "nbody": {
    "mean": 176.01541844650512,
    "rsd_pct": 0.05139212922761084,
    "micro": false
  },
  "optcarrot": {
    "mean": 19340.97274051358,
    "rsd_pct": 0.37465287039745854,
    "micro": false
  },
  "rubykon": {
    "mean": 20715.28762113303,
    "rsd_pct": 0.3798245037199583,
    "micro": false
  },
  "30k_ifelse": {
    "mean": 1930.867678862303,
    "rsd_pct": 0.024630461186262626,
    "micro": true
  },
  "30k_methods": {
    "mean": 3888.2141861133277,
    "rsd_pct": 0.07361036369170922,
    "micro": true
  },
  "cfunc_itself": {
    "mean": 103.34698124379877,
    "rsd_pct": 0.008529196416481194,
    "micro": true
  },
  "fib": {
    "mean": 191.10509504004153,
    "rsd_pct": 0.005702332303113254,
    "micro": true
  },
  "getivar": {
    "mean": 107.46927211411435,
    "rsd_pct": 0.008170389275350787,
    "micro": true
  },
  "keyword_args": {
    "mean": 191.06893088069,
    "rsd_pct": 0.024269071609555104,
    "micro": true
  },
  "respond_to": {
    "mean": 99.7440646333601,
    "rsd_pct": 0.688420420809863,
    "micro": true
  },
  "setivar": {
    "mean": 50.038167144922646,
    "rsd_pct": 0.011661983989900322,
    "micro": true
  },
  "setivar_object": {
    "mean": 127.55059302428343,
    "rsd_pct": 0.9596893880139516,
    "micro": true
  },
  "str_concat": {
    "mean": 106.43995673585255,
    "rsd_pct": 0.6476900612907956,
    "micro": true
  }
}