{
  "activerecord": {
    "mean": 144.69107279194137,
    "rsd_pct": 0.23756297103454982,
    "micro": false
  },
  "erubi_rails": {
    "mean": 44.278268374297284,
    "rsd_pct": 2.040887854623836,
    "micro": false
  },
  "hexapdf": {
    "mean": 5810.843725626667,
    "rsd_pct": 2.006902980722932,
    "micro": false
  },
  "liquid-c": {
    "mean": 190.34359699469945,
    "rsd_pct": 1.742191372008313,
    "micro": false
  },
  "liquid-compile": {
    "mean": 166.35296155330516,
    "rsd_pct": 0.5740895024906055,
    "micro": false
  },
  "liquid-render": {
    "mean": 350.9888003433221,
    "rsd_pct": 2.271479787792509,
    "micro": false
  },
  "mail": {
    "mean": 367.3844355726977,
    "rsd_pct": 0.13761300082799818,
    "micro": false
  },
  "psych-load": {
    "mean": 5358.737557878097,
    "rsd_pct": 0.0669493952466359,
    "micro": false
  },
  "railsbench": {
    "mean": 5319.332037990292,
    "rsd_pct": 0.665184284647689,
    "micro": false
  },
  "ruby-lsp": {
    "mean": 177.34327737604622,
    "rsd_pct": 11.65355108847114,
    "micro": false
  },
  "sequel": {
    "mean": 204.99028294681463,
    "rsd_pct": 0.19145360328264363,
    "micro": false
  },
  "binarytrees": {
    "mean": 492.14626169255513,
    "rsd_pct": 0.13032745177687313,
    "micro": false
  },
  "chunky_png": {
    "mean": 1504.3015328546364,
    "rsd_pct": 0.03715685910445575,
    "micro": false
  },
  "erubi": {
    "mean": 574.9957586246494,
    "rsd_pct": 0.8660413837212722,
    "micro": false
  },
  "etanni": {
    "mean": 923.649750261878,
    "rsd_pct": 0.43663907956320286,
    "micro": false
  },
  "fannkuchredux": {
    "mean": 1471.2808304280043,
    "rsd_pct": 0.25872851719844303,
    "micro": false
  },
  "lee": {
    "mean": 2439.4589254463262,
    "rsd_pct": 0.2904260570150164,
    "micro": false
  },
  "nbody": {
    "mean": 157.38277804727355,
    "rsd_pct": 0.08062505042747414,
    "micro": false
  },
  "optcarrot": {
    "mean": 9029.500779261192,
    "rsd_pct": 0.44292723098293796,
    "micro": false
  },
  "ruby-json": {
    "mean": 8483.73617666463,
    "rsd_pct": 0.45262002608083146,
    "micro": false
  },
  "rubykon": {
    "mean": 19870.148270825546,
    "rsd_pct": 0.373668582276857,
    "micro": false
  },
  "30k_ifelse": {
    "mean": 1598.5587867823515,
    "rsd_pct": 0.03284557109162372,
    "micro": true
  },
  "30k_methods": {
    "mean": 3443.518383266485,
    "rsd_pct": 0.06675254293668227,
    "micro": true
  },
  "cfunc_itself": {
    "mean": 86.8285124572788,
    "rsd_pct": 0.05453110625747056,
    "micro": true
  },
  "fib": {
    "mean": 123.64997936778569,
    "rsd_pct": 0.07965708269887943,
    "micro": true
  },
  "getivar": {
    "mean": 40.46608003240729,
    "rsd_pct": 0.012919709989419782,
    "micro": true
  },
  "keyword_args": {
    "mean": 121.68851636295904,
    "rsd_pct": 0.04322216161463397,
    "micro": true
  },
  "respond_to": {
    "mean": 82.8292236712418,
    "rsd_pct": 1.207688916819348,
    "micro": true
  },
  "setivar": {
    "mean": 30.918402006222806,
    "rsd_pct": 0.02498212997409817,
    "micro": true
  },
  "setivar_object": {
    "mean": 116.15483669188102,
    "rsd_pct": 1.4185194331625985,
    "micro": true
  },
  "setivar_young": {
    "mean": 113.14239067842766,
    "rsd_pct": 0.019358869239410485,
    "micro": true
  },
  "str_concat": {
    "mean": 83.31730326212812,
    "rsd_pct": 0.9658324391722878,
    "micro": true
  },
  "throw": {
    "mean": 50.452437631355856,
    "rsd_pct": 0.152672589475672,
    "micro": true
  }
}