{
  "activerecord": {
    "mean": 335.16333165003897,
    "rsd_pct": 0.12115495819538513,
    "micro": false
  },
  "hexapdf": {
    "mean": 6476.096288611491,
    "rsd_pct": 1.457522757612239,
    "micro": false
  },
  "liquid-c": {
    "mean": 191.44583842303803,
    "rsd_pct": 1.8201278986939664,
    "micro": false
  },
  "liquid-render": {
    "mean": 383.67776994836396,
    "rsd_pct": 2.0729277420603758,
    "micro": false
  },
  "mail": {
    "mean": 378.6700960665353,
    "rsd_pct": 0.2741151879723383,
    "micro": false
  },
  "psych-load": {
    "mean": 5163.144341111183,
    "rsd_pct": 0.1381642163221483,
    "micro": false
  },
  "railsbench": {
    "mean": 5595.442880441745,
    "rsd_pct": 0.7149875728541462,
    "micro": false
  },
  "ruby-lsp": {
    "mean": 189.3073527160033,
    "rsd_pct": 10.829821676911417,
    "micro": false
  },
  "sequel": {
    "mean": 385.1017939547698,
    "rsd_pct": 1.8468170982137313,
    "micro": false
  },
  "binarytrees": {
    "mean": 523.2009801658846,
    "rsd_pct": 0.12236222707556306,
    "micro": false
  },
  "chunky_png": {
    "mean": 1532.3364968982435,
    "rsd_pct": 0.0848441193368295,
    "micro": false
  },
  "erubi": {
    "mean": 579.8051531273353,
    "rsd_pct": 0.7850382450319422,
    "micro": false
  },
  "erubi_rails": {
    "mean": 46.4567741468117,
    "rsd_pct": 2.071897058646416,
    "micro": false
  },
  "etanni": {
    "mean": 923.7612878593305,
    "rsd_pct": 0.45228211348407654,
    "micro": false
  },
  "fannkuchredux": {
    "mean": 2200.060472945156,
    "rsd_pct": 0.7794116723668697,
    "micro": false
  },
  "lee": {
    "mean": 2393.970029767264,
    "rsd_pct": 0.3460797857368165,
    "micro": false
  },
  "nbody": {
    "mean": 177.34178771546746,
    "rsd_pct": 0.06598324936917568,
    "micro": false
  },
  "optcarrot": {
    "mean": 10538.593286524216,
    "rsd_pct": 0.6476941611529485,
    "micro": false
  },
  "rubykon": {
    "mean": 20922.171987841528,
    "rsd_pct": 0.3852540343951787,
    "micro": false
  },
  "30k_ifelse": {
    "mean": 1934.5736536890902,
    "rsd_pct": 0.026717230474607594,
    "micro": true
  },
  "30k_methods": {
    "mean": 3909.9194820038974,
    "rsd_pct": 0.09598506104219573,
    "micro": true
  },
  "cfunc_itself": {
    "mean": 106.05978072409083,
    "rsd_pct": 0.04302160584339057,
    "micro": true
  },
  "fib": {
    "mean": 191.09444022408607,
    "rsd_pct": 0.005646380300669202,
    "micro": true
  },
  "getivar": {
    "mean": 107.46900161830794,
    "rsd_pct": 0.00798303925093619,
    "micro": true
  },
  "keyword_args": {
    "mean": 191.10106988404544,
    "rsd_pct": 0.010838707006827514,
    "micro": true
  },
  "respond_to": {
    "mean": 99.80756743701504,
    "rsd_pct": 0.8283062625141661,
    "micro": true
  },
  "setivar": {
    "mean": 50.03961916432329,
    "rsd_pct": 0.01232748425053825,
    "micro": true
  },
  "setivar_object": {
    "mean": 127.6244300259453,
    "rsd_pct": 0.8086103926490393,
    "micro": true
  },
  "str_concat": {
    "mean": 106.6406981871845,
    "rsd_pct": 0.7307611913130327,
    "micro": true
  }
}