{
  "activerecord": {
    "mean": 147.53337518851848,
    "rsd_pct": 0.20444246184554354,
    "micro": false
  },
  "hexapdf": {
    "mean": 6177.336636930704,
    "rsd_pct": 1.6337637592860086,
    "micro": false
  },
  "liquid-c": {
    "mean": 189.627855491778,
    "rsd_pct": 1.7833202928398437,
    "micro": false
  },
  "liquid-render": {
    "mean": 364.61336047045495,
    "rsd_pct": 2.2021724968342764,
    "micro": false
  },
  "mail": {
    "mean": 372.21162189281995,
    "rsd_pct": 0.2486117758319695,
    "micro": false
  },
  "psych-load": {
    "mean": 5152.533634131153,
    "rsd_pct": 0.06993087452684225,
    "micro": false
  },
  "railsbench": {
    "mean": 5466.4697000135975,
    "rsd_pct": 0.6871050139789827,
    "micro": false
  },
  "ruby-lsp": {
    "mean": 185.04143241282455,
    "rsd_pct": 11.782857191605148,
    "micro": false
  },
  "sequel": {
    "mean": 198.8888941831508,
    "rsd_pct": 0.187710626196361,
    "micro": false
  },
  "binarytrees": {
    "mean": 531.3280583581045,
    "rsd_pct": 0.678789714730858,
    "micro": false
  },
  "chunky_png": {
    "mean": 1544.1084865597077,
    "rsd_pct": 0.06837560692200235,
    "micro": false
  },
  "erubi": {
    "mean": 575.2067789199609,
    "rsd_pct": 1.0236930155951267,
    "micro": false
  },
  "erubi_rails": {
    "mean": 45.47799593337494,
    "rsd_pct": 2.1413458767579243,
    "micro": false
  },
  "etanni": {
    "mean": 958.3816966429973,
    "rsd_pct": 0.36651338396517574,
    "micro": false
  },
  "fannkuchredux": {
    "mean": 2020.8438430791316,
    "rsd_pct": 0.06157934084811728,
    "micro": false
  },
  "lee": {
    "mean": 2234.186244596328,
    "rsd_pct": 0.25619120445222276,
    "micro": false
  },
  "nbody": {
    "mean": 177.09649248482813,
    "rsd_pct": 0.06443800843454625,
    "micro": false
  },
  "optcarrot": {
    "mean": 9985.296664883694,
    "rsd_pct": 0.6865361468921559,
    "micro": false
  },
  "ruby-json": {
    "mean": 8336.857565368215,
    "rsd_pct": 0.09561554365610458,
    "micro": false
  },
  "rubykon": {
    "mean": 20459.20869273444,
    "rsd_pct": 0.3689657928061066,
    "micro": false
  },
  "30k_ifelse": {
    "mean": 1932.9016514994362,
    "rsd_pct": 0.028768845892053085,
    "micro": true
  },
  "30k_methods": {
    "mean": 3864.0389816746824,
    "rsd_pct": 0.062697049044375,
    "micro": true
  },
  "cfunc_itself": {
    "mean": 102.5294413993522,
    "rsd_pct": 0.05574296538495954,
    "micro": true
  },
  "fib": {
    "mean": 191.0890142870262,
    "rsd_pct": 0.005340052814250389,
    "micro": true
  },
  "getivar": {
    "mean": 107.46756459184743,
    "rsd_pct": 0.007479056741825765,
    "micro": true
  },
  "keyword_args": {
    "mean": 190.41376826582385,
    "rsd_pct": 0.02804241232182688,
    "micro": true
  },
  "respond_to": {
    "mean": 98.96330535987613,
    "rsd_pct": 0.9997754360238462,
    "micro": true
  },
  "setivar": {
    "mean": 50.038343741110076,
    "rsd_pct": 0.015421994264745519,
    "micro": true
  },
  "setivar_object": {
    "mean": 126.84891286848988,
    "rsd_pct": 1.3772999963666388,
    "micro": true
  },
  "setivar_young_object": {
    "mean": 278.4355280299981,
    "rsd_pct": 15.107178641958507,
    "micro": true
  },
  "str_concat": {
    "mean": 116.23243169785168,
    "rsd_pct": 0.7111047842510189,
    "micro": true
  },
  "throw": {
    "mean": 49.69144334051624,
    "rsd_pct": 0.17398157812837445,
    "micro": true
  }
}