{
  "activerecord": {
    "mean": 109.3020751580803,
    "rsd_pct": 0.516538419470554,
    "micro": false
  },
  "hexapdf": {
    "mean": 2040.2977544814348,
    "rsd_pct": 1.812104700632211,
    "micro": false
  },
  "liquid-c": {
    "mean": 60.44135466105448,
    "rsd_pct": 2.005281275901977,
    "micro": false
  },
  "liquid-render": {
    "mean": 111.9543117460575,
    "rsd_pct": 2.664869433254317,
    "micro": false
  },
  "mail": {
    "mean": 138.2150224329711,
    "rsd_pct": 0.13966290614104895,
    "micro": false
  },
  "psych-load": {
    "mean": 1796.750851534307,
    "rsd_pct": 0.043755454096439945,
    "micro": false
  },
  "railsbench": {
    "mean": 1862.1065405973543,
    "rsd_pct": 1.132084445929266,
    "micro": false
  },
  "ruby-lsp": {
    "mean": 66.59262264256418,
    "rsd_pct": 20.102993222682066,
    "micro": false
  },
  "sequel": {
    "mean": 147.57424621219639,
    "rsd_pct": 2.0268217845805583,
    "micro": false
  },
  "binarytrees": {
    "mean": 233.4931599222781,
    "rsd_pct": 0.047080202235342754,
    "micro": false
  },
  "chunky_png": {
    "mean": 619.6204769439646,
    "rsd_pct": 0.06854483717140598,
    "micro": false
  },
  "erubi": {
    "mean": 251.1121474436331,
    "rsd_pct": 1.0257790397035695,
    "micro": false
  },
  "erubi_rails": {
    "mean": 16.556996516609455,
    "rsd_pct": 3.400965838647869,
    "micro": false
  },
  "etanni": {
    "mean": 403.2602727470197,
    "rsd_pct": 0.4678179378099401,
    "micro": false
  },
  "fannkuchredux": {
    "mean": 904.546781072647,
    "rsd_pct": 0.06881096820973359,
    "micro": false
  },
  "lee": {
    "mean": 920.194690891852,
    "rsd_pct": 0.10149999475192574,
    "micro": false
  },
  "nbody": {
    "mean": 72.02912556656405,
    "rsd_pct": 0.07688520534150317,
    "micro": false
  },
  "optcarrot": {
    "mean": 8846.428709259877,
    "rsd_pct": 0.19757718430238946,
    "micro": false
  },
  "rubykon": {
    "mean": 6578.754618080954,
    "rsd_pct": 0.3133016710763677,
    "micro": false
  },
  "30k_ifelse": {
    "mean": 422.77630846551125,
    "rsd_pct": 0.07231736692371347,
    "micro": true
  },
  "30k_methods": {
    "mean": 951.677149196621,
    "rsd_pct": 0.056131558328123395,
    "micro": true
  },
  "cfunc_itself": {
    "mean": 42.4850931643766,
    "rsd_pct": 0.12277548329597014,
    "micro": true
  },
  "fib": {
    "mean": 62.187133415680485,
    "rsd_pct": 0.1372721233348758,
    "micro": true
  },
  "getivar": {
    "mean": 45.83713813223491,
    "rsd_pct": 0.17794775735681,
    "micro": true
  },
  "keyword_args": {
    "mean": 52.60745551878292,
    "rsd_pct": 0.11980975446065188,
    "micro": true
  },
  "respond_to": {
    "mean": 29.166362911962988,
    "rsd_pct": 0.4425190877568131,
    "micro": true
  },
  "setivar": {
    "mean": 14.911440791601091,
    "rsd_pct": 0.07474977706396985,
    "micro": true
  },
  "setivar_object": {
    "mean": 47.47254454426804,
    "rsd_pct": 1.220931811102964,
    "micro": true
  },
  "str_concat": {
    "mean": 42.040901805127135,
    "rsd_pct": 1.4942601025490485,
    "micro": true
  }
}