{
  "activerecord": {
    "mean": 43.02939731079392,
    "rsd_pct": 0.8596421120740182,
    "micro": false
  },
  "erubi_rails": {
    "mean": 15.301105058068362,
    "rsd_pct": 3.4653019353685854,
    "micro": false
  },
  "hexapdf": {
    "mean": 2098.1771587083736,
    "rsd_pct": 1.9267467922135446,
    "micro": false
  },
  "liquid-c": {
    "mean": 59.36726440967464,
    "rsd_pct": 2.02422789076781,
    "micro": false
  },
  "liquid-compile": {
    "mean": 52.989880503710225,
    "rsd_pct": 5.012643453677876,
    "micro": false
  },
  "liquid-render": {
    "mean": 105.08905441817292,
    "rsd_pct": 2.6915343211362432,
    "micro": false
  },
  "mail": {
    "mean": 129.29086156141062,
    "rsd_pct": 0.1965091462035916,
    "micro": false
  },
  "psych-load": {
    "mean": 1811.0830937201779,
    "rsd_pct": 0.07129987211831182,
    "micro": false
  },
  "railsbench": {
    "mean": 1806.252481540044,
    "rsd_pct": 1.1488234580731667,
    "micro": false
  },
  "ruby-lsp": {
    "mean": 58.506268141954614,
    "rsd_pct": 20.389297613425573,
    "micro": false
  },
  "sequel": {
    "mean": 68.50530307010277,
    "rsd_pct": 0.2447735494272301,
    "micro": false
  },
  "binarytrees": {
    "mean": 224.4140278633641,
    "rsd_pct": 0.0820555968480243,
    "micro": false
  },
  "chunky_png": {
    "mean": 646.6299410789244,
    "rsd_pct": 0.04904691661444907,
    "micro": false
  },
  "erubi": {
    "mean": 263.1346440726989,
    "rsd_pct": 0.8053611504956724,
    "micro": false
  },
  "etanni": {
    "mean": 421.83420217285556,
    "rsd_pct": 0.4570457061662791,
    "micro": false
  },
  "fannkuchredux": {
    "mean": 770.4238190501928,
    "rsd_pct": 7.35692895836902,
    "micro": false
  },
  "lee": {
    "mean": 893.736206128129,
    "rsd_pct": 0.36674493493644794,
    "micro": false
  },
  "nbody": {
    "mean": 76.84118667474159,
    "rsd_pct": 0.0664311817834099,
    "micro": false
  },
  "optcarrot": {
    "mean": 2286.528557104369,
    "rsd_pct": 0.6123960320150948,
    "micro": false
  },
  "ruby-json": {
    "mean": 3069.020305449764,
    "rsd_pct": 0.15240724404317066,
    "micro": false
  },
  "rubykon": {
    "mean": 6833.551765481631,
    "rsd_pct": 0.41001545607257844,
    "micro": false
  },
  "30k_ifelse": {
    "mean": 358.2452240992676,
    "rsd_pct": 0.06952047132588347,
    "micro": true
  },
  "30k_methods": {
    "mean": 856.0909834163992,
    "rsd_pct": 0.016902458138902565,
    "micro": true
  },
  "cfunc_itself": {
    "mean": 39.086137650631414,
    "rsd_pct": 0.22324879547976803,
    "micro": true
  },
  "fib": {
    "mean": 44.594625817678335,
    "rsd_pct": 0.05251469030064042,
    "micro": true
  },
  "getivar": {
    "mean": 21.141213540935844,
    "rsd_pct": 0.08415860200404604,
    "micro": true
  },
  "keyword_args": {
    "mean": 48.84358018842669,
    "rsd_pct": 0.20795938914416937,
    "micro": true
  },
  "respond_to": {
    "mean": 27.195339512179867,
    "rsd_pct": 0.7548454884110846,
    "micro": true
  },
  "setivar": {
    "mean": 11.995200040383152,
    "rsd_pct": 0.09483494978227075,
    "micro": true
  },
  "setivar_object": {
    "mean": 43.69418036102988,
    "rsd_pct": 1.8646081686709979,
    "micro": true
  },
  "setivar_young": {
    "mean": 42.287494229563215,
    "rsd_pct": 1.5067606240047047,
    "micro": true
  },
  "str_concat": {
    "mean": 42.85965928173505,
    "rsd_pct": 1.4355297421347306,
    "micro": true
  },
  "throw": {
    "mean": 23.627280274657906,
    "rsd_pct": 0.23066910051957573,
    "micro": true
  }
}