{
  "activerecord": {
    "mean": 105.09581832195987,
    "rsd_pct": 0.5968295125959696,
    "micro": false
  },
  "hexapdf": {
    "mean": 2264.840460817019,
    "rsd_pct": 2.703399051468979,
    "micro": false
  },
  "liquid-render": {
    "mean": 127.27539631415088,
    "rsd_pct": 1.8379338548930224,
    "micro": false
  },
  "mail": {
    "mean": 155.83378440351225,
    "rsd_pct": 0.1819499710565152,
    "micro": false
  },
  "psych-load": {
    "mean": 1956.4700849354267,
    "rsd_pct": 0.0303997745441932,
    "micro": false
  },
  "railsbench": {
    "mean": 2097.039263943831,
    "rsd_pct": 1.3853809446536294,
    "micro": false
  },
  "binarytrees": {
    "mean": 372.91218686732464,
    "rsd_pct": 0.043220907344500445,
    "micro": false
  },
  "chunky_png": {
    "mean": 655.1544715560252,
    "rsd_pct": 0.05044339405895286,
    "micro": false
  },
  "erubi": {
    "mean": 320.17391649705746,
    "rsd_pct": 0.6920395820797285,
    "micro": false
  },
  "erubi_rails": {
    "mean": 19.855696974316725,
    "rsd_pct": 3.5609541373492077,
    "micro": false
  },
  "fannkuchredux": {
    "mean": 7065.66867729028,
    "rsd_pct": 0.2666426522781076,
    "micro": false
  },
  "lee": {
    "mean": 933.002364245199,
    "rsd_pct": 1.1690413150484802,
    "micro": false
  },
  "nbody": {
    "mean": 93.49010611763437,
    "rsd_pct": 0.098002190708198,
    "micro": false
  },
  "optcarrot": {
    "mean": 3417.0920683691897,
    "rsd_pct": 0.6030015562338319,
    "micro": false
  },
  "rubykon": {
    "mean": 6825.133229295413,
    "rsd_pct": 0.6899401629316899,
    "micro": false
  },
  "30k_ifelse": {
    "mean": 354.92588925574506,
    "rsd_pct": 0.08735545967308489,
    "micro": true
  },
  "30k_methods": {
    "mean": 869.9755506082015,
    "rsd_pct": 0.01958227340207103,
    "micro": true
  },
  "cfunc_itself": {
    "mean": 44.799423807959876,
    "rsd_pct": 0.67615196209484,
    "micro": true
  },
  "fib": {
    "mean": 63.303267790870684,
    "rsd_pct": 0.038830522608922106,
    "micro": true
  },
  "getivar": {
    "mean": 44.223358515711105,
    "rsd_pct": 0.10065372187028646,
    "micro": true
  },
  "keyword_args": {
    "mean": 52.937711904368065,
    "rsd_pct": 0.15866606429211838,
    "micro": true
  },
  "respond_to": {
    "mean": 191.84900764734127,
    "rsd_pct": 0.12270620977735137,
    "micro": true
  },
  "setivar": {
    "mean": 46.37950689842304,
    "rsd_pct": 0.13298159051306485,
    "micro": true
  },
  "str_concat": {
    "mean": 42.742446604669745,
    "rsd_pct": 1.5756895578506962,
    "micro": true
  }
}