{
  "activerecord": {
    "mean": 105.66780371541645,
    "rsd_pct": 0.6323183191444418,
    "micro": false
  },
  "hexapdf": {
    "mean": 2359.39909654359,
    "rsd_pct": 0.40374010435578733,
    "micro": false
  },
  "liquid-render": {
    "mean": 144.84491991898875,
    "rsd_pct": 1.8775539730971045,
    "micro": false
  },
  "mail": {
    "mean": 188.11864395226752,
    "rsd_pct": 2.8479847684774238,
    "micro": false
  },
  "psych-load": {
    "mean": 2243.680065497756,
    "rsd_pct": 0.060030715916488994,
    "micro": false
  },
  "railsbench": {
    "mean": 2436.850146204233,
    "rsd_pct": 0.3406866254991998,
    "micro": false
  },
  "binarytrees": {
    "mean": 370.17940858808845,
    "rsd_pct": 0.16492204548274803,
    "micro": false
  },
  "chunky_png": {
    "mean": 673.1729030866047,
    "rsd_pct": 0.202290727441575,
    "micro": false
  },
  "discourse": {
    "mean": 533.149520556132,
    "rsd_pct": 18.20228764524622,
    "micro": false
  },
  "erubi": {
    "mean": 441.06653133745897,
    "rsd_pct": 0.7564980049914921,
    "micro": false
  },
  "erubi_rails": {
    "mean": 25.286908362321793,
    "rsd_pct": 57.20568617797499,
    "micro": false
  },
  "fannkuchredux": {
    "mean": 8892.32230472068,
    "rsd_pct": 0.10498929562296057,
    "micro": false
  },
  "lee": {
    "mean": 899.5795339523327,
    "rsd_pct": 1.6014739558004045,
    "micro": false
  },
  "nbody": {
    "mean": 89.46851919320497,
    "rsd_pct": 0.48685337362301845,
    "micro": false
  },
  "optcarrot": {
    "mean": 3434.301965807875,
    "rsd_pct": 0.6157816340201885,
    "micro": false
  },
  "rubykon": {
    "mean": 7924.712159732978,
    "rsd_pct": 3.3118345450864197,
    "micro": false
  },
  "30k_ifelse": {
    "mean": 393.5428433718958,
    "rsd_pct": 0.14422408483660396,
    "micro": true
  },
  "30k_methods": {
    "mean": 880.2995739335364,
    "rsd_pct": 0.05848306931022616,
    "micro": true
  },
  "cfunc_itself": {
    "mean": 45.8346580266269,
    "rsd_pct": 0.9392424478676974,
    "micro": true
  },
  "fib": {
    "mean": 62.491230003070086,
    "rsd_pct": 0.6026191870919821,
    "micro": true
  },
  "getivar": {
    "mean": 42.61303157149966,
    "rsd_pct": 0.7342673508955071,
    "micro": true
  },
  "keyword_args": {
    "mean": 52.51133886808798,
    "rsd_pct": 0.7011874762139484,
    "micro": true
  },
  "respond_to": {
    "mean": 193.65386726352776,
    "rsd_pct": 0.3405012272771783,
    "micro": true
  },
  "setivar": {
    "mean": 53.847067543515145,
    "rsd_pct": 0.6152441135671808,
    "micro": true
  },
  "str_concat": {
    "mean": 110.30062027468583,
    "rsd_pct": 1.4285436166803123,
    "micro": true
  }
}