{
  "activerecord": {
    "mean": 99.63679635545078,
    "rsd_pct": 0.7325666629017189,
    "micro": false
  },
  "hexapdf": {
    "mean": 2205.1530599206067,
    "rsd_pct": 1.9567582285765048,
    "micro": false
  },
  "liquid-render": {
    "mean": 129.1241268484643,
    "rsd_pct": 1.2313493372933424,
    "micro": false
  },
  "mail": {
    "mean": 142.54004448457962,
    "rsd_pct": 0.1843541274596392,
    "micro": false
  },
  "psych-load": {
    "mean": 1777.2987317449104,
    "rsd_pct": 0.03944299184712986,
    "micro": false
  },
  "railsbench": {
    "mean": 2018.8112610873457,
    "rsd_pct": 1.4190107676590584,
    "micro": false
  },
  "ruby-lsp": {
    "mean": 83.80728649665669,
    "rsd_pct": 26.209992207036873,
    "micro": false
  },
  "binarytrees": {
    "mean": 227.49845119161083,
    "rsd_pct": 0.06937041140394443,
    "micro": false
  },
  "chunky_png": {
    "mean": 622.4287431759876,
    "rsd_pct": 0.0551767755394897,
    "micro": false
  },
  "erubi": {
    "mean": 290.3209524246289,
    "rsd_pct": 0.8114503367941535,
    "micro": false
  },
  "erubi_rails": {
    "mean": 17.72232614816761,
    "rsd_pct": 4.062785780668356,
    "micro": false
  },
  "etanni": {
    "mean": 473.16790915127575,
    "rsd_pct": 0.47549334638283525,
    "micro": false
  },
  "fannkuchredux": {
    "mean": 927.9529322732494,
    "rsd_pct": 0.11985950976337173,
    "micro": false
  },
  "lee": {
    "mean": 895.979007626672,
    "rsd_pct": 1.8236944270618425,
    "micro": false
  },
  "nbody": {
    "mean": 71.88706662514652,
    "rsd_pct": 0.05270328041433971,
    "micro": false
  },
  "optcarrot": {
    "mean": 2644.3119884934276,
    "rsd_pct": 0.4222477565597218,
    "micro": false
  },
  "rubykon": {
    "mean": 6535.001324008529,
    "rsd_pct": 0.4457404273850596,
    "micro": false
  },
  "setivar_object": {
    "mean": 45.85484045413162,
    "rsd_pct": 0.04513384788881779,
    "micro": false
  },
  "30k_ifelse": {
    "mean": 394.23184246756136,
    "rsd_pct": 0.16629614232259016,
    "micro": true
  },
  "30k_methods": {
    "mean": 954.2319558926725,
    "rsd_pct": 0.03790153181382347,
    "micro": true
  },
  "cfunc_itself": {
    "mean": 41.579454805529146,
    "rsd_pct": 0.23219326501950344,
    "micro": true
  },
  "fib": {
    "mean": 61.7235483659897,
    "rsd_pct": 0.04597003034601794,
    "micro": true
  },
  "getivar": {
    "mean": 45.6264960852273,
    "rsd_pct": 0.04509105661910947,
    "micro": true
  },
  "keyword_args": {
    "mean": 52.11940241352995,
    "rsd_pct": 0.049985659539437906,
    "micro": true
  },
  "respond_to": {
    "mean": 29.674044764164755,
    "rsd_pct": 0.2680889683584103,
    "micro": true
  },
  "setivar": {
    "mean": 14.712673127860231,
    "rsd_pct": 0.09017626830592522,
    "micro": true
  },
  "str_concat": {
    "mean": 39.968233874584854,
    "rsd_pct": 1.9683864287746569,
    "micro": true
  }
}