{
  "activerecord": {
    "mean": 359.87226355573154,
    "rsd_pct": 0.1925298920067209,
    "micro": false
  },
  "hexapdf": {
    "mean": 7587.209402242054,
    "rsd_pct": 1.3222494681105805,
    "micro": false
  },
  "liquid-render": {
    "mean": 440.9130582070283,
    "rsd_pct": 1.3242365787073913,
    "micro": false
  },
  "mail": {
    "mean": 499.98110210831004,
    "rsd_pct": 0.1093870782579368,
    "micro": false
  },
  "psych-load": {
    "mean": 5986.704146737854,
    "rsd_pct": 0.03150626907464496,
    "micro": false
  },
  "railsbench": {
    "mean": 7029.034301048766,
    "rsd_pct": 0.6218442853354148,
    "micro": false
  },
  "binarytrees": {
    "mean": 568.7672442399225,
    "rsd_pct": 3.5213180814840386,
    "micro": false
  },
  "chunky_png": {
    "mean": 1631.2378697818326,
    "rsd_pct": 0.11668296628586895,
    "micro": false
  },
  "erubi": {
    "mean": 743.9668850153129,
    "rsd_pct": 2.022349319360352,
    "micro": false
  },
  "erubi_rails": {
    "mean": 57.06875492367845,
    "rsd_pct": 2.5952320456980265,
    "micro": false
  },
  "etanni": {
    "mean": 1155.1582643921238,
    "rsd_pct": 0.7606014840718492,
    "micro": false
  },
  "fannkuchredux": {
    "mean": 5710.599579631041,
    "rsd_pct": 0.12457807937632182,
    "micro": false
  },
  "lee": {
    "mean": 2577.5427118254206,
    "rsd_pct": 0.18581154354759255,
    "micro": false
  },
  "nbody": {
    "mean": 199.30169148538567,
    "rsd_pct": 0.34786313575750644,
    "micro": false
  },
  "optcarrot": {
    "mean": 12060.68400060758,
    "rsd_pct": 0.43034123109472827,
    "micro": false
  },
  "rubykon": {
    "mean": 23848.374649633963,
    "rsd_pct": 0.29167276224465316,
    "micro": false
  },
  "30k_ifelse": {
    "mean": 2605.607315390703,
    "rsd_pct": 0.04797402712222254,
    "micro": true
  },
  "30k_methods": {
    "mean": 5955.764043920984,
    "rsd_pct": 2.2069261817531682,
    "micro": true
  },
  "cfunc_itself": {
    "mean": 121.41458580101079,
    "rsd_pct": 0.021761252683649642,
    "micro": true
  },
  "fib": {
    "mean": 199.52374951559707,
    "rsd_pct": 0.32370921954682597,
    "micro": true
  },
  "getivar": {
    "mean": 97.91958744707627,
    "rsd_pct": 0.0156307863817541,
    "micro": true
  },
  "keyword_args": {
    "mean": 152.1586708288919,
    "rsd_pct": 0.0293735629654312,
    "micro": true
  },
  "respond_to": {
    "mean": 99.81965320835192,
    "rsd_pct": 0.07200840640424494,
    "micro": true
  },
  "setivar": {
    "mean": 113.12689100666081,
    "rsd_pct": 0.005889841557167592,
    "micro": true
  },
  "str_concat": {
    "mean": 103.61830775193522,
    "rsd_pct": 0.9488530382467264,
    "micro": true
  }
}