{
  "activerecord": {
    "mean": 338.4617722181223,
    "rsd_pct": 0.5354206403199877,
    "micro": false
  },
  "hexapdf": {
    "mean": 6943.527228323122,
    "rsd_pct": 1.0220307264363933,
    "micro": false
  },
  "liquid-render": {
    "mean": 448.2571299698564,
    "rsd_pct": 0.7775186617539258,
    "micro": false
  },
  "mail": {
    "mean": 417.4778145634466,
    "rsd_pct": 0.6529809901871626,
    "micro": false
  },
  "psych-load": {
    "mean": 5884.2985161580145,
    "rsd_pct": 0.04891730302353216,
    "micro": false
  },
  "railsbench": {
    "mean": 6161.837490058194,
    "rsd_pct": 0.921556817732538,
    "micro": false
  },
  "ruby-lsp": {
    "mean": 212.01792385864215,
    "rsd_pct": 10.807010114919688,
    "micro": false
  },
  "binarytrees": {
    "mean": 534.3257060469409,
    "rsd_pct": 3.54828671516422,
    "micro": false
  },
  "chunky_png": {
    "mean": 1600.8342965724296,
    "rsd_pct": 0.055304396613264736,
    "micro": false
  },
  "erubi": {
    "mean": 718.2696333755672,
    "rsd_pct": 0.9189976285320919,
    "micro": false
  },
  "erubi_rails": {
    "mean": 50.983841225401484,
    "rsd_pct": 2.5044751547739486,
    "micro": false
  },
  "etanni": {
    "mean": 1166.9724586120408,
    "rsd_pct": 0.6266963779374273,
    "micro": false
  },
  "fannkuchredux": {
    "mean": 5986.32345230629,
    "rsd_pct": 0.17231671735555815,
    "micro": false
  },
  "lee": {
    "mean": 2343.07753352914,
    "rsd_pct": 0.14543884293417753,
    "micro": false
  },
  "nbody": {
    "mean": 187.59308324325752,
    "rsd_pct": 0.05821443700097306,
    "micro": false
  },
  "optcarrot": {
    "mean": 10676.779153229048,
    "rsd_pct": 0.4120182236550554,
    "micro": false
  },
  "rubykon": {
    "mean": 21117.888300369184,
    "rsd_pct": 0.26391310201334406,
    "micro": false
  },
  "30k_ifelse": {
    "mean": 1923.8029164689765,
    "rsd_pct": 0.03856261139695543,
    "micro": true
  },
  "30k_methods": {
    "mean": 3941.934811777901,
    "rsd_pct": 0.08772008138933945,
    "micro": true
  },
  "cfunc_itself": {
    "mean": 104.08313278715056,
    "rsd_pct": 0.01948978723704524,
    "micro": true
  },
  "fib": {
    "mean": 181.48071757529183,
    "rsd_pct": 0.0069255141078541005,
    "micro": true
  },
  "getivar": {
    "mean": 107.48500867532013,
    "rsd_pct": 0.011333185675068977,
    "micro": true
  },
  "keyword_args": {
    "mean": 150.4402279302829,
    "rsd_pct": 1.0211735245425237,
    "micro": true
  },
  "respond_to": {
    "mean": 99.66368883495177,
    "rsd_pct": 1.1594020271939196,
    "micro": true
  },
  "setivar": {
    "mean": 109.64641218534648,
    "rsd_pct": 0.007348573201346224,
    "micro": true
  },
  "str_concat": {
    "mean": 106.842427724858,
    "rsd_pct": 0.823311576453971,
    "micro": true
  }
}