{
  "activerecord": {
    "mean": 144.59330898756951,
    "rsd_pct": 2.3193822050849597,
    "micro": false
  },
  "erubi_rails": {
    "mean": 44.48938528580033,
    "rsd_pct": 12.22072567790555,
    "micro": false
  },
  "hexapdf": {
    "mean": 5771.196202437083,
    "rsd_pct": 1.3479008492437061,
    "micro": false
  },
  "liquid-c": {
    "mean": 191.21113441413246,
    "rsd_pct": 0.5947086245551642,
    "micro": false
  },
  "liquid-compile": {
    "mean": 162.18120029555973,
    "rsd_pct": 2.117778926859214,
    "micro": false
  },
  "liquid-render": {
    "mean": 358.84946606269006,
    "rsd_pct": 0.3632736783597809,
    "micro": false
  },
  "mail": {
    "mean": 370.0242190178009,
    "rsd_pct": 0.22508325685170216,
    "micro": false
  },
  "psych-load": {
    "mean": 5451.399170110623,
    "rsd_pct": 0.1332494684669322,
    "micro": false
  },
  "railsbench": {
    "mean": 5358.859898149967,
    "rsd_pct": 0.5892288160765516,
    "micro": false
  },
  "ruby-lsp": {
    "mean": 168.8427200638934,
    "rsd_pct": 4.179303152198104,
    "micro": false
  },
  "sequel": {
    "mean": 204.90413475651425,
    "rsd_pct": 1.018313189956532,
    "micro": false
  },
  "binarytrees": {
    "mean": 491.37397557073695,
    "rsd_pct": 0.0979173018833725,
    "micro": false
  },
  "chunky_png": {
    "mean": 1530.3635683531563,
    "rsd_pct": 0.3694010311074086,
    "micro": false
  },
  "erubi": {
    "mean": 565.4256486405546,
    "rsd_pct": 0.10113068285764942,
    "micro": false
  },
  "etanni": {
    "mean": 929.374040880551,
    "rsd_pct": 0.30775281288931516,
    "micro": false
  },
  "fannkuchredux": {
    "mean": 1468.8954506642544,
    "rsd_pct": 0.14867601245386078,
    "micro": false
  },
  "lee": {
    "mean": 2466.893967241049,
    "rsd_pct": 0.33747742219682697,
    "micro": false
  },
  "nbody": {
    "mean": 153.561098797088,
    "rsd_pct": 0.09922059049878373,
    "micro": false
  },
  "optcarrot": {
    "mean": 8766.68146389226,
    "rsd_pct": 0.4857166020110522,
    "micro": false
  },
  "ruby-json": {
    "mean": 8583.86937479178,
    "rsd_pct": 0.05853446085198032,
    "micro": false
  },
  "rubykon": {
    "mean": 19226.8702806284,
    "rsd_pct": 0.37833318481848915,
    "micro": false
  },
  "30k_ifelse": {
    "mean": 1601.3569073243575,
    "rsd_pct": 0.031781440300274445,
    "micro": true
  },
  "30k_methods": {
    "mean": 3445.570834790883,
    "rsd_pct": 0.08885529347467866,
    "micro": true
  },
  "cfunc_itself": {
    "mean": 86.81867707731315,
    "rsd_pct": 0.012056448689621866,
    "micro": true
  },
  "fib": {
    "mean": 123.66538636186826,
    "rsd_pct": 0.07667921248959941,
    "micro": true
  },
  "getivar": {
    "mean": 40.46613990905739,
    "rsd_pct": 0.013654645370455158,
    "micro": true
  },
  "keyword_args": {
    "mean": 121.66358259961989,
    "rsd_pct": 0.03744590273437687,
    "micro": true
  },
  "respond_to": {
    "mean": 82.86865490997373,
    "rsd_pct": 1.5113033728073462,
    "micro": true
  },
  "setivar": {
    "mean": 30.894101590105855,
    "rsd_pct": 0.01615925997964693,
    "micro": true
  },
  "setivar_object": {
    "mean": 113.12471881493109,
    "rsd_pct": 0.0073810213386844015,
    "micro": true
  },
  "setivar_young": {
    "mean": 113.13895710663236,
    "rsd_pct": 0.020192508713968802,
    "micro": true
  },
  "str_concat": {
    "mean": 83.25868738663299,
    "rsd_pct": 0.2385259766494661,
    "micro": true
  },
  "throw": {
    "mean": 49.25561290865582,
    "rsd_pct": 0.20491355071497447,
    "micro": true
  }
}