{
  "activerecord": {
    "mean": 122.34034633313838,
    "rsd_pct": 1.9617009779792771
  },
  "jekyll": {
    "mean": 7734.606742602773,
    "rsd_pct": 2.8338848756322896
  },
  "liquid-render": {
    "mean": 155.65643586930545,
    "rsd_pct": 2.639805034978648
  },
  "psych-load": {
    "mean": 1852.2233348921873,
    "rsd_pct": 0.9853667557353973
  },
  "railsbench": {
    "mean": 2841.8664596043527,
    "rsd_pct": 1.299884298662806
  },
  "binarytrees": {
    "mean": 318.1164325796999,
    "rsd_pct": 1.8231494011043747
  },
  "fannkuchredux": {
    "mean": 5829.547897307202,
    "rsd_pct": 0.014273440355465773
  },
  "lee": {
    "mean": 1018.7169148062821,
    "rsd_pct": 1.260084834868089
  },
  "nbody": {
    "mean": 112.20089033088983,
    "rsd_pct": 0.033265702490241376
  },
  "optcarrot": {
    "mean": 3249.555807787692,
    "rsd_pct": 0.4266298806139561
  },
  "30k_ifelse": {
    "mean": 343.847410184632,
    "rsd_pct": 0.3276326619333758
  },
  "30k_methods": {
    "mean": 767.0788534040398,
    "rsd_pct": 0.029970322765902724
  },
  "cfunc_itself": {
    "mean": 41.116290993498446,
    "rsd_pct": 0.27080978040129505
  },
  "fib": {
    "mean": 62.99756464866661,
    "rsd_pct": 0.04127026698577532
  },
  "getivar": {
    "mean": 36.29661557720568,
    "rsd_pct": 0.05552187085668625
  },
  "respond_to": {
    "mean": 159.5179100529941,
    "rsd_pct": 0.13177655199053714
  },
  "setivar": {
    "mean": 44.733721663956004,
    "rsd_pct": 0.21112701290224187
  }
}