{
  "activerecord": {
    "mean": 113.12328458098429,
    "rsd_pct": 0.48237649890693474,
    "micro": false
  },
  "hexapdf": {
    "mean": 2419.4792116681733,
    "rsd_pct": 1.65736795280976,
    "micro": false
  },
  "liquid-render": {
    "mean": 128.87481429405804,
    "rsd_pct": 1.8705356775387678,
    "micro": false
  },
  "mail": {
    "mean": 163.2400061763426,
    "rsd_pct": 0.35457528271560723,
    "micro": false
  },
  "psych-load": {
    "mean": 1931.2981987837702,
    "rsd_pct": 0.03814165610928675,
    "micro": false
  },
  "railsbench": {
    "mean": 2215.551922811816,
    "rsd_pct": 1.232085661664596,
    "micro": false
  },
  "binarytrees": {
    "mean": 346.281298554192,
    "rsd_pct": 0.1524935969768778,
    "micro": false
  },
  "discourse": {
    "mean": 619.0561755193454,
    "rsd_pct": 15.534216952084059,
    "micro": false
  },
  "erubi": {
    "mean": 416.5194635229938,
    "rsd_pct": 0.8385993405369926,
    "micro": false
  },
  "erubi_rails": {
    "mean": 21.019381887941357,
    "rsd_pct": 3.6563915478226687,
    "micro": false
  },
  "fannkuchredux": {
    "mean": 6737.846913483615,
    "rsd_pct": 0.06242262814381997,
    "micro": false
  },
  "lee": {
    "mean": 915.7111549838668,
    "rsd_pct": 1.5325578295458222,
    "micro": false
  },
  "nbody": {
    "mean": 88.55313146421061,
    "rsd_pct": 0.453172945779008,
    "micro": false
  },
  "optcarrot": {
    "mean": 3577.293236615757,
    "rsd_pct": 0.5580579926946545,
    "micro": false
  },
  "rubykon": {
    "mean": 6471.251857917135,
    "rsd_pct": 0.32948906013455853,
    "micro": false
  },
  "30k_ifelse": {
    "mean": 359.94117040695113,
    "rsd_pct": 0.15757579449776227,
    "micro": true
  },
  "30k_methods": {
    "mean": 880.5131482023916,
    "rsd_pct": 0.06240110498681467,
    "micro": true
  },
  "cfunc_itself": {
    "mean": 47.935899923899555,
    "rsd_pct": 0.8339381639223513,
    "micro": true
  },
  "fib": {
    "mean": 62.47483787155943,
    "rsd_pct": 0.5639593923255897,
    "micro": true
  },
  "getivar": {
    "mean": 42.55141265268755,
    "rsd_pct": 0.6650930718454158,
    "micro": true
  },
  "keyword_args": {
    "mean": 53.792789889504554,
    "rsd_pct": 0.7717554237347013,
    "micro": true
  },
  "respond_to": {
    "mean": 186.07963051181287,
    "rsd_pct": 0.32609574835478355,
    "micro": true
  },
  "setivar": {
    "mean": 49.56678750321374,
    "rsd_pct": 0.7517402340488534,
    "micro": true
  }
}