{
  "activerecord": {
    "mean": 305.13587688709396,
    "rsd_pct": 0.24889722068267447,
    "micro": false
  },
  "hexapdf": {
    "mean": 6689.405178247641,
    "rsd_pct": 1.6689254209104905,
    "micro": false
  },
  "liquid-render": {
    "mean": 387.93996118227614,
    "rsd_pct": 1.5854513249470177,
    "micro": false
  },
  "mail": {
    "mean": 410.4309313342715,
    "rsd_pct": 0.1304366176292664,
    "micro": false
  },
  "psych-load": {
    "mean": 5553.635888484617,
    "rsd_pct": 0.07873679580871545,
    "micro": false
  },
  "railsbench": {
    "mean": 5971.545669374366,
    "rsd_pct": 1.5534545509855044,
    "micro": false
  },
  "ruby-lsp": {
    "mean": 203.01116400334084,
    "rsd_pct": 9.044031063065209,
    "micro": false
  },
  "binarytrees": {
    "mean": 535.3423555525729,
    "rsd_pct": 0.1509637023894761,
    "micro": false
  },
  "chunky_png": {
    "mean": 1528.7849767919397,
    "rsd_pct": 0.2347636663813246,
    "micro": false
  },
  "erubi": {
    "mean": 727.7950815966024,
    "rsd_pct": 1.0336559378387997,
    "micro": false
  },
  "erubi_rails": {
    "mean": 49.08924921537223,
    "rsd_pct": 2.120100720796684,
    "micro": false
  },
  "etanni": {
    "mean": 1175.6316698599785,
    "rsd_pct": 0.7751480827051743,
    "micro": false
  },
  "fannkuchredux": {
    "mean": 2311.4295172327684,
    "rsd_pct": 0.39098595456959545,
    "micro": false
  },
  "lee": {
    "mean": 2354.5985972000794,
    "rsd_pct": 0.4493017729810713,
    "micro": false
  },
  "nbody": {
    "mean": 178.9635572427263,
    "rsd_pct": 0.06260423421240666,
    "micro": false
  },
  "optcarrot": {
    "mean": 10650.32648180301,
    "rsd_pct": 0.3932350838939063,
    "micro": false
  },
  "rubykon": {
    "mean": 21608.444459115464,
    "rsd_pct": 0.3188376663342132,
    "micro": false
  },
  "30k_ifelse": {
    "mean": 1916.133869374171,
    "rsd_pct": 0.0492523174564963,
    "micro": true
  },
  "30k_methods": {
    "mean": 3959.8421566653997,
    "rsd_pct": 0.06256306841203468,
    "micro": true
  },
  "cfunc_itself": {
    "mean": 103.14909106462585,
    "rsd_pct": 0.01649058552910758,
    "micro": true
  },
  "fib": {
    "mean": 175.3758903162308,
    "rsd_pct": 0.007105777296487118,
    "micro": true
  },
  "getivar": {
    "mean": 107.90094999634837,
    "rsd_pct": 0.006486044390478764,
    "micro": true
  },
  "keyword_args": {
    "mean": 154.9952537366712,
    "rsd_pct": 0.08222933216455075,
    "micro": true
  },
  "respond_to": {
    "mean": 99.75950720761617,
    "rsd_pct": 0.7442110447287469,
    "micro": true
  },
  "setivar": {
    "mean": 50.03728907630669,
    "rsd_pct": 0.01154814201940173,
    "micro": true
  },
  "setivar_object": {
    "mean": 127.64926812987161,
    "rsd_pct": 1.2758097736284257,
    "micro": true
  },
  "str_concat": {
    "mean": 106.5353995055727,
    "rsd_pct": 1.0377718618764542,
    "micro": true
  }
}