{
  "activerecord": {
    "mean": 96.87486795995098,
    "rsd_pct": 0.8907519152782253,
    "micro": false
  },
  "hexapdf": {
    "mean": 2346.2254241108894,
    "rsd_pct": 1.722128490563409,
    "micro": false
  },
  "liquid-render": {
    "mean": 112.06125127974637,
    "rsd_pct": 1.8323086047033366,
    "micro": false
  },
  "mail": {
    "mean": 162.74285972973362,
    "rsd_pct": 0.15256700648249358,
    "micro": false
  },
  "psych-load": {
    "mean": 1922.42047265172,
    "rsd_pct": 0.029425017929067734,
    "micro": false
  },
  "railsbench": {
    "mean": 2031.490716089805,
    "rsd_pct": 1.0647061439467829,
    "micro": false
  },
  "ruby-lsp": {
    "mean": 86.5196971115002,
    "rsd_pct": 23.997710094780544,
    "micro": false
  },
  "binarytrees": {
    "mean": 245.39993615711435,
    "rsd_pct": 0.07522202333655595,
    "micro": false
  },
  "chunky_png": {
    "mean": 622.9133987799287,
    "rsd_pct": 0.0536015841068896,
    "micro": false
  },
  "erubi": {
    "mean": 299.0202158125061,
    "rsd_pct": 0.8072495159701626,
    "micro": false
  },
  "erubi_rails": {
    "mean": 17.700361358302256,
    "rsd_pct": 3.9354308473441897,
    "micro": false
  },
  "etanni": {
    "mean": 478.0713708273002,
    "rsd_pct": 0.4745199154794299,
    "micro": false
  },
  "fannkuchredux": {
    "mean": 2274.177212268114,
    "rsd_pct": 0.26380518792847935,
    "micro": false
  },
  "lee": {
    "mean": 943.2614372954482,
    "rsd_pct": 0.37161662938706314,
    "micro": false
  },
  "nbody": {
    "mean": 86.34558252604872,
    "rsd_pct": 0.08177108982201474,
    "micro": false
  },
  "optcarrot": {
    "mean": 3122.5885942578316,
    "rsd_pct": 0.43411721609506443,
    "micro": false
  },
  "rubykon": {
    "mean": 6815.240914871295,
    "rsd_pct": 0.21563917186358522,
    "micro": false
  },
  "30k_ifelse": {
    "mean": 402.14793622493744,
    "rsd_pct": 0.13029376457948846,
    "micro": true
  },
  "30k_methods": {
    "mean": 967.5507543608546,
    "rsd_pct": 0.027645011198860776,
    "micro": true
  },
  "cfunc_itself": {
    "mean": 41.580282453953856,
    "rsd_pct": 0.21499207943446313,
    "micro": true
  },
  "fib": {
    "mean": 61.1285712080082,
    "rsd_pct": 0.04268504594656998,
    "micro": true
  },
  "getivar": {
    "mean": 46.861966666209334,
    "rsd_pct": 0.048497649245309776,
    "micro": true
  },
  "keyword_args": {
    "mean": 51.69506459810573,
    "rsd_pct": 0.17450343686456252,
    "micro": true
  },
  "respond_to": {
    "mean": 28.208676048300482,
    "rsd_pct": 0.5957784958483274,
    "micro": true
  },
  "setivar": {
    "mean": 49.04597927758723,
    "rsd_pct": 0.053437407674359956,
    "micro": true
  },
  "str_concat": {
    "mean": 47.14737622635667,
    "rsd_pct": 1.4782513459516642,
    "micro": true
  }
}