{
  "activerecord": {
    "mean": 98.51839180503573,
    "rsd_pct": 0.8409056309115178,
    "micro": false
  },
  "hexapdf": {
    "mean": 2377.548554788033,
    "rsd_pct": 2.06862457777102,
    "micro": false
  },
  "liquid-render": {
    "mean": 113.55711075223304,
    "rsd_pct": 1.8792341601215776,
    "micro": false
  },
  "mail": {
    "mean": 155.01625865461335,
    "rsd_pct": 0.14057350526042117,
    "micro": false
  },
  "psych-load": {
    "mean": 1930.1719593505065,
    "rsd_pct": 0.018929028904283777,
    "micro": false
  },
  "railsbench": {
    "mean": 2116.353860249122,
    "rsd_pct": 1.1528963851457352,
    "micro": false
  },
  "binarytrees": {
    "mean": 236.0165634214185,
    "rsd_pct": 3.7810479463369604,
    "micro": false
  },
  "chunky_png": {
    "mean": 621.9574118093137,
    "rsd_pct": 0.046580613248321134,
    "micro": false
  },
  "erubi": {
    "mean": 295.3643241163456,
    "rsd_pct": 0.9185600735036729,
    "micro": false
  },
  "erubi_rails": {
    "mean": 18.786129234224987,
    "rsd_pct": 3.9107799435345574,
    "micro": false
  },
  "etanni": {
    "mean": 474.07042439140025,
    "rsd_pct": 0.4756881766493786,
    "micro": false
  },
  "fannkuchredux": {
    "mean": 2304.90078975757,
    "rsd_pct": 0.16992761650252697,
    "micro": false
  },
  "lee": {
    "mean": 981.7341269925237,
    "rsd_pct": 0.10995253083387482,
    "micro": false
  },
  "nbody": {
    "mean": 80.79890050754256,
    "rsd_pct": 0.090435888358038,
    "micro": false
  },
  "optcarrot": {
    "mean": 3085.0559877852597,
    "rsd_pct": 0.3723231522950762,
    "micro": false
  },
  "rubykon": {
    "mean": 6863.140467305978,
    "rsd_pct": 0.41678195530570955,
    "micro": false
  },
  "30k_ifelse": {
    "mean": 408.1065080275661,
    "rsd_pct": 0.1124301992878068,
    "micro": true
  },
  "30k_methods": {
    "mean": 953.2715952955186,
    "rsd_pct": 0.03938088124498407,
    "micro": true
  },
  "cfunc_itself": {
    "mean": 40.800140860817514,
    "rsd_pct": 0.7247549310783853,
    "micro": true
  },
  "fib": {
    "mean": 60.79547086587319,
    "rsd_pct": 0.08972666887189715,
    "micro": true
  },
  "getivar": {
    "mean": 46.84051971629576,
    "rsd_pct": 0.05186855723589021,
    "micro": true
  },
  "keyword_args": {
    "mean": 52.93606719343853,
    "rsd_pct": 0.1639050616876463,
    "micro": true
  },
  "respond_to": {
    "mean": 28.223611934487298,
    "rsd_pct": 0.5249417940747882,
    "micro": true
  },
  "setivar": {
    "mean": 49.505704522769975,
    "rsd_pct": 0.2217864577109283,
    "micro": true
  },
  "str_concat": {
    "mean": 40.708135849997106,
    "rsd_pct": 1.7979446263702916,
    "micro": true
  }
}