{
  "activerecord": {
    "mean": 107.29642197449895,
    "rsd_pct": 1.6417672464678166,
    "micro": false
  },
  "hexapdf": {
    "mean": 2141.057773679495,
    "rsd_pct": 1.186224501533765,
    "micro": false
  },
  "jekyll": {
    "mean": 7368.025951460004,
    "rsd_pct": 2.358063952759763,
    "micro": false
  },
  "liquid-render": {
    "mean": 115.84602204854028,
    "rsd_pct": 2.10243606410875,
    "micro": false
  },
  "mail": {
    "mean": 144.26701656267258,
    "rsd_pct": 0.24187887479791859,
    "micro": false
  },
  "psych-load": {
    "mean": 1695.0388395537932,
    "rsd_pct": 0.15635430750106213,
    "micro": false
  },
  "railsbench": {
    "mean": 2043.2150832066934,
    "rsd_pct": 1.5475918958875627,
    "micro": false
  },
  "binarytrees": {
    "mean": 286.94380934096193,
    "rsd_pct": 0.13413094713849835,
    "micro": false
  },
  "erubi": {
    "mean": 414.8966613082358,
    "rsd_pct": 1.126351644762015,
    "micro": false
  },
  "erubi_rails": {
    "mean": 33.04110864693878,
    "rsd_pct": 4.138727557109602,
    "micro": false
  },
  "fannkuchredux": {
    "mean": 5779.118054981033,
    "rsd_pct": 0.28298355699250666,
    "micro": false
  },
  "lee": {
    "mean": 739.9904864529768,
    "rsd_pct": 1.4409174170023462,
    "micro": false
  },
  "nbody": {
    "mean": 72.85603082062725,
    "rsd_pct": 0.036574756148679964,
    "micro": false
  },
  "optcarrot": {
    "mean": 3094.1411823034286,
    "rsd_pct": 0.5925774124767351,
    "micro": false
  },
  "rubykon": {
    "mean": 5598.137576133013,
    "rsd_pct": 0.6599331780199419,
    "micro": false
  },
  "30k_ifelse": {
    "mean": 311.61966328058514,
    "rsd_pct": 0.6324916092920569,
    "micro": true
  },
  "30k_methods": {
    "mean": 739.0794180747536,
    "rsd_pct": 0.017443715755332136,
    "micro": true
  },
  "cfunc_itself": {
    "mean": 40.78746557708045,
    "rsd_pct": 0.2725503121659933,
    "micro": true
  },
  "fib": {
    "mean": 52.126457909859404,
    "rsd_pct": 0.07240556857091356,
    "micro": true
  },
  "getivar": {
    "mean": 35.455187990706655,
    "rsd_pct": 0.07137877194413077,
    "micro": true
  },
  "keyword_args": {
    "mean": 46.746690345558974,
    "rsd_pct": 0.09542380923152351,
    "micro": true
  },
  "respond_to": {
    "mean": 153.67562163534552,
    "rsd_pct": 0.43217550708351643,
    "micro": true
  },
  "setivar": {
    "mean": 41.67406476518643,
    "rsd_pct": 0.17642044794509731,
    "micro": true
  }
}