{
  "activerecord": {
    "mean": 113.46090306157627,
    "rsd_pct": 2.3086748914789585,
    "micro": false
  },
  "jekyll": {
    "mean": 7501.371299661696,
    "rsd_pct": 2.107475542507951,
    "micro": false
  },
  "liquid-render": {
    "mean": 147.60616156346504,
    "rsd_pct": 2.8834315106826423,
    "micro": false
  },
  "mail": {
    "mean": 141.30632909199664,
    "rsd_pct": 1.858962025302615,
    "micro": false
  },
  "psych-load": {
    "mean": 1674.614604562521,
    "rsd_pct": 0.31994421549185226,
    "micro": false
  },
  "railsbench": {
    "mean": 2567.974205361679,
    "rsd_pct": 1.3351479225357412,
    "micro": false
  },
  "binarytrees": {
    "mean": 299.21113510142294,
    "rsd_pct": 0.22050638966254138,
    "micro": false
  },
  "fannkuchredux": {
    "mean": 5423.603588948026,
    "rsd_pct": 0.21157389171772661,
    "micro": false
  },
  "lee": {
    "mean": 800.5320299125742,
    "rsd_pct": 1.5324408060356765,
    "micro": false
  },
  "nbody": {
    "mean": 72.73778702079687,
    "rsd_pct": 0.11242319839474263,
    "micro": false
  },
  "optcarrot": {
    "mean": 3112.84346152097,
    "rsd_pct": 0.24284491845179257,
    "micro": false
  },
  "30k_ifelse": {
    "mean": 331.4366730488837,
    "rsd_pct": 0.18169268881941741,
    "micro": true
  },
  "30k_methods": {
    "mean": 754.4626418282004,
    "rsd_pct": 0.026006725486738685,
    "micro": true
  },
  "cfunc_itself": {
    "mean": 41.65913689497961,
    "rsd_pct": 0.3642072916269562,
    "micro": true
  },
  "fib": {
    "mean": 52.003027748316526,
    "rsd_pct": 0.028016121495507414,
    "micro": true
  },
  "getivar": {
    "mean": 36.257672436986056,
    "rsd_pct": 0.07389433804996606,
    "micro": true
  },
  "respond_to": {
    "mean": 167.94596232661823,
    "rsd_pct": 0.3501371112871083,
    "micro": true
  },
  "setivar": {
    "mean": 41.774636981527095,
    "rsd_pct": 0.07805504577413505,
    "micro": true
  }
}