{
  "activerecord": {
    "mean": 42.78170298462435,
    "rsd_pct": 0.6970902959682435,
    "micro": false
  },
  "erubi_rails": {
    "mean": 15.405118435288339,
    "rsd_pct": 3.416697828497346,
    "micro": false
  },
  "hexapdf": {
    "mean": 2093.4071184446416,
    "rsd_pct": 1.1056601811563787,
    "micro": false
  },
  "liquid-c": {
    "mean": 60.31663135165371,
    "rsd_pct": 2.098942189251873,
    "micro": false
  },
  "liquid-compile": {
    "mean": 52.83220104990512,
    "rsd_pct": 5.015781553021598,
    "micro": false
  },
  "liquid-render": {
    "mean": 109.01162871620157,
    "rsd_pct": 2.5635994116564293,
    "micro": false
  },
  "mail": {
    "mean": 129.1801536020327,
    "rsd_pct": 0.20327198825378887,
    "micro": false
  },
  "psych-load": {
    "mean": 1842.689509689808,
    "rsd_pct": 0.03955707143904744,
    "micro": false
  },
  "railsbench": {
    "mean": 1818.9521161218483,
    "rsd_pct": 1.1770641766179761,
    "micro": false
  },
  "ruby-lsp": {
    "mean": 58.620486085248345,
    "rsd_pct": 20.214747731952187,
    "micro": false
  },
  "sequel": {
    "mean": 69.83635389608227,
    "rsd_pct": 0.2643472928770812,
    "micro": false
  },
  "binarytrees": {
    "mean": 222.87432175506368,
    "rsd_pct": 0.07534101427427671,
    "micro": false
  },
  "chunky_png": {
    "mean": 650.1307058458527,
    "rsd_pct": 0.05153752969138463,
    "micro": false
  },
  "erubi": {
    "mean": 262.96551148162075,
    "rsd_pct": 0.8086240797310211,
    "micro": false
  },
  "etanni": {
    "mean": 420.49256273700547,
    "rsd_pct": 0.4471838878636394,
    "micro": false
  },
  "fannkuchredux": {
    "mean": 774.8895025253296,
    "rsd_pct": 7.200943719868906,
    "micro": false
  },
  "lee": {
    "mean": 905.0067476081578,
    "rsd_pct": 0.3512982821294446,
    "micro": false
  },
  "nbody": {
    "mean": 76.76972141489387,
    "rsd_pct": 0.06347419106169332,
    "micro": false
  },
  "optcarrot": {
    "mean": 2282.0749356100955,
    "rsd_pct": 0.6190231228226413,
    "micro": false
  },
  "ruby-json": {
    "mean": 3070.0818341225386,
    "rsd_pct": 0.1965505818339227,
    "micro": false
  },
  "rubykon": {
    "mean": 6825.083416327834,
    "rsd_pct": 0.4394905430309039,
    "micro": false
  },
  "30k_ifelse": {
    "mean": 359.4909971410578,
    "rsd_pct": 0.062143237180115676,
    "micro": true
  },
  "30k_methods": {
    "mean": 858.9826510490283,
    "rsd_pct": 0.024526645778677168,
    "micro": true
  },
  "cfunc_itself": {
    "mean": 39.03435058381459,
    "rsd_pct": 0.2225560249786653,
    "micro": true
  },
  "fib": {
    "mean": 44.59213553179455,
    "rsd_pct": 0.0723815707281362,
    "micro": true
  },
  "getivar": {
    "mean": 21.163636958472942,
    "rsd_pct": 0.1580953121260932,
    "micro": true
  },
  "keyword_args": {
    "mean": 48.86113875488635,
    "rsd_pct": 0.36502128816763213,
    "micro": true
  },
  "respond_to": {
    "mean": 27.363867453256322,
    "rsd_pct": 0.5247030596282772,
    "micro": true
  },
  "setivar": {
    "mean": 11.99433000911369,
    "rsd_pct": 0.08681200185084265,
    "micro": true
  },
  "setivar_object": {
    "mean": 43.69501107631157,
    "rsd_pct": 1.8634977658202254,
    "micro": true
  },
  "setivar_young": {
    "mean": 42.28499817456734,
    "rsd_pct": 1.5149381004914313,
    "micro": true
  },
  "str_concat": {
    "mean": 44.58863934893721,
    "rsd_pct": 1.3960187909219748,
    "micro": true
  },
  "throw": {
    "mean": 23.68833149487533,
    "rsd_pct": 0.24830413063215248,
    "micro": true
  }
}