{
  "activerecord": {
    "mean": 98.72403271569341,
    "rsd_pct": 0.7143023851621382,
    "micro": false
  },
  "hexapdf": {
    "mean": 2310.978949815035,
    "rsd_pct": 1.775176081800439,
    "micro": false
  },
  "liquid-render": {
    "mean": 111.61998731749398,
    "rsd_pct": 1.9081435905930977,
    "micro": false
  },
  "mail": {
    "mean": 158.35788816213608,
    "rsd_pct": 0.10767477839463072,
    "micro": false
  },
  "psych-load": {
    "mean": 1861.6393600900967,
    "rsd_pct": 0.016709881721972564,
    "micro": false
  },
  "railsbench": {
    "mean": 2069.0194316208363,
    "rsd_pct": 1.5028869399043607,
    "micro": false
  },
  "ruby-lsp": {
    "mean": 80.37361264349478,
    "rsd_pct": 24.152954391811363,
    "micro": false
  },
  "binarytrees": {
    "mean": 231.3471458942057,
    "rsd_pct": 3.8817240387896335,
    "micro": false
  },
  "chunky_png": {
    "mean": 637.8053274238482,
    "rsd_pct": 0.06339200523164532,
    "micro": false
  },
  "erubi": {
    "mean": 297.2857707782703,
    "rsd_pct": 0.9125491833899607,
    "micro": false
  },
  "erubi_rails": {
    "mean": 18.46984770087019,
    "rsd_pct": 3.5734593383030275,
    "micro": false
  },
  "etanni": {
    "mean": 471.3103757018135,
    "rsd_pct": 0.4969116791715967,
    "micro": false
  },
  "fannkuchredux": {
    "mean": 2241.38925075531,
    "rsd_pct": 0.1271659836405074,
    "micro": false
  },
  "lee": {
    "mean": 951.6403324902058,
    "rsd_pct": 1.6918883383705838,
    "micro": false
  },
  "nbody": {
    "mean": 80.7102675944444,
    "rsd_pct": 0.08175173938968404,
    "micro": false
  },
  "optcarrot": {
    "mean": 3153.650736063719,
    "rsd_pct": 0.4290036605744623,
    "micro": false
  },
  "rubykon": {
    "mean": 6909.124960253636,
    "rsd_pct": 0.32864451897272257,
    "micro": false
  },
  "30k_ifelse": {
    "mean": 396.4610034972429,
    "rsd_pct": 0.09833337980537497,
    "micro": true
  },
  "30k_methods": {
    "mean": 953.5740301722572,
    "rsd_pct": 0.048488991027732076,
    "micro": true
  },
  "cfunc_itself": {
    "mean": 41.19424050105914,
    "rsd_pct": 0.18140798476769143,
    "micro": true
  },
  "fib": {
    "mean": 60.36398344493787,
    "rsd_pct": 0.04193851142698587,
    "micro": true
  },
  "getivar": {
    "mean": 46.857031324589755,
    "rsd_pct": 0.048952851028764406,
    "micro": true
  },
  "keyword_args": {
    "mean": 52.98730268727004,
    "rsd_pct": 0.19694539455016052,
    "micro": true
  },
  "respond_to": {
    "mean": 28.471625129311857,
    "rsd_pct": 0.6747954185658566,
    "micro": true
  },
  "setivar": {
    "mean": 49.518397180363536,
    "rsd_pct": 0.09877215341870217,
    "micro": true
  },
  "str_concat": {
    "mean": 42.91124916064268,
    "rsd_pct": 1.6060839259789226,
    "micro": true
  }
}