{
  "activerecord": {
    "mean": 148.60072154939795,
    "rsd_pct": 0.20361013694219954,
    "micro": false
  },
  "erubi_rails": {
    "mean": 45.23067970033469,
    "rsd_pct": 2.2260621400454825,
    "micro": false
  },
  "hexapdf": {
    "mean": 6152.438529705008,
    "rsd_pct": 1.8306211413756959,
    "micro": false
  },
  "liquid-c": {
    "mean": 188.38085389930254,
    "rsd_pct": 1.7392643474175855,
    "micro": false
  },
  "liquid-render": {
    "mean": 358.06676425421847,
    "rsd_pct": 2.2433668474672674,
    "micro": false
  },
  "mail": {
    "mean": 375.3622142263712,
    "rsd_pct": 0.43942807866330413,
    "micro": false
  },
  "psych-load": {
    "mean": 5158.664858713746,
    "rsd_pct": 0.06898193599189882,
    "micro": false
  },
  "railsbench": {
    "mean": 5459.671982750297,
    "rsd_pct": 0.7159462346006148,
    "micro": false
  },
  "ruby-lsp": {
    "mean": 182.15828984975815,
    "rsd_pct": 11.926899037078302,
    "micro": false
  },
  "sequel": {
    "mean": 199.6580574258759,
    "rsd_pct": 0.17362314196378936,
    "micro": false
  },
  "binarytrees": {
    "mean": 510.11403001258884,
    "rsd_pct": 0.12070997926317376,
    "micro": false
  },
  "chunky_png": {
    "mean": 1468.2378457351165,
    "rsd_pct": 0.0785181108955119,
    "micro": false
  },
  "erubi": {
    "mean": 586.4817914320156,
    "rsd_pct": 0.8592332399058472,
    "micro": false
  },
  "etanni": {
    "mean": 909.3552025757274,
    "rsd_pct": 0.47404259571406454,
    "micro": false
  },
  "fannkuchredux": {
    "mean": 1769.2651755104844,
    "rsd_pct": 0.08471968785810871,
    "micro": false
  },
  "lee": {
    "mean": 2199.087042954158,
    "rsd_pct": 0.22278393248397105,
    "micro": false
  },
  "nbody": {
    "mean": 181.4840505902584,
    "rsd_pct": 0.04946007760125652,
    "micro": false
  },
  "optcarrot": {
    "mean": 9991.817337522903,
    "rsd_pct": 0.6869529234310119,
    "micro": false
  },
  "ruby-json": {
    "mean": 7884.454183280468,
    "rsd_pct": 0.10883381925946947,
    "micro": false
  },
  "rubykon": {
    "mean": 20298.54619577527,
    "rsd_pct": 0.6859296427111419,
    "micro": false
  },
  "30k_ifelse": {
    "mean": 1912.301176583225,
    "rsd_pct": 0.031704417203675034,
    "micro": true
  },
  "30k_methods": {
    "mean": 3873.3393151475034,
    "rsd_pct": 0.050106152648000266,
    "micro": true
  },
  "cfunc_itself": {
    "mean": 91.19854814658953,
    "rsd_pct": 0.15390650791863036,
    "micro": true
  },
  "fib": {
    "mean": 157.94456739690196,
    "rsd_pct": 0.007609005888097175,
    "micro": true
  },
  "getivar": {
    "mean": 67.01033832246091,
    "rsd_pct": 0.011748810001081267,
    "micro": true
  },
  "keyword_args": {
    "mean": 154.19635759984575,
    "rsd_pct": 0.023731210553607007,
    "micro": true
  },
  "respond_to": {
    "mean": 98.1052355226552,
    "rsd_pct": 0.6264353906017536,
    "micro": true
  },
  "setivar": {
    "mean": 39.161114617690544,
    "rsd_pct": 0.014189645625497163,
    "micro": true
  },
  "setivar_object": {
    "mean": 124.19846847618491,
    "rsd_pct": 0.9684227092020347,
    "micro": true
  },
  "setivar_young": {
    "mean": 122.13996667288193,
    "rsd_pct": 0.02968735285164639,
    "micro": true
  },
  "str_concat": {
    "mean": 101.1175582294955,
    "rsd_pct": 0.8236836747833857,
    "micro": true
  },
  "throw": {
    "mean": 50.103392648730384,
    "rsd_pct": 0.15965202793994812,
    "micro": true
  }
}