{
  "activerecord": {
    "mean": 41.31785454906198,
    "rsd_pct": 0.7891800050550526,
    "micro": false
  },
  "erubi_rails": {
    "mean": 15.058230841707278,
    "rsd_pct": 3.4038675646065166,
    "micro": false
  },
  "hexapdf": {
    "mean": 2047.6174702246983,
    "rsd_pct": 1.7252836769595021,
    "micro": false
  },
  "liquid-c": {
    "mean": 57.8978499316885,
    "rsd_pct": 2.087212999015702,
    "micro": false
  },
  "liquid-render": {
    "mean": 104.09402371977741,
    "rsd_pct": 2.7288089939367355,
    "micro": false
  },
  "mail": {
    "mean": 130.33613457277514,
    "rsd_pct": 0.15693164919624367,
    "micro": false
  },
  "psych-load": {
    "mean": 1780.2481586734455,
    "rsd_pct": 0.03973153669390908,
    "micro": false
  },
  "railsbench": {
    "mean": 1801.5464836731553,
    "rsd_pct": 1.2203273887182942,
    "micro": false
  },
  "ruby-lsp": {
    "mean": 57.990924719775066,
    "rsd_pct": 20.181863352012428,
    "micro": false
  },
  "sequel": {
    "mean": 67.20193909063786,
    "rsd_pct": 0.25827250919031286,
    "micro": false
  },
  "binarytrees": {
    "mean": 231.55069386933084,
    "rsd_pct": 0.08138900688604547,
    "micro": false
  },
  "chunky_png": {
    "mean": 625.5852689425791,
    "rsd_pct": 0.05634365891257143,
    "micro": false
  },
  "erubi": {
    "mean": 248.19017290078764,
    "rsd_pct": 0.8625446122685824,
    "micro": false
  },
  "etanni": {
    "mean": 407.64848517292006,
    "rsd_pct": 0.4494357309072262,
    "micro": false
  },
  "fannkuchredux": {
    "mean": 843.330405652523,
    "rsd_pct": 0.24801050127078111,
    "micro": false
  },
  "lee": {
    "mean": 895.3929488039153,
    "rsd_pct": 0.329068321755027,
    "micro": false
  },
  "nbody": {
    "mean": 74.22690848961861,
    "rsd_pct": 0.08901997894158699,
    "micro": false
  },
  "optcarrot": {
    "mean": 2593.295526628693,
    "rsd_pct": 0.6415455692964119,
    "micro": false
  },
  "ruby-json": {
    "mean": 3057.9453248530626,
    "rsd_pct": 0.07059661761556855,
    "micro": false
  },
  "rubykon": {
    "mean": 6436.944198049605,
    "rsd_pct": 1.309347515351422,
    "micro": false
  },
  "30k_ifelse": {
    "mean": 420.6446991202996,
    "rsd_pct": 0.08127849633507221,
    "micro": true
  },
  "30k_methods": {
    "mean": 945.7517849458825,
    "rsd_pct": 0.03789779624449157,
    "micro": true
  },
  "cfunc_itself": {
    "mean": 42.170558402405355,
    "rsd_pct": 0.20337787612927322,
    "micro": true
  },
  "fib": {
    "mean": 61.70689556920142,
    "rsd_pct": 0.05240833873428873,
    "micro": true
  },
  "getivar": {
    "mean": 45.78846828678811,
    "rsd_pct": 0.068025662996892,
    "micro": true
  },
  "keyword_args": {
    "mean": 53.8285477337932,
    "rsd_pct": 0.12184990016673634,
    "micro": true
  },
  "respond_to": {
    "mean": 31.055215614564393,
    "rsd_pct": 0.7424537579062428,
    "micro": true
  },
  "setivar": {
    "mean": 14.80875261883485,
    "rsd_pct": 0.1514910797072027,
    "micro": true
  },
  "setivar_object": {
    "mean": 48.57592313684106,
    "rsd_pct": 2.5471285273879225,
    "micro": true
  },
  "setivar_young": {
    "mean": 46.66406665505333,
    "rsd_pct": 1.5323239333930023,
    "micro": true
  },
  "str_concat": {
    "mean": 46.063310657692256,
    "rsd_pct": 1.2523538220199617,
    "micro": true
  },
  "throw": {
    "mean": 23.916324587193078,
    "rsd_pct": 0.22903456463985913,
    "micro": true
  }
}