{
  "activerecord": {
    "mean": 350.5914634114454,
    "rsd_pct": 0.4029189237595657,
    "micro": false
  },
  "hexapdf": {
    "mean": 6825.800501803557,
    "rsd_pct": 1.257194179284642,
    "micro": false
  },
  "liquid-render": {
    "mean": 399.49348258475464,
    "rsd_pct": 1.5755126183637638,
    "micro": false
  },
  "mail": {
    "mean": 410.3252915000277,
    "rsd_pct": 0.15263324407561352,
    "micro": false
  },
  "psych-load": {
    "mean": 5644.399034542342,
    "rsd_pct": 0.08459434923781088,
    "micro": false
  },
  "railsbench": {
    "mean": 6053.204544012745,
    "rsd_pct": 0.9055610963735737,
    "micro": false
  },
  "ruby-lsp": {
    "mean": 208.28314101029383,
    "rsd_pct": 9.732231295694003,
    "micro": false
  },
  "sequel": {
    "mean": 399.4732394646433,
    "rsd_pct": 2.2587349899332083,
    "micro": false
  },
  "binarytrees": {
    "mean": 526.0581650460759,
    "rsd_pct": 0.07946568849535587,
    "micro": false
  },
  "chunky_png": {
    "mean": 1539.6166498802843,
    "rsd_pct": 0.06623587955310319,
    "micro": false
  },
  "erubi": {
    "mean": 609.8646238634858,
    "rsd_pct": 1.0146975518037507,
    "micro": false
  },
  "erubi_rails": {
    "mean": 50.94637500839832,
    "rsd_pct": 2.2144714027863235,
    "micro": false
  },
  "etanni": {
    "mean": 916.54468254031,
    "rsd_pct": 0.6325128196813028,
    "micro": false
  },
  "fannkuchredux": {
    "mean": 2528.3907312633737,
    "rsd_pct": 0.0725091111209776,
    "micro": false
  },
  "lee": {
    "mean": 2409.8940609643855,
    "rsd_pct": 0.38091171375139077,
    "micro": false
  },
  "nbody": {
    "mean": 177.1779018350001,
    "rsd_pct": 0.06938770149871283,
    "micro": false
  },
  "optcarrot": {
    "mean": 11484.449688345194,
    "rsd_pct": 0.3801796949149952,
    "micro": false
  },
  "rubykon": {
    "mean": 21372.71548639983,
    "rsd_pct": 0.9597490474155493,
    "micro": false
  },
  "30k_ifelse": {
    "mean": 1893.9203033223748,
    "rsd_pct": 1.5058323896909436,
    "micro": true
  },
  "30k_methods": {
    "mean": 3932.4434726898157,
    "rsd_pct": 0.06578767179682692,
    "micro": true
  },
  "cfunc_itself": {
    "mean": 116.42200310497769,
    "rsd_pct": 0.009290950822416493,
    "micro": true
  },
  "fib": {
    "mean": 182.3085709517965,
    "rsd_pct": 0.03366058824891003,
    "micro": true
  },
  "getivar": {
    "mean": 107.46770711197014,
    "rsd_pct": 0.008739621201361163,
    "micro": true
  },
  "keyword_args": {
    "mean": 144.81281109271558,
    "rsd_pct": 0.008001130971683227,
    "micro": true
  },
  "respond_to": {
    "mean": 99.92938348695068,
    "rsd_pct": 0.4448424828477689,
    "micro": true
  },
  "setivar": {
    "mean": 50.04747433259207,
    "rsd_pct": 0.016792436281342877,
    "micro": true
  },
  "setivar_object": {
    "mean": 127.30582997202873,
    "rsd_pct": 1.0391881941313494,
    "micro": true
  },
  "str_concat": {
    "mean": 106.1594746118888,
    "rsd_pct": 1.0259486577365928,
    "micro": true
  }
}