{
  "activerecord": {
    "mean": 109.36902237285051,
    "rsd_pct": 0.5502213825061217,
    "micro": false
  },
  "hexapdf": {
    "mean": 2024.3952922445412,
    "rsd_pct": 2.051444090044797,
    "micro": false
  },
  "liquid-c": {
    "mean": 59.77320638962135,
    "rsd_pct": 1.9681542407784618,
    "micro": false
  },
  "liquid-render": {
    "mean": 112.24647153767624,
    "rsd_pct": 2.602150381529893,
    "micro": false
  },
  "mail": {
    "mean": 138.6605847712619,
    "rsd_pct": 0.21570617334352826,
    "micro": false
  },
  "psych-load": {
    "mean": 1794.7585545169811,
    "rsd_pct": 0.033513093575783595,
    "micro": false
  },
  "railsbench": {
    "mean": 1883.1013911248494,
    "rsd_pct": 1.388988568250183,
    "micro": false
  },
  "ruby-lsp": {
    "mean": 66.57973374633396,
    "rsd_pct": 20.12029710380575,
    "micro": false
  },
  "sequel": {
    "mean": 148.1549188055084,
    "rsd_pct": 1.932180659630584,
    "micro": false
  },
  "binarytrees": {
    "mean": 231.45284715985113,
    "rsd_pct": 0.09055392214301111,
    "micro": false
  },
  "chunky_png": {
    "mean": 622.6696126177558,
    "rsd_pct": 0.06643587626335137,
    "micro": false
  },
  "erubi": {
    "mean": 250.88045668281333,
    "rsd_pct": 0.9364846534331708,
    "micro": false
  },
  "erubi_rails": {
    "mean": 16.484055927522462,
    "rsd_pct": 3.2562491361314,
    "micro": false
  },
  "etanni": {
    "mean": 401.2437030169353,
    "rsd_pct": 0.4590182505322346,
    "micro": false
  },
  "fannkuchredux": {
    "mean": 913.9137675797213,
    "rsd_pct": 0.13310350396475784,
    "micro": false
  },
  "lee": {
    "mean": 937.0035463278847,
    "rsd_pct": 0.11001232764793303,
    "micro": false
  },
  "nbody": {
    "mean": 71.81180418484087,
    "rsd_pct": 0.10814186703507261,
    "micro": false
  },
  "optcarrot": {
    "mean": 2598.8467427901924,
    "rsd_pct": 0.7110449549820763,
    "micro": false
  },
  "rubykon": {
    "mean": 6727.147794320869,
    "rsd_pct": 0.3120788456546089,
    "micro": false
  },
  "30k_ifelse": {
    "mean": 430.2118772200471,
    "rsd_pct": 0.07368924727065124,
    "micro": true
  },
  "30k_methods": {
    "mean": 982.2238717461005,
    "rsd_pct": 0.031343092082395614,
    "micro": true
  },
  "cfunc_itself": {
    "mean": 42.77961164201474,
    "rsd_pct": 0.09518743767492407,
    "micro": true
  },
  "fib": {
    "mean": 62.852789916950364,
    "rsd_pct": 0.09815849841807953,
    "micro": true
  },
  "getivar": {
    "mean": 45.60674680742439,
    "rsd_pct": 0.05717894273267797,
    "micro": true
  },
  "keyword_args": {
    "mean": 52.63757762915798,
    "rsd_pct": 0.14931154866331478,
    "micro": true
  },
  "respond_to": {
    "mean": 28.853424838987763,
    "rsd_pct": 0.31021184526406026,
    "micro": true
  },
  "setivar": {
    "mean": 14.903367836730647,
    "rsd_pct": 0.08601775889529545,
    "micro": true
  },
  "setivar_object": {
    "mean": 47.012974679305714,
    "rsd_pct": 0.8830597938871507,
    "micro": true
  },
  "str_concat": {
    "mean": 42.132732057481235,
    "rsd_pct": 1.4786383885782102,
    "micro": true
  }
}