{
  "activerecord": {
    "mean": 108.00739850484483,
    "rsd_pct": 0.503677727411682,
    "micro": false
  },
  "hexapdf": {
    "mean": 2022.4204372304182,
    "rsd_pct": 2.1598906686967694,
    "micro": false
  },
  "liquid-c": {
    "mean": 59.685328712424,
    "rsd_pct": 2.0615990209706587,
    "micro": false
  },
  "liquid-render": {
    "mean": 111.3122975253422,
    "rsd_pct": 2.6559463927591844,
    "micro": false
  },
  "mail": {
    "mean": 136.48260012590166,
    "rsd_pct": 0.1588640459838558,
    "micro": false
  },
  "psych-load": {
    "mean": 1807.008152641356,
    "rsd_pct": 0.14917940295675078,
    "micro": false
  },
  "railsbench": {
    "mean": 1850.9058550155412,
    "rsd_pct": 1.0791343624140866,
    "micro": false
  },
  "ruby-lsp": {
    "mean": 66.29781976706631,
    "rsd_pct": 18.68738980406808,
    "micro": false
  },
  "sequel": {
    "mean": 146.2878356791205,
    "rsd_pct": 1.968316038435916,
    "micro": false
  },
  "binarytrees": {
    "mean": 229.990825388471,
    "rsd_pct": 0.06900542910111915,
    "micro": false
  },
  "chunky_png": {
    "mean": 630.6136074295688,
    "rsd_pct": 0.04775935560556478,
    "micro": false
  },
  "erubi": {
    "mean": 256.6335314992242,
    "rsd_pct": 0.8752273983069446,
    "micro": false
  },
  "erubi_rails": {
    "mean": 16.320910369449326,
    "rsd_pct": 3.2115073292104768,
    "micro": false
  },
  "etanni": {
    "mean": 403.62926335454137,
    "rsd_pct": 0.4550479612741588,
    "micro": false
  },
  "fannkuchredux": {
    "mean": 896.4662432027537,
    "rsd_pct": 0.0780708553553194,
    "micro": false
  },
  "lee": {
    "mean": 897.7461679217716,
    "rsd_pct": 0.13560703899084556,
    "micro": false
  },
  "nbody": {
    "mean": 71.87540666536438,
    "rsd_pct": 0.06631539487699058,
    "micro": false
  },
  "optcarrot": {
    "mean": 8393.466063821688,
    "rsd_pct": 0.31501086065831935,
    "micro": false
  },
  "rubykon": {
    "mean": 6413.416161558901,
    "rsd_pct": 0.40268713905564785,
    "micro": false
  },
  "30k_ifelse": {
    "mean": 422.5367733297196,
    "rsd_pct": 0.07015271129013824,
    "micro": true
  },
  "30k_methods": {
    "mean": 957.796516653616,
    "rsd_pct": 0.03488750971200494,
    "micro": true
  },
  "cfunc_itself": {
    "mean": 42.49900391193733,
    "rsd_pct": 0.12068696619235557,
    "micro": true
  },
  "fib": {
    "mean": 62.168535315852345,
    "rsd_pct": 0.11111155751145484,
    "micro": true
  },
  "getivar": {
    "mean": 45.82065002781279,
    "rsd_pct": 0.19352757965980014,
    "micro": true
  },
  "keyword_args": {
    "mean": 52.7315644853279,
    "rsd_pct": 0.12022401481676759,
    "micro": true
  },
  "respond_to": {
    "mean": 29.22795291014113,
    "rsd_pct": 0.49747756037002056,
    "micro": true
  },
  "setivar": {
    "mean": 14.913497302725656,
    "rsd_pct": 0.07399771746489159,
    "micro": true
  },
  "setivar_object": {
    "mean": 47.49715645330783,
    "rsd_pct": 1.167317642225425,
    "micro": true
  },
  "str_concat": {
    "mean": 43.17882364055356,
    "rsd_pct": 1.29475882070507,
    "micro": true
  }
}