{
  "activerecord": {
    "mean": 104.80911795187879,
    "rsd_pct": 1.6295724254539776,
    "micro": false
  },
  "hexapdf": {
    "mean": 2186.557023599744,
    "rsd_pct": 0.9329499406856337,
    "micro": false
  },
  "jekyll": {
    "mean": 7454.20677314202,
    "rsd_pct": 2.6138961290374505,
    "micro": false
  },
  "liquid-render": {
    "mean": 114.816801689033,
    "rsd_pct": 1.9777284925272487,
    "micro": false
  },
  "mail": {
    "mean": 142.65600784911194,
    "rsd_pct": 0.32348708670747117,
    "micro": false
  },
  "psych-load": {
    "mean": 1651.4826911191146,
    "rsd_pct": 0.3127766050726294,
    "micro": false
  },
  "railsbench": {
    "mean": 2093.512702609102,
    "rsd_pct": 1.4407582463371598,
    "micro": false
  },
  "binarytrees": {
    "mean": 284.69974498941815,
    "rsd_pct": 0.08152752969957613,
    "micro": false
  },
  "erubi": {
    "mean": 415.06109688431025,
    "rsd_pct": 1.1292270660676345,
    "micro": false
  },
  "erubi_rails": {
    "mean": 34.92492778230101,
    "rsd_pct": 3.6862230736543484,
    "micro": false
  },
  "fannkuchredux": {
    "mean": 5641.960502291719,
    "rsd_pct": 0.0153100328082223,
    "micro": false
  },
  "lee": {
    "mean": 770.0971499658548,
    "rsd_pct": 0.08704640449343534,
    "micro": false
  },
  "nbody": {
    "mean": 74.81682720618689,
    "rsd_pct": 0.08555535732701161,
    "micro": false
  },
  "optcarrot": {
    "mean": 3112.415170793732,
    "rsd_pct": 0.5782737600526789,
    "micro": false
  },
  "rubykon": {
    "mean": 5574.693136662245,
    "rsd_pct": 0.9454434936368761,
    "micro": false
  },
  "30k_ifelse": {
    "mean": 310.9013989281196,
    "rsd_pct": 0.22823252412167375,
    "micro": true
  },
  "30k_methods": {
    "mean": 743.1418397105657,
    "rsd_pct": 0.023496578248887085,
    "micro": true
  },
  "cfunc_itself": {
    "mean": 38.64896559761357,
    "rsd_pct": 0.2700271767794078,
    "micro": true
  },
  "fib": {
    "mean": 52.10554378967995,
    "rsd_pct": 0.02808222095696148,
    "micro": true
  },
  "getivar": {
    "mean": 35.542928590522116,
    "rsd_pct": 0.2956295668765688,
    "micro": true
  },
  "keyword_args": {
    "mean": 46.345581412994235,
    "rsd_pct": 0.09716148207107629,
    "micro": true
  },
  "respond_to": {
    "mean": 153.5355355590582,
    "rsd_pct": 0.3049875469778569,
    "micro": true
  },
  "setivar": {
    "mean": 41.5324917631714,
    "rsd_pct": 0.09944997803959697,
    "micro": true
  }
}