{
  "activerecord": {
    "mean": 104.77610483373466,
    "rsd_pct": 0.5829475445527248,
    "micro": false
  },
  "hexapdf": {
    "mean": 2386.1654299000897,
    "rsd_pct": 1.5713313103502324,
    "micro": false
  },
  "liquid-render": {
    "mean": 126.6249124175654,
    "rsd_pct": 1.9781549661770954,
    "micro": false
  },
  "mail": {
    "mean": 160.27715201339413,
    "rsd_pct": 0.3697767287840938,
    "micro": false
  },
  "psych-load": {
    "mean": 1927.7464186151822,
    "rsd_pct": 0.03683800828724566,
    "micro": false
  },
  "railsbench": {
    "mean": 2130.418031786879,
    "rsd_pct": 1.8420230671435984,
    "micro": false
  },
  "binarytrees": {
    "mean": 359.7940423642285,
    "rsd_pct": 1.5170662026082116,
    "micro": false
  },
  "chunky_png": {
    "mean": 670.8964647104343,
    "rsd_pct": 0.2745400500924099,
    "micro": false
  },
  "discourse": {
    "mean": 477.79727508313954,
    "rsd_pct": 1.693043414782598,
    "micro": false
  },
  "erubi": {
    "mean": 421.8529452114029,
    "rsd_pct": 0.7644414694552977,
    "micro": false
  },
  "erubi_rails": {
    "mean": 19.978379063082464,
    "rsd_pct": 3.544255887079477,
    "micro": false
  },
  "fannkuchredux": {
    "mean": 6988.98773106436,
    "rsd_pct": 0.1011182844378326,
    "micro": false
  },
  "lee": {
    "mean": 903.9254355329005,
    "rsd_pct": 0.4690267590482304,
    "micro": false
  },
  "nbody": {
    "mean": 87.78044121509248,
    "rsd_pct": 0.48913690164870655,
    "micro": false
  },
  "optcarrot": {
    "mean": 3479.0157901744046,
    "rsd_pct": 0.5856390013647961,
    "micro": false
  },
  "rubykon": {
    "mean": 8149.54426822563,
    "rsd_pct": 0.5259977517045058,
    "micro": false
  },
  "30k_ifelse": {
    "mean": 361.9331270456314,
    "rsd_pct": 0.19193861722073635,
    "micro": true
  },
  "30k_methods": {
    "mean": 891.4310276846994,
    "rsd_pct": 0.06057049770974214,
    "micro": true
  },
  "cfunc_itself": {
    "mean": 44.525332434960966,
    "rsd_pct": 0.9513490263280878,
    "micro": true
  },
  "fib": {
    "mean": 62.61677390729372,
    "rsd_pct": 0.647291585353558,
    "micro": true
  },
  "getivar": {
    "mean": 42.61738088235493,
    "rsd_pct": 0.7230341247527182,
    "micro": true
  },
  "keyword_args": {
    "mean": 53.66883665255319,
    "rsd_pct": 0.6745812226433106,
    "micro": true
  },
  "respond_to": {
    "mean": 188.95802501411666,
    "rsd_pct": 0.29580440438659084,
    "micro": true
  },
  "setivar": {
    "mean": 54.0806436357466,
    "rsd_pct": 0.6519465880316386,
    "micro": true
  },
  "str_concat": {
    "mean": 111.08185968013724,
    "rsd_pct": 1.4519995704299138,
    "micro": true
  }
}