{
  "activerecord": {
    "mean": 101.943834259724,
    "rsd_pct": 0.617908846069403,
    "micro": false
  },
  "hexapdf": {
    "mean": 2354.8440293719373,
    "rsd_pct": 3.1538410787193327,
    "micro": false
  },
  "liquid-render": {
    "mean": 125.86813773603956,
    "rsd_pct": 1.7743282974143375,
    "micro": false
  },
  "mail": {
    "mean": 154.88552125964978,
    "rsd_pct": 0.14732173360036846,
    "micro": false
  },
  "psych-load": {
    "mean": 1920.5990706880887,
    "rsd_pct": 0.01826726067325204,
    "micro": false
  },
  "railsbench": {
    "mean": 2071.8229435384274,
    "rsd_pct": 1.2967929229696402,
    "micro": false
  },
  "binarytrees": {
    "mean": 366.7886812526446,
    "rsd_pct": 0.046625395664213566,
    "micro": false
  },
  "chunky_png": {
    "mean": 644.0695093944669,
    "rsd_pct": 0.04734877009102411,
    "micro": false
  },
  "erubi": {
    "mean": 319.82423362111854,
    "rsd_pct": 0.6700356491949835,
    "micro": false
  },
  "erubi_rails": {
    "mean": 19.36493688204847,
    "rsd_pct": 3.50170772370986,
    "micro": false
  },
  "fannkuchredux": {
    "mean": 7082.240437095364,
    "rsd_pct": 0.21553821918297475,
    "micro": false
  },
  "lee": {
    "mean": 931.761729841431,
    "rsd_pct": 0.25554023802661624,
    "micro": false
  },
  "nbody": {
    "mean": 91.31075992780627,
    "rsd_pct": 0.07512824638615666,
    "micro": false
  },
  "optcarrot": {
    "mean": 3472.6785441239676,
    "rsd_pct": 0.6526493836149618,
    "micro": false
  },
  "rubykon": {
    "mean": 6832.064796114962,
    "rsd_pct": 0.3026784842199541,
    "micro": false
  },
  "30k_ifelse": {
    "mean": 357.8812410788877,
    "rsd_pct": 0.07933604262261891,
    "micro": true
  },
  "30k_methods": {
    "mean": 869.7168153118004,
    "rsd_pct": 0.021039657088631033,
    "micro": true
  },
  "cfunc_itself": {
    "mean": 44.816677552570994,
    "rsd_pct": 0.6424883451945287,
    "micro": true
  },
  "fib": {
    "mean": 63.39417151798298,
    "rsd_pct": 0.07361967683227393,
    "micro": true
  },
  "getivar": {
    "mean": 44.25034717674933,
    "rsd_pct": 0.12939923191449504,
    "micro": true
  },
  "keyword_args": {
    "mean": 52.660477115452444,
    "rsd_pct": 0.3182591325826374,
    "micro": true
  },
  "respond_to": {
    "mean": 188.0385087767862,
    "rsd_pct": 0.05369498740750697,
    "micro": true
  },
  "setivar": {
    "mean": 50.34892113301261,
    "rsd_pct": 0.34987323778243923,
    "micro": true
  },
  "str_concat": {
    "mean": 42.97656131154465,
    "rsd_pct": 1.7400055313804832,
    "micro": true
  }
}