{
  "activerecord": {
    "mean": 142.875549473843,
    "rsd_pct": 2.6427098498313715,
    "micro": false
  },
  "erubi_rails": {
    "mean": 45.08185826270516,
    "rsd_pct": 12.983208119549749,
    "micro": false
  },
  "hexapdf": {
    "mean": 5766.476319481929,
    "rsd_pct": 1.8325415634005302,
    "micro": false
  },
  "liquid-c": {
    "mean": 191.64756716539463,
    "rsd_pct": 1.5292153332690746,
    "micro": false
  },
  "liquid-compile": {
    "mean": 162.56564757647877,
    "rsd_pct": 0.49425086345096525,
    "micro": false
  },
  "liquid-render": {
    "mean": 354.8916695720476,
    "rsd_pct": 2.0679126835795905,
    "micro": false
  },
  "mail": {
    "mean": 364.35612437448333,
    "rsd_pct": 0.31024641348012266,
    "micro": false
  },
  "psych-load": {
    "mean": 5325.556902587414,
    "rsd_pct": 0.09769310248772053,
    "micro": false
  },
  "railsbench": {
    "mean": 5316.57758851846,
    "rsd_pct": 0.6670534196796734,
    "micro": false
  },
  "ruby-lsp": {
    "mean": 193.35477441942587,
    "rsd_pct": 19.374507216187194,
    "micro": false
  },
  "sequel": {
    "mean": 202.61247603454774,
    "rsd_pct": 1.3119528706543129,
    "micro": false
  },
  "binarytrees": {
    "mean": 491.1587083585222,
    "rsd_pct": 0.16567194460873677,
    "micro": false
  },
  "chunky_png": {
    "mean": 1488.1560862545043,
    "rsd_pct": 0.3763775635051101,
    "micro": false
  },
  "erubi": {
    "mean": 572.8407807212758,
    "rsd_pct": 0.8500098595366815,
    "micro": false
  },
  "etanni": {
    "mean": 955.3875910871207,
    "rsd_pct": 0.4788144939681883,
    "micro": false
  },
  "fannkuchredux": {
    "mean": 1477.5481619685888,
    "rsd_pct": 0.2275243463983316,
    "micro": false
  },
  "lee": {
    "mean": 2342.402172496631,
    "rsd_pct": 0.2989209341899239,
    "micro": false
  },
  "nbody": {
    "mean": 155.3189248521569,
    "rsd_pct": 0.37362064519094557,
    "micro": false
  },
  "optcarrot": {
    "mean": 8810.766060650349,
    "rsd_pct": 0.49311019622288227,
    "micro": false
  },
  "ruby-json": {
    "mean": 7870.425930991769,
    "rsd_pct": 0.287580899883084,
    "micro": false
  },
  "rubykon": {
    "mean": 19091.751522943377,
    "rsd_pct": 0.33507537256448255,
    "micro": false
  },
  "30k_ifelse": {
    "mean": 1598.3598883856428,
    "rsd_pct": 0.07127970113521645,
    "micro": true
  },
  "30k_methods": {
    "mean": 3443.4229903247046,
    "rsd_pct": 0.07859646138658374,
    "micro": true
  },
  "cfunc_itself": {
    "mean": 86.82966572652623,
    "rsd_pct": 0.016342706723375556,
    "micro": true
  },
  "fib": {
    "mean": 123.62591131074753,
    "rsd_pct": 0.07815018623548556,
    "micro": true
  },
  "getivar": {
    "mean": 40.466063609690956,
    "rsd_pct": 0.013828419412896538,
    "micro": true
  },
  "keyword_args": {
    "mean": 127.61789733214242,
    "rsd_pct": 0.06007532968273583,
    "micro": true
  },
  "respond_to": {
    "mean": 73.23998718219957,
    "rsd_pct": 2.2505712737073167,
    "micro": true
  },
  "setivar": {
    "mean": 30.89421134426448,
    "rsd_pct": 0.016462505349885387,
    "micro": true
  },
  "setivar_object": {
    "mean": 115.63792218385278,
    "rsd_pct": 1.625422155264795,
    "micro": true
  },
  "setivar_young": {
    "mean": 113.13671281730586,
    "rsd_pct": 0.01915083938761679,
    "micro": true
  },
  "str_concat": {
    "mean": 83.63635035568913,
    "rsd_pct": 1.064185298952133,
    "micro": true
  },
  "throw": {
    "mean": 48.8881789413946,
    "rsd_pct": 0.1990951340227814,
    "micro": true
  }
}