{
  "activerecord": {
    "mean": 110.29981464948938,
    "rsd_pct": 0.2189003417794197,
    "micro": false
  },
  "hexapdf": {
    "mean": 2240.940499585122,
    "rsd_pct": 1.1877326033945859,
    "micro": false
  },
  "jekyll": {
    "mean": 7395.585937704891,
    "rsd_pct": 2.119659194096276,
    "micro": false
  },
  "liquid-render": {
    "mean": 114.2257023153894,
    "rsd_pct": 2.161522557359408,
    "micro": false
  },
  "mail": {
    "mean": 143.3896299653737,
    "rsd_pct": 0.5244138232526775,
    "micro": false
  },
  "psych-load": {
    "mean": 1599.4285214692354,
    "rsd_pct": 0.07339763458168058,
    "micro": false
  },
  "railsbench": {
    "mean": 2426.3198331929743,
    "rsd_pct": 1.590417985065834,
    "micro": false
  },
  "binarytrees": {
    "mean": 299.13899980100064,
    "rsd_pct": 2.4878141826948226,
    "micro": false
  },
  "fannkuchredux": {
    "mean": 5417.811217159033,
    "rsd_pct": 0.08295469763482005,
    "micro": false
  },
  "lee": {
    "mean": 812.7256528784832,
    "rsd_pct": 0.2674819877850087,
    "micro": false
  },
  "nbody": {
    "mean": 75.16037195862963,
    "rsd_pct": 0.052713534726035606,
    "micro": false
  },
  "optcarrot": {
    "mean": 3090.877007227391,
    "rsd_pct": 0.5986106627769403,
    "micro": false
  },
  "rubykon": {
    "mean": 5600.531517807394,
    "rsd_pct": 0.8041890787333791,
    "micro": false
  },
  "30k_ifelse": {
    "mean": 319.10154497567214,
    "rsd_pct": 0.29179352928262653,
    "micro": true
  },
  "30k_methods": {
    "mean": 755.0719132208649,
    "rsd_pct": 0.03245925620888472,
    "micro": true
  },
  "cfunc_itself": {
    "mean": 41.741012205231065,
    "rsd_pct": 0.2618997053383933,
    "micro": true
  },
  "fib": {
    "mean": 52.00133457034826,
    "rsd_pct": 0.0370939543560968,
    "micro": true
  },
  "getivar": {
    "mean": 36.22690119235864,
    "rsd_pct": 0.10734441711089059,
    "micro": true
  },
  "keyword_args": {
    "mean": 45.925319487744936,
    "rsd_pct": 0.08869716646212018,
    "micro": true
  },
  "respond_to": {
    "mean": 155.50182230707978,
    "rsd_pct": 0.4027421176567676,
    "micro": true
  },
  "setivar": {
    "mean": 39.26797540540375,
    "rsd_pct": 0.10736164853172628,
    "micro": true
  }
}