{
  "activerecord": {
    "mean": 144.80936292137926,
    "rsd_pct": 2.3375281823411718,
    "micro": false
  },
  "erubi_rails": {
    "mean": 45.02243566496661,
    "rsd_pct": 11.918653883709059,
    "micro": false
  },
  "hexapdf": {
    "mean": 5760.020519420505,
    "rsd_pct": 2.6307796748569556,
    "micro": false
  },
  "liquid-c": {
    "mean": 192.1583417293039,
    "rsd_pct": 0.5964428139680248,
    "micro": false
  },
  "liquid-compile": {
    "mean": 162.30715354877998,
    "rsd_pct": 2.1724839083177394,
    "micro": false
  },
  "liquid-render": {
    "mean": 359.46169125979173,
    "rsd_pct": 0.3592132974897592,
    "micro": false
  },
  "mail": {
    "mean": 374.0981960420807,
    "rsd_pct": 0.08821224397923165,
    "micro": false
  },
  "psych-load": {
    "mean": 5401.339127123356,
    "rsd_pct": 0.1294158374574229,
    "micro": false
  },
  "railsbench": {
    "mean": 5355.578368157148,
    "rsd_pct": 0.5553875364682338,
    "micro": false
  },
  "ruby-lsp": {
    "mean": 168.65275802309287,
    "rsd_pct": 4.189896129529699,
    "micro": false
  },
  "sequel": {
    "mean": 204.44005580308536,
    "rsd_pct": 1.0228933516277638,
    "micro": false
  },
  "binarytrees": {
    "mean": 492.92177385811146,
    "rsd_pct": 0.09254503367280728,
    "micro": false
  },
  "chunky_png": {
    "mean": 1530.6358414391677,
    "rsd_pct": 0.37446065412741086,
    "micro": false
  },
  "erubi": {
    "mean": 569.112742654024,
    "rsd_pct": 0.14583174543351982,
    "micro": false
  },
  "etanni": {
    "mean": 922.3728464270125,
    "rsd_pct": 0.28128716764671696,
    "micro": false
  },
  "fannkuchredux": {
    "mean": 1471.7374536395073,
    "rsd_pct": 0.3372247257744433,
    "micro": false
  },
  "lee": {
    "mean": 2468.616294098042,
    "rsd_pct": 0.3059957381418532,
    "micro": false
  },
  "nbody": {
    "mean": 156.15390254081123,
    "rsd_pct": 0.0828171399365221,
    "micro": false
  },
  "optcarrot": {
    "mean": 8759.56248578926,
    "rsd_pct": 0.5007387378337551,
    "micro": false
  },
  "ruby-json": {
    "mean": 8532.597756758332,
    "rsd_pct": 0.1202031841135283,
    "micro": false
  },
  "rubykon": {
    "mean": 19417.298303296167,
    "rsd_pct": 0.3832125918006,
    "micro": false
  },
  "30k_ifelse": {
    "mean": 1603.6004480990496,
    "rsd_pct": 0.02983512534076479,
    "micro": true
  },
  "30k_methods": {
    "mean": 3435.8108471269193,
    "rsd_pct": 0.06927011675225674,
    "micro": true
  },
  "cfunc_itself": {
    "mean": 86.81912666831452,
    "rsd_pct": 0.013302385138474097,
    "micro": true
  },
  "fib": {
    "mean": 123.66526956403894,
    "rsd_pct": 0.07762636992675577,
    "micro": true
  },
  "getivar": {
    "mean": 40.46611510729664,
    "rsd_pct": 0.013183601420460956,
    "micro": true
  },
  "keyword_args": {
    "mean": 121.65980184857222,
    "rsd_pct": 0.030890158681511314,
    "micro": true
  },
  "respond_to": {
    "mean": 76.59760427813896,
    "rsd_pct": 1.6476390366205986,
    "micro": true
  },
  "setivar": {
    "mean": 30.894362857653554,
    "rsd_pct": 0.01782327602490889,
    "micro": true
  },
  "setivar_object": {
    "mean": 113.12535291199694,
    "rsd_pct": 0.00802342494307064,
    "micro": true
  },
  "setivar_young": {
    "mean": 113.1388721928536,
    "rsd_pct": 0.01952038594750502,
    "micro": true
  },
  "str_concat": {
    "mean": 83.25483295733908,
    "rsd_pct": 0.2392871547783149,
    "micro": true
  },
  "throw": {
    "mean": 49.41681818750219,
    "rsd_pct": 0.20670763000092449,
    "micro": true
  }
}