{
  "activerecord": {
    "mean": 41.79259017109871,
    "rsd_pct": 0.8544831644630813,
    "micro": false
  },
  "erubi_rails": {
    "mean": 15.1097810603171,
    "rsd_pct": 3.522332355466082,
    "micro": false
  },
  "hexapdf": {
    "mean": 1990.0855518256624,
    "rsd_pct": 2.18748780034974,
    "micro": false
  },
  "liquid-c": {
    "mean": 57.86610450865566,
    "rsd_pct": 1.9817993726716903,
    "micro": false
  },
  "liquid-compile": {
    "mean": 56.13159160299294,
    "rsd_pct": 0.8025539438588027,
    "micro": false
  },
  "liquid-render": {
    "mean": 101.62575514892079,
    "rsd_pct": 2.7643253467945756,
    "micro": false
  },
  "mail": {
    "mean": 127.04611168640434,
    "rsd_pct": 0.24484592634137015,
    "micro": false
  },
  "psych-load": {
    "mean": 1792.341263530155,
    "rsd_pct": 0.0845788579317583,
    "micro": false
  },
  "railsbench": {
    "mean": 1795.9607066586614,
    "rsd_pct": 1.2085589910725856,
    "micro": false
  },
  "ruby-lsp": {
    "mean": 57.577320701987496,
    "rsd_pct": 20.58095438062303,
    "micro": false
  },
  "sequel": {
    "mean": 67.50855527454453,
    "rsd_pct": 0.25506206198392123,
    "micro": false
  },
  "binarytrees": {
    "mean": 226.89669141122565,
    "rsd_pct": 0.28105475727613716,
    "micro": false
  },
  "chunky_png": {
    "mean": 608.5325586318504,
    "rsd_pct": 0.07069655492947469,
    "micro": false
  },
  "erubi": {
    "mean": 252.87301671237518,
    "rsd_pct": 0.8403628997494925,
    "micro": false
  },
  "etanni": {
    "mean": 412.474960127535,
    "rsd_pct": 0.439414870123725,
    "micro": false
  },
  "fannkuchredux": {
    "mean": 766.6518156631635,
    "rsd_pct": 0.03327587863558037,
    "micro": false
  },
  "lee": {
    "mean": 867.011018988231,
    "rsd_pct": 0.40149341052323206,
    "micro": false
  },
  "nbody": {
    "mean": 69.10836130419301,
    "rsd_pct": 0.07476331595396994,
    "micro": false
  },
  "optcarrot": {
    "mean": 2251.868628524244,
    "rsd_pct": 0.6331627360769029,
    "micro": false
  },
  "ruby-json": {
    "mean": 3098.1794201458492,
    "rsd_pct": 0.06860068015792066,
    "micro": false
  },
  "rubykon": {
    "mean": 6456.12313542515,
    "rsd_pct": 0.40564362731105097,
    "micro": false
  },
  "30k_ifelse": {
    "mean": 359.9596023051576,
    "rsd_pct": 0.06932543938570791,
    "micro": true
  },
  "30k_methods": {
    "mean": 857.3873961020423,
    "rsd_pct": 0.0343765588402875,
    "micro": true
  },
  "cfunc_itself": {
    "mean": 39.38722525807944,
    "rsd_pct": 0.34702606320564355,
    "micro": true
  },
  "fib": {
    "mean": 44.36167645785544,
    "rsd_pct": 0.047239719683059116,
    "micro": true
  },
  "getivar": {
    "mean": 21.14149415767092,
    "rsd_pct": 0.20053019550051626,
    "micro": true
  },
  "keyword_args": {
    "mean": 47.68730029197041,
    "rsd_pct": 0.10812770168926611,
    "micro": true
  },
  "respond_to": {
    "mean": 24.404183408336305,
    "rsd_pct": 0.28591967352189757,
    "micro": true
  },
  "setivar": {
    "mean": 11.995831564243103,
    "rsd_pct": 0.14169424209956633,
    "micro": true
  },
  "setivar_object": {
    "mean": 44.46938018499146,
    "rsd_pct": 1.8728733201612995,
    "micro": true
  },
  "setivar_young": {
    "mean": 43.09429182943985,
    "rsd_pct": 2.0561917722891074,
    "micro": true
  },
  "str_concat": {
    "mean": 42.801855909418265,
    "rsd_pct": 1.4946416667988893,
    "micro": true
  },
  "throw": {
    "mean": 24.365957952963495,
    "rsd_pct": 0.36955646644038015,
    "micro": true
  }
}