{
  "activerecord": {
    "mean": 306.3536030306565,
    "rsd_pct": 0.1909749962313061,
    "micro": false
  },
  "hexapdf": {
    "mean": 6743.748675348858,
    "rsd_pct": 1.6761786633095916,
    "micro": false
  },
  "liquid-render": {
    "mean": 386.773770638845,
    "rsd_pct": 1.6033121979301102,
    "micro": false
  },
  "mail": {
    "mean": 415.56946645346534,
    "rsd_pct": 0.6138415885126717,
    "micro": false
  },
  "psych-load": {
    "mean": 5666.234154005845,
    "rsd_pct": 0.09780470687730786,
    "micro": false
  },
  "railsbench": {
    "mean": 6095.966668489079,
    "rsd_pct": 0.9212985584206073,
    "micro": false
  },
  "ruby-lsp": {
    "mean": 218.776475543385,
    "rsd_pct": 15.532177762060329,
    "micro": false
  },
  "binarytrees": {
    "mean": 533.7825388483265,
    "rsd_pct": 0.16998293062088687,
    "micro": false
  },
  "chunky_png": {
    "mean": 1513.2659135499234,
    "rsd_pct": 0.10159816832018,
    "micro": false
  },
  "erubi": {
    "mean": 722.7807848742514,
    "rsd_pct": 0.9627026271940891,
    "micro": false
  },
  "erubi_rails": {
    "mean": 50.17249297337608,
    "rsd_pct": 2.2856913447115352,
    "micro": false
  },
  "etanni": {
    "mean": 1145.267156994946,
    "rsd_pct": 0.5347850148122757,
    "micro": false
  },
  "fannkuchredux": {
    "mean": 2304.763831863446,
    "rsd_pct": 0.13809855472106053,
    "micro": false
  },
  "lee": {
    "mean": 2371.4590145867655,
    "rsd_pct": 0.3670086794337656,
    "micro": false
  },
  "nbody": {
    "mean": 179.75453478634677,
    "rsd_pct": 0.06622486929950527,
    "micro": false
  },
  "optcarrot": {
    "mean": 10766.394696819285,
    "rsd_pct": 0.4326954616811777,
    "micro": false
  },
  "rubykon": {
    "mean": 21907.435747608542,
    "rsd_pct": 0.35154457654955695,
    "micro": false
  },
  "30k_ifelse": {
    "mean": 1917.2899182885885,
    "rsd_pct": 0.14601915430262696,
    "micro": true
  },
  "30k_methods": {
    "mean": 3938.2654485292733,
    "rsd_pct": 0.05392029873574164,
    "micro": true
  },
  "cfunc_itself": {
    "mean": 103.21378333606837,
    "rsd_pct": 0.025959014056278564,
    "micro": true
  },
  "fib": {
    "mean": 175.38962279792008,
    "rsd_pct": 0.009780349920500886,
    "micro": true
  },
  "getivar": {
    "mean": 107.90286485097228,
    "rsd_pct": 0.008115944698983907,
    "micro": true
  },
  "keyword_args": {
    "mean": 151.02172700410827,
    "rsd_pct": 0.008476104602523852,
    "micro": true
  },
  "respond_to": {
    "mean": 99.73406692742245,
    "rsd_pct": 0.6830116936119879,
    "micro": true
  },
  "setivar": {
    "mean": 50.03899154667911,
    "rsd_pct": 0.011190046479764714,
    "micro": true
  },
  "setivar_object": {
    "mean": 127.51143017235924,
    "rsd_pct": 1.3682340408570355,
    "micro": true
  },
  "str_concat": {
    "mean": 106.38043125190082,
    "rsd_pct": 0.9998339131549161,
    "micro": true
  }
}