{
  "activerecord": {
    "mean": 103.87354964684499,
    "rsd_pct": 0.5906658483335151,
    "micro": false
  },
  "hexapdf": {
    "mean": 2352.997438237071,
    "rsd_pct": 2.19039248431102,
    "micro": false
  },
  "liquid-render": {
    "mean": 127.93500931447099,
    "rsd_pct": 1.677366944148873,
    "micro": false
  },
  "mail": {
    "mean": 160.47891859710217,
    "rsd_pct": 0.16253779064943744,
    "micro": false
  },
  "psych-load": {
    "mean": 1888.2324690620105,
    "rsd_pct": 0.11024526506175178,
    "micro": false
  },
  "railsbench": {
    "mean": 2087.618963420391,
    "rsd_pct": 1.0870953998687412,
    "micro": false
  },
  "binarytrees": {
    "mean": 361.58175809452166,
    "rsd_pct": 0.0992419836257308,
    "micro": false
  },
  "chunky_png": {
    "mean": 663.9946131356832,
    "rsd_pct": 0.044700885854276735,
    "micro": false
  },
  "erubi": {
    "mean": 374.0395957640573,
    "rsd_pct": 0.5836024933711904,
    "micro": false
  },
  "erubi_rails": {
    "mean": 19.945628039718752,
    "rsd_pct": 3.16021664227559,
    "micro": false
  },
  "fannkuchredux": {
    "mean": 8631.504696731767,
    "rsd_pct": 0.12945590249217964,
    "micro": false
  },
  "lee": {
    "mean": 918.0199777086576,
    "rsd_pct": 0.577652427174507,
    "micro": false
  },
  "nbody": {
    "mean": 87.2036077477884,
    "rsd_pct": 0.07640528888894026,
    "micro": false
  },
  "optcarrot": {
    "mean": 3423.8399563978114,
    "rsd_pct": 0.623465383010764,
    "micro": false
  },
  "rubykon": {
    "mean": 7433.94324965775,
    "rsd_pct": 3.3421477982758936,
    "micro": false
  },
  "30k_ifelse": {
    "mean": 357.6643955228584,
    "rsd_pct": 0.08649348526168657,
    "micro": true
  },
  "30k_methods": {
    "mean": 882.1156793697314,
    "rsd_pct": 0.018983004901644444,
    "micro": true
  },
  "cfunc_itself": {
    "mean": 46.16646950067973,
    "rsd_pct": 0.6048652791118699,
    "micro": true
  },
  "fib": {
    "mean": 63.30868525276328,
    "rsd_pct": 0.03768043087079424,
    "micro": true
  },
  "getivar": {
    "mean": 42.52436756596244,
    "rsd_pct": 0.06016925661769612,
    "micro": true
  },
  "keyword_args": {
    "mean": 53.50285984831985,
    "rsd_pct": 0.1684665430919448,
    "micro": true
  },
  "respond_to": {
    "mean": 191.24004577158712,
    "rsd_pct": 0.07112709627065653,
    "micro": true
  },
  "setivar": {
    "mean": 53.618770871396954,
    "rsd_pct": 0.044246618192348285,
    "micro": true
  },
  "str_concat": {
    "mean": 53.15225006091178,
    "rsd_pct": 1.3935419807722749,
    "micro": true
  }
}