{
  "activerecord": {
    "mean": 42.12148498935222,
    "rsd_pct": 0.8147880138801255,
    "micro": false
  },
  "hexapdf": {
    "mean": 2026.886069526275,
    "rsd_pct": 2.594956033931782,
    "micro": false
  },
  "liquid-c": {
    "mean": 57.95140457772758,
    "rsd_pct": 2.0433630970963867,
    "micro": false
  },
  "liquid-render": {
    "mean": 104.25158153337084,
    "rsd_pct": 2.7399848103006117,
    "micro": false
  },
  "mail": {
    "mean": 130.52101721745225,
    "rsd_pct": 0.37933653903775655,
    "micro": false
  },
  "psych-load": {
    "mean": 1784.6895600979526,
    "rsd_pct": 0.05030071430671731,
    "micro": false
  },
  "railsbench": {
    "mean": 1795.9767665093143,
    "rsd_pct": 1.2808482218715755,
    "micro": false
  },
  "ruby-lsp": {
    "mean": 58.030386042335756,
    "rsd_pct": 20.055443522481294,
    "micro": false
  },
  "sequel": {
    "mean": 67.67403261203852,
    "rsd_pct": 0.22011271637764762,
    "micro": false
  },
  "binarytrees": {
    "mean": 235.4586406994392,
    "rsd_pct": 0.07768270118186801,
    "micro": false
  },
  "chunky_png": {
    "mean": 625.5539531994145,
    "rsd_pct": 0.060537824374187824,
    "micro": false
  },
  "erubi": {
    "mean": 253.10127131782377,
    "rsd_pct": 0.8437250228559633,
    "micro": false
  },
  "erubi_rails": {
    "mean": 15.01775196740047,
    "rsd_pct": 3.5985414566914193,
    "micro": false
  },
  "etanni": {
    "mean": 411.57208105626825,
    "rsd_pct": 0.46680296919980757,
    "micro": false
  },
  "fannkuchredux": {
    "mean": 854.7919135459739,
    "rsd_pct": 7.173245723760258,
    "micro": false
  },
  "lee": {
    "mean": 896.0691899569197,
    "rsd_pct": 0.33630397671762485,
    "micro": false
  },
  "nbody": {
    "mean": 74.2540852204515,
    "rsd_pct": 0.07979388100341245,
    "micro": false
  },
  "optcarrot": {
    "mean": 2605.2656531954804,
    "rsd_pct": 0.6941996787927105,
    "micro": false
  },
  "ruby-json": {
    "mean": 3076.7775398368635,
    "rsd_pct": 0.04626299941112413,
    "micro": false
  },
  "rubykon": {
    "mean": 6701.5247930462165,
    "rsd_pct": 0.40551697138405834,
    "micro": false
  },
  "30k_ifelse": {
    "mean": 421.41582577073194,
    "rsd_pct": 0.07620239161211756,
    "micro": true
  },
  "30k_methods": {
    "mean": 944.7208502374235,
    "rsd_pct": 0.04520055726866842,
    "micro": true
  },
  "cfunc_itself": {
    "mean": 42.1706181302478,
    "rsd_pct": 0.2549732722102531,
    "micro": true
  },
  "fib": {
    "mean": 61.714783690317915,
    "rsd_pct": 0.11981046471819662,
    "micro": true
  },
  "getivar": {
    "mean": 45.80207302773354,
    "rsd_pct": 0.0781606139934771,
    "micro": true
  },
  "keyword_args": {
    "mean": 53.779230309211144,
    "rsd_pct": 0.11903288399072755,
    "micro": true
  },
  "respond_to": {
    "mean": 30.951405948683345,
    "rsd_pct": 0.30667562616780264,
    "micro": true
  },
  "setivar": {
    "mean": 14.806109821792006,
    "rsd_pct": 0.14702753545570607,
    "micro": true
  },
  "setivar_object": {
    "mean": 48.56409299031009,
    "rsd_pct": 2.5687229512478766,
    "micro": true
  },
  "setivar_young_object": {
    "mean": 46.76231918595383,
    "rsd_pct": 5.281640843828347,
    "micro": true
  },
  "str_concat": {
    "mean": 46.08528906964844,
    "rsd_pct": 1.224413270186333,
    "micro": true
  },
  "throw": {
    "mean": 23.89688502312049,
    "rsd_pct": 0.23226650077647878,
    "micro": true
  }
}