{
  "activerecord": {
    "mean": 104.54330658636142,
    "rsd_pct": 0.6469355565630148,
    "micro": false
  },
  "hexapdf": {
    "mean": 2352.653907984495,
    "rsd_pct": 2.3147495381862053,
    "micro": false
  },
  "liquid-render": {
    "mean": 124.2967762622484,
    "rsd_pct": 1.6495877376308699,
    "micro": false
  },
  "mail": {
    "mean": 158.33712910257634,
    "rsd_pct": 0.1535389851728624,
    "micro": false
  },
  "psych-load": {
    "mean": 1896.2156757712364,
    "rsd_pct": 0.02057247019871343,
    "micro": false
  },
  "railsbench": {
    "mean": 2084.1687510410943,
    "rsd_pct": 0.7939685556001683,
    "micro": false
  },
  "binarytrees": {
    "mean": 364.8067707376134,
    "rsd_pct": 0.10788298437388429,
    "micro": false
  },
  "chunky_png": {
    "mean": 658.2835321625074,
    "rsd_pct": 0.04652381532932939,
    "micro": false
  },
  "erubi": {
    "mean": 324.2580745918829,
    "rsd_pct": 0.6691873026746589,
    "micro": false
  },
  "erubi_rails": {
    "mean": 19.72551916179986,
    "rsd_pct": 3.74452641660043,
    "micro": false
  },
  "fannkuchredux": {
    "mean": 2352.9131772617498,
    "rsd_pct": 0.033009127436219116,
    "micro": false
  },
  "lee": {
    "mean": 971.7680627480149,
    "rsd_pct": 1.7175614195031983,
    "micro": false
  },
  "nbody": {
    "mean": 94.73924082438302,
    "rsd_pct": 0.142785193394446,
    "micro": false
  },
  "optcarrot": {
    "mean": 3480.6081868708134,
    "rsd_pct": 0.5959312215861884,
    "micro": false
  },
  "rubykon": {
    "mean": 6766.9468604028225,
    "rsd_pct": 0.7757119020087413,
    "micro": false
  },
  "30k_ifelse": {
    "mean": 361.10103406288005,
    "rsd_pct": 0.08603742964523305,
    "micro": true
  },
  "30k_methods": {
    "mean": 873.3418812467294,
    "rsd_pct": 0.017745407634156073,
    "micro": true
  },
  "cfunc_itself": {
    "mean": 46.811993338306934,
    "rsd_pct": 0.6668777491054624,
    "micro": true
  },
  "fib": {
    "mean": 63.311093123186204,
    "rsd_pct": 0.04081027785649773,
    "micro": true
  },
  "getivar": {
    "mean": 44.22605165689459,
    "rsd_pct": 0.09612792007719087,
    "micro": true
  },
  "keyword_args": {
    "mean": 54.35706618363442,
    "rsd_pct": 0.1560069435989869,
    "micro": true
  },
  "respond_to": {
    "mean": 186.1007982325331,
    "rsd_pct": 0.17393192692018034,
    "micro": true
  },
  "setivar": {
    "mean": 49.97949787544283,
    "rsd_pct": 0.18685747840943726,
    "micro": true
  },
  "str_concat": {
    "mean": 46.185800775575856,
    "rsd_pct": 1.238753530618713,
    "micro": true
  }
}