{
  "activerecord": {
    "mean": 109.13330420481236,
    "rsd_pct": 0.5049377602334815,
    "micro": false
  },
  "hexapdf": {
    "mean": 2374.480642999212,
    "rsd_pct": 1.7624471713582106,
    "micro": false
  },
  "liquid-render": {
    "mean": 127.84072043374181,
    "rsd_pct": 1.8925864679140085,
    "micro": false
  },
  "mail": {
    "mean": 162.697330609388,
    "rsd_pct": 0.3852206277666443,
    "micro": false
  },
  "psych-load": {
    "mean": 1985.3933269778888,
    "rsd_pct": 0.024863732737130346,
    "micro": false
  },
  "railsbench": {
    "mean": 2177.513143171867,
    "rsd_pct": 0.9785472773629575,
    "micro": false
  },
  "binarytrees": {
    "mean": 344.2382092368515,
    "rsd_pct": 0.152373592187284,
    "micro": false
  },
  "chunky_png": {
    "mean": 657.4784155003726,
    "rsd_pct": 0.15153646647823157,
    "micro": false
  },
  "discourse": {
    "mean": 733.9946845655932,
    "rsd_pct": 15.479116449664721,
    "micro": false
  },
  "erubi": {
    "mean": 414.7317995278475,
    "rsd_pct": 0.7097470259948153,
    "micro": false
  },
  "erubi_rails": {
    "mean": 20.412453655437165,
    "rsd_pct": 3.494800806523611,
    "micro": false
  },
  "fannkuchredux": {
    "mean": 7469.877415771286,
    "rsd_pct": 0.27017484102710965,
    "micro": false
  },
  "lee": {
    "mean": 896.2430781261487,
    "rsd_pct": 1.739334785210894,
    "micro": false
  },
  "nbody": {
    "mean": 86.86102025250209,
    "rsd_pct": 0.47748339398398026,
    "micro": false
  },
  "optcarrot": {
    "mean": 3565.787711801628,
    "rsd_pct": 0.5876923441672534,
    "micro": false
  },
  "rubykon": {
    "mean": 6400.9571476529045,
    "rsd_pct": 0.3030413062193353,
    "micro": false
  },
  "30k_ifelse": {
    "mean": 359.4076215023441,
    "rsd_pct": 0.16976671520691267,
    "micro": true
  },
  "30k_methods": {
    "mean": 879.9161467362534,
    "rsd_pct": 0.06545236619910692,
    "micro": true
  },
  "cfunc_itself": {
    "mean": 46.22998212848685,
    "rsd_pct": 0.9672588950709996,
    "micro": true
  },
  "fib": {
    "mean": 62.47659690561704,
    "rsd_pct": 0.5786287921077289,
    "micro": true
  },
  "getivar": {
    "mean": 42.5607961686119,
    "rsd_pct": 0.6962124390888874,
    "micro": true
  },
  "keyword_args": {
    "mean": 55.56427089939431,
    "rsd_pct": 0.666844350409902,
    "micro": true
  },
  "respond_to": {
    "mean": 196.38732516893535,
    "rsd_pct": 0.2654819531103619,
    "micro": true
  },
  "setivar": {
    "mean": 54.23698442489629,
    "rsd_pct": 1.2531423841353877,
    "micro": true
  }
}