{
  "activerecord": {
    "mean": 101.63877660838457,
    "rsd_pct": 0.4862396474866142,
    "micro": false
  },
  "hexapdf": {
    "mean": 2317.0912832021713,
    "rsd_pct": 1.3168445962440882,
    "micro": false
  },
  "liquid-render": {
    "mean": 116.42099277061574,
    "rsd_pct": 1.8708906426352245,
    "micro": false
  },
  "mail": {
    "mean": 154.0360620102057,
    "rsd_pct": 0.2751919529704441,
    "micro": false
  },
  "psych-load": {
    "mean": 1956.9610906143982,
    "rsd_pct": 0.02784270970934305,
    "micro": false
  },
  "railsbench": {
    "mean": 2056.6229867438474,
    "rsd_pct": 1.1316801580350975,
    "micro": false
  },
  "binarytrees": {
    "mean": 236.30975476082634,
    "rsd_pct": 0.07193765143643367,
    "micro": false
  },
  "chunky_png": {
    "mean": 681.5942420313755,
    "rsd_pct": 0.05811540222783,
    "micro": false
  },
  "erubi": {
    "mean": 295.6608524828246,
    "rsd_pct": 0.6621224596057352,
    "micro": false
  },
  "erubi_rails": {
    "mean": 18.97679705350172,
    "rsd_pct": 3.7541187492691384,
    "micro": false
  },
  "fannkuchredux": {
    "mean": 2349.4500709076724,
    "rsd_pct": 0.08864524463436986,
    "micro": false
  },
  "lee": {
    "mean": 955.2202421639647,
    "rsd_pct": 1.2471054286620054,
    "micro": false
  },
  "nbody": {
    "mean": 90.87678132522286,
    "rsd_pct": 0.1289350677151738,
    "micro": false
  },
  "optcarrot": {
    "mean": 3456.800693521897,
    "rsd_pct": 0.6250755014783514,
    "micro": false
  },
  "rubykon": {
    "mean": 6879.128009080887,
    "rsd_pct": 0.7338584549062813,
    "micro": false
  },
  "30k_ifelse": {
    "mean": 362.3724963649043,
    "rsd_pct": 0.12115677757781075,
    "micro": true
  },
  "30k_methods": {
    "mean": 795.2146944589913,
    "rsd_pct": 0.02281074575419454,
    "micro": true
  },
  "cfunc_itself": {
    "mean": 46.69077646023795,
    "rsd_pct": 0.8476189567973448,
    "micro": true
  },
  "fib": {
    "mean": 63.833218841057906,
    "rsd_pct": 3.3370191907459112,
    "micro": true
  },
  "getivar": {
    "mean": 42.742072594625284,
    "rsd_pct": 0.0481843668666843,
    "micro": true
  },
  "keyword_args": {
    "mean": 55.581194767347796,
    "rsd_pct": 0.25366284708251335,
    "micro": true
  },
  "respond_to": {
    "mean": 31.62404146414619,
    "rsd_pct": 1.6492692921102414,
    "micro": true
  },
  "setivar": {
    "mean": 40.74514863629448,
    "rsd_pct": 0.13334513609245566,
    "micro": true
  },
  "str_concat": {
    "mean": 40.60436098510961,
    "rsd_pct": 1.8360995243468796,
    "micro": true
  }
}