{
  "activerecord": {
    "mean": 103.75891773520169,
    "rsd_pct": 0.6958866037942004,
    "micro": false
  },
  "hexapdf": {
    "mean": 2259.3267337351185,
    "rsd_pct": 2.5104788282507493,
    "micro": false
  },
  "liquid-render": {
    "mean": 128.16309186974632,
    "rsd_pct": 1.1637967106449427,
    "micro": false
  },
  "mail": {
    "mean": 160.06376657730092,
    "rsd_pct": 0.11329372782985178,
    "micro": false
  },
  "psych-load": {
    "mean": 1862.8621096683976,
    "rsd_pct": 0.0183676765308859,
    "micro": false
  },
  "railsbench": {
    "mean": 2069.4271352675664,
    "rsd_pct": 1.3122048481115005,
    "micro": false
  },
  "ruby-lsp": {
    "mean": 70.53043342245674,
    "rsd_pct": 17.19739237015818,
    "micro": false
  },
  "binarytrees": {
    "mean": 238.19638158411612,
    "rsd_pct": 0.05459329021450497,
    "micro": false
  },
  "chunky_png": {
    "mean": 614.8182602012336,
    "rsd_pct": 0.05752179367515199,
    "micro": false
  },
  "erubi": {
    "mean": 294.6058172996605,
    "rsd_pct": 0.814074050405012,
    "micro": false
  },
  "erubi_rails": {
    "mean": 17.83445675822635,
    "rsd_pct": 3.699185423827641,
    "micro": false
  },
  "etanni": {
    "mean": 474.75737450059523,
    "rsd_pct": 0.5066630654409086,
    "micro": false
  },
  "fannkuchredux": {
    "mean": 2299.365977399672,
    "rsd_pct": 0.15546446034485314,
    "micro": false
  },
  "lee": {
    "mean": 901.8507881813672,
    "rsd_pct": 1.9009315707995855,
    "micro": false
  },
  "nbody": {
    "mean": 78.14226875264531,
    "rsd_pct": 0.060154254082089555,
    "micro": false
  },
  "optcarrot": {
    "mean": 2963.4714515986466,
    "rsd_pct": 0.4085203048242776,
    "micro": false
  },
  "rubykon": {
    "mean": 6536.26381373615,
    "rsd_pct": 1.0190331874361436,
    "micro": false
  },
  "30k_ifelse": {
    "mean": 400.98749250144465,
    "rsd_pct": 0.13057437292517657,
    "micro": true
  },
  "30k_methods": {
    "mean": 960.1945976006391,
    "rsd_pct": 0.03094877872056381,
    "micro": true
  },
  "cfunc_itself": {
    "mean": 45.3916867216329,
    "rsd_pct": 0.0574721973205601,
    "micro": true
  },
  "fib": {
    "mean": 60.97546033868974,
    "rsd_pct": 0.06019833952550621,
    "micro": true
  },
  "getivar": {
    "mean": 45.85361221411457,
    "rsd_pct": 0.1138860789573937,
    "micro": true
  },
  "keyword_args": {
    "mean": 52.020757737333646,
    "rsd_pct": 0.04432743036955066,
    "micro": true
  },
  "respond_to": {
    "mean": 28.612904810736744,
    "rsd_pct": 0.5073897670980759,
    "micro": true
  },
  "setivar": {
    "mean": 49.59753881454916,
    "rsd_pct": 0.14453344304000193,
    "micro": true
  },
  "str_concat": {
    "mean": 40.82191807210368,
    "rsd_pct": 1.8510319110638471,
    "micro": true
  }
}