{
  "activerecord": {
    "mean": 106.84378727965351,
    "rsd_pct": 1.9031274577453228,
    "micro": false
  },
  "hexapdf": {
    "mean": 2213.603579066694,
    "rsd_pct": 1.4695523652181828,
    "micro": false
  },
  "jekyll": {
    "mean": 7671.633603004739,
    "rsd_pct": 1.5659662110869945,
    "micro": false
  },
  "liquid-render": {
    "mean": 131.75373662814079,
    "rsd_pct": 1.8422576302418725,
    "micro": false
  },
  "mail": {
    "mean": 138.19980902124698,
    "rsd_pct": 0.281268105683848,
    "micro": false
  },
  "psych-load": {
    "mean": 1645.5940559040755,
    "rsd_pct": 0.890754442182244,
    "micro": false
  },
  "railsbench": {
    "mean": 2414.1584790311754,
    "rsd_pct": 1.5428507205110098,
    "micro": false
  },
  "binarytrees": {
    "mean": 296.90498722203336,
    "rsd_pct": 2.5457846407329385,
    "micro": false
  },
  "fannkuchredux": {
    "mean": 5789.74100491032,
    "rsd_pct": 0.8555523443297309,
    "micro": false
  },
  "lee": {
    "mean": 799.2568592599127,
    "rsd_pct": 1.3515999614213992,
    "micro": false
  },
  "nbody": {
    "mean": 74.99207961572341,
    "rsd_pct": 0.04158976257277932,
    "micro": false
  },
  "optcarrot": {
    "mean": 3054.794613830745,
    "rsd_pct": 0.16479583442135548,
    "micro": false
  },
  "30k_ifelse": {
    "mean": 317.559151567589,
    "rsd_pct": 0.1777563724220895,
    "micro": true
  },
  "30k_methods": {
    "mean": 764.1759326352793,
    "rsd_pct": 0.038645543581094434,
    "micro": true
  },
  "cfunc_itself": {
    "mean": 38.61641404897297,
    "rsd_pct": 0.27014853010232703,
    "micro": true
  },
  "fib": {
    "mean": 51.99473483487964,
    "rsd_pct": 0.04194644771473482,
    "micro": true
  },
  "getivar": {
    "mean": 36.25162959623455,
    "rsd_pct": 0.049797856776662666,
    "micro": true
  },
  "keyword_args": {
    "mean": 237.71008133888245,
    "rsd_pct": 0.0802382703471625,
    "micro": true
  },
  "respond_to": {
    "mean": 170.63063592218828,
    "rsd_pct": 0.3055342560515749,
    "micro": true
  },
  "setivar": {
    "mean": 37.6438715989821,
    "rsd_pct": 0.3067924559476729,
    "micro": true
  }
}