{
  "activerecord": {
    "mean": 123.34438624336792,
    "rsd_pct": 1.3663806673991554,
    "micro": false
  },
  "lee": {
    "mean": 1002.9474924456074,
    "rsd_pct": 1.3419998602103194,
    "micro": false
  },
  "fib": {
    "mean": 63.04688077433603,
    "rsd_pct": 0.04943703162732847,
    "micro": true
  },
  "getivar": {
    "mean": 36.27749647156716,
    "rsd_pct": 0.03879992881930009,
    "micro": true
  },
  "respond_to": {
    "mean": 159.43469115530928,
    "rsd_pct": 0.10524251512417462,
    "micro": true
  }
}