{
  "activerecord": {
    "mean": 354.24680982821815,
    "rsd_pct": 0.2629041134085558,
    "micro": false
  },
  "hexapdf": {
    "mean": 6786.5892595301075,
    "rsd_pct": 1.4505835323111633,
    "micro": false
  },
  "liquid-render": {
    "mean": 400.57304471015595,
    "rsd_pct": 1.5715997925958234,
    "micro": false
  },
  "mail": {
    "mean": 410.4272063279934,
    "rsd_pct": 0.1269997386655994,
    "micro": false
  },
  "psych-load": {
    "mean": 5644.424517825246,
    "rsd_pct": 0.051116533441570994,
    "micro": false
  },
  "railsbench": {
    "mean": 6094.54408523937,
    "rsd_pct": 0.47368307354228883,
    "micro": false
  },
  "ruby-lsp": {
    "mean": 206.50321252234409,
    "rsd_pct": 10.261417399363738,
    "micro": false
  },
  "sequel": {
    "mean": 399.10338787982863,
    "rsd_pct": 1.7501632945092147,
    "micro": false
  },
  "binarytrees": {
    "mean": 540.8537120613105,
    "rsd_pct": 0.22763352181847787,
    "micro": false
  },
  "chunky_png": {
    "mean": 1510.1051519741304,
    "rsd_pct": 0.0832632859056356,
    "micro": false
  },
  "erubi": {
    "mean": 720.6227543360707,
    "rsd_pct": 1.5495406230378623,
    "micro": false
  },
  "erubi_rails": {
    "mean": 49.38506048490448,
    "rsd_pct": 2.400571455335225,
    "micro": false
  },
  "etanni": {
    "mean": 1176.214073185942,
    "rsd_pct": 0.9714818652115995,
    "micro": false
  },
  "fannkuchredux": {
    "mean": 2301.150087444555,
    "rsd_pct": 0.14761621000848688,
    "micro": false
  },
  "lee": {
    "mean": 2415.380181123813,
    "rsd_pct": 0.37195699115306863,
    "micro": false
  },
  "nbody": {
    "mean": 177.38822128677324,
    "rsd_pct": 0.11379942805441698,
    "micro": false
  },
  "optcarrot": {
    "mean": 10704.458552536866,
    "rsd_pct": 0.3926087635767981,
    "micro": false
  },
  "rubykon": {
    "mean": 21482.479866035283,
    "rsd_pct": 0.29443215334386297,
    "micro": false
  },
  "30k_ifelse": {
    "mean": 1910.5772695317864,
    "rsd_pct": 0.095950307892323,
    "micro": true
  },
  "30k_methods": {
    "mean": 3928.348112013191,
    "rsd_pct": 0.040227734610147795,
    "micro": true
  },
  "cfunc_itself": {
    "mean": 103.29850121504731,
    "rsd_pct": 0.062170286319292674,
    "micro": true
  },
  "fib": {
    "mean": 175.37262553712296,
    "rsd_pct": 0.007156557747979042,
    "micro": true
  },
  "getivar": {
    "mean": 107.90207848345878,
    "rsd_pct": 0.008097245417093816,
    "micro": true
  },
  "keyword_args": {
    "mean": 151.0289294756544,
    "rsd_pct": 0.012453427715625147,
    "micro": true
  },
  "respond_to": {
    "mean": 100.20573845228165,
    "rsd_pct": 2.1058329769239594,
    "micro": true
  },
  "setivar": {
    "mean": 50.05938584354761,
    "rsd_pct": 0.015573005613460304,
    "micro": true
  },
  "setivar_object": {
    "mean": 127.51074254451574,
    "rsd_pct": 1.3661730403686017,
    "micro": true
  },
  "str_concat": {
    "mean": 106.47510616202848,
    "rsd_pct": 1.0129054588461823,
    "micro": true
  }
}