{
  "activerecord": {
    "mean": 148.69125677814966,
    "rsd_pct": 0.21413845771355594,
    "micro": false
  },
  "erubi_rails": {
    "mean": 46.16084698511859,
    "rsd_pct": 2.0441086751115427,
    "micro": false
  },
  "hexapdf": {
    "mean": 6181.251955032349,
    "rsd_pct": 1.7550126382672906,
    "micro": false
  },
  "liquid-c": {
    "mean": 188.07616473277233,
    "rsd_pct": 1.8388953289883543,
    "micro": false
  },
  "liquid-render": {
    "mean": 356.62712649883406,
    "rsd_pct": 2.2168078888377876,
    "micro": false
  },
  "mail": {
    "mean": 374.5404395407864,
    "rsd_pct": 0.39910245880244327,
    "micro": false
  },
  "psych-load": {
    "mean": 5119.773835688829,
    "rsd_pct": 0.07113027814162379,
    "micro": false
  },
  "railsbench": {
    "mean": 5476.57843567431,
    "rsd_pct": 0.7548185716807987,
    "micro": false
  },
  "ruby-lsp": {
    "mean": 202.87611886187523,
    "rsd_pct": 18.242617383533467,
    "micro": false
  },
  "sequel": {
    "mean": 201.87918900361134,
    "rsd_pct": 0.1632598618229355,
    "micro": false
  },
  "binarytrees": {
    "mean": 529.4348862839909,
    "rsd_pct": 0.10171446309573536,
    "micro": false
  },
  "chunky_png": {
    "mean": 1548.766540712677,
    "rsd_pct": 0.07226043139986149,
    "micro": false
  },
  "erubi": {
    "mean": 555.7603263355131,
    "rsd_pct": 0.928252196807798,
    "micro": false
  },
  "etanni": {
    "mean": 915.7551488218209,
    "rsd_pct": 0.546218110059556,
    "micro": false
  },
  "fannkuchredux": {
    "mean": 2016.1850988356905,
    "rsd_pct": 0.12610543944219765,
    "micro": false
  },
  "lee": {
    "mean": 2227.195796556771,
    "rsd_pct": 0.25360991298829444,
    "micro": false
  },
  "nbody": {
    "mean": 175.88265759952586,
    "rsd_pct": 0.05780330382553779,
    "micro": false
  },
  "optcarrot": {
    "mean": 10368.785484259328,
    "rsd_pct": 0.6999631661561274,
    "micro": false
  },
  "ruby-json": {
    "mean": 8419.4090825816,
    "rsd_pct": 0.10743464044021102,
    "micro": false
  },
  "rubykon": {
    "mean": 20769.285887107253,
    "rsd_pct": 0.38661667453637216,
    "micro": false
  },
  "30k_ifelse": {
    "mean": 1932.030906028887,
    "rsd_pct": 0.04558925696453625,
    "micro": true
  },
  "30k_methods": {
    "mean": 3846.2260656413578,
    "rsd_pct": 0.09312969995211046,
    "micro": true
  },
  "cfunc_itself": {
    "mean": 104.37419549069875,
    "rsd_pct": 0.06206146025082277,
    "micro": true
  },
  "fib": {
    "mean": 191.09591830774775,
    "rsd_pct": 0.006141351481854957,
    "micro": true
  },
  "getivar": {
    "mean": 107.47314850614327,
    "rsd_pct": 0.00751996346025839,
    "micro": true
  },
  "keyword_args": {
    "mean": 190.30935735872356,
    "rsd_pct": 0.02175953247007381,
    "micro": true
  },
  "respond_to": {
    "mean": 113.02432756024862,
    "rsd_pct": 1.108529404900674,
    "micro": true
  },
  "setivar": {
    "mean": 50.03818898797917,
    "rsd_pct": 0.012035237228082899,
    "micro": true
  },
  "setivar_object": {
    "mean": 126.96132746688421,
    "rsd_pct": 1.3319900140685945,
    "micro": true
  },
  "setivar_young": {
    "mean": 124.01091243588814,
    "rsd_pct": 0.00735153409499205,
    "micro": true
  },
  "str_concat": {
    "mean": 116.19891664054293,
    "rsd_pct": 0.7172938093522926,
    "micro": true
  },
  "throw": {
    "mean": 49.77998629679185,
    "rsd_pct": 0.16990933059871177,
    "micro": true
  }
}