{
  "activerecord": {
    "mean": 109.69116020344758,
    "rsd_pct": 1.251918266739061
  },
  "hexapdf": {
    "mean": 2226.9798452965915,
    "rsd_pct": 1.8758791991228498
  },
  "jekyll": {
    "mean": 7429.8554747365415,
    "rsd_pct": 1.8014618062643006
  },
  "liquid-render": {
    "mean": 127.12983986539011,
    "rsd_pct": 2.441557652614014
  },
  "mail": {
    "mean": 140.05524751194048,
    "rsd_pct": 1.4218555332805582
  },
  "psych-load": {
    "mean": 1622.9968884959817,
    "rsd_pct": 0.07234957390046756
  },
  "railsbench": {
    "mean": 2343.260235339403,
    "rsd_pct": 2.612184197306922
  },
  "binarytrees": {
    "mean": 302.62847375451474,
    "rsd_pct": 2.7354327504494473
  },
  "fannkuchredux": {
    "mean": 5468.052191101015,
    "rsd_pct": 0.17327425656091178
  },
  "lee": {
    "mean": 795.7282872521318,
    "rsd_pct": 0.47227318580126626
  },
  "nbody": {
    "mean": 75.2791558879835,
    "rsd_pct": 0.03394469744764704
  },
  "optcarrot": {
    "mean": 3135.512249637395,
    "rsd_pct": 0.4313300252365226
  },
  "rubykon": {
    "mean": 5492.528277635574,
    "rsd_pct": 0.4009196402132177
  },
  "30k_ifelse": {
    "mean": 317.60348279450864,
    "rsd_pct": 0.16784780720192094
  },
  "30k_methods": {
    "mean": 751.7618992749383,
    "rsd_pct": 0.044783070808545156
  },
  "cfunc_itself": {
    "mean": 38.77394394617778,
    "rsd_pct": 0.28283377212743416
  },
  "fib": {
    "mean": 52.00936011224985,
    "rsd_pct": 0.03464621043869282
  },
  "getivar": {
    "mean": 36.238786820780014,
    "rsd_pct": 0.12426760090920949
  },
  "keyword_args": {
    "mean": 45.623888941112654,
    "rsd_pct": 0.12830244476718738
  },
  "respond_to": {
    "mean": 165.17061796704573,
    "rsd_pct": 0.6144360826262474
  },
  "setivar": {
    "mean": 42.25668394897442,
    "rsd_pct": 0.055823289213626746
  }
}