{
  "activerecord": {
    "mean": 96.4496366497947,
    "rsd_pct": 0.7769794142102598,
    "micro": false
  },
  "hexapdf": {
    "mean": 2307.5957295795283,
    "rsd_pct": 2.6413743322041157,
    "micro": false
  },
  "liquid-render": {
    "mean": 113.25194697356088,
    "rsd_pct": 2.016797313409153,
    "micro": false
  },
  "mail": {
    "mean": 160.41050822012068,
    "rsd_pct": 0.14732436958010292,
    "micro": false
  },
  "psych-load": {
    "mean": 1883.5058252016704,
    "rsd_pct": 0.018834271707715372,
    "micro": false
  },
  "railsbench": {
    "mean": 2062.642635653416,
    "rsd_pct": 1.2255779312786275,
    "micro": false
  },
  "binarytrees": {
    "mean": 243.50280375328174,
    "rsd_pct": 0.11503731061312601,
    "micro": false
  },
  "chunky_png": {
    "mean": 625.5769053241238,
    "rsd_pct": 0.057477819719795875,
    "micro": false
  },
  "erubi": {
    "mean": 295.0898642415431,
    "rsd_pct": 0.8252114972083592,
    "micro": false
  },
  "erubi_rails": {
    "mean": 18.00962404527685,
    "rsd_pct": 10.329031485647961,
    "micro": false
  },
  "etanni": {
    "mean": 469.8106355610348,
    "rsd_pct": 0.45254518926743903,
    "micro": false
  },
  "fannkuchredux": {
    "mean": 2278.5455219447613,
    "rsd_pct": 0.1658355739300196,
    "micro": false
  },
  "lee": {
    "mean": 934.8192683288029,
    "rsd_pct": 1.899109661966843,
    "micro": false
  },
  "nbody": {
    "mean": 77.96059008978773,
    "rsd_pct": 0.08151457468258144,
    "micro": false
  },
  "optcarrot": {
    "mean": 3061.6843447089195,
    "rsd_pct": 0.3853085982738009,
    "micro": false
  },
  "ruby-lsp": {
    "mean": 83.39430652243101,
    "rsd_pct": 23.993047754827757,
    "micro": false
  },
  "rubykon": {
    "mean": 6788.520376880963,
    "rsd_pct": 1.3921789183373294,
    "micro": false
  },
  "30k_ifelse": {
    "mean": 394.1245175898075,
    "rsd_pct": 0.10717877297086362,
    "micro": true
  },
  "30k_methods": {
    "mean": 956.3341081142426,
    "rsd_pct": 0.06984782677578888,
    "micro": true
  },
  "cfunc_itself": {
    "mean": 41.39532070569318,
    "rsd_pct": 0.2286611703734738,
    "micro": true
  },
  "fib": {
    "mean": 61.28581576734964,
    "rsd_pct": 0.1500767455220521,
    "micro": true
  },
  "getivar": {
    "mean": 46.826212653811545,
    "rsd_pct": 0.06253374311510526,
    "micro": true
  },
  "keyword_args": {
    "mean": 51.93062065992245,
    "rsd_pct": 0.3288580991513965,
    "micro": true
  },
  "respond_to": {
    "mean": 30.26501264173362,
    "rsd_pct": 0.6232556686089543,
    "micro": true
  },
  "setivar": {
    "mean": 49.76099786512992,
    "rsd_pct": 0.12034170212908023,
    "micro": true
  },
  "str_concat": {
    "mean": 42.38620071631411,
    "rsd_pct": 1.743373963033832,
    "micro": true
  }
}