{
  "activerecord": {
    "mean": 141.49638550009306,
    "rsd_pct": 0.22850804472913266,
    "micro": false
  },
  "erubi_rails": {
    "mean": 44.11615734972879,
    "rsd_pct": 2.0662160276150794,
    "micro": false
  },
  "hexapdf": {
    "mean": 5703.706041971843,
    "rsd_pct": 2.198562996339702,
    "micro": false
  },
  "liquid-c": {
    "mean": 187.2720247495975,
    "rsd_pct": 1.7267646190318895,
    "micro": false
  },
  "liquid-compile": {
    "mean": 164.44263474562163,
    "rsd_pct": 0.5945612676267997,
    "micro": false
  },
  "liquid-render": {
    "mean": 333.93024729485523,
    "rsd_pct": 2.377917251621804,
    "micro": false
  },
  "mail": {
    "mean": 364.8111299406011,
    "rsd_pct": 0.13574074718265552,
    "micro": false
  },
  "psych-load": {
    "mean": 5127.096185833216,
    "rsd_pct": 0.09892381040513826,
    "micro": false
  },
  "railsbench": {
    "mean": 5267.402910068631,
    "rsd_pct": 0.7775773517485326,
    "micro": false
  },
  "ruby-lsp": {
    "mean": 174.39717581571892,
    "rsd_pct": 12.250018166768719,
    "micro": false
  },
  "sequel": {
    "mean": 202.65120324195456,
    "rsd_pct": 0.2005508124856509,
    "micro": false
  },
  "binarytrees": {
    "mean": 492.2503496723613,
    "rsd_pct": 0.12039858762391209,
    "micro": false
  },
  "chunky_png": {
    "mean": 1458.8443137585155,
    "rsd_pct": 0.09938815886568791,
    "micro": false
  },
  "erubi": {
    "mean": 561.3013617694378,
    "rsd_pct": 0.8612281605839526,
    "micro": false
  },
  "etanni": {
    "mean": 912.7384386568641,
    "rsd_pct": 0.4582067458852291,
    "micro": false
  },
  "fannkuchredux": {
    "mean": 1501.4105114340782,
    "rsd_pct": 0.20106042251778386,
    "micro": false
  },
  "lee": {
    "mean": 2201.7161559668325,
    "rsd_pct": 0.26344946498993094,
    "micro": false
  },
  "nbody": {
    "mean": 153.5453110216902,
    "rsd_pct": 0.09306112447139184,
    "micro": false
  },
  "optcarrot": {
    "mean": 8636.711270486316,
    "rsd_pct": 0.490325286510463,
    "micro": false
  },
  "ruby-json": {
    "mean": 8352.434962242842,
    "rsd_pct": 0.06436440802695086,
    "micro": false
  },
  "rubykon": {
    "mean": 19333.155945315957,
    "rsd_pct": 0.3656745189876918,
    "micro": false
  },
  "30k_ifelse": {
    "mean": 1602.7105428278446,
    "rsd_pct": 0.034418062551577755,
    "micro": true
  },
  "30k_methods": {
    "mean": 3461.562601363529,
    "rsd_pct": 0.06613450151216288,
    "micro": true
  },
  "cfunc_itself": {
    "mean": 86.82901224548532,
    "rsd_pct": 0.03533284652385715,
    "micro": true
  },
  "fib": {
    "mean": 123.65877004672906,
    "rsd_pct": 0.07801202704771322,
    "micro": true
  },
  "getivar": {
    "mean": 40.46606879441388,
    "rsd_pct": 0.013142102708045528,
    "micro": true
  },
  "keyword_args": {
    "mean": 124.89070769739695,
    "rsd_pct": 0.019996801553027292,
    "micro": true
  },
  "respond_to": {
    "mean": 72.98270181906177,
    "rsd_pct": 1.3851420213456853,
    "micro": true
  },
  "setivar": {
    "mean": 30.894015845856625,
    "rsd_pct": 0.016171980033026053,
    "micro": true
  },
  "setivar_object": {
    "mean": 116.22567936223759,
    "rsd_pct": 1.365921069768495,
    "micro": true
  },
  "setivar_young": {
    "mean": 113.14197765442275,
    "rsd_pct": 0.01945381000061661,
    "micro": true
  },
  "str_concat": {
    "mean": 83.36081814804719,
    "rsd_pct": 0.9743719821540199,
    "micro": true
  },
  "throw": {
    "mean": 49.43017592374576,
    "rsd_pct": 0.15632148195680426,
    "micro": true
  }
}