{
  "activerecord": {
    "mean": 101.12690832948438,
    "rsd_pct": 0.6947159040392674,
    "micro": false
  },
  "hexapdf": {
    "mean": 2371.0590663055577,
    "rsd_pct": 1.980677498717163,
    "micro": false
  },
  "liquid-render": {
    "mean": 124.02305680752536,
    "rsd_pct": 1.6907254457102932,
    "micro": false
  },
  "mail": {
    "mean": 154.81763509239337,
    "rsd_pct": 0.22250772893342544,
    "micro": false
  },
  "psych-load": {
    "mean": 1908.4538506964843,
    "rsd_pct": 0.04219895724296186,
    "micro": false
  },
  "railsbench": {
    "mean": 2084.7434458633265,
    "rsd_pct": 1.0625939315741537,
    "micro": false
  },
  "binarytrees": {
    "mean": 375.2876068982813,
    "rsd_pct": 0.05142879306170746,
    "micro": false
  },
  "chunky_png": {
    "mean": 652.1389562636614,
    "rsd_pct": 0.20641368707832375,
    "micro": false
  },
  "erubi": {
    "mean": 297.97313523603907,
    "rsd_pct": 0.7323919953679405,
    "micro": false
  },
  "erubi_rails": {
    "mean": 19.18948565557105,
    "rsd_pct": 3.6706883681955755,
    "micro": false
  },
  "fannkuchredux": {
    "mean": 2405.6219135721526,
    "rsd_pct": 0.05975097930342667,
    "micro": false
  },
  "lee": {
    "mean": 949.5454969860259,
    "rsd_pct": 0.9851091192766219,
    "micro": false
  },
  "nbody": {
    "mean": 93.06620576989062,
    "rsd_pct": 0.09815595326858755,
    "micro": false
  },
  "optcarrot": {
    "mean": 3498.704477896293,
    "rsd_pct": 0.6232192680277111,
    "micro": false
  },
  "rubykon": {
    "mean": 6723.821121454239,
    "rsd_pct": 0.6577531622262184,
    "micro": false
  },
  "30k_ifelse": {
    "mean": 372.5194182522871,
    "rsd_pct": 0.09242506837399211,
    "micro": true
  },
  "30k_methods": {
    "mean": 794.6966893970966,
    "rsd_pct": 0.02523727823150538,
    "micro": true
  },
  "cfunc_itself": {
    "mean": 44.98300032807145,
    "rsd_pct": 0.6781357385759134,
    "micro": true
  },
  "fib": {
    "mean": 64.70067104668293,
    "rsd_pct": 0.13713652009720317,
    "micro": true
  },
  "getivar": {
    "mean": 42.632633083584636,
    "rsd_pct": 0.05077550800966697,
    "micro": true
  },
  "keyword_args": {
    "mean": 52.05570740075709,
    "rsd_pct": 0.3365079271388478,
    "micro": true
  },
  "respond_to": {
    "mean": 190.31272692462574,
    "rsd_pct": 0.22885437322028832,
    "micro": true
  },
  "setivar": {
    "mean": 43.25351560109363,
    "rsd_pct": 0.3902968431128742,
    "micro": true
  },
  "str_concat": {
    "mean": 43.93420163542032,
    "rsd_pct": 1.8429672607792895,
    "micro": true
  }
}