{
  "activerecord": {
    "mean": 305.6998243753113,
    "rsd_pct": 0.4496254377655281,
    "micro": false
  },
  "hexapdf": {
    "mean": 6750.982837968816,
    "rsd_pct": 1.1865500440795245,
    "micro": false
  },
  "liquid-render": {
    "mean": 390.0497641288123,
    "rsd_pct": 1.646610795416952,
    "micro": false
  },
  "mail": {
    "mean": 412.75526369188697,
    "rsd_pct": 0.19075658259105646,
    "micro": false
  },
  "psych-load": {
    "mean": 5716.488212812692,
    "rsd_pct": 0.030357723736526114,
    "micro": false
  },
  "railsbench": {
    "mean": 6094.771113743384,
    "rsd_pct": 0.5589153334030895,
    "micro": false
  },
  "ruby-lsp": {
    "mean": 233.63854130392596,
    "rsd_pct": 17.70944691349751,
    "micro": false
  },
  "binarytrees": {
    "mean": 541.7275476378991,
    "rsd_pct": 0.30412404503580787,
    "micro": false
  },
  "chunky_png": {
    "mean": 1516.3226883596508,
    "rsd_pct": 0.06796378437047508,
    "micro": false
  },
  "erubi": {
    "mean": 738.605207339652,
    "rsd_pct": 1.1718930998024988,
    "micro": false
  },
  "erubi_rails": {
    "mean": 49.400334531227955,
    "rsd_pct": 2.3613504338161575,
    "micro": false
  },
  "etanni": {
    "mean": 1153.1630196453382,
    "rsd_pct": 0.545653183389167,
    "micro": false
  },
  "fannkuchredux": {
    "mean": 2322.6694956732294,
    "rsd_pct": 0.1400359437037717,
    "micro": false
  },
  "lee": {
    "mean": 2329.356619556035,
    "rsd_pct": 0.6263905968340059,
    "micro": false
  },
  "nbody": {
    "mean": 177.27634846232831,
    "rsd_pct": 0.057082288297750645,
    "micro": false
  },
  "optcarrot": {
    "mean": 10525.786226180693,
    "rsd_pct": 0.4126502602836225,
    "micro": false
  },
  "rubykon": {
    "mean": 21951.188872226823,
    "rsd_pct": 0.43765994973347916,
    "micro": false
  },
  "30k_ifelse": {
    "mean": 1920.306863348779,
    "rsd_pct": 0.02137981707322212,
    "micro": true
  },
  "30k_methods": {
    "mean": 3909.243745286949,
    "rsd_pct": 0.10394476593260683,
    "micro": true
  },
  "cfunc_itself": {
    "mean": 113.37967882103914,
    "rsd_pct": 0.0073153088013500735,
    "micro": true
  },
  "fib": {
    "mean": 175.36821649936994,
    "rsd_pct": 0.007417556288895517,
    "micro": true
  },
  "getivar": {
    "mean": 107.91828838183419,
    "rsd_pct": 0.045410081214439006,
    "micro": true
  },
  "keyword_args": {
    "mean": 165.90433637426293,
    "rsd_pct": 0.08143284583524055,
    "micro": true
  },
  "respond_to": {
    "mean": 100.0333079182948,
    "rsd_pct": 0.9363040586504839,
    "micro": true
  },
  "setivar": {
    "mean": 50.53334336281042,
    "rsd_pct": 4.189105068238311,
    "micro": true
  },
  "setivar_object": {
    "mean": 127.31525773489022,
    "rsd_pct": 1.2580684348111237,
    "micro": true
  },
  "str_concat": {
    "mean": 106.44070146841959,
    "rsd_pct": 1.0815021011891963,
    "micro": true
  }
}