{
  "activerecord": {
    "mean": 108.56864251360133,
    "rsd_pct": 0.4491917408672607,
    "micro": false
  },
  "hexapdf": {
    "mean": 2439.0507275859513,
    "rsd_pct": 2.3187709005149184,
    "micro": false
  },
  "liquid-render": {
    "mean": 127.98894235453048,
    "rsd_pct": 1.9307041285176387,
    "micro": false
  },
  "mail": {
    "mean": 163.99270923793074,
    "rsd_pct": 0.3745432736387328,
    "micro": false
  },
  "psych-load": {
    "mean": 1949.6063618610303,
    "rsd_pct": 0.024619901036462864,
    "micro": false
  },
  "railsbench": {
    "mean": 2139.864245740076,
    "rsd_pct": 1.300414049818854,
    "micro": false
  },
  "binarytrees": {
    "mean": 363.2946512890888,
    "rsd_pct": 1.7024239737317666,
    "micro": false
  },
  "chunky_png": {
    "mean": 656.0273967372874,
    "rsd_pct": 0.1072106411749962,
    "micro": false
  },
  "discourse": {
    "mean": 501.2764528584786,
    "rsd_pct": 9.51589536993877,
    "micro": false
  },
  "erubi": {
    "mean": 417.3362688062356,
    "rsd_pct": 0.7962705933892464,
    "micro": false
  },
  "erubi_rails": {
    "mean": 20.401098262934244,
    "rsd_pct": 3.2846849819710218,
    "micro": false
  },
  "fannkuchredux": {
    "mean": 7099.5400961488485,
    "rsd_pct": 0.11785892973841693,
    "micro": false
  },
  "lee": {
    "mean": 912.8888299773363,
    "rsd_pct": 0.5901928833007779,
    "micro": false
  },
  "nbody": {
    "mean": 89.29310336940154,
    "rsd_pct": 0.46645924166116204,
    "micro": false
  },
  "optcarrot": {
    "mean": 3414.0814282000065,
    "rsd_pct": 0.5870447857895243,
    "micro": false
  },
  "rubykon": {
    "mean": 7879.769506988426,
    "rsd_pct": 0.780541070231903,
    "micro": false
  },
  "30k_ifelse": {
    "mean": 355.0212925638665,
    "rsd_pct": 0.17022791981850177,
    "micro": true
  },
  "30k_methods": {
    "mean": 870.5651840110394,
    "rsd_pct": 0.06390641824725223,
    "micro": true
  },
  "cfunc_itself": {
    "mean": 44.19043367284709,
    "rsd_pct": 0.8490352084088618,
    "micro": true
  },
  "fib": {
    "mean": 62.48860209307168,
    "rsd_pct": 0.5909857600145952,
    "micro": true
  },
  "getivar": {
    "mean": 42.55239493358359,
    "rsd_pct": 0.6857848081239144,
    "micro": true
  },
  "keyword_args": {
    "mean": 52.686505955981026,
    "rsd_pct": 0.7257477489454748,
    "micro": true
  },
  "respond_to": {
    "mean": 190.1328697978031,
    "rsd_pct": 0.2878522416824397,
    "micro": true
  },
  "setivar": {
    "mean": 49.5751102749905,
    "rsd_pct": 0.7172433874283141,
    "micro": true
  }
}