{
  "activerecord": {
    "mean": 144.12354861776674,
    "rsd_pct": 0.21126769056940223,
    "micro": false
  },
  "erubi_rails": {
    "mean": 44.48398857180256,
    "rsd_pct": 1.9842693866420404,
    "micro": false
  },
  "hexapdf": {
    "mean": 5722.74749216934,
    "rsd_pct": 2.007897474997182,
    "micro": false
  },
  "liquid-c": {
    "mean": 188.94308272096984,
    "rsd_pct": 1.816261864776295,
    "micro": false
  },
  "liquid-compile": {
    "mean": 162.79694464520932,
    "rsd_pct": 0.593267898759803,
    "micro": false
  },
  "liquid-render": {
    "mean": 355.5669962050947,
    "rsd_pct": 2.273247827634329,
    "micro": false
  },
  "mail": {
    "mean": 363.80151928432525,
    "rsd_pct": 0.34143517400542456,
    "micro": false
  },
  "psych-load": {
    "mean": 5209.571294362347,
    "rsd_pct": 0.054321359191776934,
    "micro": false
  },
  "railsbench": {
    "mean": 5310.580266887943,
    "rsd_pct": 0.6962920677975236,
    "micro": false
  },
  "ruby-lsp": {
    "mean": 174.4264299104437,
    "rsd_pct": 11.87374399320334,
    "micro": false
  },
  "sequel": {
    "mean": 199.06098835043989,
    "rsd_pct": 0.2589523637127374,
    "micro": false
  },
  "binarytrees": {
    "mean": 491.63399200717157,
    "rsd_pct": 0.1306915842425147,
    "micro": false
  },
  "chunky_png": {
    "mean": 1457.3745306340918,
    "rsd_pct": 0.1035784321196356,
    "micro": false
  },
  "erubi": {
    "mean": 573.9968584086268,
    "rsd_pct": 1.0020156081628468,
    "micro": false
  },
  "etanni": {
    "mean": 900.3858739354959,
    "rsd_pct": 0.39345011622633497,
    "micro": false
  },
  "fannkuchredux": {
    "mean": 1487.1376410871744,
    "rsd_pct": 0.2412397688550227,
    "micro": false
  },
  "lee": {
    "mean": 2222.044700756669,
    "rsd_pct": 0.3903495083858332,
    "micro": false
  },
  "nbody": {
    "mean": 153.5288525176131,
    "rsd_pct": 0.0874487723709282,
    "micro": false
  },
  "optcarrot": {
    "mean": 8613.613759974638,
    "rsd_pct": 0.5380099870716532,
    "micro": false
  },
  "ruby-json": {
    "mean": 8711.797421922287,
    "rsd_pct": 0.4129962482004323,
    "micro": false
  },
  "rubykon": {
    "mean": 19140.33302515745,
    "rsd_pct": 0.3700746607524304,
    "micro": false
  },
  "30k_ifelse": {
    "mean": 1603.0706554989922,
    "rsd_pct": 0.026319202464568203,
    "micro": true
  },
  "30k_methods": {
    "mean": 3469.0361463505287,
    "rsd_pct": 0.10915646149089833,
    "micro": true
  },
  "cfunc_itself": {
    "mean": 86.84254340798864,
    "rsd_pct": 0.04801130628233909,
    "micro": true
  },
  "fib": {
    "mean": 123.70634120649406,
    "rsd_pct": 0.06961300722210408,
    "micro": true
  },
  "getivar": {
    "mean": 40.466631757755756,
    "rsd_pct": 0.014236758241776146,
    "micro": true
  },
  "keyword_args": {
    "mean": 121.68343461443934,
    "rsd_pct": 0.042983701281470506,
    "micro": true
  },
  "respond_to": {
    "mean": 73.09485226634698,
    "rsd_pct": 2.0973577458705104,
    "micro": true
  },
  "setivar": {
    "mean": 30.894106167944592,
    "rsd_pct": 0.016108934110348853,
    "micro": true
  },
  "setivar_object": {
    "mean": 116.169404316798,
    "rsd_pct": 1.398116109786085,
    "micro": true
  },
  "setivar_young": {
    "mean": 113.14400784292464,
    "rsd_pct": 0.0193710314960171,
    "micro": true
  },
  "str_concat": {
    "mean": 83.31518235148759,
    "rsd_pct": 0.9543889630919888,
    "micro": true
  },
  "throw": {
    "mean": 50.4750976296189,
    "rsd_pct": 0.15443323281596996,
    "micro": true
  }
}