{
  "activerecord": {
    "mean": 150.36750814089407,
    "rsd_pct": 0.19778711460559892,
    "micro": false
  },
  "erubi_rails": {
    "mean": 45.25243217205303,
    "rsd_pct": 2.0871861366246973,
    "micro": false
  },
  "hexapdf": {
    "mean": 6194.725098709266,
    "rsd_pct": 1.5782658539524306,
    "micro": false
  },
  "liquid-c": {
    "mean": 192.05696110457527,
    "rsd_pct": 1.7717516026032687,
    "micro": false
  },
  "liquid-render": {
    "mean": 368.064996675429,
    "rsd_pct": 2.1843516051277354,
    "micro": false
  },
  "mail": {
    "mean": 374.1333337220686,
    "rsd_pct": 0.19336500246917318,
    "micro": false
  },
  "psych-load": {
    "mean": 5514.71819318831,
    "rsd_pct": 0.04507287901509697,
    "micro": false
  },
  "railsbench": {
    "mean": 5499.644589548309,
    "rsd_pct": 0.7522781299264725,
    "micro": false
  },
  "ruby-lsp": {
    "mean": 187.89299450598764,
    "rsd_pct": 11.448369214995335,
    "micro": false
  },
  "sequel": {
    "mean": 200.95633529749603,
    "rsd_pct": 0.1716116172989097,
    "micro": false
  },
  "binarytrees": {
    "mean": 528.5913253766159,
    "rsd_pct": 0.21436129891956668,
    "micro": false
  },
  "chunky_png": {
    "mean": 1521.6547410574651,
    "rsd_pct": 0.03237241346195317,
    "micro": false
  },
  "erubi": {
    "mean": 574.1210493105876,
    "rsd_pct": 0.831802157378604,
    "micro": false
  },
  "etanni": {
    "mean": 940.1545282453299,
    "rsd_pct": 0.5559212250773666,
    "micro": false
  },
  "fannkuchredux": {
    "mean": 2029.4549899256747,
    "rsd_pct": 0.34455541850637583,
    "micro": false
  },
  "lee": {
    "mean": 2362.7195603806863,
    "rsd_pct": 0.28411803244742423,
    "micro": false
  },
  "nbody": {
    "mean": 177.2667723586679,
    "rsd_pct": 0.06005365398104661,
    "micro": false
  },
  "optcarrot": {
    "mean": 10465.737909947833,
    "rsd_pct": 0.65856736680156,
    "micro": false
  },
  "ruby-json": {
    "mean": 8284.529649714628,
    "rsd_pct": 0.08037628782506398,
    "micro": false
  },
  "rubykon": {
    "mean": 21621.726830427844,
    "rsd_pct": 0.36277505382836683,
    "micro": false
  },
  "30k_ifelse": {
    "mean": 1936.3661794427862,
    "rsd_pct": 0.031971832393254546,
    "micro": true
  },
  "30k_methods": {
    "mean": 3909.352022888405,
    "rsd_pct": 0.07959925634437018,
    "micro": true
  },
  "cfunc_itself": {
    "mean": 108.58204552458784,
    "rsd_pct": 0.01065826159035074,
    "micro": true
  },
  "fib": {
    "mean": 191.09147533567415,
    "rsd_pct": 0.006780285446006858,
    "micro": true
  },
  "getivar": {
    "mean": 107.46870339002221,
    "rsd_pct": 0.008566868782143645,
    "micro": true
  },
  "keyword_args": {
    "mean": 190.3285684711689,
    "rsd_pct": 0.05372936061951776,
    "micro": true
  },
  "respond_to": {
    "mean": 113.2652018601017,
    "rsd_pct": 1.1432387325748123,
    "micro": true
  },
  "setivar": {
    "mean": 50.03811667868378,
    "rsd_pct": 0.013585830117018128,
    "micro": true
  },
  "setivar_object": {
    "mean": 126.85908365387407,
    "rsd_pct": 1.3734240199473573,
    "micro": true
  },
  "setivar_young": {
    "mean": 124.00475247043438,
    "rsd_pct": 0.00716596318135838,
    "micro": true
  },
  "str_concat": {
    "mean": 116.23825658164266,
    "rsd_pct": 0.6299182414408313,
    "micro": true
  },
  "throw": {
    "mean": 49.54121816836432,
    "rsd_pct": 0.156360564289446,
    "micro": true
  }
}