{
  "activerecord": {
    "mean": 104.99811068206947,
    "rsd_pct": 0.5731798478377541,
    "micro": false
  },
  "hexapdf": {
    "mean": 2022.187787760049,
    "rsd_pct": 2.2803513825475132,
    "micro": false
  },
  "liquid-c": {
    "mean": 59.19940040871148,
    "rsd_pct": 2.1041829517441113,
    "micro": false
  },
  "liquid-render": {
    "mean": 109.15086905031905,
    "rsd_pct": 2.5919467343833293,
    "micro": false
  },
  "mail": {
    "mean": 131.3076931615605,
    "rsd_pct": 0.1561649332903156,
    "micro": false
  },
  "psych-load": {
    "mean": 1794.2004195724924,
    "rsd_pct": 0.041619435908165935,
    "micro": false
  },
  "railsbench": {
    "mean": 1827.0825346310933,
    "rsd_pct": 1.138705756273277,
    "micro": false
  },
  "ruby-lsp": {
    "mean": 62.954401387979495,
    "rsd_pct": 19.791626002732386,
    "micro": false
  },
  "sequel": {
    "mean": 143.81156639336683,
    "rsd_pct": 1.9215337869706808,
    "micro": false
  },
  "binarytrees": {
    "mean": 228.14422355022754,
    "rsd_pct": 0.064172450900762,
    "micro": false
  },
  "chunky_png": {
    "mean": 629.3641699594446,
    "rsd_pct": 0.11087531990533321,
    "micro": false
  },
  "erubi": {
    "mean": 249.37045912529473,
    "rsd_pct": 0.8572906841271942,
    "micro": false
  },
  "erubi_rails": {
    "mean": 15.752273879177359,
    "rsd_pct": 3.744308103075343,
    "micro": false
  },
  "etanni": {
    "mean": 399.44848851585874,
    "rsd_pct": 0.3903689417457501,
    "micro": false
  },
  "fannkuchredux": {
    "mean": 850.0397813546916,
    "rsd_pct": 0.07805702007575722,
    "micro": false
  },
  "lee": {
    "mean": 867.4268382196517,
    "rsd_pct": 0.1587476760697283,
    "micro": false
  },
  "nbody": {
    "mean": 72.98309297809179,
    "rsd_pct": 0.0731362757854021,
    "micro": false
  },
  "optcarrot": {
    "mean": 2680.781001908084,
    "rsd_pct": 0.674108645133863,
    "micro": false
  },
  "rubykon": {
    "mean": 6571.2926725236075,
    "rsd_pct": 0.3857268205090704,
    "micro": false
  },
  "30k_ifelse": {
    "mean": 423.5658821887634,
    "rsd_pct": 0.08436129885253425,
    "micro": true
  },
  "30k_methods": {
    "mean": 957.945266738534,
    "rsd_pct": 0.044956077741587885,
    "micro": true
  },
  "cfunc_itself": {
    "mean": 42.50531914721059,
    "rsd_pct": 0.12509772498496402,
    "micro": true
  },
  "fib": {
    "mean": 61.93167354581843,
    "rsd_pct": 0.03922548178379939,
    "micro": true
  },
  "getivar": {
    "mean": 45.8244624079863,
    "rsd_pct": 0.0735508430069704,
    "micro": true
  },
  "keyword_args": {
    "mean": 52.593204016187066,
    "rsd_pct": 0.11116599558033799,
    "micro": true
  },
  "respond_to": {
    "mean": 28.819937880287853,
    "rsd_pct": 0.3547752464770311,
    "micro": true
  },
  "setivar": {
    "mean": 14.913064000904448,
    "rsd_pct": 0.08114657181349404,
    "micro": true
  },
  "setivar_object": {
    "mean": 47.49858748353575,
    "rsd_pct": 1.1243985568097417,
    "micro": true
  },
  "str_concat": {
    "mean": 39.741635687850014,
    "rsd_pct": 1.534300715496751,
    "micro": true
  }
}