{
  "activerecord": {
    "mean": 330.14753262073265,
    "rsd_pct": 0.22264431177957442,
    "micro": false
  },
  "hexapdf": {
    "mean": 6628.360165065776,
    "rsd_pct": 1.7324620068922816,
    "micro": false
  },
  "liquid-render": {
    "mean": 402.3819247006693,
    "rsd_pct": 1.1338458007852315,
    "micro": false
  },
  "mail": {
    "mean": 419.13508466719617,
    "rsd_pct": 0.1724523058342886,
    "micro": false
  },
  "psych-load": {
    "mean": 5189.878258978327,
    "rsd_pct": 0.06555755082723091,
    "micro": false
  },
  "railsbench": {
    "mean": 6167.849282734096,
    "rsd_pct": 0.8345646855705791,
    "micro": false
  },
  "ruby-lsp": {
    "mean": 210.13066253641196,
    "rsd_pct": 12.544336818588942,
    "micro": false
  },
  "binarytrees": {
    "mean": 534.5050747696819,
    "rsd_pct": 0.24361333950014705,
    "micro": false
  },
  "chunky_png": {
    "mean": 1528.2215190818533,
    "rsd_pct": 0.14900838235275113,
    "micro": false
  },
  "erubi": {
    "mean": 705.1029669026426,
    "rsd_pct": 1.6848584868520011,
    "micro": false
  },
  "erubi_rails": {
    "mean": 50.89842845364494,
    "rsd_pct": 2.5040358025693683,
    "micro": false
  },
  "etanni": {
    "mean": 1145.1892416281182,
    "rsd_pct": 0.564653824963663,
    "micro": false
  },
  "fannkuchredux": {
    "mean": 2469.2225748495684,
    "rsd_pct": 0.11729290648956428,
    "micro": false
  },
  "lee": {
    "mean": 2324.2581991521133,
    "rsd_pct": 1.6205258795442554,
    "micro": false
  },
  "nbody": {
    "mean": 177.25657905905499,
    "rsd_pct": 0.07150524991077152,
    "micro": false
  },
  "optcarrot": {
    "mean": 10894.667391541103,
    "rsd_pct": 0.378272085745959,
    "micro": false
  },
  "rubykon": {
    "mean": 21188.84446118027,
    "rsd_pct": 0.34821741354485536,
    "micro": false
  },
  "30k_ifelse": {
    "mean": 1917.7170940484775,
    "rsd_pct": 0.04141562478140584,
    "micro": true
  },
  "30k_methods": {
    "mean": 3952.590802972693,
    "rsd_pct": 0.06895488462037871,
    "micro": true
  },
  "cfunc_itself": {
    "mean": 111.35565453667134,
    "rsd_pct": 0.01197226602317942,
    "micro": true
  },
  "fib": {
    "mean": 178.61506053387134,
    "rsd_pct": 0.005629725618179879,
    "micro": true
  },
  "getivar": {
    "mean": 107.4674481768971,
    "rsd_pct": 0.010882727831254406,
    "micro": true
  },
  "keyword_args": {
    "mean": 144.46557086885053,
    "rsd_pct": 0.008695742583693716,
    "micro": true
  },
  "respond_to": {
    "mean": 99.87252947774395,
    "rsd_pct": 0.8462062876665657,
    "micro": true
  },
  "setivar": {
    "mean": 50.03773932728697,
    "rsd_pct": 0.01063330636334204,
    "micro": true
  },
  "setivar_object": {
    "mean": 153.7374024847159,
    "rsd_pct": 27.670173968278366,
    "micro": true
  },
  "str_concat": {
    "mean": 106.66536826427058,
    "rsd_pct": 0.9815016372770827,
    "micro": true
  }
}