{
  "activerecord": {
    "mean": 103.44575858713749,
    "rsd_pct": 0.583934751032282,
    "micro": false
  },
  "hexapdf": {
    "mean": 2325.070151562492,
    "rsd_pct": 1.9128977909144287,
    "micro": false
  },
  "liquid-render": {
    "mean": 127.50643437990806,
    "rsd_pct": 1.6997867055150495,
    "micro": false
  },
  "mail": {
    "mean": 159.92247954010963,
    "rsd_pct": 0.198948794847513,
    "micro": false
  },
  "psych-load": {
    "mean": 1923.7384668240945,
    "rsd_pct": 0.054801595093944125,
    "micro": false
  },
  "railsbench": {
    "mean": 2095.786310235659,
    "rsd_pct": 1.2189107415126907,
    "micro": false
  },
  "binarytrees": {
    "mean": 359.2258801853115,
    "rsd_pct": 0.05845242649095908,
    "micro": false
  },
  "chunky_png": {
    "mean": 659.3144870052735,
    "rsd_pct": 0.1004031271724164,
    "micro": false
  },
  "erubi": {
    "mean": 369.7448566485688,
    "rsd_pct": 0.6256087331185687,
    "micro": false
  },
  "erubi_rails": {
    "mean": 20.256699443204827,
    "rsd_pct": 3.083205666058435,
    "micro": false
  },
  "fannkuchredux": {
    "mean": 8325.05815612773,
    "rsd_pct": 0.17336890443203765,
    "micro": false
  },
  "lee": {
    "mean": 913.325211476712,
    "rsd_pct": 0.5607448841791323,
    "micro": false
  },
  "nbody": {
    "mean": 90.60469913520734,
    "rsd_pct": 0.08059793754387704,
    "micro": false
  },
  "optcarrot": {
    "mean": 3422.3098491628966,
    "rsd_pct": 0.6051065449216985,
    "micro": false
  },
  "rubykon": {
    "mean": 7496.626703813672,
    "rsd_pct": 4.5567227837031,
    "micro": false
  },
  "30k_ifelse": {
    "mean": 358.9674104682424,
    "rsd_pct": 0.07425045595966516,
    "micro": true
  },
  "30k_methods": {
    "mean": 873.1642751531167,
    "rsd_pct": 0.01558224238034164,
    "micro": true
  },
  "cfunc_itself": {
    "mean": 44.75975778755719,
    "rsd_pct": 0.6761321475528802,
    "micro": true
  },
  "fib": {
    "mean": 63.431848196467016,
    "rsd_pct": 0.2076490014239481,
    "micro": true
  },
  "getivar": {
    "mean": 42.540095576959125,
    "rsd_pct": 0.0510759827528424,
    "micro": true
  },
  "keyword_args": {
    "mean": 52.79170554031127,
    "rsd_pct": 0.42972283345847884,
    "micro": true
  },
  "respond_to": {
    "mean": 184.6856459448434,
    "rsd_pct": 0.23262501168177244,
    "micro": true
  },
  "setivar": {
    "mean": 53.9133515987773,
    "rsd_pct": 0.21182007081645166,
    "micro": true
  },
  "str_concat": {
    "mean": 53.01155571830891,
    "rsd_pct": 1.3012612964392158,
    "micro": true
  }
}