{
  "activerecord": {
    "mean": 109.63176972797831,
    "rsd_pct": 0.5396947840389004,
    "micro": false
  },
  "hexapdf": {
    "mean": 2381.920623065283,
    "rsd_pct": 1.859290517373258,
    "micro": false
  },
  "liquid-render": {
    "mean": 126.81555055351284,
    "rsd_pct": 1.888845745186461,
    "micro": false
  },
  "mail": {
    "mean": 161.88300005349566,
    "rsd_pct": 0.3610609019925629,
    "micro": false
  },
  "psych-load": {
    "mean": 2081.333404251685,
    "rsd_pct": 0.04505368119421728,
    "micro": false
  },
  "railsbench": {
    "mean": 2188.32128883029,
    "rsd_pct": 1.0830478221680047,
    "micro": false
  },
  "binarytrees": {
    "mean": 348.4527812158661,
    "rsd_pct": 0.1603246230038856,
    "micro": false
  },
  "chunky_png": {
    "mean": 663.9223716532191,
    "rsd_pct": 0.12828242372110546,
    "micro": false
  },
  "discourse": {
    "mean": 613.3893056151768,
    "rsd_pct": 14.382785368298112,
    "micro": false
  },
  "erubi": {
    "mean": 417.27333414019085,
    "rsd_pct": 0.7458721616573877,
    "micro": false
  },
  "erubi_rails": {
    "mean": 20.29182184006351,
    "rsd_pct": 3.1960261128186476,
    "micro": false
  },
  "fannkuchredux": {
    "mean": 7399.514049633096,
    "rsd_pct": 0.10651174623521978,
    "micro": false
  },
  "lee": {
    "mean": 935.7671905752449,
    "rsd_pct": 0.09204379024315884,
    "micro": false
  },
  "nbody": {
    "mean": 87.69346353212904,
    "rsd_pct": 0.4842163150720015,
    "micro": false
  },
  "optcarrot": {
    "mean": 3587.8525230412683,
    "rsd_pct": 0.5705309916646146,
    "micro": false
  },
  "rubykon": {
    "mean": 6359.507853382577,
    "rsd_pct": 0.32686184801416673,
    "micro": false
  },
  "30k_ifelse": {
    "mean": 354.3322292139887,
    "rsd_pct": 0.1734057375891862,
    "micro": true
  },
  "30k_methods": {
    "mean": 874.809420477091,
    "rsd_pct": 0.0629431008996208,
    "micro": true
  },
  "cfunc_itself": {
    "mean": 45.58588676825837,
    "rsd_pct": 0.9207894947301174,
    "micro": true
  },
  "fib": {
    "mean": 62.48043704836164,
    "rsd_pct": 0.5940983733578458,
    "micro": true
  },
  "getivar": {
    "mean": 42.57446525249283,
    "rsd_pct": 0.7455422752688202,
    "micro": true
  },
  "keyword_args": {
    "mean": 52.98108208885111,
    "rsd_pct": 0.6873016931604816,
    "micro": true
  },
  "respond_to": {
    "mean": 188.8187769714191,
    "rsd_pct": 0.9957582943617656,
    "micro": true
  },
  "setivar": {
    "mean": 52.5524845551365,
    "rsd_pct": 0.63295897763256,
    "micro": true
  }
}