{
  "activerecord": {
    "mean": 105.29820201401081,
    "rsd_pct": 0.43820195325661176
  },
  "hexapdf": {
    "mean": 2206.196879968047,
    "rsd_pct": 1.4702202740917263
  },
  "jekyll": {
    "mean": 7409.4158300198615,
    "rsd_pct": 1.0314133268720207
  },
  "liquid-render": {
    "mean": 116.36901135199967,
    "rsd_pct": 2.1835354424003715
  },
  "mail": {
    "mean": 144.38662220345577,
    "rsd_pct": 0.5806396608936196
  },
  "psych-load": {
    "mean": 1678.4378316253424,
    "rsd_pct": 0.5151427643178399
  },
  "railsbench": {
    "mean": 2478.1391031108797,
    "rsd_pct": 2.213416906783527
  },
  "binarytrees": {
    "mean": 282.1454431921724,
    "rsd_pct": 2.708549427944596
  },
  "fannkuchredux": {
    "mean": 5471.41920728609,
    "rsd_pct": 0.04475787734514564
  },
  "lee": {
    "mean": 792.8988008061424,
    "rsd_pct": 1.343801852305637
  },
  "nbody": {
    "mean": 75.83686498939757,
    "rsd_pct": 0.04975903499949885
  },
  "optcarrot": {
    "mean": 3122.661985922605,
    "rsd_pct": 0.4979721782596514
  },
  "rubykon": {
    "mean": 5762.666087318212,
    "rsd_pct": 0.43622187297429466
  },
  "30k_ifelse": {
    "mean": 315.902964440438,
    "rsd_pct": 0.16390656751649102
  },
  "30k_methods": {
    "mean": 746.8242528574432,
    "rsd_pct": 0.022364596909450606
  },
  "cfunc_itself": {
    "mean": 39.308550676148016,
    "rsd_pct": 0.362548535165863
  },
  "fib": {
    "mean": 52.063486747443676,
    "rsd_pct": 0.02657662430009479
  },
  "getivar": {
    "mean": 35.4628175610673,
    "rsd_pct": 0.036400596394253915
  },
  "keyword_args": {
    "mean": 48.03790412477105,
    "rsd_pct": 0.12337592725980596
  },
  "respond_to": {
    "mean": 155.9651065461275,
    "rsd_pct": 0.3379576693571006
  },
  "setivar": {
    "mean": 41.980875035127006,
    "rsd_pct": 0.06912768417623961
  }
}