{
  "activerecord": {
    "mean": 96.06854691381616,
    "rsd_pct": 0.7122251128606645,
    "micro": false
  },
  "hexapdf": {
    "mean": 2329.8183023929596,
    "rsd_pct": 1.9995203143293545,
    "micro": false
  },
  "liquid-render": {
    "mean": 116.20323728262024,
    "rsd_pct": 1.8525975249799471,
    "micro": false
  },
  "mail": {
    "mean": 160.36585396528244,
    "rsd_pct": 0.16187781952034497,
    "micro": false
  },
  "psych-load": {
    "mean": 1905.3716500600178,
    "rsd_pct": 0.013635029046935197,
    "micro": false
  },
  "railsbench": {
    "mean": 2051.3161055743694,
    "rsd_pct": 0.7299818506312974,
    "micro": false
  },
  "ruby-lsp": {
    "mean": 72.0748812874732,
    "rsd_pct": 17.014366060431904,
    "micro": false
  },
  "binarytrees": {
    "mean": 238.44077269591037,
    "rsd_pct": 3.7186539827081786,
    "micro": false
  },
  "chunky_png": {
    "mean": 625.1949456430251,
    "rsd_pct": 0.16217719397395108,
    "micro": false
  },
  "erubi": {
    "mean": 297.6446342380608,
    "rsd_pct": 0.8654201063119613,
    "micro": false
  },
  "erubi_rails": {
    "mean": 17.89868783585331,
    "rsd_pct": 3.833783698133529,
    "micro": false
  },
  "etanni": {
    "mean": 475.2185699485597,
    "rsd_pct": 0.4548121351850781,
    "micro": false
  },
  "fannkuchredux": {
    "mean": 2269.0130867064,
    "rsd_pct": 0.23289026862035178,
    "micro": false
  },
  "lee": {
    "mean": 930.4265353296485,
    "rsd_pct": 0.08412980209477065,
    "micro": false
  },
  "nbody": {
    "mean": 85.26505154181034,
    "rsd_pct": 0.10859950520575393,
    "micro": false
  },
  "optcarrot": {
    "mean": 3119.632708032926,
    "rsd_pct": 0.4308862504068593,
    "micro": false
  },
  "rubykon": {
    "mean": 6749.832957983017,
    "rsd_pct": 0.4493037463327389,
    "micro": false
  },
  "30k_ifelse": {
    "mean": 395.9968932995609,
    "rsd_pct": 0.10540003723159246,
    "micro": true
  },
  "30k_methods": {
    "mean": 957.7005742117763,
    "rsd_pct": 0.044230768862232435,
    "micro": true
  },
  "cfunc_itself": {
    "mean": 39.98329506421382,
    "rsd_pct": 0.19415716557439003,
    "micro": true
  },
  "fib": {
    "mean": 61.13136042513249,
    "rsd_pct": 0.03706583326696405,
    "micro": true
  },
  "getivar": {
    "mean": 46.83811792080671,
    "rsd_pct": 0.06898224604207148,
    "micro": true
  },
  "keyword_args": {
    "mean": 51.873115765065265,
    "rsd_pct": 0.12903281711452497,
    "micro": true
  },
  "respond_to": {
    "mean": 27.966433836446775,
    "rsd_pct": 0.5266218137953796,
    "micro": true
  },
  "setivar": {
    "mean": 47.4189018614549,
    "rsd_pct": 0.37352019966579764,
    "micro": true
  },
  "str_concat": {
    "mean": 41.4011479825177,
    "rsd_pct": 1.6419588475513125,
    "micro": true
  }
}