{
  "activerecord": {
    "mean": 114.76014530423775,
    "rsd_pct": 0.4621155466141399,
    "micro": false
  },
  "hexapdf": {
    "mean": 2385.4553131386638,
    "rsd_pct": 1.8081441809685976,
    "micro": false
  },
  "liquid-render": {
    "mean": 130.48071964013,
    "rsd_pct": 1.9194791515276295,
    "micro": false
  },
  "mail": {
    "mean": 164.24354473625112,
    "rsd_pct": 0.3618785601863981,
    "micro": false
  },
  "psych-load": {
    "mean": 1994.0135518088937,
    "rsd_pct": 0.14698104581397212,
    "micro": false
  },
  "railsbench": {
    "mean": 2211.4218363072723,
    "rsd_pct": 1.359604176060451,
    "micro": false
  },
  "binarytrees": {
    "mean": 345.02030143203837,
    "rsd_pct": 0.16328842073532776,
    "micro": false
  },
  "discourse": {
    "mean": 578.0514460673337,
    "rsd_pct": 1.4194571895067527,
    "micro": false
  },
  "erubi": {
    "mean": 425.17540624733857,
    "rsd_pct": 1.2541142679976451,
    "micro": false
  },
  "erubi_rails": {
    "mean": 20.602680599027078,
    "rsd_pct": 3.470058094266903,
    "micro": false
  },
  "fannkuchredux": {
    "mean": 6798.077672611301,
    "rsd_pct": 0.12407718975757577,
    "micro": false
  },
  "lee": {
    "mean": 916.8975988314265,
    "rsd_pct": 1.5597966493471178,
    "micro": false
  },
  "nbody": {
    "mean": 88.75964860146287,
    "rsd_pct": 0.457836719326189,
    "micro": false
  },
  "optcarrot": {
    "mean": 3602.549586708968,
    "rsd_pct": 0.5622915568895686,
    "micro": false
  },
  "rubykon": {
    "mean": 6486.710764079665,
    "rsd_pct": 0.45561192726008737,
    "micro": false
  },
  "30k_ifelse": {
    "mean": 355.61685415662146,
    "rsd_pct": 0.16885347043968688,
    "micro": true
  },
  "30k_methods": {
    "mean": 889.5829766671258,
    "rsd_pct": 0.059853635749384446,
    "micro": true
  },
  "cfunc_itself": {
    "mean": 44.34842804761724,
    "rsd_pct": 0.8529539793694446,
    "micro": true
  },
  "fib": {
    "mean": 62.48688998748548,
    "rsd_pct": 0.5866690355159169,
    "micro": true
  },
  "getivar": {
    "mean": 42.55518782189316,
    "rsd_pct": 0.6708055052508629,
    "micro": true
  },
  "keyword_args": {
    "mean": 53.06733737704708,
    "rsd_pct": 0.6757570596227049,
    "micro": true
  },
  "respond_to": {
    "mean": 195.81828176078744,
    "rsd_pct": 0.28475122986139634,
    "micro": true
  },
  "setivar": {
    "mean": 49.124622347455976,
    "rsd_pct": 0.6019816766633352,
    "micro": true
  }
}