{
  "activerecord": {
    "mean": 42.13483959145624,
    "rsd_pct": 0.8008506348189908,
    "micro": false
  },
  "erubi_rails": {
    "mean": 14.964388103028528,
    "rsd_pct": 3.4163741543554362,
    "micro": false
  },
  "hexapdf": {
    "mean": 2029.5066138729453,
    "rsd_pct": 2.376398623539429,
    "micro": false
  },
  "liquid-c": {
    "mean": 58.73140288588308,
    "rsd_pct": 2.404787170686448,
    "micro": false
  },
  "liquid-render": {
    "mean": 105.89259833979763,
    "rsd_pct": 2.7033379489390175,
    "micro": false
  },
  "mail": {
    "mean": 130.2768220193684,
    "rsd_pct": 0.2774330357915422,
    "micro": false
  },
  "psych-load": {
    "mean": 1833.5235448554158,
    "rsd_pct": 0.10279382529257397,
    "micro": false
  },
  "railsbench": {
    "mean": 1824.186076844732,
    "rsd_pct": 1.238000578169885,
    "micro": false
  },
  "ruby-lsp": {
    "mean": 57.93729799712987,
    "rsd_pct": 19.785858518402417,
    "micro": false
  },
  "sequel": {
    "mean": 67.05405296304741,
    "rsd_pct": 0.3550095115727317,
    "micro": false
  },
  "binarytrees": {
    "mean": 231.65158419756264,
    "rsd_pct": 0.08005929573741512,
    "micro": false
  },
  "chunky_png": {
    "mean": 621.4385329221841,
    "rsd_pct": 0.056870307122592674,
    "micro": false
  },
  "erubi": {
    "mean": 248.71438459929408,
    "rsd_pct": 0.9188746632327471,
    "micro": false
  },
  "etanni": {
    "mean": 404.771034566996,
    "rsd_pct": 0.45508647655255585,
    "micro": false
  },
  "fannkuchredux": {
    "mean": 848.7390311942859,
    "rsd_pct": 6.258648188588068,
    "micro": false
  },
  "lee": {
    "mean": 899.3321848525243,
    "rsd_pct": 0.33203861764554465,
    "micro": false
  },
  "nbody": {
    "mean": 73.8409365842338,
    "rsd_pct": 0.08667777034168397,
    "micro": false
  },
  "optcarrot": {
    "mean": 2561.509207946559,
    "rsd_pct": 0.6497351487993929,
    "micro": false
  },
  "ruby-json": {
    "mean": 3107.58897314469,
    "rsd_pct": 0.1992437393946398,
    "micro": false
  },
  "rubykon": {
    "mean": 6442.563031738003,
    "rsd_pct": 0.41347675455615585,
    "micro": false
  },
  "30k_ifelse": {
    "mean": 422.0264915852471,
    "rsd_pct": 0.07665568007716217,
    "micro": true
  },
  "30k_methods": {
    "mean": 942.3648133607848,
    "rsd_pct": 0.04548319694199875,
    "micro": true
  },
  "cfunc_itself": {
    "mean": 40.69611133924284,
    "rsd_pct": 0.14921085089205563,
    "micro": true
  },
  "fib": {
    "mean": 61.70863906255015,
    "rsd_pct": 0.0711091682798567,
    "micro": true
  },
  "getivar": {
    "mean": 45.77578309267009,
    "rsd_pct": 0.1357321448517629,
    "micro": true
  },
  "keyword_args": {
    "mean": 53.73546205491068,
    "rsd_pct": 0.15511510303369763,
    "micro": true
  },
  "respond_to": {
    "mean": 31.037614776309262,
    "rsd_pct": 0.4865464419200923,
    "micro": true
  },
  "setivar": {
    "mean": 14.790614709373806,
    "rsd_pct": 0.08009435226673703,
    "micro": true
  },
  "setivar_object": {
    "mean": 48.18963899687639,
    "rsd_pct": 2.0628612600332223,
    "micro": true
  },
  "setivar_young": {
    "mean": 47.35783511919349,
    "rsd_pct": 1.177868377210649,
    "micro": true
  },
  "str_concat": {
    "mean": 43.534649767818564,
    "rsd_pct": 1.4783692412912017,
    "micro": true
  },
  "throw": {
    "mean": 23.611374165066483,
    "rsd_pct": 0.21974173096780888,
    "micro": true
  }
}