{
  "activerecord": {
    "mean": 42.200044950372295,
    "rsd_pct": 0.9926134749885027,
    "micro": false
  },
  "erubi_rails": {
    "mean": 15.242223401403898,
    "rsd_pct": 9.368314736449994,
    "micro": false
  },
  "hexapdf": {
    "mean": 2089.5049083977938,
    "rsd_pct": 1.4525823178213646,
    "micro": false
  },
  "liquid-c": {
    "mean": 59.855717964871914,
    "rsd_pct": 2.0519887657811045,
    "micro": false
  },
  "liquid-compile": {
    "mean": 51.515749602857014,
    "rsd_pct": 4.829097097525697,
    "micro": false
  },
  "liquid-render": {
    "mean": 108.92010143260812,
    "rsd_pct": 2.555952173026832,
    "micro": false
  },
  "mail": {
    "mean": 129.24467508572263,
    "rsd_pct": 0.3786855064589208,
    "micro": false
  },
  "psych-load": {
    "mean": 1836.7696827898424,
    "rsd_pct": 0.09425596157220398,
    "micro": false
  },
  "railsbench": {
    "mean": 1807.1676379690568,
    "rsd_pct": 1.2101426517592626,
    "micro": false
  },
  "ruby-lsp": {
    "mean": 58.52953694782585,
    "rsd_pct": 19.85313845189122,
    "micro": false
  },
  "sequel": {
    "mean": 67.21030294217847,
    "rsd_pct": 0.3112912763395781,
    "micro": false
  },
  "binarytrees": {
    "mean": 226.0652437425134,
    "rsd_pct": 0.07856599892716037,
    "micro": false
  },
  "chunky_png": {
    "mean": 645.8518671492735,
    "rsd_pct": 0.08767562952016406,
    "micro": false
  },
  "erubi": {
    "mean": 259.79350449202894,
    "rsd_pct": 0.8039347308247466,
    "micro": false
  },
  "etanni": {
    "mean": 414.2605588616182,
    "rsd_pct": 0.4474312537858091,
    "micro": false
  },
  "fannkuchredux": {
    "mean": 775.6022668629885,
    "rsd_pct": 0.12180290626802773,
    "micro": false
  },
  "lee": {
    "mean": 917.3169014531942,
    "rsd_pct": 0.3586379197629576,
    "micro": false
  },
  "nbody": {
    "mean": 68.96699022720841,
    "rsd_pct": 0.04642678120950237,
    "micro": false
  },
  "optcarrot": {
    "mean": 2251.817937940359,
    "rsd_pct": 0.6262803785843108,
    "micro": false
  },
  "ruby-json": {
    "mean": 3027.982848137617,
    "rsd_pct": 0.15979150459318178,
    "micro": false
  },
  "rubykon": {
    "mean": 6820.538863663872,
    "rsd_pct": 0.38659364088609993,
    "micro": false
  },
  "30k_ifelse": {
    "mean": 359.3801339241591,
    "rsd_pct": 0.07505074826848429,
    "micro": true
  },
  "30k_methods": {
    "mean": 855.0283782508062,
    "rsd_pct": 0.017719045595710498,
    "micro": true
  },
  "cfunc_itself": {
    "mean": 38.353667667782695,
    "rsd_pct": 0.20502044374560296,
    "micro": true
  },
  "fib": {
    "mean": 44.556813231403275,
    "rsd_pct": 0.05139315677554605,
    "micro": true
  },
  "getivar": {
    "mean": 21.155005736798838,
    "rsd_pct": 0.2338474770990573,
    "micro": true
  },
  "keyword_args": {
    "mean": 47.81126472475141,
    "rsd_pct": 0.2037374379465868,
    "micro": true
  },
  "respond_to": {
    "mean": 25.959148826440433,
    "rsd_pct": 0.6364119589217835,
    "micro": true
  },
  "setivar": {
    "mean": 11.994200970376403,
    "rsd_pct": 0.086218883492808,
    "micro": true
  },
  "setivar_object": {
    "mean": 46.43254087328218,
    "rsd_pct": 5.304793184620835,
    "micro": true
  },
  "setivar_young": {
    "mean": 42.272916772495364,
    "rsd_pct": 1.1176984562336842,
    "micro": true
  },
  "str_concat": {
    "mean": 43.64251487331229,
    "rsd_pct": 1.4664665424944885,
    "micro": true
  },
  "throw": {
    "mean": 24.537494145881602,
    "rsd_pct": 0.3209527668869073,
    "micro": true
  }
}