{
  "activerecord": {
    "mean": 333.68945698909863,
    "rsd_pct": 0.29634680760256943,
    "micro": false
  },
  "hexapdf": {
    "mean": 7555.140678025782,
    "rsd_pct": 1.2457015127446347,
    "micro": false
  },
  "liquid-render": {
    "mean": 445.69634826653925,
    "rsd_pct": 1.3052400996408855,
    "micro": false
  },
  "mail": {
    "mean": 574.4273958011315,
    "rsd_pct": 0.4079005975775494,
    "micro": false
  },
  "psych-load": {
    "mean": 6716.639586972694,
    "rsd_pct": 0.027917266721305685,
    "micro": false
  },
  "railsbench": {
    "mean": 6599.109624077876,
    "rsd_pct": 0.6360168378869755,
    "micro": false
  },
  "ruby-lsp": {
    "mean": 241.3630570732057,
    "rsd_pct": 13.91605911502827,
    "micro": false
  },
  "binarytrees": {
    "mean": 597.9434339755989,
    "rsd_pct": 0.2185153593343052,
    "micro": false
  },
  "chunky_png": {
    "mean": 1646.2758057750762,
    "rsd_pct": 0.06943746841977312,
    "micro": false
  },
  "erubi": {
    "mean": 762.3465852676958,
    "rsd_pct": 1.5358409192291007,
    "micro": false
  },
  "erubi_rails": {
    "mean": 53.74216913856336,
    "rsd_pct": 2.4783058466054664,
    "micro": false
  },
  "etanni": {
    "mean": 1178.791076366213,
    "rsd_pct": 0.5615074053404645,
    "micro": false
  },
  "fannkuchredux": {
    "mean": 6530.677359364927,
    "rsd_pct": 0.10524348349885089,
    "micro": false
  },
  "lee": {
    "mean": 2721.7073413543403,
    "rsd_pct": 1.3774756518091344,
    "micro": false
  },
  "nbody": {
    "mean": 218.15818338369837,
    "rsd_pct": 0.16929405423638466,
    "micro": false
  },
  "optcarrot": {
    "mean": 15657.05349178364,
    "rsd_pct": 0.3989807793289041,
    "micro": false
  },
  "rubykon": {
    "mean": 24427.137109202642,
    "rsd_pct": 0.3431322443561165,
    "micro": false
  },
  "30k_ifelse": {
    "mean": 2398.407507352531,
    "rsd_pct": 0.04200930216544033,
    "micro": true
  },
  "30k_methods": {
    "mean": 5144.3756432738155,
    "rsd_pct": 1.190451172756845,
    "micro": true
  },
  "cfunc_itself": {
    "mean": 118.64838067914506,
    "rsd_pct": 0.02591836375374728,
    "micro": true
  },
  "fib": {
    "mean": 227.75709925310835,
    "rsd_pct": 0.004194082763538959,
    "micro": true
  },
  "getivar": {
    "mean": 118.34651967204512,
    "rsd_pct": 0.0047424227466713945,
    "micro": true
  },
  "keyword_args": {
    "mean": 156.70182759443168,
    "rsd_pct": 0.05555440847340633,
    "micro": true
  },
  "respond_to": {
    "mean": 115.01769404806176,
    "rsd_pct": 0.7315477121525529,
    "micro": true
  },
  "setivar": {
    "mean": 112.67755866228114,
    "rsd_pct": 0.014833003370751711,
    "micro": true
  },
  "str_concat": {
    "mean": 118.06354299392346,
    "rsd_pct": 0.8362922892520789,
    "micro": true
  }
}