{
  "activerecord": {
    "mean": 304.1443246776976,
    "rsd_pct": 0.22967347427932436,
    "micro": false
  },
  "hexapdf": {
    "mean": 6796.382526556651,
    "rsd_pct": 1.4584592206798574,
    "micro": false
  },
  "liquid-render": {
    "mean": 388.8609742111001,
    "rsd_pct": 1.6911614295399655,
    "micro": false
  },
  "mail": {
    "mean": 412.61170390727267,
    "rsd_pct": 0.1353147919993307,
    "micro": false
  },
  "psych-load": {
    "mean": 5491.068652210136,
    "rsd_pct": 0.041462263543691424,
    "micro": false
  },
  "railsbench": {
    "mean": 6059.806083515286,
    "rsd_pct": 0.13008856311058498,
    "micro": false
  },
  "ruby-lsp": {
    "mean": 205.75282326661076,
    "rsd_pct": 10.045488839502212,
    "micro": false
  },
  "binarytrees": {
    "mean": 533.748585828255,
    "rsd_pct": 0.14490807120340762,
    "micro": false
  },
  "chunky_png": {
    "mean": 1513.6960337898045,
    "rsd_pct": 0.07225557167824904,
    "micro": false
  },
  "erubi": {
    "mean": 773.3281909474241,
    "rsd_pct": 0.9486814632620447,
    "micro": false
  },
  "erubi_rails": {
    "mean": 49.76383010850317,
    "rsd_pct": 2.2827288471772156,
    "micro": false
  },
  "etanni": {
    "mean": 1111.5954361545544,
    "rsd_pct": 1.1183822107126202,
    "micro": false
  },
  "fannkuchredux": {
    "mean": 2313.379452741217,
    "rsd_pct": 0.44552733283045326,
    "micro": false
  },
  "lee": {
    "mean": 2341.0416246730497,
    "rsd_pct": 0.21811066007313046,
    "micro": false
  },
  "nbody": {
    "mean": 177.15977258165785,
    "rsd_pct": 0.0699261289834401,
    "micro": false
  },
  "optcarrot": {
    "mean": 10872.89983468751,
    "rsd_pct": 0.42795065701933255,
    "micro": false
  },
  "rubykon": {
    "mean": 21607.828307958942,
    "rsd_pct": 0.30179206283299925,
    "micro": false
  },
  "30k_ifelse": {
    "mean": 1922.4549898003438,
    "rsd_pct": 0.056417049062474606,
    "micro": true
  },
  "30k_methods": {
    "mean": 3965.569791244343,
    "rsd_pct": 0.07648379274646963,
    "micro": true
  },
  "cfunc_itself": {
    "mean": 103.19494010482524,
    "rsd_pct": 0.019726515905417474,
    "micro": true
  },
  "fib": {
    "mean": 175.36515785592064,
    "rsd_pct": 0.004881470699722587,
    "micro": true
  },
  "getivar": {
    "mean": 107.90171981224411,
    "rsd_pct": 0.00730616515669697,
    "micro": true
  },
  "keyword_args": {
    "mean": 151.06376652758587,
    "rsd_pct": 0.016489109328111214,
    "micro": true
  },
  "respond_to": {
    "mean": 99.82178257935252,
    "rsd_pct": 0.821863217530761,
    "micro": true
  },
  "setivar": {
    "mean": 50.0394654863893,
    "rsd_pct": 0.016317634547160655,
    "micro": true
  },
  "setivar_object": {
    "mean": 127.67004202832194,
    "rsd_pct": 1.2701367405702915,
    "micro": true
  },
  "str_concat": {
    "mean": 106.56632383876823,
    "rsd_pct": 1.013339710684438,
    "micro": true
  }
}