{
  "activerecord": {
    "mean": 108.83839316291456,
    "rsd_pct": 0.49457182439157854,
    "micro": false
  },
  "jekyll": {
    "mean": 7408.255075570196,
    "rsd_pct": 1.7918494223996382,
    "micro": false
  },
  "liquid-render": {
    "mean": 146.18915444107975,
    "rsd_pct": 1.0324265630830092,
    "micro": false
  },
  "mail": {
    "mean": 136.22578977853718,
    "rsd_pct": 0.5760900075129327,
    "micro": false
  },
  "psych-load": {
    "mean": 1636.9464849121869,
    "rsd_pct": 0.3428420701207731,
    "micro": false
  },
  "railsbench": {
    "mean": 2505.09450212121,
    "rsd_pct": 1.6492950494256426,
    "micro": false
  },
  "binarytrees": {
    "mean": 299.66385398680967,
    "rsd_pct": 2.5593431708148904,
    "micro": false
  },
  "fannkuchredux": {
    "mean": 5470.110695948824,
    "rsd_pct": 0.01762687608927045,
    "micro": false
  },
  "lee": {
    "mean": 813.0942756310105,
    "rsd_pct": 1.6456448991947377,
    "micro": false
  },
  "nbody": {
    "mean": 74.42028766217494,
    "rsd_pct": 0.03185802770618375,
    "micro": false
  },
  "optcarrot": {
    "mean": 3112.6789521425962,
    "rsd_pct": 0.5559823828333913,
    "micro": false
  },
  "30k_ifelse": {
    "mean": 317.8642775406534,
    "rsd_pct": 0.19299374162051644,
    "micro": true
  },
  "30k_methods": {
    "mean": 762.2041687478913,
    "rsd_pct": 0.03129247682585105,
    "micro": true
  },
  "cfunc_itself": {
    "mean": 39.91397745846733,
    "rsd_pct": 0.23124584675358692,
    "micro": true
  },
  "fib": {
    "mean": 52.009552522252,
    "rsd_pct": 0.09539080787516721,
    "micro": true
  },
  "getivar": {
    "mean": 36.23363966559709,
    "rsd_pct": 0.07261302253080686,
    "micro": true
  },
  "keyword_args": {
    "mean": 241.52759261658952,
    "rsd_pct": 0.050890974857646376,
    "micro": true
  },
  "respond_to": {
    "mean": 176.79418809711933,
    "rsd_pct": 0.2756583338970342,
    "micro": true
  },
  "setivar": {
    "mean": 39.46619876280275,
    "rsd_pct": 0.07056568945819962,
    "micro": true
  }
}