{
  "activerecord": {
    "mean": 93.41199832673811,
    "rsd_pct": 0.6908794994072268,
    "micro": false
  },
  "hexapdf": {
    "mean": 2160.1230999144414,
    "rsd_pct": 1.7317788439545316,
    "micro": false
  },
  "liquid-render": {
    "mean": 114.89146456667434,
    "rsd_pct": 1.3789390274590685,
    "micro": false
  },
  "mail": {
    "mean": 145.15927594603983,
    "rsd_pct": 0.10424934774796463,
    "micro": false
  },
  "psych-load": {
    "mean": 1804.2525462961446,
    "rsd_pct": 0.0528170241301276,
    "micro": false
  },
  "railsbench": {
    "mean": 1996.6487316880375,
    "rsd_pct": 1.7083071064958109,
    "micro": false
  },
  "ruby-lsp": {
    "mean": 70.17854924329055,
    "rsd_pct": 18.0145074337628,
    "micro": false
  },
  "binarytrees": {
    "mean": 230.01055038698456,
    "rsd_pct": 0.0532440705788369,
    "micro": false
  },
  "chunky_png": {
    "mean": 610.4884259402752,
    "rsd_pct": 0.0672682524369123,
    "micro": false
  },
  "erubi": {
    "mean": 284.24135515067195,
    "rsd_pct": 0.8491425518556803,
    "micro": false
  },
  "erubi_rails": {
    "mean": 17.227700629175505,
    "rsd_pct": 3.994300114295366,
    "micro": false
  },
  "etanni": {
    "mean": 470.32858393642874,
    "rsd_pct": 0.5552354993430884,
    "micro": false
  },
  "fannkuchredux": {
    "mean": 1189.0157235542401,
    "rsd_pct": 0.041024902149525824,
    "micro": false
  },
  "lee": {
    "mean": 919.7882650928063,
    "rsd_pct": 0.09023437200105373,
    "micro": false
  },
  "nbody": {
    "mean": 74.54111929515508,
    "rsd_pct": 0.03345816316878021,
    "micro": false
  },
  "optcarrot": {
    "mean": 2760.2113549908004,
    "rsd_pct": 0.35991540043065434,
    "micro": false
  },
  "rubykon": {
    "mean": 6694.606372434646,
    "rsd_pct": 2.0049512762847357,
    "micro": false
  },
  "30k_ifelse": {
    "mean": 399.1002150839765,
    "rsd_pct": 0.1720133790142218,
    "micro": true
  },
  "30k_methods": {
    "mean": 955.7834437699057,
    "rsd_pct": 0.028686392556032527,
    "micro": true
  },
  "cfunc_itself": {
    "mean": 40.42814703633105,
    "rsd_pct": 0.23667619166342843,
    "micro": true
  },
  "fib": {
    "mean": 62.85253890391744,
    "rsd_pct": 0.05497694894580318,
    "micro": true
  },
  "getivar": {
    "mean": 45.738909480059434,
    "rsd_pct": 0.30749485767564677,
    "micro": true
  },
  "keyword_args": {
    "mean": 52.73243003203157,
    "rsd_pct": 0.17243396064898955,
    "micro": true
  },
  "respond_to": {
    "mean": 28.41469344598448,
    "rsd_pct": 0.2682799199529185,
    "micro": true
  },
  "setivar": {
    "mean": 14.705658958665616,
    "rsd_pct": 0.1032235741972208,
    "micro": true
  },
  "setivar_object": {
    "mean": 58.18120357695461,
    "rsd_pct": 29.758188611618507,
    "micro": true
  },
  "str_concat": {
    "mean": 40.34688930438125,
    "rsd_pct": 1.8161948408496393,
    "micro": true
  }
}