{
  "activerecord": {
    "mean": 110.23554928704269,
    "rsd_pct": 0.5604355117665859,
    "micro": false
  },
  "hexapdf": {
    "mean": 2423.9498692564666,
    "rsd_pct": 2.0670275380112235,
    "micro": false
  },
  "liquid-render": {
    "mean": 128.19634065426027,
    "rsd_pct": 1.9149455577029804,
    "micro": false
  },
  "mail": {
    "mean": 161.93372603776234,
    "rsd_pct": 0.40739008216825584,
    "micro": false
  },
  "psych-load": {
    "mean": 1932.1586603298783,
    "rsd_pct": 0.03769123858612398,
    "micro": false
  },
  "railsbench": {
    "mean": 2224.507533106953,
    "rsd_pct": 1.40284649619975,
    "micro": false
  },
  "binarytrees": {
    "mean": 337.0563489426037,
    "rsd_pct": 0.17265740172223026,
    "micro": false
  },
  "discourse": {
    "mean": 566.779397587691,
    "rsd_pct": 1.4739748146404206,
    "micro": false
  },
  "erubi": {
    "mean": 420.10847127382107,
    "rsd_pct": 0.732582760877827,
    "micro": false
  },
  "erubi_rails": {
    "mean": 20.302350502075154,
    "rsd_pct": 3.4591349875741306,
    "micro": false
  },
  "fannkuchredux": {
    "mean": 6871.181652415544,
    "rsd_pct": 0.0844632105953045,
    "micro": false
  },
  "lee": {
    "mean": 888.8846262442795,
    "rsd_pct": 1.7878072736861823,
    "micro": false
  },
  "nbody": {
    "mean": 87.3826884953174,
    "rsd_pct": 0.49490780296828574,
    "micro": false
  },
  "optcarrot": {
    "mean": 3586.4374784442284,
    "rsd_pct": 0.5631083967488787,
    "micro": false
  },
  "rubykon": {
    "mean": 6444.308167695999,
    "rsd_pct": 0.6684892961259773,
    "micro": false
  },
  "30k_ifelse": {
    "mean": 357.9088675027544,
    "rsd_pct": 0.16875497842751405,
    "micro": true
  },
  "30k_methods": {
    "mean": 882.5190861455419,
    "rsd_pct": 0.05502078430976567,
    "micro": true
  },
  "cfunc_itself": {
    "mean": 45.936706209526356,
    "rsd_pct": 0.9999217616256313,
    "micro": true
  },
  "fib": {
    "mean": 62.71330269387449,
    "rsd_pct": 0.6419996388342492,
    "micro": true
  },
  "getivar": {
    "mean": 42.55182311696561,
    "rsd_pct": 0.7265103613534069,
    "micro": true
  },
  "keyword_args": {
    "mean": 54.24393719666578,
    "rsd_pct": 0.6610140066604431,
    "micro": true
  },
  "respond_to": {
    "mean": 195.02231436645957,
    "rsd_pct": 0.25122685358316255,
    "micro": true
  },
  "setivar": {
    "mean": 52.494243668843794,
    "rsd_pct": 0.6198935532056237,
    "micro": true
  }
}