{
  "activerecord": {
    "mean": 104.05515605816618,
    "rsd_pct": 0.6511986572106266,
    "micro": false
  },
  "hexapdf": {
    "mean": 2350.9857977430024,
    "rsd_pct": 2.665021376128215,
    "micro": false
  },
  "liquid-render": {
    "mean": 136.47854053534758,
    "rsd_pct": 1.6008164672605096,
    "micro": false
  },
  "mail": {
    "mean": 156.2855419680828,
    "rsd_pct": 0.1673854468229205,
    "micro": false
  },
  "psych-load": {
    "mean": 1901.7878962059815,
    "rsd_pct": 0.01986591499506426,
    "micro": false
  },
  "railsbench": {
    "mean": 2128.4306769569716,
    "rsd_pct": 0.8005002634521837,
    "micro": false
  },
  "binarytrees": {
    "mean": 367.89614548448657,
    "rsd_pct": 0.06521380714533033,
    "micro": false
  },
  "chunky_png": {
    "mean": 649.988708893458,
    "rsd_pct": 0.04845721883148148,
    "micro": false
  },
  "erubi": {
    "mean": 327.81426968877435,
    "rsd_pct": 0.7726140278216229,
    "micro": false
  },
  "erubi_rails": {
    "mean": 19.36355338227458,
    "rsd_pct": 3.4866657295360013,
    "micro": false
  },
  "fannkuchredux": {
    "mean": 2350.5801225701966,
    "rsd_pct": 0.22010462833955388,
    "micro": false
  },
  "lee": {
    "mean": 979.2764002457261,
    "rsd_pct": 1.740879303613236,
    "micro": false
  },
  "nbody": {
    "mean": 94.07554775079846,
    "rsd_pct": 0.14696024387200896,
    "micro": false
  },
  "optcarrot": {
    "mean": 3509.335940827926,
    "rsd_pct": 0.6252842183234669,
    "micro": false
  },
  "rubykon": {
    "mean": 6873.090544094642,
    "rsd_pct": 0.2991359393327201,
    "micro": false
  },
  "30k_ifelse": {
    "mean": 355.7899913617543,
    "rsd_pct": 0.1002210583853159,
    "micro": true
  },
  "30k_methods": {
    "mean": 874.7816534469957,
    "rsd_pct": 0.01692679860006689,
    "micro": true
  },
  "cfunc_itself": {
    "mean": 47.7551402454482,
    "rsd_pct": 0.6892167578232596,
    "micro": true
  },
  "fib": {
    "mean": 63.34416341213953,
    "rsd_pct": 0.04641309421423572,
    "micro": true
  },
  "getivar": {
    "mean": 44.255395712426456,
    "rsd_pct": 0.12461972860292113,
    "micro": true
  },
  "keyword_args": {
    "mean": 54.84748878362742,
    "rsd_pct": 0.18457449845094454,
    "micro": true
  },
  "respond_to": {
    "mean": 185.36211140112044,
    "rsd_pct": 0.5083099210097108,
    "micro": true
  },
  "setivar": {
    "mean": 49.74373155995343,
    "rsd_pct": 0.13259575356365558,
    "micro": true
  },
  "str_concat": {
    "mean": 44.70605929548453,
    "rsd_pct": 1.460726071015695,
    "micro": true
  }
}