{
  "activerecord": {
    "mean": 110.27420748317572,
    "rsd_pct": 1.8095923579648596
  },
  "jekyll": {
    "mean": 7509.4045280711725,
    "rsd_pct": 2.101244295626977
  },
  "liquid-render": {
    "mean": 145.63542506402882,
    "rsd_pct": 2.306970885811301
  },
  "mail": {
    "mean": 145.140624192624,
    "rsd_pct": 1.480799297097513
  },
  "psych-load": {
    "mean": 1681.4045858103782,
    "rsd_pct": 0.5047107103317174
  },
  "railsbench": {
    "mean": 2636.6843146504834,
    "rsd_pct": 1.4283211804458444
  },
  "binarytrees": {
    "mean": 297.31942800772856,
    "rsd_pct": 0.46390560517176277
  },
  "fannkuchredux": {
    "mean": 5546.7467492911965,
    "rsd_pct": 0.09315069392068823
  },
  "lee": {
    "mean": 801.8604496338716,
    "rsd_pct": 1.693768477084224
  },
  "nbody": {
    "mean": 72.60900592743035,
    "rsd_pct": 0.036518580454292425
  },
  "optcarrot": {
    "mean": 3140.7495862571523,
    "rsd_pct": 0.17826352636808768
  },
  "30k_ifelse": {
    "mean": 338.5746768457169,
    "rsd_pct": 0.1950783843449622
  },
  "30k_methods": {
    "mean": 707.4141359618424,
    "rsd_pct": 0.11542841206359371
  },
  "cfunc_itself": {
    "mean": 41.004739422643375,
    "rsd_pct": 0.41787162080905904
  },
  "fib": {
    "mean": 57.215040517450475,
    "rsd_pct": 0.0346763763080733
  },
  "getivar": {
    "mean": 36.26413236370406,
    "rsd_pct": 0.043847997782713054
  },
  "respond_to": {
    "mean": 163.15457844216607,
    "rsd_pct": 0.26342347851572945
  },
  "setivar": {
    "mean": 44.220446937475096,
    "rsd_pct": 0.1116265836682934
  }
}