{
  "activerecord": {
    "mean": 106.96132869412334,
    "rsd_pct": 0.1950683581813898
  },
  "hexapdf": {
    "mean": 2174.773083999753,
    "rsd_pct": 1.610510212129545
  },
  "jekyll": {
    "mean": 7382.45629761368,
    "rsd_pct": 2.314267805328474
  },
  "liquid-render": {
    "mean": 113.46578551177492,
    "rsd_pct": 2.1467518626170876
  },
  "mail": {
    "mean": 141.59802791754936,
    "rsd_pct": 0.14847764525647797
  },
  "psych-load": {
    "mean": 1605.7688903994858,
    "rsd_pct": 0.021039521830102312
  },
  "railsbench": {
    "mean": 2358.328551799059,
    "rsd_pct": 1.49917372900249
  },
  "binarytrees": {
    "mean": 286.55413029094535,
    "rsd_pct": 2.6589638440125816
  },
  "fannkuchredux": {
    "mean": 5410.332863777876,
    "rsd_pct": 0.02449191416703222
  },
  "lee": {
    "mean": 814.5244748642048,
    "rsd_pct": 0.5953412731585834
  },
  "nbody": {
    "mean": 75.30944860627642,
    "rsd_pct": 0.030227857786417796
  },
  "optcarrot": {
    "mean": 3091.360958199948,
    "rsd_pct": 0.4662525790479695
  },
  "rubykon": {
    "mean": 5584.257409814745,
    "rsd_pct": 0.3098669960359839
  },
  "30k_ifelse": {
    "mean": 322.5603444824138,
    "rsd_pct": 0.1980196939637123
  },
  "30k_methods": {
    "mean": 761.4732400021132,
    "rsd_pct": 0.058725821277834045
  },
  "cfunc_itself": {
    "mean": 42.13323246247025,
    "rsd_pct": 0.24208830496273362
  },
  "fib": {
    "mean": 52.09170205687935,
    "rsd_pct": 0.0554404958146434
  },
  "getivar": {
    "mean": 36.21863361694059,
    "rsd_pct": 0.09117289359703365
  },
  "keyword_args": {
    "mean": 46.480304546070215,
    "rsd_pct": 0.2322123157359969
  },
  "respond_to": {
    "mean": 159.7148765858006,
    "rsd_pct": 0.536975712745473
  },
  "setivar": {
    "mean": 39.255907346411206,
    "rsd_pct": 0.09003486069624421
  }
}