{
  "activerecord": {
    "mean": 42.74534376493014,
    "rsd_pct": 3.76296858333518,
    "micro": false
  },
  "erubi_rails": {
    "mean": 15.651786270273952,
    "rsd_pct": 19.46840102682932,
    "micro": false
  },
  "hexapdf": {
    "mean": 2078.2650403678417,
    "rsd_pct": 2.2877101283009478,
    "micro": false
  },
  "liquid-c": {
    "mean": 59.61773257946507,
    "rsd_pct": 0.6277729228638262,
    "micro": false
  },
  "liquid-compile": {
    "mean": 57.147012121527105,
    "rsd_pct": 1.4889846700298928,
    "micro": false
  },
  "liquid-render": {
    "mean": 104.15345213065545,
    "rsd_pct": 0.6210620704704982,
    "micro": false
  },
  "mail": {
    "mean": 132.96621300280094,
    "rsd_pct": 0.3384054862026815,
    "micro": false
  },
  "psych-load": {
    "mean": 1849.7665437559288,
    "rsd_pct": 0.0761757119234632,
    "micro": false
  },
  "railsbench": {
    "mean": 1814.2377483348052,
    "rsd_pct": 1.1695024996870553,
    "micro": false
  },
  "ruby-lsp": {
    "mean": 55.14648558796287,
    "rsd_pct": 7.31283895636766,
    "micro": false
  },
  "sequel": {
    "mean": 69.7852723066815,
    "rsd_pct": 1.1951960908740138,
    "micro": false
  },
  "binarytrees": {
    "mean": 227.74049121586756,
    "rsd_pct": 0.07012319312520066,
    "micro": false
  },
  "chunky_png": {
    "mean": 664.9406197170416,
    "rsd_pct": 0.4047602284364723,
    "micro": false
  },
  "erubi": {
    "mean": 254.30345568710413,
    "rsd_pct": 0.07324055922795898,
    "micro": false
  },
  "etanni": {
    "mean": 408.12509601973755,
    "rsd_pct": 0.046984081478861815,
    "micro": false
  },
  "fannkuchredux": {
    "mean": 757.0934199656432,
    "rsd_pct": 0.07994366221216764,
    "micro": false
  },
  "lee": {
    "mean": 938.0399744425501,
    "rsd_pct": 0.43337873627176987,
    "micro": false
  },
  "nbody": {
    "mean": 70.74380915030731,
    "rsd_pct": 0.08255657573714234,
    "micro": false
  },
  "optcarrot": {
    "mean": 2308.6630940437317,
    "rsd_pct": 0.6017529938472238,
    "micro": false
  },
  "ruby-json": {
    "mean": 3191.208532328407,
    "rsd_pct": 0.09881429807602002,
    "micro": false
  },
  "rubykon": {
    "mean": 6836.055326834321,
    "rsd_pct": 0.4510762089403988,
    "micro": false
  },
  "30k_ifelse": {
    "mean": 359.32478501715445,
    "rsd_pct": 0.06172496033018191,
    "micro": true
  },
  "30k_methods": {
    "mean": 853.9424581534189,
    "rsd_pct": 0.025401085735753344,
    "micro": true
  },
  "cfunc_itself": {
    "mean": 38.42687735294561,
    "rsd_pct": 0.26661345852189383,
    "micro": true
  },
  "fib": {
    "mean": 44.59390339408336,
    "rsd_pct": 0.06002550684533529,
    "micro": true
  },
  "getivar": {
    "mean": 21.154371109964735,
    "rsd_pct": 0.23266673959476677,
    "micro": true
  },
  "keyword_args": {
    "mean": 48.06665150695537,
    "rsd_pct": 0.4310453671169374,
    "micro": true
  },
  "respond_to": {
    "mean": 25.707666197154854,
    "rsd_pct": 0.5298915258092534,
    "micro": true
  },
  "setivar": {
    "mean": 11.994992278350923,
    "rsd_pct": 0.11396523508538854,
    "micro": true
  },
  "setivar_object": {
    "mean": 42.10487344471211,
    "rsd_pct": 0.044683519960378844,
    "micro": true
  },
  "setivar_young": {
    "mean": 42.27110155194557,
    "rsd_pct": 1.4679634529278973,
    "micro": true
  },
  "str_concat": {
    "mean": 44.14998368252959,
    "rsd_pct": 0.4457586561075724,
    "micro": true
  },
  "throw": {
    "mean": 24.761402734833432,
    "rsd_pct": 0.2686590254588045,
    "micro": true
  }
}