{
  "activerecord": {
    "mean": 109.99294645229324,
    "rsd_pct": 0.48019208945256875,
    "micro": false
  },
  "hexapdf": {
    "mean": 2429.9943405513964,
    "rsd_pct": 2.0999614663451864,
    "micro": false
  },
  "liquid-render": {
    "mean": 132.43802953148622,
    "rsd_pct": 1.7940584033019313,
    "micro": false
  },
  "mail": {
    "mean": 160.67937395775752,
    "rsd_pct": 0.3563055099769863,
    "micro": false
  },
  "psych-load": {
    "mean": 1949.0237531562645,
    "rsd_pct": 0.034943676203025846,
    "micro": false
  },
  "railsbench": {
    "mean": 2147.3747888579965,
    "rsd_pct": 1.5243164718106097,
    "micro": false
  },
  "binarytrees": {
    "mean": 361.93207779624424,
    "rsd_pct": 1.5980950448157656,
    "micro": false
  },
  "chunky_png": {
    "mean": 657.6721666380763,
    "rsd_pct": 0.10546546955738278,
    "micro": false
  },
  "discourse": {
    "mean": 492.54954781602413,
    "rsd_pct": 10.355076160926956,
    "micro": false
  },
  "erubi": {
    "mean": 423.3173502490242,
    "rsd_pct": 0.7797568991297713,
    "micro": false
  },
  "erubi_rails": {
    "mean": 20.356930373331764,
    "rsd_pct": 3.2516953495331076,
    "micro": false
  },
  "fannkuchredux": {
    "mean": 6911.660061900814,
    "rsd_pct": 0.04970752350520721,
    "micro": false
  },
  "lee": {
    "mean": 915.9579401920465,
    "rsd_pct": 0.2880856592490967,
    "micro": false
  },
  "nbody": {
    "mean": 90.46796743504025,
    "rsd_pct": 0.4506333793534336,
    "micro": false
  },
  "optcarrot": {
    "mean": 3635.505892088016,
    "rsd_pct": 0.5292365544140866,
    "micro": false
  },
  "rubykon": {
    "mean": 7856.741691380739,
    "rsd_pct": 0.8020660897561275,
    "micro": false
  },
  "30k_ifelse": {
    "mean": 353.61395847784087,
    "rsd_pct": 0.16822029391770021,
    "micro": true
  },
  "30k_methods": {
    "mean": 875.9462012994019,
    "rsd_pct": 0.05798365332220872,
    "micro": true
  },
  "cfunc_itself": {
    "mean": 44.87219162805334,
    "rsd_pct": 0.9591716601883149,
    "micro": true
  },
  "fib": {
    "mean": 62.48697861155961,
    "rsd_pct": 0.6001964916537258,
    "micro": true
  },
  "getivar": {
    "mean": 42.55285551532721,
    "rsd_pct": 0.7226074261833842,
    "micro": true
  },
  "keyword_args": {
    "mean": 53.572865028243925,
    "rsd_pct": 0.6655178231260157,
    "micro": true
  },
  "respond_to": {
    "mean": 184.73510159687564,
    "rsd_pct": 0.3736809272785781,
    "micro": true
  },
  "setivar": {
    "mean": 52.64831477933425,
    "rsd_pct": 0.6839298168236115,
    "micro": true
  }
}