{
  "activerecord": {
    "mean": 43.17231365674644,
    "rsd_pct": 0.7831466315602741,
    "micro": false
  },
  "erubi_rails": {
    "mean": 15.135585684413554,
    "rsd_pct": 3.4032188697879664,
    "micro": false
  },
  "hexapdf": {
    "mean": 2047.9580918947856,
    "rsd_pct": 2.637163918643104,
    "micro": false
  },
  "liquid-c": {
    "mean": 59.205816843124104,
    "rsd_pct": 2.1141179252691265,
    "micro": false
  },
  "liquid-compile": {
    "mean": 52.51996972879698,
    "rsd_pct": 5.050652929136559,
    "micro": false
  },
  "liquid-render": {
    "mean": 108.31252811728297,
    "rsd_pct": 2.599244617095099,
    "micro": false
  },
  "mail": {
    "mean": 128.25638059383402,
    "rsd_pct": 0.366531286031538,
    "micro": false
  },
  "psych-load": {
    "mean": 1815.3639757384856,
    "rsd_pct": 0.11535294343135105,
    "micro": false
  },
  "railsbench": {
    "mean": 1806.0208114484947,
    "rsd_pct": 1.1435196256617277,
    "micro": false
  },
  "ruby-lsp": {
    "mean": 58.38023450182021,
    "rsd_pct": 19.871096911434893,
    "micro": false
  },
  "sequel": {
    "mean": 67.79187591904301,
    "rsd_pct": 0.3674902854426715,
    "micro": false
  },
  "binarytrees": {
    "mean": 226.33790933865714,
    "rsd_pct": 0.08606634811107174,
    "micro": false
  },
  "chunky_png": {
    "mean": 646.0993642047529,
    "rsd_pct": 0.07361487284012602,
    "micro": false
  },
  "erubi": {
    "mean": 256.22542799474337,
    "rsd_pct": 0.8661853792389704,
    "micro": false
  },
  "etanni": {
    "mean": 411.6430952368925,
    "rsd_pct": 0.4375842828143148,
    "micro": false
  },
  "fannkuchredux": {
    "mean": 769.7403313964605,
    "rsd_pct": 0.05966333473721044,
    "micro": false
  },
  "lee": {
    "mean": 917.0711443182968,
    "rsd_pct": 0.34277766842020774,
    "micro": false
  },
  "nbody": {
    "mean": 69.21392542103098,
    "rsd_pct": 0.0780076175021856,
    "micro": false
  },
  "optcarrot": {
    "mean": 2267.983598758777,
    "rsd_pct": 0.6205551529698504,
    "micro": false
  },
  "ruby-json": {
    "mean": 3015.8622536808252,
    "rsd_pct": 0.17303834806269378,
    "micro": false
  },
  "rubykon": {
    "mean": 6699.720869461696,
    "rsd_pct": 0.3801640806164228,
    "micro": false
  },
  "30k_ifelse": {
    "mean": 359.78204594417053,
    "rsd_pct": 0.06228809929951167,
    "micro": true
  },
  "30k_methods": {
    "mean": 860.2982538387827,
    "rsd_pct": 0.026812890262844925,
    "micro": true
  },
  "cfunc_itself": {
    "mean": 38.35052480266899,
    "rsd_pct": 0.18855710148394592,
    "micro": true
  },
  "fib": {
    "mean": 44.63684748459075,
    "rsd_pct": 0.07062962521764271,
    "micro": true
  },
  "getivar": {
    "mean": 21.11949775979002,
    "rsd_pct": 0.16392300961801282,
    "micro": true
  },
  "keyword_args": {
    "mean": 47.839012437084406,
    "rsd_pct": 0.12932946412247018,
    "micro": true
  },
  "respond_to": {
    "mean": 25.349016857312368,
    "rsd_pct": 0.9416276331877154,
    "micro": true
  },
  "setivar": {
    "mean": 11.995323697338579,
    "rsd_pct": 0.11871980356058838,
    "micro": true
  },
  "setivar_object": {
    "mean": 46.629758534349484,
    "rsd_pct": 5.080311117146549,
    "micro": true
  },
  "setivar_young": {
    "mean": 42.307640709993194,
    "rsd_pct": 1.5252147940937273,
    "micro": true
  },
  "str_concat": {
    "mean": 42.1194798560648,
    "rsd_pct": 1.4573981264391818,
    "micro": true
  },
  "throw": {
    "mean": 24.283481156678448,
    "rsd_pct": 0.20495657787669308,
    "micro": true
  }
}