{
  "activerecord": {
    "mean": 327.95958960081873,
    "rsd_pct": 0.429786958698343,
    "micro": false
  },
  "hexapdf": {
    "mean": 7811.708237230778,
    "rsd_pct": 1.1654339784152894,
    "micro": false
  },
  "liquid-render": {
    "mean": 449.3800411054372,
    "rsd_pct": 1.420129858459983,
    "micro": false
  },
  "mail": {
    "mean": 583.3871296296517,
    "rsd_pct": 0.12125118309266106,
    "micro": false
  },
  "psych-load": {
    "mean": 6505.207435041666,
    "rsd_pct": 0.02665056774164464,
    "micro": false
  },
  "railsbench": {
    "mean": 6570.076405256987,
    "rsd_pct": 0.6764968583934531,
    "micro": false
  },
  "ruby-lsp": {
    "mean": 226.89899177713826,
    "rsd_pct": 9.977062740006957,
    "micro": false
  },
  "binarytrees": {
    "mean": 572.5866389090577,
    "rsd_pct": 3.3631336177120272,
    "micro": false
  },
  "chunky_png": {
    "mean": 1635.0339816642866,
    "rsd_pct": 0.15059754166358863,
    "micro": false
  },
  "erubi": {
    "mean": 749.9487726692704,
    "rsd_pct": 2.213765549109166,
    "micro": false
  },
  "erubi_rails": {
    "mean": 53.62308442678564,
    "rsd_pct": 2.405363141367666,
    "micro": false
  },
  "etanni": {
    "mean": 1220.0029410554894,
    "rsd_pct": 0.5795963341452688,
    "micro": false
  },
  "fannkuchredux": {
    "mean": 5855.917125940323,
    "rsd_pct": 0.09731974416993938,
    "micro": false
  },
  "lee": {
    "mean": 2532.348779340585,
    "rsd_pct": 0.04041549474253106,
    "micro": false
  },
  "nbody": {
    "mean": 224.721140996354,
    "rsd_pct": 0.09273481666995072,
    "micro": false
  },
  "optcarrot": {
    "mean": 15441.457046071688,
    "rsd_pct": 0.42796168840938253,
    "micro": false
  },
  "rubykon": {
    "mean": 24342.471710716683,
    "rsd_pct": 0.24038528039169182,
    "micro": false
  },
  "30k_ifelse": {
    "mean": 2364.7918663546443,
    "rsd_pct": 0.039132439037377606,
    "micro": true
  },
  "30k_methods": {
    "mean": 5293.497146572918,
    "rsd_pct": 0.06296502577592869,
    "micro": true
  },
  "cfunc_itself": {
    "mean": 119.82564653269947,
    "rsd_pct": 0.036754656927477605,
    "micro": true
  },
  "fib": {
    "mean": 228.71324415133543,
    "rsd_pct": 0.008926704478625924,
    "micro": true
  },
  "getivar": {
    "mean": 118.34631344530854,
    "rsd_pct": 0.005025052199396915,
    "micro": true
  },
  "keyword_args": {
    "mean": 155.430613388005,
    "rsd_pct": 0.021260280461072888,
    "micro": true
  },
  "respond_to": {
    "mean": 114.83858377188221,
    "rsd_pct": 0.7718427151886069,
    "micro": true
  },
  "setivar": {
    "mean": 112.711551160252,
    "rsd_pct": 0.0062035668764733945,
    "micro": true
  },
  "str_concat": {
    "mean": 118.72272916553804,
    "rsd_pct": 0.9448833147869655,
    "micro": true
  }
}