{
  "activerecord": {
    "mean": 122.43210012817012,
    "rsd_pct": 3.370274808268228,
    "micro": false
  },
  "hexapdf": {
    "mean": 2359.5070543388524,
    "rsd_pct": 1.7975842054525812,
    "micro": false
  },
  "liquid-render": {
    "mean": 144.4414359098975,
    "rsd_pct": 1.7819837826418095,
    "micro": false
  },
  "mail": {
    "mean": 185.660955731139,
    "rsd_pct": 2.7261923463894266,
    "micro": false
  },
  "psych-load": {
    "mean": 2205.709151054422,
    "rsd_pct": 0.041197310022361676,
    "micro": false
  },
  "railsbench": {
    "mean": 2433.9790706833205,
    "rsd_pct": 0.7677094244776553,
    "micro": false
  },
  "binarytrees": {
    "mean": 356.28490703208234,
    "rsd_pct": 0.1705729373153518,
    "micro": false
  },
  "chunky_png": {
    "mean": 667.3194128249226,
    "rsd_pct": 0.22456382942187664,
    "micro": false
  },
  "discourse": {
    "mean": 692.2330932522362,
    "rsd_pct": 21.12158578962137,
    "micro": false
  },
  "erubi": {
    "mean": 402.5759574558054,
    "rsd_pct": 0.8230695385313381,
    "micro": false
  },
  "erubi_rails": {
    "mean": 25.0004850854113,
    "rsd_pct": 55.55407149285424,
    "micro": false
  },
  "fannkuchredux": {
    "mean": 8778.219996144375,
    "rsd_pct": 2.096815115640524,
    "micro": false
  },
  "lee": {
    "mean": 889.1281192614274,
    "rsd_pct": 1.310603146880258,
    "micro": false
  },
  "nbody": {
    "mean": 87.35485489133501,
    "rsd_pct": 0.4985639684126787,
    "micro": false
  },
  "optcarrot": {
    "mean": 3669.4449293116727,
    "rsd_pct": 0.5710864277535905,
    "micro": false
  },
  "rubykon": {
    "mean": 7933.924341325958,
    "rsd_pct": 3.476656117606753,
    "micro": false
  },
  "30k_ifelse": {
    "mean": 358.1669197163799,
    "rsd_pct": 0.19703134648688772,
    "micro": true
  },
  "30k_methods": {
    "mean": 876.8559905954382,
    "rsd_pct": 0.062207973010615085,
    "micro": true
  },
  "cfunc_itself": {
    "mean": 45.65135895141533,
    "rsd_pct": 1.1109374354287964,
    "micro": true
  },
  "fib": {
    "mean": 62.58013196056709,
    "rsd_pct": 0.6040898963626913,
    "micro": true
  },
  "getivar": {
    "mean": 42.605929882339545,
    "rsd_pct": 0.6974356171470688,
    "micro": true
  },
  "keyword_args": {
    "mean": 52.914264232472135,
    "rsd_pct": 0.7292565742727132,
    "micro": true
  },
  "respond_to": {
    "mean": 180.06561071696606,
    "rsd_pct": 0.30625477043759985,
    "micro": true
  },
  "setivar": {
    "mean": 53.658219685205054,
    "rsd_pct": 0.6646927398345435,
    "micro": true
  },
  "str_concat": {
    "mean": 111.00715268880893,
    "rsd_pct": 1.529198374855688,
    "micro": true
  }
}