{
  "activerecord": {
    "mean": 95.42464700472705,
    "rsd_pct": 0.8525107303630935,
    "micro": false
  },
  "hexapdf": {
    "mean": 2356.968658914169,
    "rsd_pct": 1.9420254479306311,
    "micro": false
  },
  "liquid-render": {
    "mean": 113.9048425502133,
    "rsd_pct": 1.9146147354437,
    "micro": false
  },
  "mail": {
    "mean": 159.95976946702817,
    "rsd_pct": 0.15672619160802317,
    "micro": false
  },
  "psych-load": {
    "mean": 1915.12288103501,
    "rsd_pct": 0.08070287659639103,
    "micro": false
  },
  "railsbench": {
    "mean": 2015.2881269653637,
    "rsd_pct": 1.4818468496924275,
    "micro": false
  },
  "ruby-lsp": {
    "mean": 73.96840195764194,
    "rsd_pct": 19.118817469025434,
    "micro": false
  },
  "binarytrees": {
    "mean": 236.5984019475529,
    "rsd_pct": 3.7983207847509335,
    "micro": false
  },
  "chunky_png": {
    "mean": 629.7712759865868,
    "rsd_pct": 0.07698413309945831,
    "micro": false
  },
  "erubi": {
    "mean": 291.23830017836195,
    "rsd_pct": 0.7478577025189819,
    "micro": false
  },
  "erubi_rails": {
    "mean": 17.84986752385361,
    "rsd_pct": 4.150806210906195,
    "micro": false
  },
  "etanni": {
    "mean": 469.5144232717298,
    "rsd_pct": 0.48001366649123445,
    "micro": false
  },
  "fannkuchredux": {
    "mean": 2281.4249890546002,
    "rsd_pct": 0.06919048267854752,
    "micro": false
  },
  "lee": {
    "mean": 923.6468658560798,
    "rsd_pct": 1.5579429482983087,
    "micro": false
  },
  "nbody": {
    "mean": 85.4959699492424,
    "rsd_pct": 0.1810929347981326,
    "micro": false
  },
  "optcarrot": {
    "mean": 3173.264009008805,
    "rsd_pct": 0.40813476646144226,
    "micro": false
  },
  "rubykon": {
    "mean": 6724.578693757455,
    "rsd_pct": 0.9870452168682673,
    "micro": false
  },
  "30k_ifelse": {
    "mean": 395.67726261913776,
    "rsd_pct": 0.13389931860384827,
    "micro": true
  },
  "30k_methods": {
    "mean": 958.3580614998937,
    "rsd_pct": 0.035053693360196224,
    "micro": true
  },
  "cfunc_itself": {
    "mean": 41.663843378424644,
    "rsd_pct": 0.18430145759480618,
    "micro": true
  },
  "fib": {
    "mean": 61.49355225287811,
    "rsd_pct": 0.17929021940234735,
    "micro": true
  },
  "getivar": {
    "mean": 46.831317001105475,
    "rsd_pct": 0.061051961785871724,
    "micro": true
  },
  "keyword_args": {
    "mean": 51.93117849238507,
    "rsd_pct": 0.245638739767052,
    "micro": true
  },
  "respond_to": {
    "mean": 28.021890195323966,
    "rsd_pct": 0.4731767262795963,
    "micro": true
  },
  "setivar": {
    "mean": 55.215770188263825,
    "rsd_pct": 0.11704162599047659,
    "micro": true
  },
  "str_concat": {
    "mean": 44.53686567808478,
    "rsd_pct": 1.8180345315201982,
    "micro": true
  }
}