{
  "activerecord": {
    "mean": 109.09318795150264,
    "rsd_pct": 1.049977503817526,
    "micro": false
  },
  "hexapdf": {
    "mean": 2189.256994302074,
    "rsd_pct": 0.7618767735478577,
    "micro": false
  },
  "jekyll": {
    "mean": 7433.760007098317,
    "rsd_pct": 3.019922619577468,
    "micro": false
  },
  "liquid-render": {
    "mean": 128.71448118956044,
    "rsd_pct": 2.032994293219437,
    "micro": false
  },
  "mail": {
    "mean": 146.4264167206628,
    "rsd_pct": 1.2783197733477625,
    "micro": false
  },
  "psych-load": {
    "mean": 1777.3474006603162,
    "rsd_pct": 1.477558110336642,
    "micro": false
  },
  "railsbench": {
    "mean": 2126.613969604174,
    "rsd_pct": 1.411089315995022,
    "micro": false
  },
  "binarytrees": {
    "mean": 296.45882369300654,
    "rsd_pct": 0.32883121044679026,
    "micro": false
  },
  "erubi": {
    "mean": 431.3103226729884,
    "rsd_pct": 1.5559023551877798,
    "micro": false
  },
  "erubi_rails": {
    "mean": 35.78072643950971,
    "rsd_pct": 16.656875606043297,
    "micro": false
  },
  "fannkuchredux": {
    "mean": 5461.334625383218,
    "rsd_pct": 0.08317309253502951,
    "micro": false
  },
  "lee": {
    "mean": 753.6148226175171,
    "rsd_pct": 1.8720816913088898,
    "micro": false
  },
  "nbody": {
    "mean": 75.3543819164672,
    "rsd_pct": 0.058514378727639156,
    "micro": false
  },
  "optcarrot": {
    "mean": 3120.7856313635907,
    "rsd_pct": 0.7673059726846617,
    "micro": false
  },
  "rubykon": {
    "mean": 5696.184823041161,
    "rsd_pct": 0.75310286854276,
    "micro": false
  },
  "30k_ifelse": {
    "mean": 312.9361490427982,
    "rsd_pct": 0.12300640367665504,
    "micro": true
  },
  "30k_methods": {
    "mean": 740.8390803331578,
    "rsd_pct": 0.04272005339431686,
    "micro": true
  },
  "cfunc_itself": {
    "mean": 39.89349232194849,
    "rsd_pct": 0.25790378898503363,
    "micro": true
  },
  "fib": {
    "mean": 52.11722994863521,
    "rsd_pct": 0.02794324473965121,
    "micro": true
  },
  "getivar": {
    "mean": 35.49164338763936,
    "rsd_pct": 0.05131201577390959,
    "micro": true
  },
  "keyword_args": {
    "mean": 46.42890827920012,
    "rsd_pct": 0.32280852545143196,
    "micro": true
  },
  "respond_to": {
    "mean": 152.52291562772075,
    "rsd_pct": 0.16497786881395482,
    "micro": true
  },
  "setivar": {
    "mean": 41.84689867275155,
    "rsd_pct": 0.23731709852421928,
    "micro": true
  }
}