{
  "activerecord": {
    "mean": 94.16263871517262,
    "rsd_pct": 0.6323385010936864,
    "micro": false
  },
  "hexapdf": {
    "mean": 2165.077863757809,
    "rsd_pct": 1.750420933070323,
    "micro": false
  },
  "liquid-render": {
    "mean": 112.78174462754072,
    "rsd_pct": 1.8966721131176332,
    "micro": false
  },
  "mail": {
    "mean": 141.02937237496351,
    "rsd_pct": 0.19112614790416246,
    "micro": false
  },
  "psych-load": {
    "mean": 1820.283085744207,
    "rsd_pct": 0.03657620350177178,
    "micro": false
  },
  "railsbench": {
    "mean": 2019.3378549690049,
    "rsd_pct": 0.683975595555887,
    "micro": false
  },
  "ruby-lsp": {
    "mean": 72.38927403620134,
    "rsd_pct": 21.605084016000305,
    "micro": false
  },
  "binarytrees": {
    "mean": 233.50423042185952,
    "rsd_pct": 0.05805396269767551,
    "micro": false
  },
  "chunky_png": {
    "mean": 610.0189349204866,
    "rsd_pct": 0.057516551458760445,
    "micro": false
  },
  "erubi": {
    "mean": 294.40594627179536,
    "rsd_pct": 1.0912342648984035,
    "micro": false
  },
  "erubi_rails": {
    "mean": 17.225753332977,
    "rsd_pct": 3.45089258086501,
    "micro": false
  },
  "etanni": {
    "mean": 474.7522421613602,
    "rsd_pct": 0.6472647447463853,
    "micro": false
  },
  "fannkuchredux": {
    "mean": 927.9651698944647,
    "rsd_pct": 0.06109089288512969,
    "micro": false
  },
  "lee": {
    "mean": 913.0665190140938,
    "rsd_pct": 0.18004058456524985,
    "micro": false
  },
  "nbody": {
    "mean": 71.41632781879578,
    "rsd_pct": 0.19588987742435532,
    "micro": false
  },
  "optcarrot": {
    "mean": 2573.5989520015814,
    "rsd_pct": 0.420881865315348,
    "micro": false
  },
  "rubykon": {
    "mean": 6576.700852081801,
    "rsd_pct": 1.2740769454845868,
    "micro": false
  },
  "30k_ifelse": {
    "mean": 403.0692486371845,
    "rsd_pct": 0.15958546167861598,
    "micro": true
  },
  "30k_methods": {
    "mean": 953.2863506348804,
    "rsd_pct": 0.025340047498208645,
    "micro": true
  },
  "cfunc_itself": {
    "mean": 40.78022062322276,
    "rsd_pct": 0.15361563234145093,
    "micro": true
  },
  "fib": {
    "mean": 62.833365839388634,
    "rsd_pct": 0.046418852423768496,
    "micro": true
  },
  "getivar": {
    "mean": 45.74887880104971,
    "rsd_pct": 0.30367415634178335,
    "micro": true
  },
  "keyword_args": {
    "mean": 53.010880455655176,
    "rsd_pct": 0.04559543944268155,
    "micro": true
  },
  "respond_to": {
    "mean": 28.237656245652314,
    "rsd_pct": 0.3304834741664111,
    "micro": true
  },
  "setivar": {
    "mean": 14.708410578725093,
    "rsd_pct": 0.15056442868217146,
    "micro": true
  },
  "setivar_object": {
    "mean": 50.624684395292135,
    "rsd_pct": 1.7282219322507875,
    "micro": true
  },
  "str_concat": {
    "mean": 40.30259621824864,
    "rsd_pct": 1.566238954555263,
    "micro": true
  }
}