{
  "activerecord": {
    "mean": 110.51537921154049,
    "rsd_pct": 1.1281590876267713
  },
  "hexapdf": {
    "mean": 2187.177603133023,
    "rsd_pct": 1.4989740056329544
  },
  "jekyll": {
    "mean": 7384.655362460762,
    "rsd_pct": 2.107203171661754
  },
  "liquid-render": {
    "mean": 119.86255210343819,
    "rsd_pct": 2.4421595546677612
  },
  "mail": {
    "mean": 146.60510629977261,
    "rsd_pct": 1.1097611301844015
  },
  "psych-load": {
    "mean": 1792.591285891831,
    "rsd_pct": 0.7132013090891288
  },
  "railsbench": {
    "mean": 2483.9814653620124,
    "rsd_pct": 1.4945661803560013
  },
  "binarytrees": {
    "mean": 288.25309253297746,
    "rsd_pct": 0.08033653380928385
  },
  "fannkuchredux": {
    "mean": 5340.657640527934,
    "rsd_pct": 0.03677722224736684
  },
  "lee": {
    "mean": 797.9117572540417,
    "rsd_pct": 1.2438660053296773
  },
  "nbody": {
    "mean": 75.54909361562892,
    "rsd_pct": 0.043010378805998326
  },
  "optcarrot": {
    "mean": 3120.9617098793387,
    "rsd_pct": 0.46206519197657103
  },
  "rubykon": {
    "mean": 5568.415138684213,
    "rsd_pct": 0.4206362955639952
  },
  "30k_ifelse": {
    "mean": 324.2903677209352,
    "rsd_pct": 0.1437530859720497
  },
  "30k_methods": {
    "mean": 754.6377272399909,
    "rsd_pct": 0.059877720759798025
  },
  "cfunc_itself": {
    "mean": 38.67302081679676,
    "rsd_pct": 0.2764207665864383
  },
  "fib": {
    "mean": 52.05720986922582,
    "rsd_pct": 0.02834017123375616
  },
  "getivar": {
    "mean": 35.48059106321522,
    "rsd_pct": 0.07347907402390023
  },
  "keyword_args": {
    "mean": 46.16816668059536,
    "rsd_pct": 0.06762365825400427
  },
  "respond_to": {
    "mean": 151.63724273290546,
    "rsd_pct": 0.3340635500935359
  },
  "setivar": {
    "mean": 41.94546569727393,
    "rsd_pct": 0.14016533087608116
  }
}