{
  "activerecord": {
    "mean": 336.04713321170385,
    "rsd_pct": 0.4368930203479886,
    "micro": false
  },
  "hexapdf": {
    "mean": 7487.159507659574,
    "rsd_pct": 1.301758736809133,
    "micro": false
  },
  "liquid-render": {
    "mean": 447.7111357876233,
    "rsd_pct": 1.476381923426731,
    "micro": false
  },
  "mail": {
    "mean": 585.5007079988718,
    "rsd_pct": 0.11869978388904423,
    "micro": false
  },
  "psych-load": {
    "mean": 6103.584988291065,
    "rsd_pct": 0.07673330314069486,
    "micro": false
  },
  "railsbench": {
    "mean": 6509.408184265097,
    "rsd_pct": 0.9844880304266888,
    "micro": false
  },
  "binarytrees": {
    "mean": 608.4295020786574,
    "rsd_pct": 0.3290975189515415,
    "micro": false
  },
  "chunky_png": {
    "mean": 1649.0424716321286,
    "rsd_pct": 0.14997845732332216,
    "micro": false
  },
  "erubi": {
    "mean": 731.3147236264366,
    "rsd_pct": 1.2757910003858384,
    "micro": false
  },
  "erubi_rails": {
    "mean": 52.37550200040619,
    "rsd_pct": 2.5872506053514073,
    "micro": false
  },
  "etanni": {
    "mean": 1159.6647350428004,
    "rsd_pct": 1.2372732764397871,
    "micro": false
  },
  "fannkuchredux": {
    "mean": 5962.828940649827,
    "rsd_pct": 0.1768499478209997,
    "micro": false
  },
  "lee": {
    "mean": 2598.107194248587,
    "rsd_pct": 1.659359582786094,
    "micro": false
  },
  "nbody": {
    "mean": 213.180064308024,
    "rsd_pct": 0.20199211844604567,
    "micro": false
  },
  "optcarrot": {
    "mean": 15027.0637648801,
    "rsd_pct": 0.37456046544597166,
    "micro": false
  },
  "ruby-lsp": {
    "mean": 237.3272847150441,
    "rsd_pct": 15.078476801821584,
    "micro": false
  },
  "rubykon": {
    "mean": 24293.95027719438,
    "rsd_pct": 0.2986809652798663,
    "micro": false
  },
  "30k_ifelse": {
    "mean": 2335.346939507872,
    "rsd_pct": 1.3357826509700412,
    "micro": true
  },
  "30k_methods": {
    "mean": 5220.197756331237,
    "rsd_pct": 0.0382577977088555,
    "micro": true
  },
  "cfunc_itself": {
    "mean": 117.31640830921974,
    "rsd_pct": 0.011170807692007016,
    "micro": true
  },
  "fib": {
    "mean": 225.84829422494323,
    "rsd_pct": 0.0048979111825527815,
    "micro": true
  },
  "getivar": {
    "mean": 118.34697218769243,
    "rsd_pct": 0.0065092280433903145,
    "micro": true
  },
  "keyword_args": {
    "mean": 155.6548111531594,
    "rsd_pct": 0.02815767202350172,
    "micro": true
  },
  "respond_to": {
    "mean": 114.1473379746919,
    "rsd_pct": 0.9599519579692356,
    "micro": true
  },
  "setivar": {
    "mean": 113.55972358491272,
    "rsd_pct": 0.011905271033733704,
    "micro": true
  },
  "str_concat": {
    "mean": 119.19641431242908,
    "rsd_pct": 0.9188886843468846,
    "micro": true
  }
}