{
  "activerecord": {
    "mean": 110.96011560099821,
    "rsd_pct": 0.45658873130372285,
    "micro": false
  },
  "hexapdf": {
    "mean": 2407.556667737663,
    "rsd_pct": 2.978106183119981,
    "micro": false
  },
  "liquid-render": {
    "mean": 127.84561484616685,
    "rsd_pct": 1.7082436358388176,
    "micro": false
  },
  "mail": {
    "mean": 161.09896681061196,
    "rsd_pct": 0.33924711926425516,
    "micro": false
  },
  "psych-load": {
    "mean": 1980.2562721073627,
    "rsd_pct": 0.040235933380328444,
    "micro": false
  },
  "railsbench": {
    "mean": 2164.012736827135,
    "rsd_pct": 1.254268067316977,
    "micro": false
  },
  "binarytrees": {
    "mean": 364.7974814883754,
    "rsd_pct": 1.7434731732925468,
    "micro": false
  },
  "chunky_png": {
    "mean": 661.2331012263894,
    "rsd_pct": 0.16171919145017333,
    "micro": false
  },
  "discourse": {
    "mean": 496.92239289960037,
    "rsd_pct": 8.987156469735625,
    "micro": false
  },
  "erubi": {
    "mean": 415.66098790536535,
    "rsd_pct": 0.657996139295083,
    "micro": false
  },
  "erubi_rails": {
    "mean": 20.62738213027812,
    "rsd_pct": 3.55893849913425,
    "micro": false
  },
  "fannkuchredux": {
    "mean": 7075.830930285156,
    "rsd_pct": 0.17057676365089217,
    "micro": false
  },
  "lee": {
    "mean": 901.0261748917401,
    "rsd_pct": 1.4694821060699694,
    "micro": false
  },
  "nbody": {
    "mean": 91.36092027880414,
    "rsd_pct": 1.8548874220253888,
    "micro": false
  },
  "optcarrot": {
    "mean": 3489.580759468178,
    "rsd_pct": 0.5745060854430712,
    "micro": false
  },
  "rubykon": {
    "mean": 7900.006728681426,
    "rsd_pct": 0.6266384358730046,
    "micro": false
  },
  "30k_ifelse": {
    "mean": 355.96754039371655,
    "rsd_pct": 0.17923336466855647,
    "micro": true
  },
  "30k_methods": {
    "mean": 889.1708991828967,
    "rsd_pct": 0.06450506973120473,
    "micro": true
  },
  "cfunc_itself": {
    "mean": 45.748263673342734,
    "rsd_pct": 0.8773512564241115,
    "micro": true
  },
  "fib": {
    "mean": 62.78387429397028,
    "rsd_pct": 1.4688055823964288,
    "micro": true
  },
  "getivar": {
    "mean": 42.55266196797697,
    "rsd_pct": 0.6679595477313318,
    "micro": true
  },
  "keyword_args": {
    "mean": 53.24181783052676,
    "rsd_pct": 0.6356031928474059,
    "micro": true
  },
  "respond_to": {
    "mean": 183.04082644717383,
    "rsd_pct": 0.4746019422083515,
    "micro": true
  },
  "setivar": {
    "mean": 52.598041483731045,
    "rsd_pct": 0.6565367759512027,
    "micro": true
  }
}