{
  "activerecord": {
    "mean": 338.06356781101584,
    "rsd_pct": 0.20477680733046083,
    "micro": false
  },
  "hexapdf": {
    "mean": 6578.606382322808,
    "rsd_pct": 1.556564673370918,
    "micro": false
  },
  "liquid-c": {
    "mean": 195.80180591179266,
    "rsd_pct": 1.793843484338209,
    "micro": false
  },
  "liquid-render": {
    "mean": 392.32048134231036,
    "rsd_pct": 2.1347731137581403,
    "micro": false
  },
  "mail": {
    "mean": 398.4091322419458,
    "rsd_pct": 0.28846193412020454,
    "micro": false
  },
  "psych-load": {
    "mean": 5302.194793274005,
    "rsd_pct": 0.10408918713365414,
    "micro": false
  },
  "railsbench": {
    "mean": 5674.719447518389,
    "rsd_pct": 0.7830266417835354,
    "micro": false
  },
  "ruby-lsp": {
    "mean": 198.66627244820762,
    "rsd_pct": 10.959542550314744,
    "micro": false
  },
  "sequel": {
    "mean": 395.2693249547371,
    "rsd_pct": 2.1904685117631484,
    "micro": false
  },
  "binarytrees": {
    "mean": 526.8629094804911,
    "rsd_pct": 0.15682325114996845,
    "micro": false
  },
  "chunky_png": {
    "mean": 1534.2658674644847,
    "rsd_pct": 0.10517266507961327,
    "micro": false
  },
  "erubi": {
    "mean": 567.0613346931835,
    "rsd_pct": 0.9626537109128874,
    "micro": false
  },
  "erubi_rails": {
    "mean": 47.90583723542283,
    "rsd_pct": 2.318053197573433,
    "micro": false
  },
  "etanni": {
    "mean": 906.4155468070994,
    "rsd_pct": 0.449134367593975,
    "micro": false
  },
  "fannkuchredux": {
    "mean": 2534.7696509921834,
    "rsd_pct": 0.11000522650210409,
    "micro": false
  },
  "lee": {
    "mean": 2274.8896997599377,
    "rsd_pct": 0.1442428680365241,
    "micro": false
  },
  "nbody": {
    "mean": 176.0152747639411,
    "rsd_pct": 0.053647681949497886,
    "micro": false
  },
  "optcarrot": {
    "mean": 19524.283115193248,
    "rsd_pct": 0.40139260755972384,
    "micro": false
  },
  "rubykon": {
    "mean": 20608.89415045579,
    "rsd_pct": 0.46326456824012247,
    "micro": false
  },
  "30k_ifelse": {
    "mean": 1930.492607222751,
    "rsd_pct": 0.026054617837136175,
    "micro": true
  },
  "30k_methods": {
    "mean": 3889.7547357715666,
    "rsd_pct": 0.07740006452789508,
    "micro": true
  },
  "cfunc_itself": {
    "mean": 103.35869681512901,
    "rsd_pct": 0.012607015400319473,
    "micro": true
  },
  "fib": {
    "mean": 191.10133948901267,
    "rsd_pct": 0.005949466877371737,
    "micro": true
  },
  "getivar": {
    "mean": 107.46975982809491,
    "rsd_pct": 0.007621317147822419,
    "micro": true
  },
  "keyword_args": {
    "mean": 191.053520170554,
    "rsd_pct": 0.019887005117804828,
    "micro": true
  },
  "respond_to": {
    "mean": 99.79465676279649,
    "rsd_pct": 0.7663508694970876,
    "micro": true
  },
  "setivar": {
    "mean": 50.037911773633596,
    "rsd_pct": 0.012173988596020131,
    "micro": true
  },
  "setivar_object": {
    "mean": 127.55141778010653,
    "rsd_pct": 0.9606150855976516,
    "micro": true
  },
  "str_concat": {
    "mean": 106.42835591606531,
    "rsd_pct": 0.6439502272529558,
    "micro": true
  }
}