{
  "activerecord": {
    "mean": 143.5999685554673,
    "rsd_pct": 0.23084597637622814,
    "micro": false
  },
  "erubi_rails": {
    "mean": 45.01843810410438,
    "rsd_pct": 2.2968011223586715,
    "micro": false
  },
  "hexapdf": {
    "mean": 5861.568348233898,
    "rsd_pct": 2.1465744318601105,
    "micro": false
  },
  "liquid-c": {
    "mean": 189.01877037604294,
    "rsd_pct": 1.8982821944047075,
    "micro": false
  },
  "liquid-compile": {
    "mean": 162.2011962103674,
    "rsd_pct": 0.6073471537088144,
    "micro": false
  },
  "liquid-render": {
    "mean": 354.0627263668601,
    "rsd_pct": 2.2658455100588255,
    "micro": false
  },
  "mail": {
    "mean": 366.9633372897102,
    "rsd_pct": 0.13887452802579703,
    "micro": false
  },
  "psych-load": {
    "mean": 5220.294052734971,
    "rsd_pct": 0.08347242570696757,
    "micro": false
  },
  "railsbench": {
    "mean": 5309.478174522519,
    "rsd_pct": 0.7439243085429542,
    "micro": false
  },
  "ruby-lsp": {
    "mean": 173.92483388027313,
    "rsd_pct": 11.927319110148575,
    "micro": false
  },
  "sequel": {
    "mean": 201.78551484759038,
    "rsd_pct": 0.19532637777268824,
    "micro": false
  },
  "binarytrees": {
    "mean": 491.1014549224899,
    "rsd_pct": 0.1373490392585014,
    "micro": false
  },
  "chunky_png": {
    "mean": 1458.1820225162853,
    "rsd_pct": 0.06724057146385808,
    "micro": false
  },
  "erubi": {
    "mean": 569.5897239064308,
    "rsd_pct": 0.8367864425296553,
    "micro": false
  },
  "etanni": {
    "mean": 920.0683711294798,
    "rsd_pct": 0.5064028741477904,
    "micro": false
  },
  "fannkuchredux": {
    "mean": 1485.9145979583263,
    "rsd_pct": 0.19289153587082394,
    "micro": false
  },
  "lee": {
    "mean": 2222.860117442906,
    "rsd_pct": 0.260475550135814,
    "micro": false
  },
  "nbody": {
    "mean": 156.19756231227746,
    "rsd_pct": 0.0736980968565407,
    "micro": false
  },
  "optcarrot": {
    "mean": 8536.350099618236,
    "rsd_pct": 0.5048690689085262,
    "micro": false
  },
  "ruby-json": {
    "mean": 8717.652784784636,
    "rsd_pct": 0.12539519290690399,
    "micro": false
  },
  "rubykon": {
    "mean": 19359.063593298197,
    "rsd_pct": 0.3851713059680617,
    "micro": false
  },
  "30k_ifelse": {
    "mean": 1604.4357112185521,
    "rsd_pct": 0.12850201096575067,
    "micro": true
  },
  "30k_methods": {
    "mean": 3445.12555796815,
    "rsd_pct": 0.06913873343873989,
    "micro": true
  },
  "cfunc_itself": {
    "mean": 86.82019307076582,
    "rsd_pct": 0.011301294822050298,
    "micro": true
  },
  "fib": {
    "mean": 123.6846353147137,
    "rsd_pct": 0.07481727199814965,
    "micro": true
  },
  "getivar": {
    "mean": 40.46626877650697,
    "rsd_pct": 0.015231704608118334,
    "micro": true
  },
  "keyword_args": {
    "mean": 121.67801795180375,
    "rsd_pct": 0.03192097811943658,
    "micro": true
  },
  "respond_to": {
    "mean": 73.14899946001094,
    "rsd_pct": 1.7223772146218268,
    "micro": true
  },
  "setivar": {
    "mean": 30.89398530942634,
    "rsd_pct": 0.015598666328966995,
    "micro": true
  },
  "setivar_object": {
    "mean": 116.22600459556871,
    "rsd_pct": 1.3654820103280472,
    "micro": true
  },
  "setivar_young": {
    "mean": 113.14399117777535,
    "rsd_pct": 0.019460533781387762,
    "micro": true
  },
  "str_concat": {
    "mean": 83.33502466166172,
    "rsd_pct": 0.9568384995013497,
    "micro": true
  },
  "throw": {
    "mean": 49.4746752393005,
    "rsd_pct": 0.1533245658329529,
    "micro": true
  }
}