{
  "activerecord": {
    "mean": 102.70753343050417,
    "rsd_pct": 0.7431196647115678,
    "micro": false
  },
  "hexapdf": {
    "mean": 2284.568754583597,
    "rsd_pct": 3.0983574100524334,
    "micro": false
  },
  "liquid-render": {
    "mean": 124.29994606247095,
    "rsd_pct": 1.5811182424783246,
    "micro": false
  },
  "mail": {
    "mean": 156.62585971803645,
    "rsd_pct": 0.13490565461773582,
    "micro": false
  },
  "psych-load": {
    "mean": 1932.9958473642666,
    "rsd_pct": 0.028579556843685874,
    "micro": false
  },
  "railsbench": {
    "mean": 2060.8759629229703,
    "rsd_pct": 0.8776887421564049,
    "micro": false
  },
  "binarytrees": {
    "mean": 367.89014494963106,
    "rsd_pct": 0.05454891235215529,
    "micro": false
  },
  "chunky_png": {
    "mean": 638.112930280547,
    "rsd_pct": 0.049903416122393796,
    "micro": false
  },
  "erubi": {
    "mean": 319.91028203259384,
    "rsd_pct": 0.695595297111076,
    "micro": false
  },
  "erubi_rails": {
    "mean": 19.213811922315006,
    "rsd_pct": 3.410362923158966,
    "micro": false
  },
  "fannkuchredux": {
    "mean": 6952.101069316268,
    "rsd_pct": 0.18005942959753332,
    "micro": false
  },
  "lee": {
    "mean": 938.6060227240835,
    "rsd_pct": 1.168244406860694,
    "micro": false
  },
  "nbody": {
    "mean": 95.43187620530601,
    "rsd_pct": 0.1669059906128712,
    "micro": false
  },
  "optcarrot": {
    "mean": 3442.8158033639193,
    "rsd_pct": 0.5867288716960342,
    "micro": false
  },
  "rubykon": {
    "mean": 6834.592803567648,
    "rsd_pct": 0.7242450631916579,
    "micro": false
  },
  "30k_ifelse": {
    "mean": 352.3773891917829,
    "rsd_pct": 0.08383676259109042,
    "micro": true
  },
  "30k_methods": {
    "mean": 873.5802831466902,
    "rsd_pct": 0.021662686674547096,
    "micro": true
  },
  "cfunc_itself": {
    "mean": 45.0712486791831,
    "rsd_pct": 0.6614310986244815,
    "micro": true
  },
  "fib": {
    "mean": 63.313828515154974,
    "rsd_pct": 0.04156162663383398,
    "micro": true
  },
  "getivar": {
    "mean": 44.21414675310327,
    "rsd_pct": 0.05036369721065091,
    "micro": true
  },
  "keyword_args": {
    "mean": 52.39046484871141,
    "rsd_pct": 0.11761836219844832,
    "micro": true
  },
  "respond_to": {
    "mean": 190.10870032217525,
    "rsd_pct": 0.12365243130916881,
    "micro": true
  },
  "setivar": {
    "mean": 46.379810080414906,
    "rsd_pct": 0.11842727295992023,
    "micro": true
  },
  "str_concat": {
    "mean": 42.83038573441033,
    "rsd_pct": 1.562644981016708,
    "micro": true
  }
}