{
  "activerecord": {
    "mean": 41.667406710557906,
    "rsd_pct": 0.843163490095033,
    "micro": false
  },
  "erubi_rails": {
    "mean": 14.954039233817005,
    "rsd_pct": 3.3622605212062733,
    "micro": false
  },
  "hexapdf": {
    "mean": 1981.5889230618875,
    "rsd_pct": 1.5727478622996953,
    "micro": false
  },
  "liquid-c": {
    "mean": 58.12796466539852,
    "rsd_pct": 2.012862910533915,
    "micro": false
  },
  "liquid-compile": {
    "mean": 55.105528895403346,
    "rsd_pct": 0.7051994432006039,
    "micro": false
  },
  "liquid-render": {
    "mean": 102.21462329992882,
    "rsd_pct": 2.787769139670549,
    "micro": false
  },
  "mail": {
    "mean": 127.35024781874087,
    "rsd_pct": 0.2352900965682721,
    "micro": false
  },
  "psych-load": {
    "mean": 1817.4591538806756,
    "rsd_pct": 0.07936384069771221,
    "micro": false
  },
  "railsbench": {
    "mean": 1779.4537363573909,
    "rsd_pct": 1.1723998198259418,
    "micro": false
  },
  "ruby-lsp": {
    "mean": 56.93773121271485,
    "rsd_pct": 20.59589118568316,
    "micro": false
  },
  "sequel": {
    "mean": 67.59183864598558,
    "rsd_pct": 0.5506953153079109,
    "micro": false
  },
  "binarytrees": {
    "mean": 224.82023784476849,
    "rsd_pct": 0.10100155302045924,
    "micro": false
  },
  "chunky_png": {
    "mean": 609.1898967314398,
    "rsd_pct": 0.05091042720778452,
    "micro": false
  },
  "erubi": {
    "mean": 246.20713115645907,
    "rsd_pct": 0.8419341460409038,
    "micro": false
  },
  "etanni": {
    "mean": 404.4442008016631,
    "rsd_pct": 0.47733576847679415,
    "micro": false
  },
  "fannkuchredux": {
    "mean": 760.6519296765327,
    "rsd_pct": 0.18589519519573997,
    "micro": false
  },
  "lee": {
    "mean": 881.2161220068282,
    "rsd_pct": 0.33096684970694606,
    "micro": false
  },
  "nbody": {
    "mean": 68.72178256240498,
    "rsd_pct": 0.08736190707742116,
    "micro": false
  },
  "optcarrot": {
    "mean": 2217.2873855258026,
    "rsd_pct": 0.6145557150920986,
    "micro": false
  },
  "ruby-json": {
    "mean": 3088.2412306964397,
    "rsd_pct": 0.14068375618246054,
    "micro": false
  },
  "rubykon": {
    "mean": 6470.648334858318,
    "rsd_pct": 0.36514748989002677,
    "micro": false
  },
  "30k_ifelse": {
    "mean": 360.96724490211767,
    "rsd_pct": 0.06539902373016467,
    "micro": true
  },
  "30k_methods": {
    "mean": 855.8408595297648,
    "rsd_pct": 0.04018185919855346,
    "micro": true
  },
  "cfunc_itself": {
    "mean": 38.950771349846036,
    "rsd_pct": 0.23909357464918118,
    "micro": true
  },
  "fib": {
    "mean": 44.89538751771686,
    "rsd_pct": 0.07469422622824508,
    "micro": true
  },
  "getivar": {
    "mean": 21.253530847561308,
    "rsd_pct": 0.5956306539909161,
    "micro": true
  },
  "keyword_args": {
    "mean": 48.30733315273226,
    "rsd_pct": 0.14493349883961723,
    "micro": true
  },
  "respond_to": {
    "mean": 25.86026795926127,
    "rsd_pct": 0.22472432983161467,
    "micro": true
  },
  "setivar": {
    "mean": 11.991105099942201,
    "rsd_pct": 0.08365900681583952,
    "micro": true
  },
  "setivar_object": {
    "mean": 46.79086548846655,
    "rsd_pct": 4.3083727360918544,
    "micro": true
  },
  "setivar_young": {
    "mean": 43.170289489729655,
    "rsd_pct": 1.8013925993208584,
    "micro": true
  },
  "str_concat": {
    "mean": 42.68995230837214,
    "rsd_pct": 1.5172927212665923,
    "micro": true
  },
  "throw": {
    "mean": 22.919142726541075,
    "rsd_pct": 0.24321244497911132,
    "micro": true
  }
}