{
  "activerecord": {
    "mean": 109.85742501784549,
    "rsd_pct": 1.9858187706499082,
    "micro": false
  },
  "jekyll": {
    "mean": 7495.3091921284795,
    "rsd_pct": 2.866229406426315,
    "micro": false
  },
  "liquid-render": {
    "mean": 151.48167156415886,
    "rsd_pct": 2.6896980409727775,
    "micro": false
  },
  "mail": {
    "mean": 141.5147196984928,
    "rsd_pct": 1.940100172246193,
    "micro": false
  },
  "psych-load": {
    "mean": 1654.6612225007266,
    "rsd_pct": 0.5621605217392084,
    "micro": false
  },
  "railsbench": {
    "mean": 2703.0155636835843,
    "rsd_pct": 1.2289065300372048,
    "micro": false
  },
  "binarytrees": {
    "mean": 298.84350742621905,
    "rsd_pct": 0.51138983870487,
    "micro": false
  },
  "fannkuchredux": {
    "mean": 5454.363398160785,
    "rsd_pct": 0.05493766904616261,
    "micro": false
  },
  "lee": {
    "mean": 804.5713854643205,
    "rsd_pct": 1.5463494889949743,
    "micro": false
  },
  "nbody": {
    "mean": 70.9426222345107,
    "rsd_pct": 0.04288206797419904,
    "micro": false
  },
  "optcarrot": {
    "mean": 3149.8804543633014,
    "rsd_pct": 0.16706919098386236,
    "micro": false
  },
  "30k_ifelse": {
    "mean": 327.34302151035155,
    "rsd_pct": 0.5979880921699898,
    "micro": true
  },
  "30k_methods": {
    "mean": 706.2007580442648,
    "rsd_pct": 0.3463205221172991,
    "micro": true
  },
  "cfunc_itself": {
    "mean": 40.597085726271935,
    "rsd_pct": 0.3230097681477395,
    "micro": true
  },
  "fib": {
    "mean": 57.33186266437217,
    "rsd_pct": 0.03616307751352804,
    "micro": true
  },
  "getivar": {
    "mean": 36.29933796872507,
    "rsd_pct": 0.07774307705444099,
    "micro": true
  },
  "respond_to": {
    "mean": 161.52419205428217,
    "rsd_pct": 0.738776737133584,
    "micro": true
  },
  "setivar": {
    "mean": 43.9949408120765,
    "rsd_pct": 0.052442693668409306,
    "micro": true
  }
}