{
  "activerecord": {
    "mean": 95.02621901996226,
    "rsd_pct": 0.8287349845800536,
    "micro": false
  },
  "hexapdf": {
    "mean": 2164.2690300320587,
    "rsd_pct": 2.476276791630853,
    "micro": false
  },
  "liquid-render": {
    "mean": 110.94920732879213,
    "rsd_pct": 1.8598813599676634,
    "micro": false
  },
  "mail": {
    "mean": 141.50572124974315,
    "rsd_pct": 0.18883953835817674,
    "micro": false
  },
  "psych-load": {
    "mean": 1870.5887546141942,
    "rsd_pct": 0.04114173952853696,
    "micro": false
  },
  "railsbench": {
    "mean": 1987.4917331617326,
    "rsd_pct": 1.5724650864150258,
    "micro": false
  },
  "ruby-lsp": {
    "mean": 83.12179312334521,
    "rsd_pct": 26.077882066006197,
    "micro": false
  },
  "binarytrees": {
    "mean": 232.1756632741669,
    "rsd_pct": 0.055473118260783126,
    "micro": false
  },
  "chunky_png": {
    "mean": 622.5275074029923,
    "rsd_pct": 0.045115608544368815,
    "micro": false
  },
  "erubi": {
    "mean": 294.29449440379227,
    "rsd_pct": 0.9722208605834732,
    "micro": false
  },
  "erubi_rails": {
    "mean": 17.40994182077009,
    "rsd_pct": 3.5716375752326215,
    "micro": false
  },
  "etanni": {
    "mean": 471.0358263664814,
    "rsd_pct": 0.6288628829895582,
    "micro": false
  },
  "fannkuchredux": {
    "mean": 956.0945405558284,
    "rsd_pct": 5.340619051271532,
    "micro": false
  },
  "lee": {
    "mean": 910.7008890714496,
    "rsd_pct": 1.513993286629359,
    "micro": false
  },
  "nbody": {
    "mean": 71.50080859633711,
    "rsd_pct": 0.041452409523395566,
    "micro": false
  },
  "optcarrot": {
    "mean": 2600.8830203209072,
    "rsd_pct": 0.3970921176411967,
    "micro": false
  },
  "rubykon": {
    "mean": 6674.17148471189,
    "rsd_pct": 0.315735677232495,
    "micro": false
  },
  "30k_ifelse": {
    "mean": 395.1437560584852,
    "rsd_pct": 0.14553593137409557,
    "micro": true
  },
  "30k_methods": {
    "mean": 952.9402145068161,
    "rsd_pct": 0.029233426488688156,
    "micro": true
  },
  "cfunc_itself": {
    "mean": 40.217076720339826,
    "rsd_pct": 0.20539029314884044,
    "micro": true
  },
  "fib": {
    "mean": 62.85989853756455,
    "rsd_pct": 0.05153586802336042,
    "micro": true
  },
  "getivar": {
    "mean": 45.767285168976514,
    "rsd_pct": 0.19977936474984578,
    "micro": true
  },
  "keyword_args": {
    "mean": 53.09445480331002,
    "rsd_pct": 0.12896227048546924,
    "micro": true
  },
  "respond_to": {
    "mean": 28.628077532883125,
    "rsd_pct": 0.315614768084152,
    "micro": true
  },
  "setivar": {
    "mean": 14.706752541241311,
    "rsd_pct": 0.09359111789763057,
    "micro": true
  },
  "setivar_object": {
    "mean": 47.53877624892437,
    "rsd_pct": 1.5688892323357229,
    "micro": true
  },
  "str_concat": {
    "mean": 40.28809491836257,
    "rsd_pct": 1.5555736018280386,
    "micro": true
  }
}