{
  "activerecord": {
    "mean": 115.20570795462784,
    "rsd_pct": 0.530193859613711,
    "micro": false
  },
  "hexapdf": {
    "mean": 2194.3654456796744,
    "rsd_pct": 1.4587915313766857,
    "micro": false
  },
  "liquid-render": {
    "mean": 110.63487598051627,
    "rsd_pct": 1.9569469285611891,
    "micro": false
  },
  "mail": {
    "mean": 141.67552073153533,
    "rsd_pct": 0.20672479202658423,
    "micro": false
  },
  "psych-load": {
    "mean": 1761.4540066570044,
    "rsd_pct": 0.03532281650437523,
    "micro": false
  },
  "railsbench": {
    "mean": 1964.3590401858091,
    "rsd_pct": 1.8131139650025798,
    "micro": false
  },
  "ruby-lsp": {
    "mean": 70.89359447556107,
    "rsd_pct": 18.361678750136917,
    "micro": false
  },
  "sequel": {
    "mean": 148.9238055997101,
    "rsd_pct": 2.2289501009287043,
    "micro": false
  },
  "binarytrees": {
    "mean": 244.76968345841692,
    "rsd_pct": 0.05166709476136961,
    "micro": false
  },
  "chunky_png": {
    "mean": 624.6272047170468,
    "rsd_pct": 0.0475133007050893,
    "micro": false
  },
  "erubi": {
    "mean": 252.63931045803844,
    "rsd_pct": 1.2009037797946738,
    "micro": false
  },
  "erubi_rails": {
    "mean": 17.31588930673736,
    "rsd_pct": 3.5860891512253703,
    "micro": false
  },
  "etanni": {
    "mean": 414.18113093823195,
    "rsd_pct": 0.5568544676247926,
    "micro": false
  },
  "fannkuchredux": {
    "mean": 922.9105717857324,
    "rsd_pct": 0.0864898102516372,
    "micro": false
  },
  "lee": {
    "mean": 925.632676774902,
    "rsd_pct": 0.24403429802796464,
    "micro": false
  },
  "nbody": {
    "mean": 74.38976287410887,
    "rsd_pct": 0.03305339226180452,
    "micro": false
  },
  "optcarrot": {
    "mean": 2591.2787514428296,
    "rsd_pct": 0.4152397881273105,
    "micro": false
  },
  "rubykon": {
    "mean": 6470.47896195824,
    "rsd_pct": 1.0933094612586998,
    "micro": false
  },
  "30k_ifelse": {
    "mean": 398.2551769260317,
    "rsd_pct": 0.1416206518585139,
    "micro": true
  },
  "30k_methods": {
    "mean": 949.6453106181607,
    "rsd_pct": 0.03697169071271945,
    "micro": true
  },
  "cfunc_itself": {
    "mean": 40.550732774387015,
    "rsd_pct": 0.3209455197143161,
    "micro": true
  },
  "fib": {
    "mean": 61.38751847382922,
    "rsd_pct": 0.051917207082994105,
    "micro": true
  },
  "getivar": {
    "mean": 45.75607741311398,
    "rsd_pct": 0.30308455510062826,
    "micro": true
  },
  "keyword_args": {
    "mean": 52.14294292438492,
    "rsd_pct": 0.042430704882195254,
    "micro": true
  },
  "respond_to": {
    "mean": 28.631525849122212,
    "rsd_pct": 0.5771395396582966,
    "micro": true
  },
  "setivar": {
    "mean": 14.706416739671326,
    "rsd_pct": 0.11281716742405498,
    "micro": true
  },
  "setivar_object": {
    "mean": 47.002201840719756,
    "rsd_pct": 1.1111758300560877,
    "micro": true
  },
  "str_concat": {
    "mean": 46.507364611119726,
    "rsd_pct": 1.3645020043648723,
    "micro": true
  }
}