{
  "activerecord": {
    "mean": 106.49033446182928,
    "rsd_pct": 0.5709738126053289,
    "micro": false
  },
  "hexapdf": {
    "mean": 2388.1688432147107,
    "rsd_pct": 2.121094287036058,
    "micro": false
  },
  "liquid-render": {
    "mean": 145.2744205701439,
    "rsd_pct": 1.814658728875407,
    "micro": false
  },
  "mail": {
    "mean": 184.16383832901994,
    "rsd_pct": 2.6795438434545003,
    "micro": false
  },
  "psych-load": {
    "mean": 2238.8193952540555,
    "rsd_pct": 0.05119409599278124,
    "micro": false
  },
  "railsbench": {
    "mean": 2445.648534844319,
    "rsd_pct": 0.7886713610046977,
    "micro": false
  },
  "binarytrees": {
    "mean": 367.4072115016835,
    "rsd_pct": 0.1485906757354891,
    "micro": false
  },
  "chunky_png": {
    "mean": 689.7037078080506,
    "rsd_pct": 0.5166641241756749,
    "micro": false
  },
  "discourse": {
    "mean": 674.5400034675473,
    "rsd_pct": 21.195911219409272,
    "micro": false
  },
  "erubi": {
    "mean": 439.2710109736691,
    "rsd_pct": 0.7279258251564462,
    "micro": false
  },
  "erubi_rails": {
    "mean": 25.356123033162163,
    "rsd_pct": 54.80975506526347,
    "micro": false
  },
  "fannkuchredux": {
    "mean": 6896.1974901457625,
    "rsd_pct": 0.09567115450443672,
    "micro": false
  },
  "lee": {
    "mean": 883.7614227973279,
    "rsd_pct": 0.9476386931530586,
    "micro": false
  },
  "nbody": {
    "mean": 92.29606944728981,
    "rsd_pct": 0.43760912119912665,
    "micro": false
  },
  "optcarrot": {
    "mean": 3434.540985027949,
    "rsd_pct": 0.6227200276736246,
    "micro": false
  },
  "rubykon": {
    "mean": 7839.494975780447,
    "rsd_pct": 2.722320559078431,
    "micro": false
  },
  "30k_ifelse": {
    "mean": 358.6934045223253,
    "rsd_pct": 0.18640183701448618,
    "micro": true
  },
  "30k_methods": {
    "mean": 876.3495732776144,
    "rsd_pct": 0.06042659886597507,
    "micro": true
  },
  "cfunc_itself": {
    "mean": 44.79314107028348,
    "rsd_pct": 0.8822692497926565,
    "micro": true
  },
  "fib": {
    "mean": 62.492167367599905,
    "rsd_pct": 0.6078493957618384,
    "micro": true
  },
  "getivar": {
    "mean": 42.603352885875395,
    "rsd_pct": 0.686344008207502,
    "micro": true
  },
  "keyword_args": {
    "mean": 53.603905852527376,
    "rsd_pct": 0.6690634227816372,
    "micro": true
  },
  "respond_to": {
    "mean": 186.54206813331328,
    "rsd_pct": 0.2955972044254424,
    "micro": true
  },
  "setivar": {
    "mean": 53.86542435141003,
    "rsd_pct": 0.6226148848443048,
    "micro": true
  },
  "str_concat": {
    "mean": 105.2499104561429,
    "rsd_pct": 1.4989834578765873,
    "micro": true
  }
}