{
  "activerecord": {
    "mean": 104.45976783276389,
    "rsd_pct": 0.5572140177977051,
    "micro": false
  },
  "hexapdf": {
    "mean": 2067.9020603497825,
    "rsd_pct": 1.989164096004872,
    "micro": false
  },
  "liquid-c": {
    "mean": 58.487768908581366,
    "rsd_pct": 2.249443608384256,
    "micro": false
  },
  "liquid-render": {
    "mean": 103.75519913964365,
    "rsd_pct": 2.811146448590218,
    "micro": false
  },
  "mail": {
    "mean": 130.59684542301846,
    "rsd_pct": 0.31593575704538446,
    "micro": false
  },
  "psych-load": {
    "mean": 1786.7032188922167,
    "rsd_pct": 0.03684500414716057,
    "micro": false
  },
  "railsbench": {
    "mean": 1820.2092024808128,
    "rsd_pct": 1.2022659895835277,
    "micro": false
  },
  "ruby-lsp": {
    "mean": 58.54372190562082,
    "rsd_pct": 19.388544201525637,
    "micro": false
  },
  "sequel": {
    "mean": 160.14626882069052,
    "rsd_pct": 2.346917427684819,
    "micro": false
  },
  "binarytrees": {
    "mean": 234.27597393577057,
    "rsd_pct": 0.10822799073187303,
    "micro": false
  },
  "chunky_png": {
    "mean": 630.5184147204272,
    "rsd_pct": 0.07451456057125629,
    "micro": false
  },
  "erubi": {
    "mean": 249.50516229728237,
    "rsd_pct": 0.9389321410861513,
    "micro": false
  },
  "erubi_rails": {
    "mean": 15.49637237381117,
    "rsd_pct": 3.5165741265173303,
    "micro": false
  },
  "etanni": {
    "mean": 413.4142161735023,
    "rsd_pct": 0.43987187524712335,
    "micro": false
  },
  "fannkuchredux": {
    "mean": 854.5744330014871,
    "rsd_pct": 0.06758651733690027,
    "micro": false
  },
  "lee": {
    "mean": 925.3889844244854,
    "rsd_pct": 0.31943114730938893,
    "micro": false
  },
  "nbody": {
    "mean": 74.62520114537598,
    "rsd_pct": 0.08180511040136683,
    "micro": false
  },
  "optcarrot": {
    "mean": 2565.3581405679383,
    "rsd_pct": 0.6792706333556258,
    "micro": false
  },
  "ruby-json": {
    "mean": 3054.937163243691,
    "rsd_pct": 0.15854289893729173,
    "micro": false
  },
  "rubykon": {
    "mean": 6664.178923517466,
    "rsd_pct": 1.1971207067786802,
    "micro": false
  },
  "30k_ifelse": {
    "mean": 421.3220961788233,
    "rsd_pct": 0.06696038016709695,
    "micro": true
  },
  "30k_methods": {
    "mean": 947.6200252150496,
    "rsd_pct": 0.031212801301976994,
    "micro": true
  },
  "cfunc_itself": {
    "mean": 42.33057368000036,
    "rsd_pct": 0.12519594846898732,
    "micro": true
  },
  "fib": {
    "mean": 61.69162383850883,
    "rsd_pct": 0.06206789902703833,
    "micro": true
  },
  "getivar": {
    "mean": 45.797424239251725,
    "rsd_pct": 0.07260836295048105,
    "micro": true
  },
  "keyword_args": {
    "mean": 54.01918412393444,
    "rsd_pct": 0.1708528348285385,
    "micro": true
  },
  "respond_to": {
    "mean": 30.96580093605789,
    "rsd_pct": 0.34931127972312515,
    "micro": true
  },
  "setivar": {
    "mean": 14.805107847959906,
    "rsd_pct": 0.1177806829323549,
    "micro": true
  },
  "setivar_object": {
    "mean": 48.35361996710158,
    "rsd_pct": 3.052636552023044,
    "micro": true
  },
  "str_concat": {
    "mean": 42.59426127442629,
    "rsd_pct": 1.5069569505929212,
    "micro": true
  },
  "throw": {
    "mean": 23.85280200066799,
    "rsd_pct": 0.25560393883620564,
    "micro": true
  }
}