{
  "activerecord": {
    "mean": 105.99043538566045,
    "rsd_pct": 0.5881216262181006,
    "micro": false
  },
  "hexapdf": {
    "mean": 1982.1988296695054,
    "rsd_pct": 2.1095236505062473,
    "micro": false
  },
  "liquid-c": {
    "mean": 58.41291536870856,
    "rsd_pct": 2.1380142164273366,
    "micro": false
  },
  "liquid-render": {
    "mean": 107.03877102755739,
    "rsd_pct": 2.648220711265496,
    "micro": false
  },
  "mail": {
    "mean": 130.93958773175316,
    "rsd_pct": 0.1731390206964768,
    "micro": false
  },
  "psych-load": {
    "mean": 1794.5215019397438,
    "rsd_pct": 0.029008405555460155,
    "micro": false
  },
  "railsbench": {
    "mean": 1831.3528647956748,
    "rsd_pct": 1.1596637476245952,
    "micro": false
  },
  "ruby-lsp": {
    "mean": 59.61753611918539,
    "rsd_pct": 20.516391293598122,
    "micro": false
  },
  "sequel": {
    "mean": 148.4490729292198,
    "rsd_pct": 1.956368203868058,
    "micro": false
  },
  "binarytrees": {
    "mean": 232.7206854323118,
    "rsd_pct": 0.08507060514462542,
    "micro": false
  },
  "chunky_png": {
    "mean": 636.416453140555,
    "rsd_pct": 0.07304282230080171,
    "micro": false
  },
  "erubi": {
    "mean": 250.108813890256,
    "rsd_pct": 0.9599844969224288,
    "micro": false
  },
  "erubi_rails": {
    "mean": 15.726984738214838,
    "rsd_pct": 3.415486087781828,
    "micro": false
  },
  "etanni": {
    "mean": 407.04487589149113,
    "rsd_pct": 0.466237150075833,
    "micro": false
  },
  "fannkuchredux": {
    "mean": 856.7765231608697,
    "rsd_pct": 0.049662836565776684,
    "micro": false
  },
  "lee": {
    "mean": 905.8552481107075,
    "rsd_pct": 0.33903055646433,
    "micro": false
  },
  "nbody": {
    "mean": 74.89931720373777,
    "rsd_pct": 0.07925457526413758,
    "micro": false
  },
  "optcarrot": {
    "mean": 2634.149772549669,
    "rsd_pct": 0.6708455108890107,
    "micro": false
  },
  "ruby-json": {
    "mean": 3031.3297593966126,
    "rsd_pct": 0.07948697621058023,
    "micro": false
  },
  "rubykon": {
    "mean": 6572.378342288236,
    "rsd_pct": 1.0487868583524316,
    "micro": false
  },
  "30k_ifelse": {
    "mean": 429.42873689184046,
    "rsd_pct": 0.09517805298483524,
    "micro": true
  },
  "30k_methods": {
    "mean": 958.5199180291966,
    "rsd_pct": 0.04642698941988221,
    "micro": true
  },
  "cfunc_itself": {
    "mean": 42.16285350008143,
    "rsd_pct": 0.2300017927292058,
    "micro": true
  },
  "fib": {
    "mean": 62.15131878156528,
    "rsd_pct": 0.04361396807125066,
    "micro": true
  },
  "getivar": {
    "mean": 45.82224828682396,
    "rsd_pct": 0.10742456436199288,
    "micro": true
  },
  "keyword_args": {
    "mean": 53.73057528773431,
    "rsd_pct": 0.10935599297649916,
    "micro": true
  },
  "respond_to": {
    "mean": 32.18349471136376,
    "rsd_pct": 0.3459873676849189,
    "micro": true
  },
  "setivar": {
    "mean": 14.913732578991842,
    "rsd_pct": 0.0764999831774722,
    "micro": true
  },
  "setivar_object": {
    "mean": 48.12963846516574,
    "rsd_pct": 0.08491064350470758,
    "micro": true
  },
  "str_concat": {
    "mean": 42.10044196277054,
    "rsd_pct": 1.553666968464716,
    "micro": true
  }
}