{
  "activerecord": {
    "mean": 146.03373858097353,
    "rsd_pct": 0.22036118116970427,
    "micro": false
  },
  "erubi_rails": {
    "mean": 44.26410207015358,
    "rsd_pct": 2.014477972316905,
    "micro": false
  },
  "hexapdf": {
    "mean": 5804.340687145789,
    "rsd_pct": 2.8100173069593066,
    "micro": false
  },
  "liquid-c": {
    "mean": 191.28148720605287,
    "rsd_pct": 1.8250966011818952,
    "micro": false
  },
  "liquid-compile": {
    "mean": 163.88165371818948,
    "rsd_pct": 0.7035677969776122,
    "micro": false
  },
  "liquid-render": {
    "mean": 364.6945059197685,
    "rsd_pct": 2.1800731489936394,
    "micro": false
  },
  "mail": {
    "mean": 360.07766824747836,
    "rsd_pct": 0.1360021318646948,
    "micro": false
  },
  "psych-load": {
    "mean": 5372.49496926864,
    "rsd_pct": 0.0639757156495105,
    "micro": false
  },
  "railsbench": {
    "mean": 5333.431167528033,
    "rsd_pct": 0.7573185420144849,
    "micro": false
  },
  "ruby-lsp": {
    "mean": 176.20062368938275,
    "rsd_pct": 11.738398173567127,
    "micro": false
  },
  "sequel": {
    "mean": 198.93542269514467,
    "rsd_pct": 0.2762098722980481,
    "micro": false
  },
  "binarytrees": {
    "mean": 490.70709842172533,
    "rsd_pct": 0.1334273504727338,
    "micro": false
  },
  "chunky_png": {
    "mean": 1475.090813326339,
    "rsd_pct": 0.05831061116842374,
    "micro": false
  },
  "erubi": {
    "mean": 582.4001883338024,
    "rsd_pct": 0.7746804969966063,
    "micro": false
  },
  "etanni": {
    "mean": 913.1225666884953,
    "rsd_pct": 0.4614082823951294,
    "micro": false
  },
  "fannkuchredux": {
    "mean": 1470.5941346287727,
    "rsd_pct": 0.3773649712570209,
    "micro": false
  },
  "lee": {
    "mean": 2443.7821851599783,
    "rsd_pct": 0.2511410900576643,
    "micro": false
  },
  "nbody": {
    "mean": 156.68529510549607,
    "rsd_pct": 0.059443164591122345,
    "micro": false
  },
  "optcarrot": {
    "mean": 8660.594384248057,
    "rsd_pct": 0.5230607381119994,
    "micro": false
  },
  "ruby-json": {
    "mean": 8416.602106144031,
    "rsd_pct": 0.07295547518991342,
    "micro": false
  },
  "rubykon": {
    "mean": 19449.12538168331,
    "rsd_pct": 0.30071536899014745,
    "micro": false
  },
  "30k_ifelse": {
    "mean": 1600.7130744105036,
    "rsd_pct": 0.03190920603113185,
    "micro": true
  },
  "30k_methods": {
    "mean": 3464.652690793509,
    "rsd_pct": 0.062478746920015496,
    "micro": true
  },
  "cfunc_itself": {
    "mean": 86.82002482538947,
    "rsd_pct": 0.010657570372656189,
    "micro": true
  },
  "fib": {
    "mean": 123.65008490659031,
    "rsd_pct": 0.07813029170619401,
    "micro": true
  },
  "getivar": {
    "mean": 40.46584212827304,
    "rsd_pct": 0.013268357084155195,
    "micro": true
  },
  "keyword_args": {
    "mean": 121.67317852484838,
    "rsd_pct": 0.03568417938860353,
    "micro": true
  },
  "respond_to": {
    "mean": 72.92119209932817,
    "rsd_pct": 0.07826658151662043,
    "micro": true
  },
  "setivar": {
    "mean": 30.91849556866526,
    "rsd_pct": 0.024450854117073914,
    "micro": true
  },
  "setivar_object": {
    "mean": 116.02483882980292,
    "rsd_pct": 1.486085361926188,
    "micro": true
  },
  "setivar_young": {
    "mean": 113.13750846488658,
    "rsd_pct": 0.019337923342399525,
    "micro": true
  },
  "str_concat": {
    "mean": 83.37054012432759,
    "rsd_pct": 0.9643793694309175,
    "micro": true
  },
  "throw": {
    "mean": 49.46944653056562,
    "rsd_pct": 0.158584864540377,
    "micro": true
  }
}