{
  "activerecord": {
    "mean": 108.13697051789079,
    "rsd_pct": 0.40509141262410836,
    "micro": false
  },
  "hexapdf": {
    "mean": 2273.49841427058,
    "rsd_pct": 1.3031414616624761,
    "micro": false
  },
  "jekyll": {
    "mean": 7579.34589125216,
    "rsd_pct": 1.5381889436585574,
    "micro": false
  },
  "liquid-render": {
    "mean": 129.12713578292008,
    "rsd_pct": 2.6884785182390196,
    "micro": false
  },
  "mail": {
    "mean": 139.0807909358825,
    "rsd_pct": 0.549122129043587,
    "micro": false
  },
  "psych-load": {
    "mean": 1641.6402898728848,
    "rsd_pct": 0.3427344147320002,
    "micro": false
  },
  "railsbench": {
    "mean": 2536.0404848121107,
    "rsd_pct": 1.904261753233396,
    "micro": false
  },
  "binarytrees": {
    "mean": 302.3423234392938,
    "rsd_pct": 2.498898762061902,
    "micro": false
  },
  "fannkuchredux": {
    "mean": 5427.780893910676,
    "rsd_pct": 0.16167159930991384,
    "micro": false
  },
  "lee": {
    "mean": 795.8565636072308,
    "rsd_pct": 1.5351913850495205,
    "micro": false
  },
  "nbody": {
    "mean": 75.49308390155727,
    "rsd_pct": 0.04604861215965574,
    "micro": false
  },
  "optcarrot": {
    "mean": 3151.063819229603,
    "rsd_pct": 0.4640700338124908,
    "micro": false
  },
  "30k_ifelse": {
    "mean": 317.4986446557461,
    "rsd_pct": 0.2171856064183482,
    "micro": true
  },
  "30k_methods": {
    "mean": 749.8915582237875,
    "rsd_pct": 0.03412635427445834,
    "micro": true
  },
  "cfunc_itself": {
    "mean": 38.68727608449772,
    "rsd_pct": 0.2764699296446502,
    "micro": true
  },
  "fib": {
    "mean": 51.98944749434789,
    "rsd_pct": 0.021744686459274496,
    "micro": true
  },
  "getivar": {
    "mean": 36.25631447008235,
    "rsd_pct": 0.03676476905629582,
    "micro": true
  },
  "keyword_args": {
    "mean": 45.92193743572548,
    "rsd_pct": 0.09782019999472708,
    "micro": true
  },
  "respond_to": {
    "mean": 172.57457831439294,
    "rsd_pct": 0.5642035014677875,
    "micro": true
  },
  "setivar": {
    "mean": 42.03816988543807,
    "rsd_pct": 0.12435169206257471,
    "micro": true
  }
}