{
  "activerecord": {
    "mean": 108.05037705586317,
    "rsd_pct": 0.508201482751498,
    "micro": false
  },
  "hexapdf": {
    "mean": 2027.0793197521318,
    "rsd_pct": 2.2702834691005203,
    "micro": false
  },
  "liquid-c": {
    "mean": 59.34315927268644,
    "rsd_pct": 2.1009221775332887,
    "micro": false
  },
  "liquid-render": {
    "mean": 109.99647363399465,
    "rsd_pct": 2.649146056097794,
    "micro": false
  },
  "mail": {
    "mean": 131.82808485139032,
    "rsd_pct": 0.15218002648744614,
    "micro": false
  },
  "psych-load": {
    "mean": 1798.3840024874855,
    "rsd_pct": 0.07819068010481986,
    "micro": false
  },
  "railsbench": {
    "mean": 1857.077043953662,
    "rsd_pct": 1.1710129253313666,
    "micro": false
  },
  "ruby-lsp": {
    "mean": 65.89089653157555,
    "rsd_pct": 18.514488820772325,
    "micro": false
  },
  "sequel": {
    "mean": 144.96666741265108,
    "rsd_pct": 1.8927324620218362,
    "micro": false
  },
  "binarytrees": {
    "mean": 235.1700283692307,
    "rsd_pct": 0.06730468389858736,
    "micro": false
  },
  "chunky_png": {
    "mean": 621.1973641547957,
    "rsd_pct": 0.05084699111586144,
    "micro": false
  },
  "erubi": {
    "mean": 253.54966800062894,
    "rsd_pct": 0.913496126697258,
    "micro": false
  },
  "erubi_rails": {
    "mean": 16.099264234688807,
    "rsd_pct": 3.4352393041030926,
    "micro": false
  },
  "etanni": {
    "mean": 403.0006308897341,
    "rsd_pct": 0.4551376152424505,
    "micro": false
  },
  "fannkuchredux": {
    "mean": 863.1009898436744,
    "rsd_pct": 0.07613676816140735,
    "micro": false
  },
  "lee": {
    "mean": 890.7493818022141,
    "rsd_pct": 0.1149881242272597,
    "micro": false
  },
  "nbody": {
    "mean": 71.59998503745625,
    "rsd_pct": 0.07314638451449189,
    "micro": false
  },
  "optcarrot": {
    "mean": 6076.5133566223085,
    "rsd_pct": 0.2575275159601963,
    "micro": false
  },
  "rubykon": {
    "mean": 6679.159859847277,
    "rsd_pct": 0.5339640232675961,
    "micro": false
  },
  "30k_ifelse": {
    "mean": 423.1672942083567,
    "rsd_pct": 0.08500503379846758,
    "micro": true
  },
  "30k_methods": {
    "mean": 956.1662501655519,
    "rsd_pct": 0.0399922867160872,
    "micro": true
  },
  "cfunc_itself": {
    "mean": 42.5543330822275,
    "rsd_pct": 0.10923745973761159,
    "micro": true
  },
  "fib": {
    "mean": 62.158199910631524,
    "rsd_pct": 0.04468007799121516,
    "micro": true
  },
  "getivar": {
    "mean": 45.77148180623718,
    "rsd_pct": 0.08987521836709428,
    "micro": true
  },
  "keyword_args": {
    "mean": 52.572546763306285,
    "rsd_pct": 0.09806287909802003,
    "micro": true
  },
  "respond_to": {
    "mean": 28.944713558387065,
    "rsd_pct": 0.45095588475976367,
    "micro": true
  },
  "setivar": {
    "mean": 14.914117366033814,
    "rsd_pct": 0.07901732323242167,
    "micro": true
  },
  "setivar_object": {
    "mean": 47.51158340650471,
    "rsd_pct": 1.1166430642854168,
    "micro": true
  },
  "str_concat": {
    "mean": 43.71399466790969,
    "rsd_pct": 1.400787528913037,
    "micro": true
  }
}