{
  "activerecord": {
    "mean": 105.22709681505435,
    "rsd_pct": 0.6143084274753351,
    "micro": false
  },
  "hexapdf": {
    "mean": 1951.4273374030988,
    "rsd_pct": 2.389225503334062,
    "micro": false
  },
  "liquid-c": {
    "mean": 58.447073135471,
    "rsd_pct": 2.0563468047781344,
    "micro": false
  },
  "liquid-render": {
    "mean": 104.9841310078015,
    "rsd_pct": 2.798649018085609,
    "micro": false
  },
  "mail": {
    "mean": 131.01336314324655,
    "rsd_pct": 0.2528184308565382,
    "micro": false
  },
  "psych-load": {
    "mean": 1772.057593241334,
    "rsd_pct": 0.023930689074780614,
    "micro": false
  },
  "railsbench": {
    "mean": 1845.1628169665735,
    "rsd_pct": 1.2235871011053465,
    "micro": false
  },
  "ruby-lsp": {
    "mean": 58.42328684578775,
    "rsd_pct": 20.560151902681238,
    "micro": false
  },
  "sequel": {
    "mean": 161.79630535840988,
    "rsd_pct": 2.3814236187876676,
    "micro": false
  },
  "binarytrees": {
    "mean": 241.44367923039988,
    "rsd_pct": 0.07617270787731627,
    "micro": false
  },
  "chunky_png": {
    "mean": 621.6430727152094,
    "rsd_pct": 0.05401705932232047,
    "micro": false
  },
  "erubi": {
    "mean": 248.3462487241324,
    "rsd_pct": 0.8242999347905495,
    "micro": false
  },
  "erubi_rails": {
    "mean": 15.679694777910935,
    "rsd_pct": 3.425741547941928,
    "micro": false
  },
  "etanni": {
    "mean": 408.9647698957397,
    "rsd_pct": 0.49297357521957025,
    "micro": false
  },
  "fannkuchredux": {
    "mean": 841.849888269992,
    "rsd_pct": 0.35106591853754815,
    "micro": false
  },
  "lee": {
    "mean": 898.5979820468596,
    "rsd_pct": 0.33267803793549916,
    "micro": false
  },
  "nbody": {
    "mean": 72.20281186826286,
    "rsd_pct": 0.10183764826927436,
    "micro": false
  },
  "optcarrot": {
    "mean": 2592.9958291351795,
    "rsd_pct": 0.7236464032194728,
    "micro": false
  },
  "ruby-json": {
    "mean": 3141.220735696455,
    "rsd_pct": 0.14929612704635173,
    "micro": false
  },
  "rubykon": {
    "mean": 6718.502317368984,
    "rsd_pct": 0.41894432630839895,
    "micro": false
  },
  "30k_ifelse": {
    "mean": 420.7863096702606,
    "rsd_pct": 0.06268811508448191,
    "micro": true
  },
  "30k_methods": {
    "mean": 942.5667858283434,
    "rsd_pct": 0.03809700380067547,
    "micro": true
  },
  "cfunc_itself": {
    "mean": 41.90428403327988,
    "rsd_pct": 0.47771558665201447,
    "micro": true
  },
  "fib": {
    "mean": 61.77542792581276,
    "rsd_pct": 0.16018380730316065,
    "micro": true
  },
  "getivar": {
    "mean": 45.79964296148936,
    "rsd_pct": 0.06741387144360811,
    "micro": true
  },
  "keyword_args": {
    "mean": 53.52691878434471,
    "rsd_pct": 0.13163807366255298,
    "micro": true
  },
  "respond_to": {
    "mean": 30.82459366374865,
    "rsd_pct": 0.35363184222810057,
    "micro": true
  },
  "setivar": {
    "mean": 14.808014485019225,
    "rsd_pct": 0.1122261605502179,
    "micro": true
  },
  "setivar_object": {
    "mean": 47.786451441694815,
    "rsd_pct": 0.045839198562910605,
    "micro": true
  },
  "str_concat": {
    "mean": 42.7150646954314,
    "rsd_pct": 1.5319782215275375,
    "micro": true
  },
  "throw": {
    "mean": 22.79972267138806,
    "rsd_pct": 0.24642192287049028,
    "micro": true
  }
}