{
  "activerecord": {
    "mean": 108.20393130447859,
    "rsd_pct": 0.48637923238973285,
    "micro": false
  },
  "hexapdf": {
    "mean": 2396.4977042128644,
    "rsd_pct": 2.0596002450365005,
    "micro": false
  },
  "liquid-render": {
    "mean": 126.98195624547319,
    "rsd_pct": 1.9559822656400871,
    "micro": false
  },
  "mail": {
    "mean": 162.7903537658172,
    "rsd_pct": 0.35445561163268424,
    "micro": false
  },
  "psych-load": {
    "mean": 1937.7050823842485,
    "rsd_pct": 0.037791465398190276,
    "micro": false
  },
  "railsbench": {
    "mean": 2174.8393519471088,
    "rsd_pct": 1.6959977952356253,
    "micro": false
  },
  "binarytrees": {
    "mean": 351.02065858333856,
    "rsd_pct": 0.15980876080946252,
    "micro": false
  },
  "chunky_png": {
    "mean": 656.4843372441828,
    "rsd_pct": 0.11531944131814645,
    "micro": false
  },
  "discourse": {
    "mean": 604.6647339347093,
    "rsd_pct": 14.484573198134106,
    "micro": false
  },
  "erubi": {
    "mean": 425.0002331992096,
    "rsd_pct": 0.7319636934441179,
    "micro": false
  },
  "erubi_rails": {
    "mean": 20.048280829702627,
    "rsd_pct": 3.432913080833589,
    "micro": false
  },
  "fannkuchredux": {
    "mean": 7588.116205359499,
    "rsd_pct": 0.1670420029533945,
    "micro": false
  },
  "lee": {
    "mean": 898.1631621718407,
    "rsd_pct": 1.775362611075071,
    "micro": false
  },
  "nbody": {
    "mean": 87.49967587875648,
    "rsd_pct": 0.4786983696204711,
    "micro": false
  },
  "optcarrot": {
    "mean": 3569.7610714783273,
    "rsd_pct": 0.5769941145457766,
    "micro": false
  },
  "rubykon": {
    "mean": 6399.333420085411,
    "rsd_pct": 0.30264674309262835,
    "micro": false
  },
  "30k_ifelse": {
    "mean": 363.92978973348033,
    "rsd_pct": 0.17167123073843601,
    "micro": true
  },
  "30k_methods": {
    "mean": 874.9158476818014,
    "rsd_pct": 0.063161920635409,
    "micro": true
  },
  "cfunc_itself": {
    "mean": 44.687395078245174,
    "rsd_pct": 0.914281204082909,
    "micro": true
  },
  "fib": {
    "mean": 62.49298466136679,
    "rsd_pct": 0.5917522795795672,
    "micro": true
  },
  "getivar": {
    "mean": 42.55083168653729,
    "rsd_pct": 0.6663944382106374,
    "micro": true
  },
  "keyword_args": {
    "mean": 52.907497348449624,
    "rsd_pct": 0.7143339927358029,
    "micro": true
  },
  "respond_to": {
    "mean": 195.25787247344851,
    "rsd_pct": 0.28938989192238457,
    "micro": true
  },
  "setivar": {
    "mean": 54.33070793283217,
    "rsd_pct": 1.3102784414090567,
    "micro": true
  }
}