{
  "activerecord": {
    "mean": 337.8422684011294,
    "rsd_pct": 0.2537208423378376,
    "micro": false
  },
  "hexapdf": {
    "mean": 6481.105568570395,
    "rsd_pct": 1.2260305813248373,
    "micro": false
  },
  "liquid-c": {
    "mean": 195.66310347729427,
    "rsd_pct": 1.8324242020104735,
    "micro": false
  },
  "liquid-render": {
    "mean": 373.9105806737724,
    "rsd_pct": 2.2537696209078457,
    "micro": false
  },
  "mail": {
    "mean": 375.9050820600884,
    "rsd_pct": 0.25385499688239643,
    "micro": false
  },
  "psych-load": {
    "mean": 5132.745797125001,
    "rsd_pct": 0.1036004803859725,
    "micro": false
  },
  "railsbench": {
    "mean": 5612.940222149094,
    "rsd_pct": 0.7950449907252944,
    "micro": false
  },
  "ruby-lsp": {
    "mean": 190.90363325698203,
    "rsd_pct": 10.819358958828637,
    "micro": false
  },
  "sequel": {
    "mean": 383.49639405462426,
    "rsd_pct": 2.275094542857465,
    "micro": false
  },
  "binarytrees": {
    "mean": 535.9087728429586,
    "rsd_pct": 0.13864637606950875,
    "micro": false
  },
  "chunky_png": {
    "mean": 1539.8543072806206,
    "rsd_pct": 0.17344176782896467,
    "micro": false
  },
  "erubi": {
    "mean": 563.9076332967633,
    "rsd_pct": 1.0629711199351985,
    "micro": false
  },
  "erubi_rails": {
    "mean": 47.031309871158,
    "rsd_pct": 2.114740215721683,
    "micro": false
  },
  "etanni": {
    "mean": 922.6630628108978,
    "rsd_pct": 0.4995969040169887,
    "micro": false
  },
  "fannkuchredux": {
    "mean": 2042.7517825737596,
    "rsd_pct": 0.058054371350033405,
    "micro": false
  },
  "lee": {
    "mean": 2254.7170008871367,
    "rsd_pct": 0.2655881222573609,
    "micro": false
  },
  "nbody": {
    "mean": 178.92873626108204,
    "rsd_pct": 0.04871965484514329,
    "micro": false
  },
  "optcarrot": {
    "mean": 14450.53148381412,
    "rsd_pct": 0.4601864935928383,
    "micro": false
  },
  "rubykon": {
    "mean": 21191.88728115211,
    "rsd_pct": 0.4530170919346588,
    "micro": false
  },
  "30k_ifelse": {
    "mean": 1933.5711906327213,
    "rsd_pct": 0.030447826380413056,
    "micro": true
  },
  "30k_methods": {
    "mean": 3874.1371974814683,
    "rsd_pct": 0.057308364797503675,
    "micro": true
  },
  "cfunc_itself": {
    "mean": 103.43730813269613,
    "rsd_pct": 0.00925071400949597,
    "micro": true
  },
  "fib": {
    "mean": 191.1037211158426,
    "rsd_pct": 0.007670369063531062,
    "micro": true
  },
  "getivar": {
    "mean": 107.46879447593328,
    "rsd_pct": 0.010273240180416594,
    "micro": true
  },
  "keyword_args": {
    "mean": 202.7649573249482,
    "rsd_pct": 0.005506227805488525,
    "micro": true
  },
  "respond_to": {
    "mean": 99.69299428852044,
    "rsd_pct": 0.2222264487944308,
    "micro": true
  },
  "setivar": {
    "mean": 50.039706610615795,
    "rsd_pct": 0.012647179766462556,
    "micro": true
  },
  "setivar_object": {
    "mean": 127.5043685161763,
    "rsd_pct": 0.9445585338903083,
    "micro": true
  },
  "str_concat": {
    "mean": 106.50558428822723,
    "rsd_pct": 0.7156455275056178,
    "micro": true
  }
}