{
  "activerecord": {
    "mean": 100.34456790277832,
    "rsd_pct": 0.7589435906819977,
    "micro": false
  },
  "hexapdf": {
    "mean": 2354.2741365730762,
    "rsd_pct": 1.7371978082185193,
    "micro": false
  },
  "liquid-render": {
    "mean": 113.39590247188296,
    "rsd_pct": 1.776254076201578,
    "micro": false
  },
  "mail": {
    "mean": 161.20003631711006,
    "rsd_pct": 0.14735113015478032,
    "micro": false
  },
  "psych-load": {
    "mean": 1901.0529480874538,
    "rsd_pct": 0.025273706410657085,
    "micro": false
  },
  "railsbench": {
    "mean": 2055.942706267039,
    "rsd_pct": 1.3995855712842886,
    "micro": false
  },
  "ruby-lsp": {
    "mean": 85.53648675131106,
    "rsd_pct": 24.79257599692823,
    "micro": false
  },
  "binarytrees": {
    "mean": 235.99742309978376,
    "rsd_pct": 0.15873674647384617,
    "micro": false
  },
  "chunky_png": {
    "mean": 618.1914741473813,
    "rsd_pct": 0.4241687555307851,
    "micro": false
  },
  "erubi": {
    "mean": 288.57283021754296,
    "rsd_pct": 0.8287920422698087,
    "micro": false
  },
  "erubi_rails": {
    "mean": 17.887756477893713,
    "rsd_pct": 3.77684154726026,
    "micro": false
  },
  "etanni": {
    "mean": 468.2857365835281,
    "rsd_pct": 0.4482492180962762,
    "micro": false
  },
  "fannkuchredux": {
    "mean": 2288.012039413055,
    "rsd_pct": 0.08205210978972051,
    "micro": false
  },
  "lee": {
    "mean": 925.9338753209228,
    "rsd_pct": 1.5913568095467332,
    "micro": false
  },
  "nbody": {
    "mean": 87.4262715642628,
    "rsd_pct": 0.07736915792444625,
    "micro": false
  },
  "optcarrot": {
    "mean": 3069.055944432815,
    "rsd_pct": 0.4313225966929553,
    "micro": false
  },
  "rubykon": {
    "mean": 6757.91126464804,
    "rsd_pct": 0.9984682004456522,
    "micro": false
  },
  "30k_ifelse": {
    "mean": 393.6062017083168,
    "rsd_pct": 0.1170821589079701,
    "micro": true
  },
  "30k_methods": {
    "mean": 954.8892825841904,
    "rsd_pct": 0.041820044179279224,
    "micro": true
  },
  "cfunc_itself": {
    "mean": 42.310277250164255,
    "rsd_pct": 0.13537156359244823,
    "micro": true
  },
  "fib": {
    "mean": 61.12604619029465,
    "rsd_pct": 0.04370936970253251,
    "micro": true
  },
  "getivar": {
    "mean": 46.86565924558281,
    "rsd_pct": 0.04421432926920426,
    "micro": true
  },
  "keyword_args": {
    "mean": 52.65112552270679,
    "rsd_pct": 0.864508975143808,
    "micro": true
  },
  "respond_to": {
    "mean": 28.45701020200368,
    "rsd_pct": 0.8374569291915364,
    "micro": true
  },
  "setivar": {
    "mean": 49.046312474249476,
    "rsd_pct": 0.05809848658945369,
    "micro": true
  },
  "str_concat": {
    "mean": 44.12426438648254,
    "rsd_pct": 1.4969245466271748,
    "micro": true
  }
}