{
  "activerecord": {
    "mean": 105.8118457343274,
    "rsd_pct": 0.4719883970767427,
    "micro": false
  },
  "hexapdf": {
    "mean": 2376.5057161450386,
    "rsd_pct": 1.4087135599278926,
    "micro": false
  },
  "liquid-render": {
    "mean": 143.3928608354451,
    "rsd_pct": 1.876403756793027,
    "micro": false
  },
  "mail": {
    "mean": 184.95139860789533,
    "rsd_pct": 2.7142781971502403,
    "micro": false
  },
  "psych-load": {
    "mean": 2312.0633692791066,
    "rsd_pct": 0.34697580455524923,
    "micro": false
  },
  "railsbench": {
    "mean": 2471.222984418273,
    "rsd_pct": 0.8399269299380485,
    "micro": false
  },
  "binarytrees": {
    "mean": 365.2668620531376,
    "rsd_pct": 0.15669786526334034,
    "micro": false
  },
  "chunky_png": {
    "mean": 672.8347127550635,
    "rsd_pct": 0.21575595424438979,
    "micro": false
  },
  "discourse": {
    "mean": 529.7306076084312,
    "rsd_pct": 18.320155282807374,
    "micro": false
  },
  "erubi": {
    "mean": 403.92648922849673,
    "rsd_pct": 0.8174648431303021,
    "micro": false
  },
  "erubi_rails": {
    "mean": 25.15307323362483,
    "rsd_pct": 54.93256539495842,
    "micro": false
  },
  "fannkuchredux": {
    "mean": 8968.84859825174,
    "rsd_pct": 0.12576624968722716,
    "micro": false
  },
  "lee": {
    "mean": 927.9330874877897,
    "rsd_pct": 0.0952806816582767,
    "micro": false
  },
  "nbody": {
    "mean": 92.32931332392754,
    "rsd_pct": 0.40570453621547764,
    "micro": false
  },
  "optcarrot": {
    "mean": 3422.4448166787624,
    "rsd_pct": 0.6043354367115209,
    "micro": false
  },
  "rubykon": {
    "mean": 8091.658286129435,
    "rsd_pct": 3.2616614731440103,
    "micro": false
  },
  "30k_ifelse": {
    "mean": 365.5030852353031,
    "rsd_pct": 0.20610772859254722,
    "micro": true
  },
  "30k_methods": {
    "mean": 887.2293603860519,
    "rsd_pct": 0.061831471103328726,
    "micro": true
  },
  "cfunc_itself": {
    "mean": 46.421047161806484,
    "rsd_pct": 1.0380470182276242,
    "micro": true
  },
  "fib": {
    "mean": 62.49658511951566,
    "rsd_pct": 0.6141268782540654,
    "micro": true
  },
  "getivar": {
    "mean": 42.605920256209124,
    "rsd_pct": 0.7156038835307296,
    "micro": true
  },
  "keyword_args": {
    "mean": 52.832069923480354,
    "rsd_pct": 0.6609210965483437,
    "micro": true
  },
  "respond_to": {
    "mean": 188.09549983169111,
    "rsd_pct": 0.4001511220486454,
    "micro": true
  },
  "setivar": {
    "mean": 54.011788351251646,
    "rsd_pct": 0.5679572319471474,
    "micro": true
  },
  "str_concat": {
    "mean": 111.68699064943456,
    "rsd_pct": 1.2416459671407936,
    "micro": true
  }
}