{
  "activerecord": {
    "mean": 105.61333801645863,
    "rsd_pct": 0.5173249908207781,
    "micro": false
  },
  "hexapdf": {
    "mean": 1987.528285632531,
    "rsd_pct": 2.5779581588869274,
    "micro": false
  },
  "liquid-c": {
    "mean": 58.60113627344802,
    "rsd_pct": 2.13413910646464,
    "micro": false
  },
  "liquid-render": {
    "mean": 105.16644005516642,
    "rsd_pct": 2.625372478658459,
    "micro": false
  },
  "mail": {
    "mean": 131.7504088552608,
    "rsd_pct": 0.29949590802441856,
    "micro": false
  },
  "psych-load": {
    "mean": 1794.857194305708,
    "rsd_pct": 0.03324890035533337,
    "micro": false
  },
  "railsbench": {
    "mean": 1833.0183197123308,
    "rsd_pct": 1.1482013348975544,
    "micro": false
  },
  "ruby-lsp": {
    "mean": 58.9541799764135,
    "rsd_pct": 20.504422137285673,
    "micro": false
  },
  "sequel": {
    "mean": 161.5254683591261,
    "rsd_pct": 2.3637029986773275,
    "micro": false
  },
  "binarytrees": {
    "mean": 239.08395287469915,
    "rsd_pct": 0.06128740295753232,
    "micro": false
  },
  "chunky_png": {
    "mean": 624.6202509219368,
    "rsd_pct": 0.08000450768892134,
    "micro": false
  },
  "erubi": {
    "mean": 253.741707900374,
    "rsd_pct": 0.896443173922896,
    "micro": false
  },
  "erubi_rails": {
    "mean": 15.454250483088062,
    "rsd_pct": 3.3138347861860105,
    "micro": false
  },
  "etanni": {
    "mean": 411.1161396591639,
    "rsd_pct": 0.45662115595206654,
    "micro": false
  },
  "fannkuchredux": {
    "mean": 839.0780859221907,
    "rsd_pct": 0.05318149175471674,
    "micro": false
  },
  "lee": {
    "mean": 906.1204586621551,
    "rsd_pct": 0.32548941226155315,
    "micro": false
  },
  "nbody": {
    "mean": 76.83025764464571,
    "rsd_pct": 0.08317963722238794,
    "micro": false
  },
  "optcarrot": {
    "mean": 2570.4078500779965,
    "rsd_pct": 0.6751212243354927,
    "micro": false
  },
  "ruby-json": {
    "mean": 3095.6315665505826,
    "rsd_pct": 0.14553850273280527,
    "micro": false
  },
  "rubykon": {
    "mean": 6828.967682675769,
    "rsd_pct": 0.34954329944053436,
    "micro": false
  },
  "30k_ifelse": {
    "mean": 425.78683245886606,
    "rsd_pct": 0.08649642255921411,
    "micro": true
  },
  "30k_methods": {
    "mean": 952.9868488732193,
    "rsd_pct": 0.042140408563638175,
    "micro": true
  },
  "cfunc_itself": {
    "mean": 42.05214446508571,
    "rsd_pct": 0.3134647524637988,
    "micro": true
  },
  "fib": {
    "mean": 61.85915803063903,
    "rsd_pct": 0.08891326434778596,
    "micro": true
  },
  "getivar": {
    "mean": 45.79360435883421,
    "rsd_pct": 0.06756854179188164,
    "micro": true
  },
  "keyword_args": {
    "mean": 53.762392601552044,
    "rsd_pct": 0.18231640960325626,
    "micro": true
  },
  "respond_to": {
    "mean": 30.55646944444672,
    "rsd_pct": 0.40956705552848466,
    "micro": true
  },
  "setivar": {
    "mean": 14.807037226855755,
    "rsd_pct": 0.13756867600549427,
    "micro": true
  },
  "setivar_object": {
    "mean": 47.929712842552014,
    "rsd_pct": 0.05685182492587592,
    "micro": true
  },
  "str_concat": {
    "mean": 43.06001394509402,
    "rsd_pct": 1.4916508480467,
    "micro": true
  }
}