{
  "activerecord": {
    "mean": 107.94717002840292,
    "rsd_pct": 0.48786215376074504,
    "micro": false
  },
  "hexapdf": {
    "mean": 2195.1482139527798,
    "rsd_pct": 1.303110064782426,
    "micro": false
  },
  "jekyll": {
    "mean": 7508.914453784625,
    "rsd_pct": 3.1143868368949654,
    "micro": false
  },
  "liquid-render": {
    "mean": 114.75170917042038,
    "rsd_pct": 2.238897112151538,
    "micro": false
  },
  "mail": {
    "mean": 142.5841728412955,
    "rsd_pct": 0.4660643400099266,
    "micro": false
  },
  "psych-load": {
    "mean": 1653.5256297638018,
    "rsd_pct": 0.763448461386488,
    "micro": false
  },
  "railsbench": {
    "mean": 2402.7171490093074,
    "rsd_pct": 1.3272734786766744,
    "micro": false
  },
  "binarytrees": {
    "mean": 279.5352427796884,
    "rsd_pct": 2.8713813484467123,
    "micro": false
  },
  "erubi": {
    "mean": 408.4455442937965,
    "rsd_pct": 0.7288846564640246,
    "micro": false
  },
  "erubi_rails": {
    "mean": 35.0766220794814,
    "rsd_pct": 4.555594074542484,
    "micro": false
  },
  "fannkuchredux": {
    "mean": 5563.515438263615,
    "rsd_pct": 0.1178300435136342,
    "micro": false
  },
  "lee": {
    "mean": 745.9622029071817,
    "rsd_pct": 1.408579584477481,
    "micro": false
  },
  "nbody": {
    "mean": 73.24700168830834,
    "rsd_pct": 0.04077441069775216,
    "micro": false
  },
  "optcarrot": {
    "mean": 3091.4251448586583,
    "rsd_pct": 0.7008240632607149,
    "micro": false
  },
  "rubykon": {
    "mean": 5588.771998571853,
    "rsd_pct": 0.6283368863271616,
    "micro": false
  },
  "30k_ifelse": {
    "mean": 319.5131196712072,
    "rsd_pct": 0.2893649552475585,
    "micro": true
  },
  "30k_methods": {
    "mean": 741.7719602011717,
    "rsd_pct": 0.06413404852769584,
    "micro": true
  },
  "cfunc_itself": {
    "mean": 39.042283630599655,
    "rsd_pct": 0.25819470163763014,
    "micro": true
  },
  "fib": {
    "mean": 52.072272505029105,
    "rsd_pct": 0.026125819844983137,
    "micro": true
  },
  "getivar": {
    "mean": 35.47819405066289,
    "rsd_pct": 0.05213112421278675,
    "micro": true
  },
  "keyword_args": {
    "mean": 46.36783618045784,
    "rsd_pct": 0.23349914111418793,
    "micro": true
  },
  "respond_to": {
    "mean": 156.80922662443297,
    "rsd_pct": 0.20988697203112797,
    "micro": true
  },
  "setivar": {
    "mean": 39.895161948152236,
    "rsd_pct": 0.4493564386275478,
    "micro": true
  }
}