{
  "activerecord": {
    "mean": 107.28160347947377,
    "rsd_pct": 1.9213347688741442
  },
  "jekyll": {
    "mean": 7454.7386980149895,
    "rsd_pct": 1.8989654385341048
  },
  "liquid-render": {
    "mean": 146.53872878210046,
    "rsd_pct": 2.41766413203783
  },
  "mail": {
    "mean": 139.36608468875625,
    "rsd_pct": 1.6544894987547427
  },
  "psych-load": {
    "mean": 1667.4597475677729,
    "rsd_pct": 0.5252636779176966
  },
  "railsbench": {
    "mean": 2617.4519760068506,
    "rsd_pct": 1.5490467586313839
  },
  "binarytrees": {
    "mean": 315.93119149544725,
    "rsd_pct": 0.2351536987821561
  },
  "fannkuchredux": {
    "mean": 5446.985288430005,
    "rsd_pct": 0.027985079531134816
  },
  "lee": {
    "mean": 804.6332193538547,
    "rsd_pct": 1.7916661401760954
  },
  "nbody": {
    "mean": 70.73004921427467,
    "rsd_pct": 0.040800414387759235
  },
  "optcarrot": {
    "mean": 3132.9884946811944,
    "rsd_pct": 0.13651507026845439
  },
  "30k_ifelse": {
    "mean": 326.00211699986284,
    "rsd_pct": 0.22155345119321235
  },
  "30k_methods": {
    "mean": 705.9983897120937,
    "rsd_pct": 0.020224234545714214
  },
  "cfunc_itself": {
    "mean": 40.016408678980504,
    "rsd_pct": 0.23995692257116802
  },
  "fib": {
    "mean": 57.48466503139608,
    "rsd_pct": 0.2218890420744575
  },
  "getivar": {
    "mean": 36.3068570669182,
    "rsd_pct": 0.08853631214174824
  },
  "respond_to": {
    "mean": 163.1058392123179,
    "rsd_pct": 0.9656911526865705
  },
  "setivar": {
    "mean": 44.143996841076905,
    "rsd_pct": 0.11563516984763471
  }
}