{
  "activerecord": {
    "mean": 110.14766397691051,
    "rsd_pct": 0.47360320806177786
  },
  "hexapdf": {
    "mean": 2228.9406382478774,
    "rsd_pct": 1.6938241493796176
  },
  "jekyll": {
    "mean": 7440.537793841213,
    "rsd_pct": 1.8672558768067817
  },
  "liquid-render": {
    "mean": 125.31534260138869,
    "rsd_pct": 1.931514464049735
  },
  "mail": {
    "mean": 140.60300539925018,
    "rsd_pct": 0.5945701685470529
  },
  "psych-load": {
    "mean": 1613.9117334969342,
    "rsd_pct": 0.12865671517967658
  },
  "railsbench": {
    "mean": 2463.4939879179,
    "rsd_pct": 1.549210755318756
  },
  "binarytrees": {
    "mean": 286.47710625082254,
    "rsd_pct": 2.6845755587561
  },
  "fannkuchredux": {
    "mean": 5409.284135978669,
    "rsd_pct": 0.06358958904607467
  },
  "lee": {
    "mean": 804.7153672203422,
    "rsd_pct": 1.3817710391126479
  },
  "nbody": {
    "mean": 75.39985492985579,
    "rsd_pct": 0.025266168167857473
  },
  "optcarrot": {
    "mean": 3248.5202552750707,
    "rsd_pct": 0.42776972325120727
  },
  "30k_ifelse": {
    "mean": 332.50585224479437,
    "rsd_pct": 0.1273885095650262
  },
  "30k_methods": {
    "mean": 764.9518675992595,
    "rsd_pct": 0.031220900848371265
  },
  "cfunc_itself": {
    "mean": 39.94907204122444,
    "rsd_pct": 0.3406352235998792
  },
  "fib": {
    "mean": 52.08553791165671,
    "rsd_pct": 0.028094319442019247
  },
  "getivar": {
    "mean": 36.26421595976319,
    "rsd_pct": 0.05896426032613896
  },
  "keyword_args": {
    "mean": 46.15078973012783,
    "rsd_pct": 0.20363569231344494
  },
  "respond_to": {
    "mean": 168.91111449740075,
    "rsd_pct": 0.47186175129006863
  },
  "setivar": {
    "mean": 42.24555291170376,
    "rsd_pct": 0.06343201959784724
  }
}