{
  "activerecord": {
    "mean": 42.891831010788806,
    "rsd_pct": 0.7372941385018503,
    "micro": false
  },
  "erubi_rails": {
    "mean": 15.349626016689788,
    "rsd_pct": 3.551435660372855,
    "micro": false
  },
  "hexapdf": {
    "mean": 2096.904739613334,
    "rsd_pct": 2.2440519871170643,
    "micro": false
  },
  "liquid-c": {
    "mean": 59.28552419590276,
    "rsd_pct": 2.0027589663531256,
    "micro": false
  },
  "liquid-compile": {
    "mean": 52.407380408392505,
    "rsd_pct": 4.8812960647894545,
    "micro": false
  },
  "liquid-render": {
    "mean": 105.13331662667424,
    "rsd_pct": 2.6719331229931598,
    "micro": false
  },
  "mail": {
    "mean": 129.24706121882448,
    "rsd_pct": 0.401841510803972,
    "micro": false
  },
  "psych-load": {
    "mean": 1810.652775876224,
    "rsd_pct": 0.05502621071666105,
    "micro": false
  },
  "railsbench": {
    "mean": 1804.1435765102506,
    "rsd_pct": 1.2460118533288878,
    "micro": false
  },
  "ruby-lsp": {
    "mean": 58.57274419958553,
    "rsd_pct": 20.207253309386918,
    "micro": false
  },
  "sequel": {
    "mean": 68.87337217216229,
    "rsd_pct": 0.23154394947505744,
    "micro": false
  },
  "binarytrees": {
    "mean": 224.35303380859366,
    "rsd_pct": 0.0756200665999773,
    "micro": false
  },
  "chunky_png": {
    "mean": 646.8218781364461,
    "rsd_pct": 0.048859731733988276,
    "micro": false
  },
  "erubi": {
    "mean": 265.1357567427974,
    "rsd_pct": 0.8604589627828553,
    "micro": false
  },
  "etanni": {
    "mean": 420.5914351375813,
    "rsd_pct": 0.4524613273720855,
    "micro": false
  },
  "fannkuchredux": {
    "mean": 770.5447193235159,
    "rsd_pct": 7.4364819469193595,
    "micro": false
  },
  "lee": {
    "mean": 895.1078979298472,
    "rsd_pct": 0.3786633716815308,
    "micro": false
  },
  "nbody": {
    "mean": 76.85261316812382,
    "rsd_pct": 0.0813585769754652,
    "micro": false
  },
  "optcarrot": {
    "mean": 2286.903856943051,
    "rsd_pct": 0.6121939752658735,
    "micro": false
  },
  "ruby-json": {
    "mean": 3081.7909576619663,
    "rsd_pct": 0.11661225864334315,
    "micro": false
  },
  "rubykon": {
    "mean": 6837.107396436234,
    "rsd_pct": 0.4411694657649421,
    "micro": false
  },
  "30k_ifelse": {
    "mean": 360.7021684335037,
    "rsd_pct": 0.057708302884081734,
    "micro": true
  },
  "30k_methods": {
    "mean": 860.724132022132,
    "rsd_pct": 0.026016317653681526,
    "micro": true
  },
  "cfunc_itself": {
    "mean": 39.070030512131474,
    "rsd_pct": 0.24273326310511814,
    "micro": true
  },
  "fib": {
    "mean": 44.60291770062343,
    "rsd_pct": 0.05684751771754038,
    "micro": true
  },
  "getivar": {
    "mean": 21.162414549206073,
    "rsd_pct": 0.15935653243358094,
    "micro": true
  },
  "keyword_args": {
    "mean": 48.82192543154459,
    "rsd_pct": 0.180176603902112,
    "micro": true
  },
  "respond_to": {
    "mean": 27.246486913843626,
    "rsd_pct": 0.7258697133898419,
    "micro": true
  },
  "setivar": {
    "mean": 11.994950105137251,
    "rsd_pct": 0.08989977234536131,
    "micro": true
  },
  "setivar_object": {
    "mean": 43.69119683757457,
    "rsd_pct": 1.860273481312755,
    "micro": true
  },
  "setivar_young": {
    "mean": 42.28647227667398,
    "rsd_pct": 1.5355710311430602,
    "micro": true
  },
  "str_concat": {
    "mean": 42.85456187815242,
    "rsd_pct": 1.434948639281446,
    "micro": true
  },
  "throw": {
    "mean": 23.588258255687023,
    "rsd_pct": 0.2330632835166502,
    "micro": true
  }
}