{
  "activerecord": {
    "mean": 103.47260990291062,
    "rsd_pct": 0.5121509668131734,
    "micro": false
  },
  "hexapdf": {
    "mean": 2285.767753298084,
    "rsd_pct": 2.4843843116279154,
    "micro": false
  },
  "liquid-render": {
    "mean": 125.97522481427163,
    "rsd_pct": 1.6768995103526771,
    "micro": false
  },
  "mail": {
    "mean": 159.1655968427658,
    "rsd_pct": 0.1569711622273816,
    "micro": false
  },
  "psych-load": {
    "mean": 1987.3888996740181,
    "rsd_pct": 0.03140650467255743,
    "micro": false
  },
  "railsbench": {
    "mean": 2091.5712712953487,
    "rsd_pct": 1.2834521880251362,
    "micro": false
  },
  "binarytrees": {
    "mean": 356.4479046429579,
    "rsd_pct": 0.04787772752924904,
    "micro": false
  },
  "chunky_png": {
    "mean": 649.6010445058346,
    "rsd_pct": 0.05207918458562341,
    "micro": false
  },
  "erubi": {
    "mean": 375.9243785983549,
    "rsd_pct": 0.5649822389437983,
    "micro": false
  },
  "erubi_rails": {
    "mean": 19.851792628067223,
    "rsd_pct": 4.043779007470851,
    "micro": false
  },
  "fannkuchredux": {
    "mean": 8425.267579282323,
    "rsd_pct": 1.7343547989425243,
    "micro": false
  },
  "lee": {
    "mean": 933.6648495601756,
    "rsd_pct": 0.6010141172068498,
    "micro": false
  },
  "nbody": {
    "mean": 94.0646866173572,
    "rsd_pct": 0.09651652304674659,
    "micro": false
  },
  "optcarrot": {
    "mean": 3459.4768181443214,
    "rsd_pct": 0.5935599015052531,
    "micro": false
  },
  "rubykon": {
    "mean": 6844.978569199641,
    "rsd_pct": 0.738742234100498,
    "micro": false
  },
  "30k_ifelse": {
    "mean": 355.88196059688926,
    "rsd_pct": 0.09616389188827386,
    "micro": true
  },
  "30k_methods": {
    "mean": 872.3326444463885,
    "rsd_pct": 0.030376866570184225,
    "micro": true
  },
  "cfunc_itself": {
    "mean": 46.780967964894245,
    "rsd_pct": 0.690601128424848,
    "micro": true
  },
  "fib": {
    "mean": 63.309417452131,
    "rsd_pct": 0.03947859754558715,
    "micro": true
  },
  "getivar": {
    "mean": 51.276685251812836,
    "rsd_pct": 0.571738578284007,
    "micro": true
  },
  "keyword_args": {
    "mean": 53.350343774523466,
    "rsd_pct": 0.13319936563417942,
    "micro": true
  },
  "respond_to": {
    "mean": 190.35344589672505,
    "rsd_pct": 0.14163890847461624,
    "micro": true
  },
  "setivar": {
    "mean": 53.591910492881986,
    "rsd_pct": 0.06058307111799424,
    "micro": true
  },
  "str_concat": {
    "mean": 52.53144840366746,
    "rsd_pct": 1.3916618836571515,
    "micro": true
  }
}