{
  "activerecord": {
    "mean": 102.02558434238195,
    "rsd_pct": 0.6302380073635067,
    "micro": false
  },
  "hexapdf": {
    "mean": 2314.9730384349823,
    "rsd_pct": 2.144256085829063,
    "micro": false
  },
  "liquid-render": {
    "mean": 127.64016298517105,
    "rsd_pct": 2.1319126797179195,
    "micro": false
  },
  "mail": {
    "mean": 169.57424925267696,
    "rsd_pct": 0.16686715406780855,
    "micro": false
  },
  "psych-load": {
    "mean": 1893.8814125955105,
    "rsd_pct": 0.0833774576214585,
    "micro": false
  },
  "railsbench": {
    "mean": 2127.9448022445044,
    "rsd_pct": 1.3607068287914934,
    "micro": false
  },
  "binarytrees": {
    "mean": 351.8030226343509,
    "rsd_pct": 0.05712512938310841,
    "micro": false
  },
  "chunky_png": {
    "mean": 657.7541641270121,
    "rsd_pct": 0.0612477784379161,
    "micro": false
  },
  "erubi": {
    "mean": 390.0100851804018,
    "rsd_pct": 0.858846735808327,
    "micro": false
  },
  "erubi_rails": {
    "mean": 19.935735393315554,
    "rsd_pct": 3.193152189007871,
    "micro": false
  },
  "fannkuchredux": {
    "mean": 8815.60276808838,
    "rsd_pct": 0.13563991874011003,
    "micro": false
  },
  "lee": {
    "mean": 904.5524909382775,
    "rsd_pct": 0.4344026537418976,
    "micro": false
  },
  "nbody": {
    "mean": 91.85043458629698,
    "rsd_pct": 0.07873157560122752,
    "micro": false
  },
  "optcarrot": {
    "mean": 3397.9904736081758,
    "rsd_pct": 0.5732890033580073,
    "micro": false
  },
  "rubykon": {
    "mean": 7499.191037068765,
    "rsd_pct": 4.8416847223376305,
    "micro": false
  },
  "30k_ifelse": {
    "mean": 354.1381147774783,
    "rsd_pct": 0.19479932123494212,
    "micro": true
  },
  "30k_methods": {
    "mean": 884.1057235205716,
    "rsd_pct": 0.016766781752877265,
    "micro": true
  },
  "cfunc_itself": {
    "mean": 46.645661697468974,
    "rsd_pct": 0.6385455586806251,
    "micro": true
  },
  "fib": {
    "mean": 63.3120844111083,
    "rsd_pct": 0.04410428074482203,
    "micro": true
  },
  "getivar": {
    "mean": 42.52639651693256,
    "rsd_pct": 0.05435091922418838,
    "micro": true
  },
  "keyword_args": {
    "mean": 52.90427459626204,
    "rsd_pct": 0.18032497755486798,
    "micro": true
  },
  "respond_to": {
    "mean": 189.2735604370866,
    "rsd_pct": 0.05754041796991554,
    "micro": true
  },
  "setivar": {
    "mean": 51.00230884372105,
    "rsd_pct": 0.3252744194926278,
    "micro": true
  },
  "str_concat": {
    "mean": 104.58339128301157,
    "rsd_pct": 0.7063040633331271,
    "micro": true
  }
}