{
  "activerecord": {
    "mean": 110.5749382915204,
    "rsd_pct": 1.183870608122468
  },
  "hexapdf": {
    "mean": 2211.231638956815,
    "rsd_pct": 1.9514149424449707
  },
  "jekyll": {
    "mean": 7457.9311019741,
    "rsd_pct": 2.067079496103524
  },
  "liquid-render": {
    "mean": 117.24092006706488,
    "rsd_pct": 2.373819073371739
  },
  "mail": {
    "mean": 141.2626852331157,
    "rsd_pct": 0.3718883460234109
  },
  "psych-load": {
    "mean": 1838.4127037599683,
    "rsd_pct": 1.3600017206663155
  },
  "railsbench": {
    "mean": 2502.419157139957,
    "rsd_pct": 1.534113097428831
  },
  "binarytrees": {
    "mean": 275.51882850035787,
    "rsd_pct": 2.645373135327068
  },
  "fannkuchredux": {
    "mean": 5381.926933396608,
    "rsd_pct": 0.0175809691804224
  },
  "lee": {
    "mean": 820.2453153207898,
    "rsd_pct": 1.2842061426374687
  },
  "nbody": {
    "mean": 72.76471710219136,
    "rsd_pct": 0.043566934396467215
  },
  "optcarrot": {
    "mean": 3278.283438272774,
    "rsd_pct": 0.5457942193744845
  },
  "rubykon": {
    "mean": 5560.235901270062,
    "rsd_pct": 1.7052081601946014
  },
  "30k_ifelse": {
    "mean": 313.0652799995409,
    "rsd_pct": 0.3204834604463588
  },
  "30k_methods": {
    "mean": 751.997827552259,
    "rsd_pct": 0.053282208023532486
  },
  "cfunc_itself": {
    "mean": 39.624527546417234,
    "rsd_pct": 0.32626873350051944
  },
  "fib": {
    "mean": 52.08662265592957,
    "rsd_pct": 0.04604609843483109
  },
  "getivar": {
    "mean": 35.487890717783095,
    "rsd_pct": 0.08447246247112873
  },
  "keyword_args": {
    "mean": 46.14383572018442,
    "rsd_pct": 0.07914778456232979
  },
  "respond_to": {
    "mean": 157.2238892648306,
    "rsd_pct": 0.747755740371687
  },
  "setivar": {
    "mean": 41.94137225032369,
    "rsd_pct": 0.12199859420708131
  }
}