{
  "activerecord": {
    "mean": 147.9995366155116,
    "rsd_pct": 0.22636223802493205,
    "micro": false
  },
  "erubi_rails": {
    "mean": 44.639240016213996,
    "rsd_pct": 2.1655245943325303,
    "micro": false
  },
  "hexapdf": {
    "mean": 6142.073191205661,
    "rsd_pct": 1.9120910014895258,
    "micro": false
  },
  "liquid-c": {
    "mean": 188.79265870679828,
    "rsd_pct": 1.7676584275968141,
    "micro": false
  },
  "liquid-render": {
    "mean": 358.34162118675795,
    "rsd_pct": 2.2406518710841996,
    "micro": false
  },
  "mail": {
    "mean": 376.55190248281144,
    "rsd_pct": 0.48902925425957533,
    "micro": false
  },
  "psych-load": {
    "mean": 5192.49425791204,
    "rsd_pct": 0.06818027540869653,
    "micro": false
  },
  "railsbench": {
    "mean": 5450.299544756611,
    "rsd_pct": 0.7386943443957895,
    "micro": false
  },
  "ruby-lsp": {
    "mean": 181.92492072659954,
    "rsd_pct": 12.041468284054606,
    "micro": false
  },
  "sequel": {
    "mean": 199.82365610052807,
    "rsd_pct": 0.16052807632767788,
    "micro": false
  },
  "binarytrees": {
    "mean": 505.84306972186,
    "rsd_pct": 0.12930171005256547,
    "micro": false
  },
  "chunky_png": {
    "mean": 1469.4412313966136,
    "rsd_pct": 0.10428422566143744,
    "micro": false
  },
  "erubi": {
    "mean": 584.1951493079526,
    "rsd_pct": 0.9151042880418488,
    "micro": false
  },
  "etanni": {
    "mean": 921.9980261599025,
    "rsd_pct": 0.41333839396580085,
    "micro": false
  },
  "fannkuchredux": {
    "mean": 1768.3400244265795,
    "rsd_pct": 0.13370334335156417,
    "micro": false
  },
  "lee": {
    "mean": 2206.4048166132784,
    "rsd_pct": 0.22347269153315358,
    "micro": false
  },
  "nbody": {
    "mean": 175.1512329967901,
    "rsd_pct": 0.03807146213571352,
    "micro": false
  },
  "optcarrot": {
    "mean": 10011.233780905604,
    "rsd_pct": 0.7135823292565707,
    "micro": false
  },
  "ruby-json": {
    "mean": 7809.274157385032,
    "rsd_pct": 0.14418077481295982,
    "micro": false
  },
  "rubykon": {
    "mean": 20608.916661019128,
    "rsd_pct": 0.3579277504820871,
    "micro": false
  },
  "30k_ifelse": {
    "mean": 1906.1791676350615,
    "rsd_pct": 0.03840334430015404,
    "micro": true
  },
  "30k_methods": {
    "mean": 3890.66670389603,
    "rsd_pct": 0.0670944104809567,
    "micro": true
  },
  "cfunc_itself": {
    "mean": 89.67671536406857,
    "rsd_pct": 0.07261975189441727,
    "micro": true
  },
  "fib": {
    "mean": 157.94438457723413,
    "rsd_pct": 0.006141108161821845,
    "micro": true
  },
  "getivar": {
    "mean": 67.00991154485061,
    "rsd_pct": 0.013176384006899541,
    "micro": true
  },
  "keyword_args": {
    "mean": 149.50714443004938,
    "rsd_pct": 0.009657387168970641,
    "micro": true
  },
  "respond_to": {
    "mean": 105.30567979736692,
    "rsd_pct": 0.6983633703231288,
    "micro": true
  },
  "setivar": {
    "mean": 39.18286071934955,
    "rsd_pct": 0.015116154581846376,
    "micro": true
  },
  "setivar_object": {
    "mean": 124.23439431831102,
    "rsd_pct": 0.9567794654776729,
    "micro": true
  },
  "setivar_young": {
    "mean": 122.14139519597997,
    "rsd_pct": 0.02825479112762199,
    "micro": true
  },
  "str_concat": {
    "mean": 101.12491126536675,
    "rsd_pct": 0.825238354284641,
    "micro": true
  },
  "throw": {
    "mean": 50.12537935829681,
    "rsd_pct": 0.164731716030011,
    "micro": true
  }
}