{
  "activerecord": {
    "mean": 102.20648360993118,
    "rsd_pct": 0.6375305571865562,
    "micro": false
  },
  "hexapdf": {
    "mean": 2222.3626929956176,
    "rsd_pct": 2.5604160048361897,
    "micro": false
  },
  "liquid-render": {
    "mean": 126.64801425013978,
    "rsd_pct": 1.30871835016176,
    "micro": false
  },
  "mail": {
    "mean": 142.6375055838068,
    "rsd_pct": 0.18028960456001464,
    "micro": false
  },
  "psych-load": {
    "mean": 1792.192220618017,
    "rsd_pct": 0.020324101807501986,
    "micro": false
  },
  "railsbench": {
    "mean": 2000.8329986051347,
    "rsd_pct": 1.1888717328091662,
    "micro": false
  },
  "ruby-lsp": {
    "mean": 71.27780582891482,
    "rsd_pct": 17.963576115132067,
    "micro": false
  },
  "binarytrees": {
    "mean": 229.57579449010905,
    "rsd_pct": 3.6642522331183485,
    "micro": false
  },
  "chunky_png": {
    "mean": 615.5135009357764,
    "rsd_pct": 0.050179419025231674,
    "micro": false
  },
  "erubi": {
    "mean": 293.77135367523056,
    "rsd_pct": 0.9096522778290449,
    "micro": false
  },
  "erubi_rails": {
    "mean": 17.785927255674466,
    "rsd_pct": 3.9475764984937456,
    "micro": false
  },
  "etanni": {
    "mean": 470.6111866121535,
    "rsd_pct": 0.4654957828132071,
    "micro": false
  },
  "fannkuchredux": {
    "mean": 917.6999916200571,
    "rsd_pct": 0.08438984347696062,
    "micro": false
  },
  "lee": {
    "mean": 879.4126677305692,
    "rsd_pct": 1.8725693886262837,
    "micro": false
  },
  "nbody": {
    "mean": 74.47295675493888,
    "rsd_pct": 0.19133649671458616,
    "micro": false
  },
  "optcarrot": {
    "mean": 2642.3810913382717,
    "rsd_pct": 0.41889767312975695,
    "micro": false
  },
  "rubykon": {
    "mean": 6526.569760063042,
    "rsd_pct": 0.4328811467609844,
    "micro": false
  },
  "setivar_object": {
    "mean": 45.84738273794452,
    "rsd_pct": 0.009858686737446524,
    "micro": false
  },
  "30k_ifelse": {
    "mean": 402.56924766814336,
    "rsd_pct": 0.12345913446132578,
    "micro": true
  },
  "30k_methods": {
    "mean": 944.861610946689,
    "rsd_pct": 0.034170709587257375,
    "micro": true
  },
  "cfunc_itself": {
    "mean": 40.23937698241915,
    "rsd_pct": 0.2049861830057491,
    "micro": true
  },
  "fib": {
    "mean": 61.08451057303788,
    "rsd_pct": 0.04616700636963517,
    "micro": true
  },
  "getivar": {
    "mean": 45.62614285695413,
    "rsd_pct": 0.04739648623657609,
    "micro": true
  },
  "keyword_args": {
    "mean": 51.994543324475295,
    "rsd_pct": 0.05604529995592945,
    "micro": true
  },
  "respond_to": {
    "mean": 28.78363417658171,
    "rsd_pct": 0.430541143496067,
    "micro": true
  },
  "setivar": {
    "mean": 14.713978770924314,
    "rsd_pct": 0.08927483028740799,
    "micro": true
  },
  "str_concat": {
    "mean": 42.052502781656145,
    "rsd_pct": 1.701436765477214,
    "micro": true
  }
}