{
  "activerecord": {
    "mean": 105.68740477753897,
    "rsd_pct": 1.6796604289594488,
    "micro": false
  },
  "hexapdf": {
    "mean": 2194.261267532905,
    "rsd_pct": 1.1660796987374809,
    "micro": false
  },
  "jekyll": {
    "mean": 7411.3362821439905,
    "rsd_pct": 2.6567298140274787,
    "micro": false
  },
  "liquid-render": {
    "mean": 116.44459793533751,
    "rsd_pct": 2.583455312864844,
    "micro": false
  },
  "mail": {
    "mean": 142.30431903801534,
    "rsd_pct": 0.2865284648560026,
    "micro": false
  },
  "psych-load": {
    "mean": 1628.0470031003158,
    "rsd_pct": 0.1358752785316033,
    "micro": false
  },
  "railsbench": {
    "mean": 2147.3660529901586,
    "rsd_pct": 1.5117226627216749,
    "micro": false
  },
  "binarytrees": {
    "mean": 286.3046365409073,
    "rsd_pct": 0.3013305737250991,
    "micro": false
  },
  "erubi": {
    "mean": 411.5820337086916,
    "rsd_pct": 0.6611293637300141,
    "micro": false
  },
  "erubi_rails": {
    "mean": 32.341771521696856,
    "rsd_pct": 17.61641235265227,
    "micro": false
  },
  "fannkuchredux": {
    "mean": 5648.285403847694,
    "rsd_pct": 0.05199549836852679,
    "micro": false
  },
  "lee": {
    "mean": 764.1749820113182,
    "rsd_pct": 0.07762112182258836,
    "micro": false
  },
  "nbody": {
    "mean": 73.87419407122121,
    "rsd_pct": 0.044043035474072234,
    "micro": false
  },
  "optcarrot": {
    "mean": 3218.381613617142,
    "rsd_pct": 0.5706437664888119,
    "micro": false
  },
  "rubykon": {
    "mean": 5692.487262313564,
    "rsd_pct": 0.6971844538248777,
    "micro": false
  },
  "30k_ifelse": {
    "mean": 305.9997638920322,
    "rsd_pct": 0.08777620055437813,
    "micro": true
  },
  "30k_methods": {
    "mean": 737.116835008447,
    "rsd_pct": 0.025670154421382853,
    "micro": true
  },
  "cfunc_itself": {
    "mean": 38.933295541937696,
    "rsd_pct": 0.2853642479769176,
    "micro": true
  },
  "fib": {
    "mean": 52.0992122808511,
    "rsd_pct": 0.018904387653080487,
    "micro": true
  },
  "getivar": {
    "mean": 35.54778231234949,
    "rsd_pct": 0.3103002057704533,
    "micro": true
  },
  "keyword_args": {
    "mean": 45.84320008500733,
    "rsd_pct": 0.3498678251824055,
    "micro": true
  },
  "respond_to": {
    "mean": 153.13269892737034,
    "rsd_pct": 0.37964273163527756,
    "micro": true
  },
  "setivar": {
    "mean": 41.64944199570251,
    "rsd_pct": 0.25239192557212903,
    "micro": true
  }
}