{
  "activerecord": {
    "mean": 141.73212517244914,
    "rsd_pct": 0.24408376069012105,
    "micro": false
  },
  "erubi_rails": {
    "mean": 43.15829574245219,
    "rsd_pct": 2.2367303012193536,
    "micro": false
  },
  "hexapdf": {
    "mean": 5651.5634521842,
    "rsd_pct": 2.399239370173852,
    "micro": false
  },
  "liquid-c": {
    "mean": 184.68037856012933,
    "rsd_pct": 1.7626388866912581,
    "micro": false
  },
  "liquid-compile": {
    "mean": 167.5522275991068,
    "rsd_pct": 0.5750222067451697,
    "micro": false
  },
  "liquid-render": {
    "mean": 338.3088761047289,
    "rsd_pct": 2.3340976162005744,
    "micro": false
  },
  "mail": {
    "mean": 356.9006909183256,
    "rsd_pct": 0.1405845163396788,
    "micro": false
  },
  "psych-load": {
    "mean": 4987.455226729314,
    "rsd_pct": 0.09147946328902042,
    "micro": false
  },
  "railsbench": {
    "mean": 5207.190279786785,
    "rsd_pct": 0.7090958424566021,
    "micro": false
  },
  "ruby-lsp": {
    "mean": 173.0178453423147,
    "rsd_pct": 12.417205596655862,
    "micro": false
  },
  "sequel": {
    "mean": 196.50827433761893,
    "rsd_pct": 0.15470824787778684,
    "micro": false
  },
  "binarytrees": {
    "mean": 493.5049419238996,
    "rsd_pct": 0.28089356823880757,
    "micro": false
  },
  "chunky_png": {
    "mean": 1366.3370125560145,
    "rsd_pct": 0.1351481244168771,
    "micro": false
  },
  "erubi": {
    "mean": 556.3965767908555,
    "rsd_pct": 0.8525906360607307,
    "micro": false
  },
  "etanni": {
    "mean": 898.993157199584,
    "rsd_pct": 0.6463997009885282,
    "micro": false
  },
  "fannkuchredux": {
    "mean": 1512.4304877221584,
    "rsd_pct": 0.20218981829091368,
    "micro": false
  },
  "lee": {
    "mean": 2175.0857526097784,
    "rsd_pct": 0.28240203550063847,
    "micro": false
  },
  "nbody": {
    "mean": 159.26104921034013,
    "rsd_pct": 0.09651194666513488,
    "micro": false
  },
  "optcarrot": {
    "mean": 8458.00963776807,
    "rsd_pct": 0.6741651748945896,
    "micro": false
  },
  "ruby-json": {
    "mean": 8297.641622895995,
    "rsd_pct": 0.04385577606537466,
    "micro": false
  },
  "rubykon": {
    "mean": 18780.087651809055,
    "rsd_pct": 0.37635787765293216,
    "micro": false
  },
  "30k_ifelse": {
    "mean": 1714.7718108513138,
    "rsd_pct": 0.0294365446391744,
    "micro": true
  },
  "30k_methods": {
    "mean": 3642.4629490660586,
    "rsd_pct": 0.08122364911551788,
    "micro": true
  },
  "cfunc_itself": {
    "mean": 81.70392912527507,
    "rsd_pct": 0.03763282670261832,
    "micro": true
  },
  "fib": {
    "mean": 137.52755202939002,
    "rsd_pct": 0.007790974378060239,
    "micro": true
  },
  "getivar": {
    "mean": 52.353392315513275,
    "rsd_pct": 0.02621464812671188,
    "micro": true
  },
  "keyword_args": {
    "mean": 127.51384670116815,
    "rsd_pct": 0.03588154166744817,
    "micro": true
  },
  "respond_to": {
    "mean": 78.24188422611249,
    "rsd_pct": 1.026867464192533,
    "micro": true
  },
  "setivar": {
    "mean": 32.85199805119829,
    "rsd_pct": 0.017645184819824345,
    "micro": true
  },
  "setivar_object": {
    "mean": 120.64848090625472,
    "rsd_pct": 1.1791248926951923,
    "micro": true
  },
  "setivar_young": {
    "mean": 117.93737944038907,
    "rsd_pct": 0.008847989531664166,
    "micro": true
  },
  "str_concat": {
    "mean": 85.159831654208,
    "rsd_pct": 0.9533939531526202,
    "micro": true
  },
  "throw": {
    "mean": 49.823168814449645,
    "rsd_pct": 0.15266115324948107,
    "micro": true
  }
}