{
  "activerecord": {
    "mean": 335.9359680689911,
    "rsd_pct": 0.22710921337448509,
    "micro": false
  },
  "hexapdf": {
    "mean": 6428.674568484227,
    "rsd_pct": 1.952017789754134,
    "micro": false
  },
  "liquid-c": {
    "mean": 194.35306526278353,
    "rsd_pct": 1.8383411223216772,
    "micro": false
  },
  "liquid-render": {
    "mean": 373.9733520274361,
    "rsd_pct": 2.2726626369689686,
    "micro": false
  },
  "mail": {
    "mean": 375.2758422159943,
    "rsd_pct": 0.23869074350581804,
    "micro": false
  },
  "psych-load": {
    "mean": 5170.252341590822,
    "rsd_pct": 0.0964994526683633,
    "micro": false
  },
  "railsbench": {
    "mean": 5625.351451896131,
    "rsd_pct": 0.7609251041830906,
    "micro": false
  },
  "ruby-lsp": {
    "mean": 190.6076827772746,
    "rsd_pct": 11.095298948717677,
    "micro": false
  },
  "sequel": {
    "mean": 382.9359385681196,
    "rsd_pct": 2.2484836154272245,
    "micro": false
  },
  "binarytrees": {
    "mean": 527.405252458439,
    "rsd_pct": 0.12694836872916346,
    "micro": false
  },
  "chunky_png": {
    "mean": 1530.5342603824101,
    "rsd_pct": 0.09839486120908247,
    "micro": false
  },
  "erubi": {
    "mean": 566.1462800792203,
    "rsd_pct": 1.079271983565925,
    "micro": false
  },
  "erubi_rails": {
    "mean": 47.2205325324532,
    "rsd_pct": 2.0947633129764913,
    "micro": false
  },
  "etanni": {
    "mean": 926.6103642365458,
    "rsd_pct": 0.42517324411730817,
    "micro": false
  },
  "fannkuchredux": {
    "mean": 2043.9791501987547,
    "rsd_pct": 0.14930286606320312,
    "micro": false
  },
  "lee": {
    "mean": 2251.2251986614006,
    "rsd_pct": 0.12034468871622003,
    "micro": false
  },
  "nbody": {
    "mean": 175.95363425810416,
    "rsd_pct": 0.06686025418120649,
    "micro": false
  },
  "optcarrot": {
    "mean": 14299.552234262228,
    "rsd_pct": 0.4763216543543697,
    "micro": false
  },
  "rubykon": {
    "mean": 21254.618546118338,
    "rsd_pct": 0.23891004751122316,
    "micro": false
  },
  "30k_ifelse": {
    "mean": 1930.1603316388866,
    "rsd_pct": 0.0413931378276388,
    "micro": true
  },
  "30k_methods": {
    "mean": 3871.5951927006245,
    "rsd_pct": 0.05034928073665751,
    "micro": true
  },
  "cfunc_itself": {
    "mean": 103.43342202344238,
    "rsd_pct": 0.009438144283966658,
    "micro": true
  },
  "fib": {
    "mean": 191.09921850774705,
    "rsd_pct": 0.005508776181241102,
    "micro": true
  },
  "getivar": {
    "mean": 107.46817747686366,
    "rsd_pct": 0.007999893284684373,
    "micro": true
  },
  "keyword_args": {
    "mean": 191.01439000139294,
    "rsd_pct": 0.00696605969752704,
    "micro": true
  },
  "respond_to": {
    "mean": 99.7542224553352,
    "rsd_pct": 0.438466746040437,
    "micro": true
  },
  "setivar": {
    "mean": 50.03939189169723,
    "rsd_pct": 0.012297318034956473,
    "micro": true
  },
  "setivar_object": {
    "mean": 127.50222708481296,
    "rsd_pct": 0.9435247013642277,
    "micro": true
  },
  "str_concat": {
    "mean": 106.50724636036016,
    "rsd_pct": 0.7246062442073355,
    "micro": true
  }
}