{
  "activerecord": {
    "mean": 334.23477029776507,
    "rsd_pct": 0.21101445273462568,
    "micro": false
  },
  "hexapdf": {
    "mean": 6396.677877008915,
    "rsd_pct": 1.929699152767216,
    "micro": false
  },
  "liquid-c": {
    "mean": 193.25669764234334,
    "rsd_pct": 1.8264899735503657,
    "micro": false
  },
  "liquid-render": {
    "mean": 375.6873146320383,
    "rsd_pct": 2.249314241270217,
    "micro": false
  },
  "mail": {
    "mean": 377.5756787894101,
    "rsd_pct": 0.15196167465356478,
    "micro": false
  },
  "psych-load": {
    "mean": 5481.480844070514,
    "rsd_pct": 0.09051801408949914,
    "micro": false
  },
  "railsbench": {
    "mean": 5632.215572831531,
    "rsd_pct": 0.611356053486439,
    "micro": false
  },
  "ruby-lsp": {
    "mean": 192.00207041208878,
    "rsd_pct": 10.364745921608513,
    "micro": false
  },
  "sequel": {
    "mean": 386.597981486116,
    "rsd_pct": 2.2780687544986895,
    "micro": false
  },
  "binarytrees": {
    "mean": 528.4213929082312,
    "rsd_pct": 0.10636048823334779,
    "micro": false
  },
  "chunky_png": {
    "mean": 1532.6083161344286,
    "rsd_pct": 0.07105425059627758,
    "micro": false
  },
  "erubi": {
    "mean": 564.6847447929665,
    "rsd_pct": 1.048086012121919,
    "micro": false
  },
  "erubi_rails": {
    "mean": 46.655828682447485,
    "rsd_pct": 2.416657928761187,
    "micro": false
  },
  "etanni": {
    "mean": 912.7774128158178,
    "rsd_pct": 0.4629140374623436,
    "micro": false
  },
  "fannkuchredux": {
    "mean": 2098.877636981862,
    "rsd_pct": 0.10610552438173695,
    "micro": false
  },
  "lee": {
    "mean": 2272.183673752641,
    "rsd_pct": 0.11987980784979718,
    "micro": false
  },
  "nbody": {
    "mean": 175.9367555695912,
    "rsd_pct": 0.06835907991365503,
    "micro": false
  },
  "optcarrot": {
    "mean": 14718.085241441926,
    "rsd_pct": 0.4950437580890124,
    "micro": false
  },
  "rubykon": {
    "mean": 20999.49713740498,
    "rsd_pct": 0.2607155306776532,
    "micro": false
  },
  "30k_ifelse": {
    "mean": 1925.7810601489025,
    "rsd_pct": 0.02790426172713203,
    "micro": true
  },
  "30k_methods": {
    "mean": 3914.486770471558,
    "rsd_pct": 0.050444463014967474,
    "micro": true
  },
  "cfunc_itself": {
    "mean": 103.36576322161122,
    "rsd_pct": 0.010801286142230937,
    "micro": true
  },
  "fib": {
    "mean": 191.10016387269317,
    "rsd_pct": 0.0070610244787165325,
    "micro": true
  },
  "getivar": {
    "mean": 107.47242666174307,
    "rsd_pct": 0.00860787807118293,
    "micro": true
  },
  "keyword_args": {
    "mean": 191.06159313510622,
    "rsd_pct": 0.010127100652042262,
    "micro": true
  },
  "respond_to": {
    "mean": 101.9074776644687,
    "rsd_pct": 0.9839905187721557,
    "micro": true
  },
  "setivar": {
    "mean": 50.03968273887216,
    "rsd_pct": 0.01227512889812518,
    "micro": true
  },
  "setivar_object": {
    "mean": 127.50671028365291,
    "rsd_pct": 0.9442311571005149,
    "micro": true
  },
  "str_concat": {
    "mean": 106.455231845395,
    "rsd_pct": 0.7169924809315985,
    "micro": true
  }
}