{
  "activerecord": {
    "mean": 112.66232980149132,
    "rsd_pct": 0.5471817952461453,
    "micro": false
  },
  "hexapdf": {
    "mean": 2165.9740384978554,
    "rsd_pct": 1.8890014661088361,
    "micro": false
  },
  "liquid-render": {
    "mean": 111.52732303345253,
    "rsd_pct": 1.9972777756942564,
    "micro": false
  },
  "mail": {
    "mean": 141.02007580721485,
    "rsd_pct": 0.18555351004151563,
    "micro": false
  },
  "psych-load": {
    "mean": 1877.061095337073,
    "rsd_pct": 0.06390692665018609,
    "micro": false
  },
  "railsbench": {
    "mean": 1999.2145088190834,
    "rsd_pct": 1.9469522221967344,
    "micro": false
  },
  "ruby-lsp": {
    "mean": 70.9715802684849,
    "rsd_pct": 18.215110810581436,
    "micro": false
  },
  "sequel": {
    "mean": 150.4203739138181,
    "rsd_pct": 2.2309818087019675,
    "micro": false
  },
  "binarytrees": {
    "mean": 237.10576153825969,
    "rsd_pct": 0.05761187416099228,
    "micro": false
  },
  "chunky_png": {
    "mean": 637.4926356947981,
    "rsd_pct": 0.054882558001766064,
    "micro": false
  },
  "erubi": {
    "mean": 249.9422829481773,
    "rsd_pct": 1.11219014896475,
    "micro": false
  },
  "erubi_rails": {
    "mean": 17.599963478359214,
    "rsd_pct": 3.4277082094093214,
    "micro": false
  },
  "etanni": {
    "mean": 416.94018806447275,
    "rsd_pct": 0.562748224409672,
    "micro": false
  },
  "fannkuchredux": {
    "mean": 922.7089404705025,
    "rsd_pct": 0.05819919075379225,
    "micro": false
  },
  "lee": {
    "mean": 918.104878826333,
    "rsd_pct": 0.31080979415361365,
    "micro": false
  },
  "nbody": {
    "mean": 74.27102053316386,
    "rsd_pct": 0.03577069124605561,
    "micro": false
  },
  "optcarrot": {
    "mean": 2576.432058494538,
    "rsd_pct": 0.40819327195283817,
    "micro": false
  },
  "rubykon": {
    "mean": 6563.709132714818,
    "rsd_pct": 1.3243312437860362,
    "micro": false
  },
  "30k_ifelse": {
    "mean": 397.943637566641,
    "rsd_pct": 0.14051032660107565,
    "micro": true
  },
  "30k_methods": {
    "mean": 961.7269778857008,
    "rsd_pct": 0.0219904153387598,
    "micro": true
  },
  "cfunc_itself": {
    "mean": 40.66342270054771,
    "rsd_pct": 0.2678777707156325,
    "micro": true
  },
  "fib": {
    "mean": 61.39001647153726,
    "rsd_pct": 0.05315355032112291,
    "micro": true
  },
  "getivar": {
    "mean": 45.868374736244796,
    "rsd_pct": 0.22882552745077236,
    "micro": true
  },
  "keyword_args": {
    "mean": 52.29193824561662,
    "rsd_pct": 0.05045645469992808,
    "micro": true
  },
  "respond_to": {
    "mean": 28.4477182078124,
    "rsd_pct": 0.5148136041345545,
    "micro": true
  },
  "setivar": {
    "mean": 14.705354139304665,
    "rsd_pct": 0.08554223985400151,
    "micro": true
  },
  "setivar_object": {
    "mean": 47.52229136148734,
    "rsd_pct": 1.6860254701424362,
    "micro": true
  },
  "str_concat": {
    "mean": 46.400305030597636,
    "rsd_pct": 1.3469407788302201,
    "micro": true
  }
}