{
  "activerecord": {
    "mean": 325.2854228426282,
    "rsd_pct": 0.13437291591031825,
    "micro": false
  },
  "hexapdf": {
    "mean": 6619.296195947875,
    "rsd_pct": 1.5907864633140654,
    "micro": false
  },
  "liquid-render": {
    "mean": 399.18037175613625,
    "rsd_pct": 1.3527233725476162,
    "micro": false
  },
  "mail": {
    "mean": 420.12766580030853,
    "rsd_pct": 0.5091759076472103,
    "micro": false
  },
  "psych-load": {
    "mean": 5396.3104714639485,
    "rsd_pct": 0.04029651538170817,
    "micro": false
  },
  "railsbench": {
    "mean": 6000.026166190703,
    "rsd_pct": 2.0509910952224155,
    "micro": false
  },
  "ruby-lsp": {
    "mean": 209.80291681429534,
    "rsd_pct": 12.564088693662818,
    "micro": false
  },
  "binarytrees": {
    "mean": 532.8956943756731,
    "rsd_pct": 0.24104975251072663,
    "micro": false
  },
  "chunky_png": {
    "mean": 1532.0910427544732,
    "rsd_pct": 0.08543957598677895,
    "micro": false
  },
  "erubi": {
    "mean": 751.7308284785005,
    "rsd_pct": 1.7072222529492898,
    "micro": false
  },
  "erubi_rails": {
    "mean": 50.35780031376051,
    "rsd_pct": 2.423654115196988,
    "micro": false
  },
  "etanni": {
    "mean": 1134.4028587364369,
    "rsd_pct": 0.4683685110455305,
    "micro": false
  },
  "fannkuchredux": {
    "mean": 2347.0080556151897,
    "rsd_pct": 0.2389799917047498,
    "micro": false
  },
  "lee": {
    "mean": 2389.472544553097,
    "rsd_pct": 0.10619745061275966,
    "micro": false
  },
  "nbody": {
    "mean": 180.3317105271638,
    "rsd_pct": 0.0632075311092831,
    "micro": false
  },
  "optcarrot": {
    "mean": 10939.86879416431,
    "rsd_pct": 0.35523169481132455,
    "micro": false
  },
  "rubykon": {
    "mean": 21150.134588001918,
    "rsd_pct": 0.4149507859400673,
    "micro": false
  },
  "30k_ifelse": {
    "mean": 1910.413631554693,
    "rsd_pct": 1.019001028775884,
    "micro": true
  },
  "30k_methods": {
    "mean": 3918.905237922445,
    "rsd_pct": 0.03693704537710558,
    "micro": true
  },
  "cfunc_itself": {
    "mean": 103.14075682046158,
    "rsd_pct": 0.016760293580934418,
    "micro": true
  },
  "fib": {
    "mean": 178.61542357248987,
    "rsd_pct": 0.005460951908026409,
    "micro": true
  },
  "getivar": {
    "mean": 107.90224769579913,
    "rsd_pct": 0.006657252646988299,
    "micro": true
  },
  "keyword_args": {
    "mean": 151.07395433976004,
    "rsd_pct": 0.01004476379603648,
    "micro": true
  },
  "respond_to": {
    "mean": 101.47403597166496,
    "rsd_pct": 1.697406494352426,
    "micro": true
  },
  "setivar": {
    "mean": 50.042142469764634,
    "rsd_pct": 0.08141722759779293,
    "micro": true
  },
  "setivar_object": {
    "mean": 149.372148022441,
    "rsd_pct": 26.899011934175956,
    "micro": true
  },
  "str_concat": {
    "mean": 106.47272783221783,
    "rsd_pct": 0.8482523879859726,
    "micro": true
  }
}