{
  "activerecord": {
    "mean": 315.6875006996015,
    "rsd_pct": 0.24038528079876828,
    "micro": false
  },
  "hexapdf": {
    "mean": 7011.8252029332025,
    "rsd_pct": 1.61586278464593,
    "micro": false
  },
  "liquid-render": {
    "mean": 445.5646783947789,
    "rsd_pct": 1.0253609951533906,
    "micro": false
  },
  "mail": {
    "mean": 542.984630176497,
    "rsd_pct": 0.37074211238105115,
    "micro": false
  },
  "psych-load": {
    "mean": 5660.998385329731,
    "rsd_pct": 0.08513557976016846,
    "micro": false
  },
  "railsbench": {
    "mean": 6197.716038728443,
    "rsd_pct": 0.9448712406318951,
    "micro": false
  },
  "ruby-lsp": {
    "mean": 213.82785468347143,
    "rsd_pct": 10.977070142987529,
    "micro": false
  },
  "binarytrees": {
    "mean": 543.2766339663102,
    "rsd_pct": 0.12161998406554905,
    "micro": false
  },
  "chunky_png": {
    "mean": 1540.1032849440526,
    "rsd_pct": 0.09432380112086965,
    "micro": false
  },
  "erubi": {
    "mean": 752.7392199595591,
    "rsd_pct": 1.3978910253283932,
    "micro": false
  },
  "erubi_rails": {
    "mean": 50.40951147857478,
    "rsd_pct": 2.228075864010316,
    "micro": false
  },
  "etanni": {
    "mean": 1169.7606886348997,
    "rsd_pct": 0.5568920208483336,
    "micro": false
  },
  "fannkuchredux": {
    "mean": 5729.686828058523,
    "rsd_pct": 0.3366584293629227,
    "micro": false
  },
  "lee": {
    "mean": 2639.708882927979,
    "rsd_pct": 1.4469361389125148,
    "micro": false
  },
  "nbody": {
    "mean": 187.6946652030003,
    "rsd_pct": 0.06849229453400651,
    "micro": false
  },
  "optcarrot": {
    "mean": 11391.571168585991,
    "rsd_pct": 0.47713044247625414,
    "micro": false
  },
  "rubykon": {
    "mean": 22080.45072685151,
    "rsd_pct": 0.37939957140258707,
    "micro": false
  },
  "30k_ifelse": {
    "mean": 1998.4396454389207,
    "rsd_pct": 2.231964777149297,
    "micro": true
  },
  "30k_methods": {
    "mean": 4167.757056362461,
    "rsd_pct": 0.07238424912951592,
    "micro": true
  },
  "cfunc_itself": {
    "mean": 101.61567121232218,
    "rsd_pct": 0.015203273386287599,
    "micro": true
  },
  "fib": {
    "mean": 189.31658826504142,
    "rsd_pct": 0.00687272848006822,
    "micro": true
  },
  "getivar": {
    "mean": 106.61180683372307,
    "rsd_pct": 0.008878684577439929,
    "micro": true
  },
  "keyword_args": {
    "mean": 137.95591620570727,
    "rsd_pct": 0.009868334316930422,
    "micro": true
  },
  "respond_to": {
    "mean": 99.99792059715837,
    "rsd_pct": 1.4341553793170245,
    "micro": true
  },
  "setivar": {
    "mean": 108.8073768048311,
    "rsd_pct": 0.0076405216692215176,
    "micro": true
  },
  "str_concat": {
    "mean": 131.50240762356418,
    "rsd_pct": 0.9082919697712952,
    "micro": true
  }
}