{
  "activerecord": {
    "mean": 107.5511998913594,
    "rsd_pct": 0.5956604879056939,
    "micro": false
  },
  "hexapdf": {
    "mean": 2047.2316802479327,
    "rsd_pct": 1.710090516832446,
    "micro": false
  },
  "liquid-c": {
    "mean": 58.92437416786218,
    "rsd_pct": 2.0958584770258266,
    "micro": false
  },
  "liquid-render": {
    "mean": 109.19689890658839,
    "rsd_pct": 2.6298280889778978,
    "micro": false
  },
  "mail": {
    "mean": 130.71016341104712,
    "rsd_pct": 0.3415171236931128,
    "micro": false
  },
  "psych-load": {
    "mean": 1794.931219952802,
    "rsd_pct": 0.037580967162356545,
    "micro": false
  },
  "railsbench": {
    "mean": 1845.3837773762643,
    "rsd_pct": 1.1118873351881904,
    "micro": false
  },
  "ruby-lsp": {
    "mean": 63.99901391575321,
    "rsd_pct": 21.423496352226657,
    "micro": false
  },
  "sequel": {
    "mean": 142.68019535312695,
    "rsd_pct": 1.9433713460251343,
    "micro": false
  },
  "binarytrees": {
    "mean": 233.84212746339685,
    "rsd_pct": 0.062474542140460575,
    "micro": false
  },
  "chunky_png": {
    "mean": 636.657971137714,
    "rsd_pct": 0.03791601646741795,
    "micro": false
  },
  "erubi": {
    "mean": 251.5493737816622,
    "rsd_pct": 0.989111691374687,
    "micro": false
  },
  "erubi_rails": {
    "mean": 15.819101091370733,
    "rsd_pct": 3.6529503344005603,
    "micro": false
  },
  "etanni": {
    "mean": 407.97642851248384,
    "rsd_pct": 0.47421978862655223,
    "micro": false
  },
  "fannkuchredux": {
    "mean": 845.6564114793488,
    "rsd_pct": 0.07682265725931742,
    "micro": false
  },
  "lee": {
    "mean": 885.6973767661574,
    "rsd_pct": 0.15776167471164707,
    "micro": false
  },
  "nbody": {
    "mean": 76.819678920751,
    "rsd_pct": 0.08279237905113702,
    "micro": false
  },
  "optcarrot": {
    "mean": 2648.4376597218215,
    "rsd_pct": 0.6411926131454467,
    "micro": false
  },
  "rubykon": {
    "mean": 6773.199509705107,
    "rsd_pct": 0.3586015021300057,
    "micro": false
  },
  "30k_ifelse": {
    "mean": 425.1780169223376,
    "rsd_pct": 0.06647811635628591,
    "micro": true
  },
  "30k_methods": {
    "mean": 958.2728411769494,
    "rsd_pct": 0.05009898506416189,
    "micro": true
  },
  "cfunc_itself": {
    "mean": 42.53904882501414,
    "rsd_pct": 0.12477553272826941,
    "micro": true
  },
  "fib": {
    "mean": 61.93038131116155,
    "rsd_pct": 0.04285388881745221,
    "micro": true
  },
  "getivar": {
    "mean": 50.86868044827845,
    "rsd_pct": 0.10674818903450357,
    "micro": true
  },
  "keyword_args": {
    "mean": 53.437625363040816,
    "rsd_pct": 0.15151266256427087,
    "micro": true
  },
  "respond_to": {
    "mean": 30.635836741321384,
    "rsd_pct": 0.3848308633369675,
    "micro": true
  },
  "setivar": {
    "mean": 15.800725491238913,
    "rsd_pct": 0.08089050596050616,
    "micro": true
  },
  "setivar_object": {
    "mean": 49.24013606373569,
    "rsd_pct": 0.36124747219579945,
    "micro": true
  },
  "str_concat": {
    "mean": 43.359808538756944,
    "rsd_pct": 1.496166392528627,
    "micro": true
  }
}