{
  "activerecord": {
    "mean": 111.21288456331571,
    "rsd_pct": 0.4717263694831885,
    "micro": false
  },
  "hexapdf": {
    "mean": 2417.503402630488,
    "rsd_pct": 3.016596809518898,
    "micro": false
  },
  "liquid-render": {
    "mean": 126.02083766950837,
    "rsd_pct": 1.7999063463687344,
    "micro": false
  },
  "mail": {
    "mean": 155.18612450418564,
    "rsd_pct": 0.13554866332483656,
    "micro": false
  },
  "psych-load": {
    "mean": 1917.1085994690657,
    "rsd_pct": 0.01248059035958876,
    "micro": false
  },
  "railsbench": {
    "mean": 2074.3776448071003,
    "rsd_pct": 1.176248729500253,
    "micro": false
  },
  "binarytrees": {
    "mean": 366.4679300899689,
    "rsd_pct": 0.05479454909067317,
    "micro": false
  },
  "chunky_png": {
    "mean": 644.8787767440081,
    "rsd_pct": 0.04609816871080194,
    "micro": false
  },
  "erubi": {
    "mean": 325.27297636073445,
    "rsd_pct": 0.5975854147708685,
    "micro": false
  },
  "erubi_rails": {
    "mean": 19.574269054435803,
    "rsd_pct": 3.4860132877628707,
    "micro": false
  },
  "fannkuchredux": {
    "mean": 7020.414052903652,
    "rsd_pct": 0.42959517394797175,
    "micro": false
  },
  "lee": {
    "mean": 932.0601111366635,
    "rsd_pct": 1.166743104187269,
    "micro": false
  },
  "nbody": {
    "mean": 90.80249288072989,
    "rsd_pct": 0.09269857107719157,
    "micro": false
  },
  "optcarrot": {
    "mean": 3445.050465936462,
    "rsd_pct": 0.5991934679274649,
    "micro": false
  },
  "rubykon": {
    "mean": 6855.952098220587,
    "rsd_pct": 0.48206061141928286,
    "micro": false
  },
  "30k_ifelse": {
    "mean": 355.29334609481424,
    "rsd_pct": 0.09195043104861549,
    "micro": true
  },
  "30k_methods": {
    "mean": 874.0541195577902,
    "rsd_pct": 0.023324010619845452,
    "micro": true
  },
  "cfunc_itself": {
    "mean": 45.67401024736296,
    "rsd_pct": 0.6772466973259209,
    "micro": true
  },
  "fib": {
    "mean": 63.31857201007624,
    "rsd_pct": 0.045714715953538335,
    "micro": true
  },
  "getivar": {
    "mean": 44.22154092817867,
    "rsd_pct": 0.08139658001904732,
    "micro": true
  },
  "keyword_args": {
    "mean": 52.6421595746138,
    "rsd_pct": 0.32843408151018405,
    "micro": true
  },
  "respond_to": {
    "mean": 193.9566383643128,
    "rsd_pct": 0.2904787528099287,
    "micro": true
  },
  "setivar": {
    "mean": 50.133477812671885,
    "rsd_pct": 0.29766453081060906,
    "micro": true
  },
  "str_concat": {
    "mean": 43.38920742950656,
    "rsd_pct": 1.5442023057478351,
    "micro": true
  }
}