{
  "activerecord": {
    "mean": 110.53902423826226,
    "rsd_pct": 1.3958346098912928,
    "micro": false
  },
  "hexapdf": {
    "mean": 2204.1545959189534,
    "rsd_pct": 1.1385175639420535,
    "micro": false
  },
  "jekyll": {
    "mean": 7503.062687069178,
    "rsd_pct": 1.9790610622791638,
    "micro": false
  },
  "liquid-render": {
    "mean": 126.99085612454124,
    "rsd_pct": 2.0039000071408224,
    "micro": false
  },
  "mail": {
    "mean": 141.97098744603304,
    "rsd_pct": 1.3216774260888455,
    "micro": false
  },
  "psych-load": {
    "mean": 1666.2007024511695,
    "rsd_pct": 0.7251717932625856,
    "micro": false
  },
  "railsbench": {
    "mean": 2563.46172131598,
    "rsd_pct": 1.4277868074303326,
    "micro": false
  },
  "binarytrees": {
    "mean": 304.95661111282453,
    "rsd_pct": 2.6472736783070534,
    "micro": false
  },
  "fannkuchredux": {
    "mean": 5471.73681370914,
    "rsd_pct": 0.4294590945923429,
    "micro": false
  },
  "lee": {
    "mean": 794.1810688353144,
    "rsd_pct": 1.2329452030220132,
    "micro": false
  },
  "nbody": {
    "mean": 75.4318046165281,
    "rsd_pct": 0.05585529932702287,
    "micro": false
  },
  "optcarrot": {
    "mean": 3177.639197278768,
    "rsd_pct": 0.5332710778308793,
    "micro": false
  },
  "rubykon": {
    "mean": 5816.3790153339505,
    "rsd_pct": 0.3595852874289131,
    "micro": false
  },
  "30k_ifelse": {
    "mean": 319.3667330339832,
    "rsd_pct": 0.18203207942629693,
    "micro": true
  },
  "30k_methods": {
    "mean": 752.9860346523278,
    "rsd_pct": 0.043156297711644455,
    "micro": true
  },
  "cfunc_itself": {
    "mean": 41.15687101587372,
    "rsd_pct": 0.3942728155933361,
    "micro": true
  },
  "fib": {
    "mean": 51.991447411477566,
    "rsd_pct": 0.019414795596107485,
    "micro": true
  },
  "getivar": {
    "mean": 36.25453044334691,
    "rsd_pct": 0.05625638449559982,
    "micro": true
  },
  "keyword_args": {
    "mean": 45.42983346672733,
    "rsd_pct": 0.07787707089316827,
    "micro": true
  },
  "respond_to": {
    "mean": 165.35756031849556,
    "rsd_pct": 0.3226280434711821,
    "micro": true
  },
  "setivar": {
    "mean": 42.17666027203105,
    "rsd_pct": 0.14398254099391397,
    "micro": true
  }
}