{
  "activerecord": {
    "mean": 149.23294626048724,
    "rsd_pct": 0.20488392679875597,
    "micro": false
  },
  "erubi_rails": {
    "mean": 44.464262811513585,
    "rsd_pct": 2.1487758578740705,
    "micro": false
  },
  "hexapdf": {
    "mean": 6245.7364330689115,
    "rsd_pct": 1.647881076431598,
    "micro": false
  },
  "liquid-c": {
    "mean": 189.3073909071296,
    "rsd_pct": 1.6842122450811239,
    "micro": false
  },
  "liquid-render": {
    "mean": 354.2712302388329,
    "rsd_pct": 2.244059409033197,
    "micro": false
  },
  "mail": {
    "mean": 374.28755553850493,
    "rsd_pct": 0.13534280997792597,
    "micro": false
  },
  "psych-load": {
    "mean": 5811.767401297887,
    "rsd_pct": 0.0376936587440224,
    "micro": false
  },
  "railsbench": {
    "mean": 5445.141400396824,
    "rsd_pct": 0.8072707080156969,
    "micro": false
  },
  "ruby-lsp": {
    "mean": 183.9342512892208,
    "rsd_pct": 11.716084737778214,
    "micro": false
  },
  "sequel": {
    "mean": 199.47056261961964,
    "rsd_pct": 0.18086705949984558,
    "micro": false
  },
  "binarytrees": {
    "mean": 529.9420222640038,
    "rsd_pct": 0.141035419117401,
    "micro": false
  },
  "chunky_png": {
    "mean": 1517.9115317878313,
    "rsd_pct": 0.07944856655578521,
    "micro": false
  },
  "erubi": {
    "mean": 574.1948952921961,
    "rsd_pct": 0.7633815594772843,
    "micro": false
  },
  "etanni": {
    "mean": 915.125279299294,
    "rsd_pct": 0.4609558667089112,
    "micro": false
  },
  "fannkuchredux": {
    "mean": 2020.913152753011,
    "rsd_pct": 0.07569049101055743,
    "micro": false
  },
  "lee": {
    "mean": 2258.2278575917535,
    "rsd_pct": 0.30521989285203066,
    "micro": false
  },
  "nbody": {
    "mean": 178.76037247341498,
    "rsd_pct": 0.07271166726666899,
    "micro": false
  },
  "optcarrot": {
    "mean": 10398.382026950518,
    "rsd_pct": 0.6463070694290463,
    "micro": false
  },
  "ruby-json": {
    "mean": 8224.231389537454,
    "rsd_pct": 0.2980920153742861,
    "micro": false
  },
  "rubykon": {
    "mean": 20823.33724349737,
    "rsd_pct": 0.35539217894448805,
    "micro": false
  },
  "30k_ifelse": {
    "mean": 1936.78050512012,
    "rsd_pct": 0.034191148752971544,
    "micro": true
  },
  "30k_methods": {
    "mean": 3909.081384273512,
    "rsd_pct": 0.05707591584574264,
    "micro": true
  },
  "cfunc_itself": {
    "mean": 102.52705438038971,
    "rsd_pct": 0.03462762676654632,
    "micro": true
  },
  "fib": {
    "mean": 191.0924539544884,
    "rsd_pct": 0.006030374891446361,
    "micro": true
  },
  "getivar": {
    "mean": 107.46889095753431,
    "rsd_pct": 0.008437134450185752,
    "micro": true
  },
  "keyword_args": {
    "mean": 190.18668429496972,
    "rsd_pct": 0.014502376643399722,
    "micro": true
  },
  "respond_to": {
    "mean": 98.98940755203826,
    "rsd_pct": 0.6688764444799403,
    "micro": true
  },
  "setivar": {
    "mean": 50.03788887208078,
    "rsd_pct": 0.011729606114214888,
    "micro": true
  },
  "setivar_object": {
    "mean": 126.85877953060061,
    "rsd_pct": 1.3733032533425282,
    "micro": true
  },
  "setivar_young": {
    "mean": 279.0014214813709,
    "rsd_pct": 15.155636926028418,
    "micro": true
  },
  "str_concat": {
    "mean": 116.21226118939757,
    "rsd_pct": 0.6096379938707578,
    "micro": true
  },
  "throw": {
    "mean": 49.95386629397499,
    "rsd_pct": 0.1712869799500717,
    "micro": true
  }
}