{
  "activerecord": {
    "mean": 330.27842920610976,
    "rsd_pct": 0.23498551344806137,
    "micro": false
  },
  "hexapdf": {
    "mean": 7430.806748394389,
    "rsd_pct": 1.4164654916622679,
    "micro": false
  },
  "liquid-render": {
    "mean": 427.38395860843326,
    "rsd_pct": 1.2905499327630912,
    "micro": false
  },
  "mail": {
    "mean": 586.1197072522519,
    "rsd_pct": 0.13161712676674298,
    "micro": false
  },
  "psych-load": {
    "mean": 5959.384212460524,
    "rsd_pct": 0.019578177910748316,
    "micro": false
  },
  "railsbench": {
    "mean": 6457.831870923595,
    "rsd_pct": 0.7723119364278908,
    "micro": false
  },
  "ruby-lsp": {
    "mean": 221.09863830160717,
    "rsd_pct": 9.045685313047814,
    "micro": false
  },
  "binarytrees": {
    "mean": 602.3518994814706,
    "rsd_pct": 0.22789759014173833,
    "micro": false
  },
  "chunky_png": {
    "mean": 1608.1880441270187,
    "rsd_pct": 0.07888643962938154,
    "micro": false
  },
  "erubi": {
    "mean": 738.4737021465257,
    "rsd_pct": 1.413757543039636,
    "micro": false
  },
  "erubi_rails": {
    "mean": 52.10766107071412,
    "rsd_pct": 2.334057186917,
    "micro": false
  },
  "etanni": {
    "mean": 1180.4826904290599,
    "rsd_pct": 0.5666951878798332,
    "micro": false
  },
  "fannkuchredux": {
    "mean": 7070.32489333845,
    "rsd_pct": 0.07978991472496737,
    "micro": false
  },
  "lee": {
    "mean": 2391.0347415975675,
    "rsd_pct": 0.8498820616802497,
    "micro": false
  },
  "nbody": {
    "mean": 223.9384592973763,
    "rsd_pct": 0.15634071084321863,
    "micro": false
  },
  "optcarrot": {
    "mean": 13199.562578396095,
    "rsd_pct": 0.4312521745300464,
    "micro": false
  },
  "rubykon": {
    "mean": 24416.82669107492,
    "rsd_pct": 0.3674326298029352,
    "micro": false
  },
  "30k_ifelse": {
    "mean": 2353.270464305937,
    "rsd_pct": 0.04211545894681975,
    "micro": true
  },
  "30k_methods": {
    "mean": 5228.056822053622,
    "rsd_pct": 0.05807148493448012,
    "micro": true
  },
  "cfunc_itself": {
    "mean": 114.34804855511116,
    "rsd_pct": 0.022752001094681264,
    "micro": true
  },
  "fib": {
    "mean": 233.84684568202687,
    "rsd_pct": 0.00443198252336036,
    "micro": true
  },
  "getivar": {
    "mean": 112.2526169498779,
    "rsd_pct": 0.010537477429201803,
    "micro": true
  },
  "keyword_args": {
    "mean": 153.00106277814197,
    "rsd_pct": 0.009145755587077413,
    "micro": true
  },
  "respond_to": {
    "mean": 111.1567431353133,
    "rsd_pct": 1.2694219061525267,
    "micro": true
  },
  "setivar": {
    "mean": 119.71703065726929,
    "rsd_pct": 1.413315486631402,
    "micro": true
  },
  "str_concat": {
    "mean": 118.23758596243061,
    "rsd_pct": 0.7487872622882441,
    "micro": true
  }
}