{
  "activerecord": {
    "mean": 113.73572090640664,
    "rsd_pct": 0.6882237376728932,
    "micro": false
  },
  "hexapdf": {
    "mean": 2153.3088419275978,
    "rsd_pct": 1.8267699749436088,
    "micro": false
  },
  "liquid-render": {
    "mean": 111.24388217253403,
    "rsd_pct": 2.045862073683794,
    "micro": false
  },
  "mail": {
    "mean": 140.3649400287707,
    "rsd_pct": 0.18361286202399585,
    "micro": false
  },
  "psych-load": {
    "mean": 1847.1185261383653,
    "rsd_pct": 0.06684542293501905,
    "micro": false
  },
  "railsbench": {
    "mean": 1990.7569898913305,
    "rsd_pct": 1.7129990580870356,
    "micro": false
  },
  "ruby-lsp": {
    "mean": 70.08330158477779,
    "rsd_pct": 16.218911270721897,
    "micro": false
  },
  "sequel": {
    "mean": 149.20308864570427,
    "rsd_pct": 2.1372964271798987,
    "micro": false
  },
  "binarytrees": {
    "mean": 235.18064041924944,
    "rsd_pct": 0.06340606113280252,
    "micro": false
  },
  "chunky_png": {
    "mean": 619.977094407659,
    "rsd_pct": 0.08783250258687658,
    "micro": false
  },
  "erubi": {
    "mean": 295.8329215744567,
    "rsd_pct": 1.0210136865111041,
    "micro": false
  },
  "erubi_rails": {
    "mean": 17.195597694295905,
    "rsd_pct": 3.5158620766865982,
    "micro": false
  },
  "etanni": {
    "mean": 469.22319393516295,
    "rsd_pct": 0.5243155329905399,
    "micro": false
  },
  "fannkuchredux": {
    "mean": 919.6669824776195,
    "rsd_pct": 0.15954092998137998,
    "micro": false
  },
  "lee": {
    "mean": 902.6640423720604,
    "rsd_pct": 0.33896521932017476,
    "micro": false
  },
  "nbody": {
    "mean": 71.44486935795997,
    "rsd_pct": 0.05635253167726873,
    "micro": false
  },
  "optcarrot": {
    "mean": 2644.143024055908,
    "rsd_pct": 0.4172763151561962,
    "micro": false
  },
  "rubykon": {
    "mean": 6444.359156489372,
    "rsd_pct": 0.32336932970304894,
    "micro": false
  },
  "30k_ifelse": {
    "mean": 401.31950153037906,
    "rsd_pct": 0.14384647568191655,
    "micro": true
  },
  "30k_methods": {
    "mean": 949.4633495109156,
    "rsd_pct": 0.030197870920695678,
    "micro": true
  },
  "cfunc_itself": {
    "mean": 41.295213398458095,
    "rsd_pct": 0.3438215302136992,
    "micro": true
  },
  "fib": {
    "mean": 61.391751726086326,
    "rsd_pct": 0.07445218703988332,
    "micro": true
  },
  "getivar": {
    "mean": 45.76562512174693,
    "rsd_pct": 0.2069130402713617,
    "micro": true
  },
  "keyword_args": {
    "mean": 52.10635630873504,
    "rsd_pct": 0.05039679968241313,
    "micro": true
  },
  "respond_to": {
    "mean": 28.536729097608372,
    "rsd_pct": 0.38645434286645786,
    "micro": true
  },
  "setivar": {
    "mean": 14.704257210427409,
    "rsd_pct": 0.09132587103262728,
    "micro": true
  },
  "setivar_object": {
    "mean": 47.43892682935385,
    "rsd_pct": 1.3997883947849665,
    "micro": true
  },
  "str_concat": {
    "mean": 43.74062173547373,
    "rsd_pct": 1.4266780100519134,
    "micro": true
  }
}