{
  "cfunc_itself.rb": {
    "mean": 41.065038324370825,
    "rsd_pct": 0.3197527057195132
  },
  "fib.rb": {
    "mean": 58.335089934052895,
    "rsd_pct": 0.041587077847258
  },
  "getivar.rb": {
    "mean": 36.270782949886225,
    "rsd_pct": 0.04140716651494235
  },
  "respond_to.rb": {
    "mean": 154.13597509808218,
    "rsd_pct": 0.5802876330326237
  },
  "setivar.rb": {
    "mean": 41.77608549269017,
    "rsd_pct": 0.29099248303840036
  },
  "30k_methods.rb": {
    "mean": 723.3263767169168,
    "rsd_pct": 0.014560192803649289
  },
  "30k_ifelse.rb": {
    "mean": 325.82069558374513,
    "rsd_pct": 0.1734564681282589
  },
  "fannkuchredux": {
    "mean": 5486.577117221896,
    "rsd_pct": 0.09636300182743031
  },
  "nbody": {
    "mean": 114.21933391479304,
    "rsd_pct": 0.040870348469909515
  },
  "binarytrees": {
    "mean": 298.04177933918504,
    "rsd_pct": 0.10352520089787447
  },
  "psych-load": {
    "mean": 1813.7327790958807,
    "rsd_pct": 0.7263221175593044
  },
  "lee": {
    "mean": 809.9548200611025,
    "rsd_pct": 1.4571020495490494
  },
  "liquid-render": {
    "mean": 148.92258759215474,
    "rsd_pct": 1.6393454642885124
  },
  "activerecord": {
    "mean": 109.75660603544594,
    "rsd_pct": 1.7649959612073804
  },
  "optcarrot": {
    "mean": 3128.6377334967256,
    "rsd_pct": 0.21269942831949779
  },
  "jekyll": {
    "mean": 7613.153772300575,
    "rsd_pct": 1.8638752295667769
  },
  "railsbench": {
    "mean": 2684.1967821703292,
    "rsd_pct": 1.143731135320823
  }
}