{
  "activerecord": {
    "mean": 107.92751175661881,
    "rsd_pct": 1.4924269955605285,
    "micro": false
  },
  "hexapdf": {
    "mean": 2197.5981856385865,
    "rsd_pct": 1.306737215863318,
    "micro": false
  },
  "jekyll": {
    "mean": 7457.4695742378635,
    "rsd_pct": 3.368820167088193,
    "micro": false
  },
  "liquid-render": {
    "mean": 114.24252174623396,
    "rsd_pct": 1.9051949776144201,
    "micro": false
  },
  "mail": {
    "mean": 142.57094309619674,
    "rsd_pct": 0.33621578988779344,
    "micro": false
  },
  "psych-load": {
    "mean": 1646.6195834179719,
    "rsd_pct": 0.12725100283695254,
    "micro": false
  },
  "railsbench": {
    "mean": 2105.8201670646667,
    "rsd_pct": 1.4209240060891135,
    "micro": false
  },
  "binarytrees": {
    "mean": 285.33991180798586,
    "rsd_pct": 0.15393690870753765,
    "micro": false
  },
  "erubi": {
    "mean": 421.8965262317887,
    "rsd_pct": 1.4053480585021256,
    "micro": false
  },
  "erubi_rails": {
    "mean": 33.17383691464549,
    "rsd_pct": 16.54834441422966,
    "micro": false
  },
  "fannkuchredux": {
    "mean": 5554.625409344832,
    "rsd_pct": 0.0703853291221697,
    "micro": false
  },
  "lee": {
    "mean": 797.0214363617392,
    "rsd_pct": 1.542913819377062,
    "micro": false
  },
  "nbody": {
    "mean": 72.86136841054919,
    "rsd_pct": 0.06424970544261793,
    "micro": false
  },
  "optcarrot": {
    "mean": 3113.61340371271,
    "rsd_pct": 0.89038488316164,
    "micro": false
  },
  "rubykon": {
    "mean": 5641.600897163153,
    "rsd_pct": 0.5183976079960685,
    "micro": false
  },
  "30k_ifelse": {
    "mean": 307.68577445011874,
    "rsd_pct": 0.1432103275421807,
    "micro": true
  },
  "30k_methods": {
    "mean": 740.1261383381027,
    "rsd_pct": 0.019283544090442577,
    "micro": true
  },
  "cfunc_itself": {
    "mean": 38.74077858797055,
    "rsd_pct": 0.2587131057452834,
    "micro": true
  },
  "fib": {
    "mean": 52.213353199723805,
    "rsd_pct": 0.22986906139870228,
    "micro": true
  },
  "getivar": {
    "mean": 35.46143797431009,
    "rsd_pct": 0.028616385157022386,
    "micro": true
  },
  "keyword_args": {
    "mean": 45.533680380919044,
    "rsd_pct": 0.14436886570091717,
    "micro": true
  },
  "respond_to": {
    "mean": 161.88042559696518,
    "rsd_pct": 0.17272181843464748,
    "micro": true
  },
  "setivar": {
    "mean": 41.66602926924973,
    "rsd_pct": 0.17687423512112313,
    "micro": true
  }
}