{
  "activerecord": {
    "mean": 305.8150489879255,
    "rsd_pct": 0.4787468932119732,
    "micro": false
  },
  "hexapdf": {
    "mean": 6735.0603444812195,
    "rsd_pct": 1.171345021196451,
    "micro": false
  },
  "liquid-render": {
    "mean": 393.334298611929,
    "rsd_pct": 1.66393941598486,
    "micro": false
  },
  "mail": {
    "mean": 413.79110757261515,
    "rsd_pct": 0.10626995343895876,
    "micro": false
  },
  "psych-load": {
    "mean": 5824.927153779815,
    "rsd_pct": 0.06213337938104017,
    "micro": false
  },
  "railsbench": {
    "mean": 6130.061261635274,
    "rsd_pct": 0.7517065929234767,
    "micro": false
  },
  "ruby-lsp": {
    "mean": 204.92488088878034,
    "rsd_pct": 9.696681108878865,
    "micro": false
  },
  "binarytrees": {
    "mean": 537.6721658141297,
    "rsd_pct": 0.17276813588423168,
    "micro": false
  },
  "chunky_png": {
    "mean": 1509.3684594030492,
    "rsd_pct": 0.10218449874337474,
    "micro": false
  },
  "erubi": {
    "mean": 745.9583177833873,
    "rsd_pct": 1.206254607419095,
    "micro": false
  },
  "erubi_rails": {
    "mean": 48.84177018279508,
    "rsd_pct": 2.3465035823841727,
    "micro": false
  },
  "etanni": {
    "mean": 1148.8615616357752,
    "rsd_pct": 0.9446883110193963,
    "micro": false
  },
  "fannkuchredux": {
    "mean": 2366.6543557219916,
    "rsd_pct": 0.1711922767557525,
    "micro": false
  },
  "lee": {
    "mean": 2267.082331879508,
    "rsd_pct": 0.3271473908232754,
    "micro": false
  },
  "nbody": {
    "mean": 179.79952809227103,
    "rsd_pct": 0.06512442791565391,
    "micro": false
  },
  "optcarrot": {
    "mean": 10517.015421576798,
    "rsd_pct": 0.3711093723511187,
    "micro": false
  },
  "rubykon": {
    "mean": 21274.469807650894,
    "rsd_pct": 0.30486088941460515,
    "micro": false
  },
  "30k_ifelse": {
    "mean": 1917.0828578807414,
    "rsd_pct": 0.09740951369404466,
    "micro": true
  },
  "30k_methods": {
    "mean": 3956.0403551906347,
    "rsd_pct": 0.07640386897837123,
    "micro": true
  },
  "cfunc_itself": {
    "mean": 109.72394201258618,
    "rsd_pct": 0.0964818105993297,
    "micro": true
  },
  "fib": {
    "mean": 175.39289598089624,
    "rsd_pct": 0.010914836535543329,
    "micro": true
  },
  "getivar": {
    "mean": 107.9019785553234,
    "rsd_pct": 0.007928910710650054,
    "micro": true
  },
  "keyword_args": {
    "mean": 151.02293798796987,
    "rsd_pct": 0.011753636050601451,
    "micro": true
  },
  "respond_to": {
    "mean": 99.86858781279817,
    "rsd_pct": 1.0990746657970893,
    "micro": true
  },
  "setivar": {
    "mean": 50.03806924434832,
    "rsd_pct": 0.011791830680614864,
    "micro": true
  },
  "setivar_object": {
    "mean": 127.78259297770461,
    "rsd_pct": 1.321959042604248,
    "micro": true
  },
  "str_concat": {
    "mean": 106.36813235388529,
    "rsd_pct": 1.033727904679405,
    "micro": true
  }
}