{
  "activerecord": {
    "mean": 107.71752547538071,
    "rsd_pct": 0.4637670624154945,
    "micro": false
  },
  "hexapdf": {
    "mean": 2187.5097992519536,
    "rsd_pct": 1.5474145191847943,
    "micro": false
  },
  "liquid-render": {
    "mean": 123.68012173101306,
    "rsd_pct": 0.7229499145781048,
    "micro": false
  },
  "mail": {
    "mean": 143.8285509357229,
    "rsd_pct": 0.26972864985060174,
    "micro": false
  },
  "psych-load": {
    "mean": 1719.1019979616005,
    "rsd_pct": 0.07007407018345901,
    "micro": false
  },
  "railsbench": {
    "mean": 2014.0871544679005,
    "rsd_pct": 1.483656552368656,
    "micro": false
  },
  "binarytrees": {
    "mean": 283.59768559389255,
    "rsd_pct": 3.473707561460472,
    "micro": false
  },
  "erubi": {
    "mean": 400.6634320691228,
    "rsd_pct": 0.6811273276571282,
    "micro": false
  },
  "erubi_rails": {
    "mean": 19.85959737941569,
    "rsd_pct": 2.868862063823343,
    "micro": false
  },
  "fannkuchredux": {
    "mean": 5657.159517208735,
    "rsd_pct": 0.18513366513688229,
    "micro": false
  },
  "lee": {
    "mean": 745.1073885709047,
    "rsd_pct": 0.5835128645964245,
    "micro": false
  },
  "nbody": {
    "mean": 73.82877072460992,
    "rsd_pct": 0.059179488896017415,
    "micro": false
  },
  "optcarrot": {
    "mean": 3169.135907664895,
    "rsd_pct": 0.5428290422213988,
    "micro": false
  },
  "rubykon": {
    "mean": 5482.917607824008,
    "rsd_pct": 0.39144792830938996,
    "micro": false
  },
  "30k_ifelse": {
    "mean": 306.9613954576198,
    "rsd_pct": 0.10557617230064559,
    "micro": true
  },
  "30k_methods": {
    "mean": 743.4576191724493,
    "rsd_pct": 0.029828843952590434,
    "micro": true
  },
  "cfunc_itself": {
    "mean": 41.02781685088171,
    "rsd_pct": 0.334621596220613,
    "micro": true
  },
  "fib": {
    "mean": 52.06461072298783,
    "rsd_pct": 0.04801368573678096,
    "micro": true
  },
  "getivar": {
    "mean": 35.462458226896054,
    "rsd_pct": 0.05973885408457564,
    "micro": true
  },
  "keyword_args": {
    "mean": 45.60901646900825,
    "rsd_pct": 0.14071498389230447,
    "micro": true
  },
  "respond_to": {
    "mean": 162.6238684693817,
    "rsd_pct": 0.19393740749498145,
    "micro": true
  },
  "setivar": {
    "mean": 39.13680669042553,
    "rsd_pct": 0.2770118533395013,
    "micro": true
  }
}