{
  "activerecord": {
    "mean": 357.91568088387777,
    "rsd_pct": 0.25723785425059653,
    "micro": false
  },
  "hexapdf": {
    "mean": 7625.221260792266,
    "rsd_pct": 1.21462442663679,
    "micro": false
  },
  "liquid-render": {
    "mean": 440.6037454894029,
    "rsd_pct": 1.3654563825827524,
    "micro": false
  },
  "mail": {
    "mean": 490.28136592460214,
    "rsd_pct": 0.1066150923618528,
    "micro": false
  },
  "psych-load": {
    "mean": 6054.002077194552,
    "rsd_pct": 0.04954417586348867,
    "micro": false
  },
  "railsbench": {
    "mean": 6987.361121022453,
    "rsd_pct": 0.42789760499025714,
    "micro": false
  },
  "binarytrees": {
    "mean": 543.2710025925189,
    "rsd_pct": 3.795018225602306,
    "micro": false
  },
  "chunky_png": {
    "mean": 1580.9443642745816,
    "rsd_pct": 0.050731661791780236,
    "micro": false
  },
  "erubi": {
    "mean": 743.1593072491096,
    "rsd_pct": 1.233032069186523,
    "micro": false
  },
  "erubi_rails": {
    "mean": 55.40652722894213,
    "rsd_pct": 2.5226753941324778,
    "micro": false
  },
  "etanni": {
    "mean": 1210.934771712692,
    "rsd_pct": 0.6422186639399862,
    "micro": false
  },
  "fannkuchredux": {
    "mean": 5822.808571097751,
    "rsd_pct": 0.5708716409267269,
    "micro": false
  },
  "lee": {
    "mean": 2542.7203484411752,
    "rsd_pct": 1.0709670963398483,
    "micro": false
  },
  "nbody": {
    "mean": 190.367691218853,
    "rsd_pct": 0.11454300725298523,
    "micro": false
  },
  "optcarrot": {
    "mean": 11341.168287737915,
    "rsd_pct": 0.457535593160546,
    "micro": false
  },
  "rubykon": {
    "mean": 23471.49008763954,
    "rsd_pct": 0.3117322284869106,
    "micro": false
  },
  "30k_ifelse": {
    "mean": 2609.8257662205583,
    "rsd_pct": 0.03807458354830286,
    "micro": true
  },
  "30k_methods": {
    "mean": 6055.6481429957785,
    "rsd_pct": 0.037871357289148866,
    "micro": true
  },
  "cfunc_itself": {
    "mean": 111.16058288361666,
    "rsd_pct": 0.20049352372418744,
    "micro": true
  },
  "fib": {
    "mean": 199.5816624500543,
    "rsd_pct": 0.32445237421196477,
    "micro": true
  },
  "getivar": {
    "mean": 97.89630830148016,
    "rsd_pct": 0.005591839058916956,
    "micro": true
  },
  "keyword_args": {
    "mean": 150.75275890494572,
    "rsd_pct": 0.06230117338520565,
    "micro": true
  },
  "respond_to": {
    "mean": 98.47396519921425,
    "rsd_pct": 0.58220605793724,
    "micro": true
  },
  "setivar": {
    "mean": 113.14154116608465,
    "rsd_pct": 0.05313376825372318,
    "micro": true
  },
  "str_concat": {
    "mean": 103.09327979686832,
    "rsd_pct": 0.9511644918053741,
    "micro": true
  }
}