{
  "activerecord": {
    "mean": 106.99804195618562,
    "rsd_pct": 0.5661612286660828
  },
  "hexapdf": {
    "mean": 2189.371892157942,
    "rsd_pct": 1.328972242712079
  },
  "jekyll": {
    "mean": 7398.918567132205,
    "rsd_pct": 1.0764484276517003
  },
  "liquid-render": {
    "mean": 116.87039262557656,
    "rsd_pct": 2.167795089539677
  },
  "mail": {
    "mean": 142.75298889439838,
    "rsd_pct": 0.2353726929552266
  },
  "psych-load": {
    "mean": 1647.0600477419794,
    "rsd_pct": 0.7414879375968065
  },
  "railsbench": {
    "mean": 2447.0971746370196,
    "rsd_pct": 1.7370748923768105
  },
  "binarytrees": {
    "mean": 281.72412543227114,
    "rsd_pct": 2.7283833580996086
  },
  "fannkuchredux": {
    "mean": 5585.316028445959,
    "rsd_pct": 0.051793817049812146
  },
  "lee": {
    "mean": 800.5018997937441,
    "rsd_pct": 1.3675965952903575
  },
  "nbody": {
    "mean": 75.43773373981821,
    "rsd_pct": 0.030103625842674647
  },
  "optcarrot": {
    "mean": 3126.977003738284,
    "rsd_pct": 0.47581245395177285
  },
  "rubykon": {
    "mean": 5576.86612829566,
    "rsd_pct": 0.4700534829227854
  },
  "30k_ifelse": {
    "mean": 310.9593469373606,
    "rsd_pct": 0.18441019254144103
  },
  "30k_methods": {
    "mean": 751.5426085823599,
    "rsd_pct": 0.021056578991846306
  },
  "cfunc_itself": {
    "mean": 39.77267156424979,
    "rsd_pct": 0.29895183081005794
  },
  "fib": {
    "mean": 52.06833550582329,
    "rsd_pct": 0.02235404843157167
  },
  "getivar": {
    "mean": 35.47906984924554,
    "rsd_pct": 0.040576212165500176
  },
  "keyword_args": {
    "mean": 54.80487297853114,
    "rsd_pct": 0.3327733869692007
  },
  "respond_to": {
    "mean": 172.03558862174503,
    "rsd_pct": 0.2059297378897472
  },
  "setivar": {
    "mean": 41.83214899659414,
    "rsd_pct": 0.15569101065885926
  }
}