{
  "activerecord": {
    "mean": 147.0577930665226,
    "rsd_pct": 0.21768641222592536,
    "micro": false
  },
  "erubi_rails": {
    "mean": 45.10246548449796,
    "rsd_pct": 2.085200194985252,
    "micro": false
  },
  "hexapdf": {
    "mean": 6150.126865506172,
    "rsd_pct": 1.736006585630517,
    "micro": false
  },
  "liquid-c": {
    "mean": 187.1392133901691,
    "rsd_pct": 1.7357420003257724,
    "micro": false
  },
  "liquid-render": {
    "mean": 351.1386658378679,
    "rsd_pct": 2.2565837605534873,
    "micro": false
  },
  "mail": {
    "mean": 373.73402020142925,
    "rsd_pct": 0.4300448843306713,
    "micro": false
  },
  "psych-load": {
    "mean": 5201.566133772333,
    "rsd_pct": 0.0767924570842541,
    "micro": false
  },
  "railsbench": {
    "mean": 5429.473858823379,
    "rsd_pct": 0.7345274947908801,
    "micro": false
  },
  "ruby-lsp": {
    "mean": 180.91540833136864,
    "rsd_pct": 11.979812322152252,
    "micro": false
  },
  "sequel": {
    "mean": 198.31508111737267,
    "rsd_pct": 0.1866022711517697,
    "micro": false
  },
  "binarytrees": {
    "mean": 506.0897735941611,
    "rsd_pct": 0.09451917894523239,
    "micro": false
  },
  "chunky_png": {
    "mean": 1507.8403890947811,
    "rsd_pct": 0.11532184030653465,
    "micro": false
  },
  "erubi": {
    "mean": 574.2206563008949,
    "rsd_pct": 0.8926885470083931,
    "micro": false
  },
  "etanni": {
    "mean": 906.2780089752406,
    "rsd_pct": 0.5327101875167978,
    "micro": false
  },
  "fannkuchredux": {
    "mean": 1765.7032348931982,
    "rsd_pct": 0.1287202021184165,
    "micro": false
  },
  "lee": {
    "mean": 2308.681379665028,
    "rsd_pct": 0.2169433873096894,
    "micro": false
  },
  "nbody": {
    "mean": 182.6272127720026,
    "rsd_pct": 0.0708980912674565,
    "micro": false
  },
  "optcarrot": {
    "mean": 9927.339546134075,
    "rsd_pct": 0.7254478426229641,
    "micro": false
  },
  "ruby-json": {
    "mean": 7739.829716334741,
    "rsd_pct": 0.22570980341433042,
    "micro": false
  },
  "rubykon": {
    "mean": 20511.60495840013,
    "rsd_pct": 0.3896296521649995,
    "micro": false
  },
  "30k_ifelse": {
    "mean": 1912.2653586281972,
    "rsd_pct": 0.023648487678903943,
    "micro": true
  },
  "30k_methods": {
    "mean": 3874.3161129076843,
    "rsd_pct": 0.056928974929814365,
    "micro": true
  },
  "cfunc_itself": {
    "mean": 92.87592813401945,
    "rsd_pct": 0.36630505175651573,
    "micro": true
  },
  "fib": {
    "mean": 157.94604711987998,
    "rsd_pct": 0.006271749301972166,
    "micro": true
  },
  "getivar": {
    "mean": 67.00905090526157,
    "rsd_pct": 0.01033461252103397,
    "micro": true
  },
  "keyword_args": {
    "mean": 148.57367183183237,
    "rsd_pct": 0.02089698276187191,
    "micro": true
  },
  "respond_to": {
    "mean": 98.09786530686554,
    "rsd_pct": 0.41548472466600656,
    "micro": true
  },
  "setivar": {
    "mean": 39.16114111708608,
    "rsd_pct": 0.015278289100255608,
    "micro": true
  },
  "setivar_object": {
    "mean": 124.20111040931535,
    "rsd_pct": 0.9698437543087974,
    "micro": true
  },
  "setivar_young": {
    "mean": 122.37337532784798,
    "rsd_pct": 2.363423581400918,
    "micro": true
  },
  "str_concat": {
    "mean": 101.1115564765433,
    "rsd_pct": 0.8168255637060572,
    "micro": true
  },
  "throw": {
    "mean": 50.125026957813354,
    "rsd_pct": 0.16012819408231158,
    "micro": true
  }
}