{
  "cfunc_itself.rb": {
    "mean": 41.58511572819345,
    "rsd_pct": 0.31221166011068335
  },
  "fib.rb": {
    "mean": 58.346870940531026,
    "rsd_pct": 0.05348434639855499
  },
  "getivar.rb": {
    "mean": 36.278010986279696,
    "rsd_pct": 0.03742138582008125
  },
  "respond_to.rb": {
    "mean": 162.96321000961538,
    "rsd_pct": 0.37208625816121527
  },
  "setivar.rb": {
    "mean": 44.7361439565416,
    "rsd_pct": 0.18163321291287587
  },
  "30k_methods.rb": {
    "mean": 718.8482076550523,
    "rsd_pct": 0.027506342494250696
  },
  "30k_ifelse.rb": {
    "mean": 338.9455460496627,
    "rsd_pct": 0.18885724231207093
  },
  "fannkuchredux": {
    "mean": 5554.648218653165,
    "rsd_pct": 0.30139747476987494
  },
  "nbody": {
    "mean": 110.82730190665053,
    "rsd_pct": 0.03373470629749712
  },
  "binarytrees": {
    "mean": 308.66950887932694,
    "rsd_pct": 0.34148998276030346
  },
  "psych-load": {
    "mean": 1657.5371599756181,
    "rsd_pct": 0.5736834665988813
  },
  "lee": {
    "mean": 804.6869585135331,
    "rsd_pct": 1.6629074339363152
  },
  "liquid-render": {
    "mean": 147.40040405867768,
    "rsd_pct": 2.5300253219290143
  },
  "activerecord": {
    "mean": 115.92548812790974,
    "rsd_pct": 2.1497209228229353
  },
  "optcarrot": {
    "mean": 3168.293079105206,
    "rsd_pct": 0.3979020340439694
  },
  "jekyll": {
    "mean": 7576.473727100529,
    "rsd_pct": 2.785763415722342
  },
  "mail": {
    "mean": 151.20148519817434,
    "rsd_pct": 2.308831185681329
  },
  "railsbench": {
    "mean": 2702.9891144949943,
    "rsd_pct": 1.382629211949478
  }
}