{
  "activerecord": {
    "mean": 109.87988809349737,
    "rsd_pct": 1.8051034446987237
  },
  "hexapdf": {
    "mean": 2220.9070429205894,
    "rsd_pct": 0.9759160948837683
  },
  "jekyll": {
    "mean": 7557.516469247639,
    "rsd_pct": 1.911332876315227
  },
  "liquid-render": {
    "mean": 129.91042765659384,
    "rsd_pct": 2.761474364903257
  },
  "mail": {
    "mean": 142.34223580704287,
    "rsd_pct": 1.0406380040059715
  },
  "psych-load": {
    "mean": 1661.5530353970826,
    "rsd_pct": 0.5530187992885017
  },
  "railsbench": {
    "mean": 2514.0893776901066,
    "rsd_pct": 1.4852109114826209
  },
  "binarytrees": {
    "mean": 302.0520198665429,
    "rsd_pct": 2.426966526057851
  },
  "fannkuchredux": {
    "mean": 5416.605330072343,
    "rsd_pct": 0.4653231049053622
  },
  "lee": {
    "mean": 793.6563140247017,
    "rsd_pct": 0.7927112428099635
  },
  "nbody": {
    "mean": 75.452295881405,
    "rsd_pct": 0.04844574442262698
  },
  "optcarrot": {
    "mean": 3160.9367690980434,
    "rsd_pct": 0.5405844883615181
  },
  "rubykon": {
    "mean": 5706.144284084439,
    "rsd_pct": 0.6735453562484505
  },
  "30k_ifelse": {
    "mean": 323.64968076133385,
    "rsd_pct": 0.28208989246470473
  },
  "30k_methods": {
    "mean": 758.5805930087672,
    "rsd_pct": 0.7252934939130178
  },
  "cfunc_itself": {
    "mean": 38.67892012381413,
    "rsd_pct": 0.26399646810591487
  },
  "fib": {
    "mean": 52.04241300870975,
    "rsd_pct": 0.06922694299484096
  },
  "getivar": {
    "mean": 36.25786660391081,
    "rsd_pct": 0.07552823055236987
  },
  "keyword_args": {
    "mean": 45.32418376334977,
    "rsd_pct": 0.07910852200386313
  },
  "respond_to": {
    "mean": 165.10031675820105,
    "rsd_pct": 0.38341380241796674
  },
  "setivar": {
    "mean": 42.18876892437018,
    "rsd_pct": 0.13246887826553788
  }
}