{
  "activerecord": {
    "mean": 43.3831646430988,
    "rsd_pct": 0.8079458515104541,
    "micro": false
  },
  "erubi_rails": {
    "mean": 15.345317563488273,
    "rsd_pct": 4.150453949785383,
    "micro": false
  },
  "hexapdf": {
    "mean": 2105.1697416231036,
    "rsd_pct": 1.6628777087380304,
    "micro": false
  },
  "liquid-c": {
    "mean": 59.708870232883676,
    "rsd_pct": 2.0113033043613004,
    "micro": false
  },
  "liquid-compile": {
    "mean": 51.73050731529212,
    "rsd_pct": 4.884167060919233,
    "micro": false
  },
  "liquid-render": {
    "mean": 105.22347779356335,
    "rsd_pct": 2.6469973390081076,
    "micro": false
  },
  "mail": {
    "mean": 129.47554948630852,
    "rsd_pct": 0.1494964231604801,
    "micro": false
  },
  "psych-load": {
    "mean": 1817.0129391675193,
    "rsd_pct": 0.04721242406243901,
    "micro": false
  },
  "railsbench": {
    "mean": 1806.6510893404484,
    "rsd_pct": 1.2084420823054816,
    "micro": false
  },
  "ruby-lsp": {
    "mean": 58.57719485907436,
    "rsd_pct": 19.887627218849776,
    "micro": false
  },
  "sequel": {
    "mean": 68.410197241111,
    "rsd_pct": 0.3143527001675458,
    "micro": false
  },
  "binarytrees": {
    "mean": 227.53715988291407,
    "rsd_pct": 0.08514605002678222,
    "micro": false
  },
  "chunky_png": {
    "mean": 644.9935276682178,
    "rsd_pct": 0.10424663903782969,
    "micro": false
  },
  "erubi": {
    "mean": 260.27866849969877,
    "rsd_pct": 0.8289037046327087,
    "micro": false
  },
  "etanni": {
    "mean": 412.48280100990087,
    "rsd_pct": 0.4364641458713065,
    "micro": false
  },
  "fannkuchredux": {
    "mean": 783.8875480368733,
    "rsd_pct": 7.130419112986211,
    "micro": false
  },
  "lee": {
    "mean": 914.4984758237288,
    "rsd_pct": 0.34915786063730225,
    "micro": false
  },
  "nbody": {
    "mean": 76.84969536673565,
    "rsd_pct": 0.0831806555858072,
    "micro": false
  },
  "optcarrot": {
    "mean": 2243.603731443485,
    "rsd_pct": 0.6122638326332824,
    "micro": false
  },
  "ruby-json": {
    "mean": 2981.5833561743298,
    "rsd_pct": 0.24347485232769975,
    "micro": false
  },
  "rubykon": {
    "mean": 6780.2602325255675,
    "rsd_pct": 0.37135802232561127,
    "micro": false
  },
  "30k_ifelse": {
    "mean": 359.04851340773433,
    "rsd_pct": 0.07077497810232045,
    "micro": true
  },
  "30k_methods": {
    "mean": 860.7386970163687,
    "rsd_pct": 0.01834342062793187,
    "micro": true
  },
  "cfunc_itself": {
    "mean": 38.47433605118294,
    "rsd_pct": 0.21551372174782923,
    "micro": true
  },
  "fib": {
    "mean": 44.86271160879239,
    "rsd_pct": 0.06910256339435263,
    "micro": true
  },
  "getivar": {
    "mean": 21.150931516678025,
    "rsd_pct": 0.2173170553809804,
    "micro": true
  },
  "keyword_args": {
    "mean": 47.95490623824745,
    "rsd_pct": 0.22815879671341596,
    "micro": true
  },
  "respond_to": {
    "mean": 25.542248250966555,
    "rsd_pct": 0.5775602058321139,
    "micro": true
  },
  "setivar": {
    "mean": 11.995188515336126,
    "rsd_pct": 0.0896782843014167,
    "micro": true
  },
  "setivar_object": {
    "mean": 43.69561696286805,
    "rsd_pct": 1.8664527223414222,
    "micro": true
  },
  "setivar_young": {
    "mean": 42.29071211874864,
    "rsd_pct": 1.6246502359146766,
    "micro": true
  },
  "str_concat": {
    "mean": 43.31337569439036,
    "rsd_pct": 1.4373429597170848,
    "micro": true
  },
  "throw": {
    "mean": 24.330341042757905,
    "rsd_pct": 0.22459261072977735,
    "micro": true
  }
}