{
  "activerecord": {
    "mean": 111.02013148907149,
    "rsd_pct": 0.5171053032079032,
    "micro": false
  },
  "hexapdf": {
    "mean": 2376.809422982236,
    "rsd_pct": 1.963535695886618,
    "micro": false
  },
  "liquid-render": {
    "mean": 131.5683560603141,
    "rsd_pct": 1.7556904360409102,
    "micro": false
  },
  "mail": {
    "mean": 161.5433680590212,
    "rsd_pct": 0.36825992373793354,
    "micro": false
  },
  "psych-load": {
    "mean": 1945.131936358909,
    "rsd_pct": 0.03651117515849835,
    "micro": false
  },
  "railsbench": {
    "mean": 2167.9309239300587,
    "rsd_pct": 1.169645749678137,
    "micro": false
  },
  "binarytrees": {
    "mean": 337.5403651734814,
    "rsd_pct": 0.18758238333765778,
    "micro": false
  },
  "discourse": {
    "mean": 610.7502339274755,
    "rsd_pct": 14.538716238315697,
    "micro": false
  },
  "erubi": {
    "mean": 417.2394469855948,
    "rsd_pct": 0.7526057707612651,
    "micro": false
  },
  "erubi_rails": {
    "mean": 20.46159551671545,
    "rsd_pct": 3.389933079984821,
    "micro": false
  },
  "fannkuchredux": {
    "mean": 6906.964387899886,
    "rsd_pct": 0.13750766142448856,
    "micro": false
  },
  "lee": {
    "mean": 891.7172376320443,
    "rsd_pct": 1.7475910044748693,
    "micro": false
  },
  "nbody": {
    "mean": 89.79834576832576,
    "rsd_pct": 0.47830770614312523,
    "micro": false
  },
  "optcarrot": {
    "mean": 3569.4794167454043,
    "rsd_pct": 0.5586838660103716,
    "micro": false
  },
  "rubykon": {
    "mean": 6545.041985809803,
    "rsd_pct": 0.5687560295080034,
    "micro": false
  },
  "30k_ifelse": {
    "mean": 357.04703950822085,
    "rsd_pct": 0.16554780117768367,
    "micro": true
  },
  "30k_methods": {
    "mean": 880.5130499796095,
    "rsd_pct": 0.06295039818629064,
    "micro": true
  },
  "cfunc_itself": {
    "mean": 45.351679510277535,
    "rsd_pct": 1.0859337067527597,
    "micro": true
  },
  "fib": {
    "mean": 62.56237501220312,
    "rsd_pct": 0.6143033419893457,
    "micro": true
  },
  "getivar": {
    "mean": 43.22995567063221,
    "rsd_pct": 2.2178457886461858,
    "micro": true
  },
  "keyword_args": {
    "mean": 53.28094028805693,
    "rsd_pct": 0.6878856627578152,
    "micro": true
  },
  "respond_to": {
    "mean": 196.58713392208068,
    "rsd_pct": 2.4412524488495366,
    "micro": true
  },
  "setivar": {
    "mean": 52.49050538887527,
    "rsd_pct": 0.6151239395716817,
    "micro": true
  }
}