{
  "activerecord": {
    "mean": 104.63254480422792,
    "rsd_pct": 0.5629425831619571,
    "micro": false
  },
  "hexapdf": {
    "mean": 2323.5553531597056,
    "rsd_pct": 2.077908000467529,
    "micro": false
  },
  "liquid-render": {
    "mean": 129.46020758229923,
    "rsd_pct": 2.0967466985769074,
    "micro": false
  },
  "mail": {
    "mean": 161.85829391883266,
    "rsd_pct": 0.14868698053733875,
    "micro": false
  },
  "psych-load": {
    "mean": 1852.2342876841624,
    "rsd_pct": 0.02232927092919417,
    "micro": false
  },
  "railsbench": {
    "mean": 2126.281206806501,
    "rsd_pct": 1.4134966086113945,
    "micro": false
  },
  "binarytrees": {
    "mean": 355.7709778444125,
    "rsd_pct": 0.05349206290592651,
    "micro": false
  },
  "chunky_png": {
    "mean": 664.0635997056961,
    "rsd_pct": 0.04287230871156809,
    "micro": false
  },
  "discourse": {
    "mean": 495.3006770370937,
    "rsd_pct": 11.984325892840063,
    "micro": false
  },
  "erubi": {
    "mean": 392.7678966894746,
    "rsd_pct": 0.6801433680605949,
    "micro": false
  },
  "erubi_rails": {
    "mean": 21.240266831442952,
    "rsd_pct": 3.215958326643907,
    "micro": false
  },
  "fannkuchredux": {
    "mean": 8819.117967411876,
    "rsd_pct": 0.14894149547635405,
    "micro": false
  },
  "lee": {
    "mean": 934.8189149584089,
    "rsd_pct": 0.04751326567451168,
    "micro": false
  },
  "nbody": {
    "mean": 87.67790286835745,
    "rsd_pct": 0.0926984032389532,
    "micro": false
  },
  "optcarrot": {
    "mean": 3470.145471021533,
    "rsd_pct": 0.5994821279847053,
    "micro": false
  },
  "rubykon": {
    "mean": 7535.573253408074,
    "rsd_pct": 3.8251174309387066,
    "micro": false
  },
  "30k_ifelse": {
    "mean": 359.11872337705324,
    "rsd_pct": 0.08047716927922646,
    "micro": true
  },
  "30k_methods": {
    "mean": 874.7633792967958,
    "rsd_pct": 0.019734598513346833,
    "micro": true
  },
  "cfunc_itself": {
    "mean": 46.391954283215085,
    "rsd_pct": 0.7638871264901438,
    "micro": true
  },
  "fib": {
    "mean": 63.30416753651604,
    "rsd_pct": 0.038505930027479277,
    "micro": true
  },
  "getivar": {
    "mean": 42.52270284204245,
    "rsd_pct": 0.06240032632814263,
    "micro": true
  },
  "keyword_args": {
    "mean": 53.00024754827287,
    "rsd_pct": 0.15977186736653304,
    "micro": true
  },
  "respond_to": {
    "mean": 200.5481166472914,
    "rsd_pct": 0.14724553750380723,
    "micro": true
  },
  "setivar": {
    "mean": 54.392723912200736,
    "rsd_pct": 0.08208075650587034,
    "micro": true
  },
  "str_concat": {
    "mean": 110.44773215857836,
    "rsd_pct": 0.7624245121833582,
    "micro": true
  }
}