{
  "activerecord": {
    "mean": 336.3742196245245,
    "rsd_pct": 0.2639450625354432,
    "micro": false
  },
  "hexapdf": {
    "mean": 7500.713467473785,
    "rsd_pct": 1.748911957467428,
    "micro": false
  },
  "liquid-render": {
    "mean": 448.5494716290655,
    "rsd_pct": 1.4062474504235105,
    "micro": false
  },
  "mail": {
    "mean": 579.3487201774801,
    "rsd_pct": 0.10009652580787058,
    "micro": false
  },
  "psych-load": {
    "mean": 6529.762156928579,
    "rsd_pct": 0.058150001897984145,
    "micro": false
  },
  "railsbench": {
    "mean": 6616.116987603406,
    "rsd_pct": 0.48191942247921454,
    "micro": false
  },
  "ruby-lsp": {
    "mean": 241.86763814112462,
    "rsd_pct": 13.809510161797514,
    "micro": false
  },
  "binarytrees": {
    "mean": 570.6094067413793,
    "rsd_pct": 3.4131856294677,
    "micro": false
  },
  "chunky_png": {
    "mean": 1650.2956131232843,
    "rsd_pct": 0.0805153285108153,
    "micro": false
  },
  "erubi": {
    "mean": 773.2134730639783,
    "rsd_pct": 0.9331714503120296,
    "micro": false
  },
  "erubi_rails": {
    "mean": 53.31204559935479,
    "rsd_pct": 4.886574229742665,
    "micro": false
  },
  "etanni": {
    "mean": 1203.546381444626,
    "rsd_pct": 0.6530352351700806,
    "micro": false
  },
  "fannkuchredux": {
    "mean": 6340.973091870546,
    "rsd_pct": 0.09873926146770172,
    "micro": false
  },
  "lee": {
    "mean": 2495.400159712881,
    "rsd_pct": 0.12479193966772778,
    "micro": false
  },
  "nbody": {
    "mean": 218.24407978276685,
    "rsd_pct": 0.1169205170666657,
    "micro": false
  },
  "optcarrot": {
    "mean": 15440.757817029953,
    "rsd_pct": 0.41004587061326314,
    "micro": false
  },
  "rubykon": {
    "mean": 24602.50186243405,
    "rsd_pct": 0.2886461249823862,
    "micro": false
  },
  "30k_ifelse": {
    "mean": 2366.294965490091,
    "rsd_pct": 0.030428891439988847,
    "micro": true
  },
  "30k_methods": {
    "mean": 5197.506918571889,
    "rsd_pct": 0.04140108534674818,
    "micro": true
  },
  "cfunc_itself": {
    "mean": 116.72106451969519,
    "rsd_pct": 0.0380365989508767,
    "micro": true
  },
  "fib": {
    "mean": 225.85977131980786,
    "rsd_pct": 0.9880884631925614,
    "micro": true
  },
  "getivar": {
    "mean": 118.34594595547713,
    "rsd_pct": 0.0064014689515806975,
    "micro": true
  },
  "keyword_args": {
    "mean": 155.6065098625271,
    "rsd_pct": 0.0307835870749622,
    "micro": true
  },
  "respond_to": {
    "mean": 113.87698842781265,
    "rsd_pct": 0.5420129975575743,
    "micro": true
  },
  "setivar": {
    "mean": 113.55810377866348,
    "rsd_pct": 0.011135313418102866,
    "micro": true
  },
  "str_concat": {
    "mean": 118.15249197113742,
    "rsd_pct": 0.7033047785271842,
    "micro": true
  }
}