{
  "activerecord": {
    "mean": 144.82607265001005,
    "rsd_pct": 0.21410139459893335,
    "micro": false
  },
  "erubi_rails": {
    "mean": 43.711631346554,
    "rsd_pct": 2.0784294040450706,
    "micro": false
  },
  "hexapdf": {
    "mean": 5681.659944603841,
    "rsd_pct": 1.6120803770763208,
    "micro": false
  },
  "liquid-c": {
    "mean": 188.70917769026258,
    "rsd_pct": 1.7768730253587794,
    "micro": false
  },
  "liquid-compile": {
    "mean": 167.52586309156268,
    "rsd_pct": 0.6381551056588114,
    "micro": false
  },
  "liquid-render": {
    "mean": 339.2422747651213,
    "rsd_pct": 2.3498425150996582,
    "micro": false
  },
  "mail": {
    "mean": 363.87153077483566,
    "rsd_pct": 0.13164773647588807,
    "micro": false
  },
  "psych-load": {
    "mean": 5227.918476735552,
    "rsd_pct": 0.04775401771375171,
    "micro": false
  },
  "railsbench": {
    "mean": 5280.400767301519,
    "rsd_pct": 0.7587138466618594,
    "micro": false
  },
  "ruby-lsp": {
    "mean": 173.8761944800091,
    "rsd_pct": 11.756804483151454,
    "micro": false
  },
  "sequel": {
    "mean": 201.72773920994712,
    "rsd_pct": 0.2111862625237691,
    "micro": false
  },
  "binarytrees": {
    "mean": 493.23730947899406,
    "rsd_pct": 0.1324295334829956,
    "micro": false
  },
  "chunky_png": {
    "mean": 1457.910368399274,
    "rsd_pct": 0.11369901282415892,
    "micro": false
  },
  "erubi": {
    "mean": 580.155230323343,
    "rsd_pct": 0.9366910151992338,
    "micro": false
  },
  "etanni": {
    "mean": 889.5156069969138,
    "rsd_pct": 0.44437683911760906,
    "micro": false
  },
  "fannkuchredux": {
    "mean": 1483.9466086030006,
    "rsd_pct": 0.21648244924351293,
    "micro": false
  },
  "lee": {
    "mean": 2267.4186768098957,
    "rsd_pct": 0.22872213551481257,
    "micro": false
  },
  "nbody": {
    "mean": 154.4769295133077,
    "rsd_pct": 0.07862536495540721,
    "micro": false
  },
  "optcarrot": {
    "mean": 8677.712768812975,
    "rsd_pct": 0.4742212107669614,
    "micro": false
  },
  "ruby-json": {
    "mean": 8670.570969954133,
    "rsd_pct": 0.055995605863647276,
    "micro": false
  },
  "rubykon": {
    "mean": 19283.870077629883,
    "rsd_pct": 0.3687028615349933,
    "micro": false
  },
  "30k_ifelse": {
    "mean": 1603.9769113402474,
    "rsd_pct": 0.03162231773063744,
    "micro": true
  },
  "30k_methods": {
    "mean": 3446.6979219375744,
    "rsd_pct": 0.09872312455049066,
    "micro": true
  },
  "cfunc_itself": {
    "mean": 86.82208672625251,
    "rsd_pct": 0.0127735572220937,
    "micro": true
  },
  "fib": {
    "mean": 123.68977614416835,
    "rsd_pct": 0.07514619383188965,
    "micro": true
  },
  "getivar": {
    "mean": 40.46641043609097,
    "rsd_pct": 0.013644562982046209,
    "micro": true
  },
  "keyword_args": {
    "mean": 121.70709789299565,
    "rsd_pct": 0.03807025988378122,
    "micro": true
  },
  "respond_to": {
    "mean": 82.87015252795408,
    "rsd_pct": 1.490725646093788,
    "micro": true
  },
  "setivar": {
    "mean": 30.89455705209807,
    "rsd_pct": 0.019955688526182666,
    "micro": true
  },
  "setivar_object": {
    "mean": 116.22476555341834,
    "rsd_pct": 1.365731646753196,
    "micro": true
  },
  "setivar_young": {
    "mean": 113.13820766853327,
    "rsd_pct": 0.01925497418159244,
    "micro": true
  },
  "str_concat": {
    "mean": 83.35567125545536,
    "rsd_pct": 0.9709394790386003,
    "micro": true
  },
  "throw": {
    "mean": 50.96085156810327,
    "rsd_pct": 0.158176982112578,
    "micro": true
  }
}