{
  "activerecord": {
    "mean": 106.18241052313937,
    "rsd_pct": 0.5039662474651683,
    "micro": false
  },
  "hexapdf": {
    "mean": 2357.1181058883667,
    "rsd_pct": 0.9633144451213385,
    "micro": false
  },
  "liquid-render": {
    "mean": 147.94621996081142,
    "rsd_pct": 1.7718711164986425,
    "micro": false
  },
  "mail": {
    "mean": 186.1635001287574,
    "rsd_pct": 2.6113091933261217,
    "micro": false
  },
  "psych-load": {
    "mean": 2274.16904134055,
    "rsd_pct": 0.060545181156442515,
    "micro": false
  },
  "railsbench": {
    "mean": 2456.8309592703977,
    "rsd_pct": 0.3492560538141474,
    "micro": false
  },
  "binarytrees": {
    "mean": 370.4293942428194,
    "rsd_pct": 0.17933799020648514,
    "micro": false
  },
  "chunky_png": {
    "mean": 673.6590961829341,
    "rsd_pct": 0.508258126435543,
    "micro": false
  },
  "discourse": {
    "mean": 527.250053704177,
    "rsd_pct": 17.52352597736122,
    "micro": false
  },
  "erubi": {
    "mean": 417.7053621078425,
    "rsd_pct": 0.8905478881191412,
    "micro": false
  },
  "erubi_rails": {
    "mean": 25.797099703657434,
    "rsd_pct": 55.07255283759268,
    "micro": false
  },
  "fannkuchredux": {
    "mean": 7651.443682983518,
    "rsd_pct": 11.352185506539985,
    "micro": false
  },
  "lee": {
    "mean": 909.8694187012456,
    "rsd_pct": 2.8818762178904223,
    "micro": false
  },
  "nbody": {
    "mean": 90.40681850573007,
    "rsd_pct": 0.49013027235871137,
    "micro": false
  },
  "optcarrot": {
    "mean": 3413.598296791315,
    "rsd_pct": 0.6180495682282834,
    "micro": false
  },
  "rubykon": {
    "mean": 8083.5363530864315,
    "rsd_pct": 3.6268404300186803,
    "micro": false
  },
  "30k_ifelse": {
    "mean": 362.78242931735736,
    "rsd_pct": 0.18835572033242712,
    "micro": true
  },
  "30k_methods": {
    "mean": 878.927344202318,
    "rsd_pct": 0.06127792660070699,
    "micro": true
  },
  "cfunc_itself": {
    "mean": 45.78896395115347,
    "rsd_pct": 1.027509799734014,
    "micro": true
  },
  "fib": {
    "mean": 62.48572886106558,
    "rsd_pct": 0.6079603097138497,
    "micro": true
  },
  "getivar": {
    "mean": 42.602545237997596,
    "rsd_pct": 0.7284634096927551,
    "micro": true
  },
  "keyword_args": {
    "mean": 55.81874891527389,
    "rsd_pct": 0.6644727167684504,
    "micro": true
  },
  "respond_to": {
    "mean": 193.55705553399665,
    "rsd_pct": 0.3029643831346098,
    "micro": true
  },
  "setivar": {
    "mean": 53.85380602435159,
    "rsd_pct": 0.6017690468798513,
    "micro": true
  },
  "str_concat": {
    "mean": 110.87678078657541,
    "rsd_pct": 1.566860692520274,
    "micro": true
  }
}