{
  "activerecord": {
    "mean": 111.9679302169845,
    "rsd_pct": 0.6115593453540676,
    "micro": false
  },
  "hexapdf": {
    "mean": 2408.7843794065216,
    "rsd_pct": 1.2563373830768585,
    "micro": false
  },
  "liquid-render": {
    "mean": 131.35145688119033,
    "rsd_pct": 1.913192604741467,
    "micro": false
  },
  "mail": {
    "mean": 163.71814275664264,
    "rsd_pct": 0.3882039663854761,
    "micro": false
  },
  "psych-load": {
    "mean": 2012.6674038358033,
    "rsd_pct": 0.07642873182976971,
    "micro": false
  },
  "railsbench": {
    "mean": 2233.313226544609,
    "rsd_pct": 1.4612691907492334,
    "micro": false
  },
  "binarytrees": {
    "mean": 351.5841269989808,
    "rsd_pct": 0.19268692957905698,
    "micro": false
  },
  "discourse": {
    "mean": 616.9135020771886,
    "rsd_pct": 14.13440473431993,
    "micro": false
  },
  "erubi": {
    "mean": 418.42002053939115,
    "rsd_pct": 0.8937733381333404,
    "micro": false
  },
  "erubi_rails": {
    "mean": 20.77104981538315,
    "rsd_pct": 3.4809444074946767,
    "micro": false
  },
  "fannkuchredux": {
    "mean": 7126.365562186887,
    "rsd_pct": 0.19035390789700632,
    "micro": false
  },
  "lee": {
    "mean": 918.4380599208886,
    "rsd_pct": 1.44815240259334,
    "micro": false
  },
  "nbody": {
    "mean": 88.05665843195253,
    "rsd_pct": 0.48234324906431447,
    "micro": false
  },
  "optcarrot": {
    "mean": 3655.269130785018,
    "rsd_pct": 0.5409526486484381,
    "micro": false
  },
  "rubykon": {
    "mean": 6534.497360109041,
    "rsd_pct": 0.4096353629491978,
    "micro": false
  },
  "30k_ifelse": {
    "mean": 357.98970659856093,
    "rsd_pct": 0.16813503095940557,
    "micro": true
  },
  "30k_methods": {
    "mean": 878.6852834534577,
    "rsd_pct": 0.05960683712038338,
    "micro": true
  },
  "cfunc_itself": {
    "mean": 44.9235430899966,
    "rsd_pct": 0.9037744065428944,
    "micro": true
  },
  "fib": {
    "mean": 62.48144545825198,
    "rsd_pct": 0.5821387850784208,
    "micro": true
  },
  "getivar": {
    "mean": 42.77395911939954,
    "rsd_pct": 1.5214316581054352,
    "micro": true
  },
  "keyword_args": {
    "mean": 53.9711043542332,
    "rsd_pct": 0.6437746011792647,
    "micro": true
  },
  "respond_to": {
    "mean": 185.02309674566442,
    "rsd_pct": 0.3459709945595195,
    "micro": true
  },
  "setivar": {
    "mean": 52.661846647904795,
    "rsd_pct": 0.6097155137243387,
    "micro": true
  }
}