{
  "activerecord": {
    "mean": 106.91022362197586,
    "rsd_pct": 1.0100773376341137,
    "micro": false
  },
  "hexapdf": {
    "mean": 2159.0221557494565,
    "rsd_pct": 1.6806390631187262,
    "micro": false
  },
  "liquid-render": {
    "mean": 110.24438139607406,
    "rsd_pct": 2.909121784741105,
    "micro": false
  },
  "mail": {
    "mean": 145.00109942782984,
    "rsd_pct": 1.2236330684488645,
    "micro": false
  },
  "psych-load": {
    "mean": 1692.587077404217,
    "rsd_pct": 0.3113669635983481,
    "micro": false
  },
  "railsbench": {
    "mean": 2155.812223795025,
    "rsd_pct": 2.0429953694088883,
    "micro": false
  },
  "binarytrees": {
    "mean": 289.44586355883496,
    "rsd_pct": 0.17697143741156982,
    "micro": false
  },
  "erubi": {
    "mean": 388.1190455867909,
    "rsd_pct": 1.5615906876703933,
    "micro": false
  },
  "erubi_rails": {
    "mean": 20.430934548804505,
    "rsd_pct": 3.640151193917421,
    "micro": false
  },
  "fannkuchredux": {
    "mean": 5646.7451944636805,
    "rsd_pct": 0.11383040928227516,
    "micro": false
  },
  "lee": {
    "mean": 759.8202900038674,
    "rsd_pct": 1.3567647651845414,
    "micro": false
  },
  "nbody": {
    "mean": 72.09102931292999,
    "rsd_pct": 0.06124315420097097,
    "micro": false
  },
  "optcarrot": {
    "mean": 2971.055435924791,
    "rsd_pct": 0.7533767640505651,
    "micro": false
  },
  "rubykon": {
    "mean": 5550.9415668668225,
    "rsd_pct": 1.1210695803470612,
    "micro": false
  },
  "30k_ifelse": {
    "mean": 319.9124287849722,
    "rsd_pct": 0.14520437673524733,
    "micro": true
  },
  "30k_methods": {
    "mean": 740.48465694068,
    "rsd_pct": 0.02647599762763406,
    "micro": true
  },
  "cfunc_itself": {
    "mean": 38.07841433388589,
    "rsd_pct": 0.2649601598286241,
    "micro": true
  },
  "fib": {
    "mean": 52.10032899443225,
    "rsd_pct": 0.054691157146147015,
    "micro": true
  },
  "getivar": {
    "mean": 35.47787313711998,
    "rsd_pct": 0.04245761977023481,
    "micro": true
  },
  "keyword_args": {
    "mean": 43.796015171526975,
    "rsd_pct": 0.09989566744116796,
    "micro": true
  },
  "respond_to": {
    "mean": 156.39279677674898,
    "rsd_pct": 0.16633261360421864,
    "micro": true
  },
  "setivar": {
    "mean": 40.97892478806685,
    "rsd_pct": 0.11526878993581406,
    "micro": true
  }
}