{
  "activerecord": {
    "mean": 43.30277910996829,
    "rsd_pct": 0.8519211003729555,
    "micro": false
  },
  "erubi_rails": {
    "mean": 15.17431416460928,
    "rsd_pct": 3.5348525773211312,
    "micro": false
  },
  "hexapdf": {
    "mean": 2088.008677897354,
    "rsd_pct": 1.2792225462739266,
    "micro": false
  },
  "liquid-c": {
    "mean": 59.02788891102624,
    "rsd_pct": 2.1572909944708614,
    "micro": false
  },
  "liquid-compile": {
    "mean": 53.17245646221365,
    "rsd_pct": 5.017756871340015,
    "micro": false
  },
  "liquid-render": {
    "mean": 104.8230004852823,
    "rsd_pct": 2.6893012186179863,
    "micro": false
  },
  "mail": {
    "mean": 129.18206775415834,
    "rsd_pct": 0.38723480808539,
    "micro": false
  },
  "psych-load": {
    "mean": 1799.6584685519338,
    "rsd_pct": 0.05699760005534279,
    "micro": false
  },
  "railsbench": {
    "mean": 1800.3051136930783,
    "rsd_pct": 1.207671299043786,
    "micro": false
  },
  "ruby-lsp": {
    "mean": 58.53063985159145,
    "rsd_pct": 20.094785805479066,
    "micro": false
  },
  "sequel": {
    "mean": 68.70520027207141,
    "rsd_pct": 0.5836037903009705,
    "micro": false
  },
  "binarytrees": {
    "mean": 226.9080898047171,
    "rsd_pct": 0.09634353788667098,
    "micro": false
  },
  "chunky_png": {
    "mean": 647.8713293559849,
    "rsd_pct": 0.06779703893589087,
    "micro": false
  },
  "erubi": {
    "mean": 258.8259208729708,
    "rsd_pct": 0.781791919624707,
    "micro": false
  },
  "etanni": {
    "mean": 417.717941920273,
    "rsd_pct": 0.45448189845627207,
    "micro": false
  },
  "fannkuchredux": {
    "mean": 762.8449737810745,
    "rsd_pct": 0.09670936551627117,
    "micro": false
  },
  "lee": {
    "mean": 912.2180671298078,
    "rsd_pct": 0.3206187312489488,
    "micro": false
  },
  "nbody": {
    "mean": 77.41688899407092,
    "rsd_pct": 0.06145853692036426,
    "micro": false
  },
  "optcarrot": {
    "mean": 2290.2000108112893,
    "rsd_pct": 0.61617148750924,
    "micro": false
  },
  "ruby-json": {
    "mean": 3034.6068343147635,
    "rsd_pct": 0.03384992435030701,
    "micro": false
  },
  "rubykon": {
    "mean": 6596.429429017007,
    "rsd_pct": 0.34441733624718396,
    "micro": false
  },
  "30k_ifelse": {
    "mean": 359.801585718312,
    "rsd_pct": 0.058877486420410394,
    "micro": true
  },
  "30k_methods": {
    "mean": 858.2464993081015,
    "rsd_pct": 0.023800289922452977,
    "micro": true
  },
  "cfunc_itself": {
    "mean": 39.71512083787901,
    "rsd_pct": 0.3680538634138068,
    "micro": true
  },
  "fib": {
    "mean": 44.33149120459954,
    "rsd_pct": 0.11381354203289938,
    "micro": true
  },
  "getivar": {
    "mean": 25.758611680783975,
    "rsd_pct": 0.16638730264411108,
    "micro": true
  },
  "keyword_args": {
    "mean": 49.699801476718626,
    "rsd_pct": 0.1778694082842794,
    "micro": true
  },
  "respond_to": {
    "mean": 26.632450328775235,
    "rsd_pct": 0.5418214444540574,
    "micro": true
  },
  "setivar": {
    "mean": 12.598651578085335,
    "rsd_pct": 0.0868825591651744,
    "micro": true
  },
  "setivar_object": {
    "mean": 47.246230981944585,
    "rsd_pct": 2.773201872415374,
    "micro": true
  },
  "setivar_young": {
    "mean": 42.33563931903534,
    "rsd_pct": 1.2760300071918098,
    "micro": true
  },
  "str_concat": {
    "mean": 43.17926347143063,
    "rsd_pct": 1.4189686612620216,
    "micro": true
  },
  "throw": {
    "mean": 23.645899105354175,
    "rsd_pct": 0.22165807172545238,
    "micro": true
  }
}