{
  "activerecord": {
    "mean": 146.2990926318271,
    "rsd_pct": 2.3158220222952717,
    "micro": false
  },
  "erubi_rails": {
    "mean": 45.05478247917753,
    "rsd_pct": 12.059414766379879,
    "micro": false
  },
  "hexapdf": {
    "mean": 5540.908533583085,
    "rsd_pct": 2.238905563306043,
    "micro": false
  },
  "liquid-c": {
    "mean": 191.30603277099593,
    "rsd_pct": 0.6365394109135862,
    "micro": false
  },
  "liquid-compile": {
    "mean": 159.42001213053507,
    "rsd_pct": 2.200948534001613,
    "micro": false
  },
  "liquid-render": {
    "mean": 349.45541618304105,
    "rsd_pct": 0.3768618200284727,
    "micro": false
  },
  "mail": {
    "mean": 373.96045512710975,
    "rsd_pct": 0.4049365008213443,
    "micro": false
  },
  "psych-load": {
    "mean": 5099.627402673165,
    "rsd_pct": 0.0845607028564573,
    "micro": false
  },
  "railsbench": {
    "mean": 5299.7352341810865,
    "rsd_pct": 0.5600689151787741,
    "micro": false
  },
  "ruby-lsp": {
    "mean": 168.6389687935456,
    "rsd_pct": 4.308136553036784,
    "micro": false
  },
  "sequel": {
    "mean": 204.50873606993505,
    "rsd_pct": 1.038313424657181,
    "micro": false
  },
  "binarytrees": {
    "mean": 491.84642433253833,
    "rsd_pct": 0.09984699637128912,
    "micro": false
  },
  "chunky_png": {
    "mean": 1493.1696740289528,
    "rsd_pct": 0.39229520588309735,
    "micro": false
  },
  "erubi": {
    "mean": 561.8908007133317,
    "rsd_pct": 0.15953816848483074,
    "micro": false
  },
  "etanni": {
    "mean": 939.2706551589072,
    "rsd_pct": 0.0979315554460713,
    "micro": false
  },
  "fannkuchredux": {
    "mean": 1473.6831118166447,
    "rsd_pct": 0.19445458618788766,
    "micro": false
  },
  "lee": {
    "mean": 2274.2805326623575,
    "rsd_pct": 0.36811254058172554,
    "micro": false
  },
  "nbody": {
    "mean": 154.83887193443107,
    "rsd_pct": 0.09367934565934394,
    "micro": false
  },
  "optcarrot": {
    "mean": 8475.320665041605,
    "rsd_pct": 0.5229695964720374,
    "micro": false
  },
  "ruby-json": {
    "mean": 8294.729442397753,
    "rsd_pct": 0.03201763201481706,
    "micro": false
  },
  "rubykon": {
    "mean": 18870.13032188018,
    "rsd_pct": 1.0726046006966146,
    "micro": false
  },
  "30k_ifelse": {
    "mean": 1599.6604433791204,
    "rsd_pct": 0.04135494384523181,
    "micro": true
  },
  "30k_methods": {
    "mean": 3426.9603230059147,
    "rsd_pct": 0.060768078524627824,
    "micro": true
  },
  "cfunc_itself": {
    "mean": 86.83899678074556,
    "rsd_pct": 0.036204099080341404,
    "micro": true
  },
  "fib": {
    "mean": 123.65470030012408,
    "rsd_pct": 0.06319769616041447,
    "micro": true
  },
  "getivar": {
    "mean": 40.466770769961286,
    "rsd_pct": 0.014016362342822882,
    "micro": true
  },
  "keyword_args": {
    "mean": 128.15808522773077,
    "rsd_pct": 0.010305809729087186,
    "micro": true
  },
  "respond_to": {
    "mean": 73.0674190366162,
    "rsd_pct": 1.7284986599418095,
    "micro": true
  },
  "setivar": {
    "mean": 30.9192663026235,
    "rsd_pct": 0.025045054531424745,
    "micro": true
  },
  "setivar_object": {
    "mean": 113.12462394174777,
    "rsd_pct": 0.007088688411743696,
    "micro": true
  },
  "setivar_young": {
    "mean": 113.13967861187886,
    "rsd_pct": 0.020202508761709596,
    "micro": true
  },
  "str_concat": {
    "mean": 84.99925636454087,
    "rsd_pct": 0.23198657439829606,
    "micro": true
  },
  "throw": {
    "mean": 49.21947740213215,
    "rsd_pct": 0.20237348111697487,
    "micro": true
  }
}