{
  "activerecord": {
    "mean": 105.70876731735129,
    "rsd_pct": 1.4276535533580845,
    "micro": false
  },
  "hexapdf": {
    "mean": 2095.3231705973544,
    "rsd_pct": 1.417673327136424,
    "micro": false
  },
  "liquid-render": {
    "mean": 109.4387698067086,
    "rsd_pct": 2.3241461153696945,
    "micro": false
  },
  "mail": {
    "mean": 137.77476161097488,
    "rsd_pct": 0.20250126553554954,
    "micro": false
  },
  "psych-load": {
    "mean": 1643.9094843963783,
    "rsd_pct": 0.6307591788519166,
    "micro": false
  },
  "railsbench": {
    "mean": 2083.0112465967736,
    "rsd_pct": 1.9923137959306307,
    "micro": false
  },
  "binarytrees": {
    "mean": 314.872596500551,
    "rsd_pct": 0.43511443506880193,
    "micro": false
  },
  "erubi": {
    "mean": 357.1806733629533,
    "rsd_pct": 0.9409478536128237,
    "micro": false
  },
  "erubi_rails": {
    "mean": 19.238190988407414,
    "rsd_pct": 3.709849109438648,
    "micro": false
  },
  "fannkuchredux": {
    "mean": 5742.688588177164,
    "rsd_pct": 0.1112000443046607,
    "micro": false
  },
  "lee": {
    "mean": 754.9247715908748,
    "rsd_pct": 1.87023264697037,
    "micro": false
  },
  "nbody": {
    "mean": 72.67309404194874,
    "rsd_pct": 0.03942089377497952,
    "micro": false
  },
  "optcarrot": {
    "mean": 2998.671185101072,
    "rsd_pct": 0.6101435117388029,
    "micro": false
  },
  "rubykon": {
    "mean": 5679.995634406805,
    "rsd_pct": 0.5365764768509863,
    "micro": false
  },
  "30k_ifelse": {
    "mean": 319.93604664720834,
    "rsd_pct": 0.24764011873430644,
    "micro": true
  },
  "30k_methods": {
    "mean": 745.252186862322,
    "rsd_pct": 0.02527929892999695,
    "micro": true
  },
  "cfunc_itself": {
    "mean": 38.04823421914853,
    "rsd_pct": 0.2083042133494538,
    "micro": true
  },
  "fib": {
    "mean": 52.093146018703365,
    "rsd_pct": 0.06489625960305524,
    "micro": true
  },
  "getivar": {
    "mean": 35.46406275958102,
    "rsd_pct": 0.13040479735916743,
    "micro": true
  },
  "keyword_args": {
    "mean": 44.084229329353676,
    "rsd_pct": 0.062255597278040614,
    "micro": true
  },
  "respond_to": {
    "mean": 162.32227162959484,
    "rsd_pct": 0.10571267070914332,
    "micro": true
  },
  "setivar": {
    "mean": 43.735882546331275,
    "rsd_pct": 0.05255844590980106,
    "micro": true
  }
}