{
  "activerecord": {
    "mean": 110.53718611358822,
    "rsd_pct": 0.44710761792350256,
    "micro": false
  },
  "hexapdf": {
    "mean": 2051.130577083677,
    "rsd_pct": 1.82791109793483,
    "micro": false
  },
  "liquid-c": {
    "mean": 60.41969269704264,
    "rsd_pct": 2.0135952117363103,
    "micro": false
  },
  "liquid-render": {
    "mean": 111.92777445618314,
    "rsd_pct": 2.6479730760851448,
    "micro": false
  },
  "mail": {
    "mean": 137.9172837565819,
    "rsd_pct": 0.20346137837439943,
    "micro": false
  },
  "psych-load": {
    "mean": 1798.145135305822,
    "rsd_pct": 0.09752463473804072,
    "micro": false
  },
  "railsbench": {
    "mean": 1864.4592182710767,
    "rsd_pct": 1.2559575393547413,
    "micro": false
  },
  "ruby-lsp": {
    "mean": 66.82824188892874,
    "rsd_pct": 20.252136333174256,
    "micro": false
  },
  "sequel": {
    "mean": 146.91493530171337,
    "rsd_pct": 1.9543430362551655,
    "micro": false
  },
  "binarytrees": {
    "mean": 233.58871679132184,
    "rsd_pct": 0.0764172816133094,
    "micro": false
  },
  "chunky_png": {
    "mean": 619.3756457505515,
    "rsd_pct": 0.060564063732760805,
    "micro": false
  },
  "erubi": {
    "mean": 252.8966691053938,
    "rsd_pct": 1.0069847266093912,
    "micro": false
  },
  "erubi_rails": {
    "mean": 16.798279411311384,
    "rsd_pct": 3.1257554330964807,
    "micro": false
  },
  "etanni": {
    "mean": 403.6593072886142,
    "rsd_pct": 0.4696293480859732,
    "micro": false
  },
  "fannkuchredux": {
    "mean": 904.6194223919883,
    "rsd_pct": 0.07117683394237567,
    "micro": false
  },
  "lee": {
    "mean": 922.4837847453143,
    "rsd_pct": 0.08340195220948184,
    "micro": false
  },
  "nbody": {
    "mean": 72.05169058035848,
    "rsd_pct": 0.07261776241268726,
    "micro": false
  },
  "optcarrot": {
    "mean": 8842.705986198658,
    "rsd_pct": 0.19742417354732844,
    "micro": false
  },
  "rubykon": {
    "mean": 6633.913140806059,
    "rsd_pct": 0.5168818184099248,
    "micro": false
  },
  "30k_ifelse": {
    "mean": 422.8859223088527,
    "rsd_pct": 0.07370173396894782,
    "micro": true
  },
  "30k_methods": {
    "mean": 954.8285585013218,
    "rsd_pct": 0.046856568516056574,
    "micro": true
  },
  "cfunc_itself": {
    "mean": 42.48970892587479,
    "rsd_pct": 0.13132254760912904,
    "micro": true
  },
  "fib": {
    "mean": 62.18709519663913,
    "rsd_pct": 0.13394767509521135,
    "micro": true
  },
  "getivar": {
    "mean": 45.81485973850508,
    "rsd_pct": 0.18688417002801505,
    "micro": true
  },
  "keyword_args": {
    "mean": 52.60978867728753,
    "rsd_pct": 0.1320549047115816,
    "micro": true
  },
  "respond_to": {
    "mean": 29.65334085482091,
    "rsd_pct": 0.43314781556423393,
    "micro": true
  },
  "setivar": {
    "mean": 14.913201484187471,
    "rsd_pct": 0.07300339100744435,
    "micro": true
  },
  "setivar_object": {
    "mean": 47.47231444399229,
    "rsd_pct": 1.2209533567195447,
    "micro": true
  },
  "str_concat": {
    "mean": 42.07531568232402,
    "rsd_pct": 1.4336023847575963,
    "micro": true
  }
}