{
  "activerecord": {
    "mean": 94.51307385184225,
    "rsd_pct": 0.7070425737978997,
    "micro": false
  },
  "hexapdf": {
    "mean": 2149.889660192033,
    "rsd_pct": 2.473334689563624,
    "micro": false
  },
  "liquid-render": {
    "mean": 113.23609436977279,
    "rsd_pct": 1.9545497466845325,
    "micro": false
  },
  "mail": {
    "mean": 143.07842384495422,
    "rsd_pct": 0.15579538359322886,
    "micro": false
  },
  "psych-load": {
    "mean": 1821.8704709162314,
    "rsd_pct": 0.03328968660263788,
    "micro": false
  },
  "railsbench": {
    "mean": 1990.478771738708,
    "rsd_pct": 1.022542395184024,
    "micro": false
  },
  "ruby-lsp": {
    "mean": 74.91669343708425,
    "rsd_pct": 24.45691676132813,
    "micro": false
  },
  "binarytrees": {
    "mean": 227.31018956983462,
    "rsd_pct": 0.06027843081973557,
    "micro": false
  },
  "chunky_png": {
    "mean": 622.4826347752241,
    "rsd_pct": 0.07417475633022393,
    "micro": false
  },
  "erubi": {
    "mean": 299.55241309284276,
    "rsd_pct": 0.9633965525067878,
    "micro": false
  },
  "erubi_rails": {
    "mean": 17.674766488236752,
    "rsd_pct": 3.28514171145853,
    "micro": false
  },
  "etanni": {
    "mean": 469.5465279787424,
    "rsd_pct": 0.6367772726214233,
    "micro": false
  },
  "fannkuchredux": {
    "mean": 928.7452107472789,
    "rsd_pct": 0.14391014877513914,
    "micro": false
  },
  "lee": {
    "mean": 904.3739477426491,
    "rsd_pct": 1.626097701272371,
    "micro": false
  },
  "nbody": {
    "mean": 71.36381495067273,
    "rsd_pct": 0.053050361470453514,
    "micro": false
  },
  "optcarrot": {
    "mean": 2619.049390591681,
    "rsd_pct": 0.41734674906591834,
    "micro": false
  },
  "rubykon": {
    "mean": 6584.400059872617,
    "rsd_pct": 1.7067756704682833,
    "micro": false
  },
  "30k_ifelse": {
    "mean": 400.2139934897423,
    "rsd_pct": 0.14050113090545505,
    "micro": true
  },
  "30k_methods": {
    "mean": 954.0398962330073,
    "rsd_pct": 0.029854941219597857,
    "micro": true
  },
  "cfunc_itself": {
    "mean": 42.63770247447617,
    "rsd_pct": 0.7524855212036348,
    "micro": true
  },
  "fib": {
    "mean": 62.85479372692487,
    "rsd_pct": 0.055412617551142615,
    "micro": true
  },
  "getivar": {
    "mean": 45.637643607928666,
    "rsd_pct": 0.04334988402902813,
    "micro": true
  },
  "keyword_args": {
    "mean": 51.962538272161865,
    "rsd_pct": 0.056456157703912054,
    "micro": true
  },
  "respond_to": {
    "mean": 28.436523798836987,
    "rsd_pct": 0.4267462340061285,
    "micro": true
  },
  "setivar": {
    "mean": 14.705754909732923,
    "rsd_pct": 0.09043259534620372,
    "micro": true
  },
  "setivar_object": {
    "mean": 50.20210558330742,
    "rsd_pct": 2.303976756236278,
    "micro": true
  },
  "str_concat": {
    "mean": 42.72590648450853,
    "rsd_pct": 1.441403640710128,
    "micro": true
  }
}