{
  "activerecord": {
    "mean": 107.2666741681343,
    "rsd_pct": 0.1349548196583565,
    "micro": false
  },
  "hexapdf": {
    "mean": 2193.3549428358674,
    "rsd_pct": 0.8732009360613255,
    "micro": false
  },
  "jekyll": {
    "mean": 7452.415581326932,
    "rsd_pct": 1.8459127583910557,
    "micro": false
  },
  "liquid-render": {
    "mean": 126.5120774807546,
    "rsd_pct": 1.9156260122194004,
    "micro": false
  },
  "mail": {
    "mean": 139.45197852160362,
    "rsd_pct": 0.5497776973297712,
    "micro": false
  },
  "psych-load": {
    "mean": 1665.420249197632,
    "rsd_pct": 0.015063682414658875,
    "micro": false
  },
  "railsbench": {
    "mean": 2356.6312407143414,
    "rsd_pct": 1.1204049018557856,
    "micro": false
  },
  "binarytrees": {
    "mean": 294.9071381289255,
    "rsd_pct": 2.6193532039387755,
    "micro": false
  },
  "fannkuchredux": {
    "mean": 5415.348644694313,
    "rsd_pct": 0.03843392670510311,
    "micro": false
  },
  "lee": {
    "mean": 790.9650595101994,
    "rsd_pct": 1.4076826587832276,
    "micro": false
  },
  "nbody": {
    "mean": 74.89620397488277,
    "rsd_pct": 0.028436396051714618,
    "micro": false
  },
  "optcarrot": {
    "mean": 3159.3239213339984,
    "rsd_pct": 0.13661169697113826,
    "micro": false
  },
  "30k_ifelse": {
    "mean": 331.1961248423904,
    "rsd_pct": 0.2107960974417204,
    "micro": true
  },
  "30k_methods": {
    "mean": 763.2940734243568,
    "rsd_pct": 0.12808651370082255,
    "micro": true
  },
  "cfunc_itself": {
    "mean": 38.735047426383346,
    "rsd_pct": 0.26224181144360426,
    "micro": true
  },
  "fib": {
    "mean": 51.99669557313124,
    "rsd_pct": 0.023956776530813857,
    "micro": true
  },
  "getivar": {
    "mean": 36.25490952596519,
    "rsd_pct": 0.023197211370693034,
    "micro": true
  },
  "keyword_args": {
    "mean": 46.393404176273336,
    "rsd_pct": 0.07908230499610847,
    "micro": true
  },
  "respond_to": {
    "mean": 167.58437004846033,
    "rsd_pct": 0.3480412446849801,
    "micro": true
  },
  "setivar": {
    "mean": 37.3332409015551,
    "rsd_pct": 0.19854511845366532,
    "micro": true
  }
}