{
  "activerecord": {
    "mean": 147.26154191661746,
    "rsd_pct": 2.2819328422542946,
    "micro": false
  },
  "erubi_rails": {
    "mean": 45.284152866935166,
    "rsd_pct": 11.881996890726514,
    "micro": false
  },
  "hexapdf": {
    "mean": 5902.192863076925,
    "rsd_pct": 2.0133888033268774,
    "micro": false
  },
  "liquid-c": {
    "mean": 190.73599586958315,
    "rsd_pct": 0.5956478302542053,
    "micro": false
  },
  "liquid-compile": {
    "mean": 162.5727588822793,
    "rsd_pct": 2.2327152620271145,
    "micro": false
  },
  "liquid-render": {
    "mean": 347.80624231898975,
    "rsd_pct": 0.3579894965090486,
    "micro": false
  },
  "mail": {
    "mean": 375.5104436477025,
    "rsd_pct": 0.1464252382514513,
    "micro": false
  },
  "psych-load": {
    "mean": 5357.392716904481,
    "rsd_pct": 0.10892290144726435,
    "micro": false
  },
  "railsbench": {
    "mean": 5358.367311954498,
    "rsd_pct": 0.561477111312382,
    "micro": false
  },
  "ruby-lsp": {
    "mean": 169.73994483987053,
    "rsd_pct": 4.141280624932081,
    "micro": false
  },
  "sequel": {
    "mean": 206.05365023380372,
    "rsd_pct": 1.0204571126998896,
    "micro": false
  },
  "binarytrees": {
    "mean": 492.154087363319,
    "rsd_pct": 0.14552892571420645,
    "micro": false
  },
  "chunky_png": {
    "mean": 1508.5726026445627,
    "rsd_pct": 0.3602856945375268,
    "micro": false
  },
  "erubi": {
    "mean": 567.5753017362111,
    "rsd_pct": 0.11870834117625134,
    "micro": false
  },
  "etanni": {
    "mean": 931.8954460322857,
    "rsd_pct": 0.12256597217872357,
    "micro": false
  },
  "fannkuchredux": {
    "mean": 1462.746599689126,
    "rsd_pct": 0.2328549410143505,
    "micro": false
  },
  "lee": {
    "mean": 2341.418990776652,
    "rsd_pct": 0.4278131839894152,
    "micro": false
  },
  "nbody": {
    "mean": 156.6705996600481,
    "rsd_pct": 0.08703134606770473,
    "micro": false
  },
  "optcarrot": {
    "mean": 8543.720819801092,
    "rsd_pct": 0.47561768929021425,
    "micro": false
  },
  "ruby-json": {
    "mean": 8108.71671239535,
    "rsd_pct": 0.07238650175129815,
    "micro": false
  },
  "rubykon": {
    "mean": 19555.05242049694,
    "rsd_pct": 0.3548798702272121,
    "micro": false
  },
  "30k_ifelse": {
    "mean": 1605.856389213692,
    "rsd_pct": 0.02684363899130742,
    "micro": true
  },
  "30k_methods": {
    "mean": 3479.5129261910915,
    "rsd_pct": 0.06210138254458501,
    "micro": true
  },
  "cfunc_itself": {
    "mean": 86.84401383388389,
    "rsd_pct": 0.04072493088536001,
    "micro": true
  },
  "fib": {
    "mean": 123.650166472154,
    "rsd_pct": 0.07793835521286142,
    "micro": true
  },
  "getivar": {
    "mean": 40.46661111491698,
    "rsd_pct": 0.014465836626735569,
    "micro": true
  },
  "keyword_args": {
    "mean": 121.70139074434861,
    "rsd_pct": 0.040653442008237235,
    "micro": true
  },
  "respond_to": {
    "mean": 73.14167830494185,
    "rsd_pct": 1.98645381609665,
    "micro": true
  },
  "setivar": {
    "mean": 30.894521592563688,
    "rsd_pct": 0.016243542194001995,
    "micro": true
  },
  "setivar_object": {
    "mean": 113.12647020043451,
    "rsd_pct": 0.008554341329230377,
    "micro": true
  },
  "setivar_young": {
    "mean": 113.13862981270786,
    "rsd_pct": 0.019313644493485254,
    "micro": true
  },
  "str_concat": {
    "mean": 83.28479340906894,
    "rsd_pct": 0.23668671054657747,
    "micro": true
  },
  "throw": {
    "mean": 52.00371855507954,
    "rsd_pct": 0.21985605474030118,
    "micro": true
  }
}