{
  "activerecord": {
    "mean": 109.42294080224302,
    "rsd_pct": 0.5118256034125966,
    "micro": false
  },
  "hexapdf": {
    "mean": 2419.447746189932,
    "rsd_pct": 2.135535630989952,
    "micro": false
  },
  "liquid-render": {
    "mean": 128.28721173677096,
    "rsd_pct": 1.952928020076853,
    "micro": false
  },
  "mail": {
    "mean": 161.0556429816929,
    "rsd_pct": 0.3641375493161951,
    "micro": false
  },
  "psych-load": {
    "mean": 1967.5316285341978,
    "rsd_pct": 0.04890437439012817,
    "micro": false
  },
  "railsbench": {
    "mean": 2201.6033376256623,
    "rsd_pct": 1.0587174163989832,
    "micro": false
  },
  "binarytrees": {
    "mean": 359.9575924731436,
    "rsd_pct": 1.6358971163163207,
    "micro": false
  },
  "chunky_png": {
    "mean": 660.0243958334128,
    "rsd_pct": 0.21824369766313448,
    "micro": false
  },
  "discourse": {
    "mean": 492.5596153596416,
    "rsd_pct": 1.7017659829948963,
    "micro": false
  },
  "erubi": {
    "mean": 421.74411811348466,
    "rsd_pct": 0.7732581109062753,
    "micro": false
  },
  "erubi_rails": {
    "mean": 20.435579394020873,
    "rsd_pct": 3.4974944226960987,
    "micro": false
  },
  "fannkuchredux": {
    "mean": 7046.258557712038,
    "rsd_pct": 0.18026055858840273,
    "micro": false
  },
  "lee": {
    "mean": 918.3976279926442,
    "rsd_pct": 0.500419095958226,
    "micro": false
  },
  "nbody": {
    "mean": 86.08924652365121,
    "rsd_pct": 0.49003280882143163,
    "micro": false
  },
  "optcarrot": {
    "mean": 3432.886233739555,
    "rsd_pct": 0.5609440236878437,
    "micro": false
  },
  "rubykon": {
    "mean": 7950.149423070252,
    "rsd_pct": 0.650761130068139,
    "micro": false
  },
  "30k_ifelse": {
    "mean": 357.1810502389615,
    "rsd_pct": 0.18250038768801533,
    "micro": true
  },
  "30k_methods": {
    "mean": 874.8927162113515,
    "rsd_pct": 0.06119707694535696,
    "micro": true
  },
  "cfunc_itself": {
    "mean": 44.62333178287784,
    "rsd_pct": 1.00680407799032,
    "micro": true
  },
  "fib": {
    "mean": 62.4898479814874,
    "rsd_pct": 0.6397911622891936,
    "micro": true
  },
  "getivar": {
    "mean": 42.547853070903905,
    "rsd_pct": 0.6979789923369246,
    "micro": true
  },
  "keyword_args": {
    "mean": 55.43729414788898,
    "rsd_pct": 0.655283418364001,
    "micro": true
  },
  "respond_to": {
    "mean": 190.56524726646867,
    "rsd_pct": 0.28192451952118597,
    "micro": true
  },
  "setivar": {
    "mean": 49.24411239702907,
    "rsd_pct": 0.6387207754963218,
    "micro": true
  }
}