{
  "activerecord": {
    "mean": 329.57562602817865,
    "rsd_pct": 0.275268509775356,
    "micro": false
  },
  "hexapdf": {
    "mean": 7623.319003296395,
    "rsd_pct": 0.8420585617191763,
    "micro": false
  },
  "liquid-render": {
    "mean": 442.049490512702,
    "rsd_pct": 1.4540774935853742,
    "micro": false
  },
  "mail": {
    "mean": 585.9313347311908,
    "rsd_pct": 0.553749802155548,
    "micro": false
  },
  "psych-load": {
    "mean": 6211.328560175995,
    "rsd_pct": 0.03326084463881078,
    "micro": false
  },
  "railsbench": {
    "mean": 6475.486758723855,
    "rsd_pct": 1.0405446835127645,
    "micro": false
  },
  "binarytrees": {
    "mean": 583.1279024215681,
    "rsd_pct": 3.2639915610804793,
    "micro": false
  },
  "chunky_png": {
    "mean": 1654.793061723467,
    "rsd_pct": 0.0708078060566386,
    "micro": false
  },
  "erubi": {
    "mean": 788.1060871158671,
    "rsd_pct": 1.2536923399921718,
    "micro": false
  },
  "erubi_rails": {
    "mean": 54.028148743643165,
    "rsd_pct": 2.2882459150580616,
    "micro": false
  },
  "etanni": {
    "mean": 1213.2117800024707,
    "rsd_pct": 0.7401074477672389,
    "micro": false
  },
  "fannkuchredux": {
    "mean": 6138.897369243205,
    "rsd_pct": 0.17979748036612467,
    "micro": false
  },
  "lee": {
    "mean": 2621.4443639386445,
    "rsd_pct": 1.6342116857281181,
    "micro": false
  },
  "nbody": {
    "mean": 212.75342700795994,
    "rsd_pct": 0.06853658050380274,
    "micro": false
  },
  "optcarrot": {
    "mean": 15321.38839904219,
    "rsd_pct": 0.3973411459582159,
    "micro": false
  },
  "ruby-lsp": {
    "mean": 243.90557430026283,
    "rsd_pct": 14.439468739083072,
    "micro": false
  },
  "rubykon": {
    "mean": 25135.656416912872,
    "rsd_pct": 0.6145863828186713,
    "micro": false
  },
  "30k_ifelse": {
    "mean": 2396.289470966677,
    "rsd_pct": 0.06441985242483099,
    "micro": true
  },
  "30k_methods": {
    "mean": 5168.361744331196,
    "rsd_pct": 0.06245619638543549,
    "micro": true
  },
  "cfunc_itself": {
    "mean": 125.88209419702056,
    "rsd_pct": 0.10154614453095359,
    "micro": true
  },
  "fib": {
    "mean": 228.72865878170873,
    "rsd_pct": 0.005521426903574999,
    "micro": true
  },
  "getivar": {
    "mean": 118.81000723060168,
    "rsd_pct": 0.0054377855524632285,
    "micro": true
  },
  "keyword_args": {
    "mean": 163.42863026889668,
    "rsd_pct": 0.007658180288729307,
    "micro": true
  },
  "respond_to": {
    "mean": 115.25437613839613,
    "rsd_pct": 0.9755397290901671,
    "micro": true
  },
  "setivar": {
    "mean": 112.67465881300771,
    "rsd_pct": 0.013377666666349578,
    "micro": true
  },
  "str_concat": {
    "mean": 118.04006371244598,
    "rsd_pct": 0.7670794769581153,
    "micro": true
  }
}