{
  "activerecord": {
    "mean": 325.79551682898716,
    "rsd_pct": 0.2918964868893437,
    "micro": false
  },
  "hexapdf": {
    "mean": 6767.57217113239,
    "rsd_pct": 1.295363580760977,
    "micro": false
  },
  "liquid-render": {
    "mean": 450.4233984315961,
    "rsd_pct": 0.5904827506816175,
    "micro": false
  },
  "mail": {
    "mean": 425.35394936899786,
    "rsd_pct": 0.15077926375717723,
    "micro": false
  },
  "psych-load": {
    "mean": 5422.186986915767,
    "rsd_pct": 0.04842380454727975,
    "micro": false
  },
  "railsbench": {
    "mean": 6220.593539547796,
    "rsd_pct": 1.2470296714265894,
    "micro": false
  },
  "ruby-lsp": {
    "mean": 208.57364465498986,
    "rsd_pct": 10.917483576832723,
    "micro": false
  },
  "binarytrees": {
    "mean": 524.8489382626888,
    "rsd_pct": 3.546603233426177,
    "micro": false
  },
  "chunky_png": {
    "mean": 1527.5418886303669,
    "rsd_pct": 0.07390592993728111,
    "micro": false
  },
  "erubi": {
    "mean": 723.710224730894,
    "rsd_pct": 0.8014530331156747,
    "micro": false
  },
  "erubi_rails": {
    "mean": 50.82544394920576,
    "rsd_pct": 2.5124120286419434,
    "micro": false
  },
  "etanni": {
    "mean": 1199.545901318613,
    "rsd_pct": 0.5449561452934331,
    "micro": false
  },
  "fannkuchredux": {
    "mean": 2350.677155756525,
    "rsd_pct": 0.13830458050349093,
    "micro": false
  },
  "lee": {
    "mean": 2308.3254371727394,
    "rsd_pct": 0.14780106863491108,
    "micro": false
  },
  "nbody": {
    "mean": 180.160582441425,
    "rsd_pct": 0.25892097549434145,
    "micro": false
  },
  "optcarrot": {
    "mean": 10827.257147136455,
    "rsd_pct": 0.37021503228897545,
    "micro": false
  },
  "rubykon": {
    "mean": 21233.609136240557,
    "rsd_pct": 0.7690385897267196,
    "micro": false
  },
  "30k_ifelse": {
    "mean": 1913.8958831178024,
    "rsd_pct": 0.08965716248212287,
    "micro": true
  },
  "30k_methods": {
    "mean": 3918.7898039934225,
    "rsd_pct": 0.17053513104139145,
    "micro": true
  },
  "cfunc_itself": {
    "mean": 102.27171131456741,
    "rsd_pct": 0.008093900134659923,
    "micro": true
  },
  "fib": {
    "mean": 181.47949945181608,
    "rsd_pct": 0.006790247142136531,
    "micro": true
  },
  "getivar": {
    "mean": 107.48294047775796,
    "rsd_pct": 0.04654390533629704,
    "micro": true
  },
  "keyword_args": {
    "mean": 143.6651656839561,
    "rsd_pct": 0.024647098705979805,
    "micro": true
  },
  "respond_to": {
    "mean": 99.45832718545557,
    "rsd_pct": 0.01856858945618768,
    "micro": true
  },
  "setivar": {
    "mean": 50.0424429951646,
    "rsd_pct": 0.013993732450783903,
    "micro": true
  },
  "str_concat": {
    "mean": 106.71203133655814,
    "rsd_pct": 0.9441489802886458,
    "micro": true
  }
}