{
  "activerecord": {
    "mean": 107.11985624968837,
    "rsd_pct": 0.23066589538165558
  },
  "hexapdf": {
    "mean": 2256.422453094274,
    "rsd_pct": 1.3707983367532086
  },
  "jekyll": {
    "mean": 7468.757499475032,
    "rsd_pct": 1.83974043717257
  },
  "liquid-render": {
    "mean": 129.78211088298724,
    "rsd_pct": 1.8769428443804248
  },
  "mail": {
    "mean": 139.96494805818438,
    "rsd_pct": 0.34161603898178805
  },
  "psych-load": {
    "mean": 1628.1901772134006,
    "rsd_pct": 0.11171707873060205
  },
  "railsbench": {
    "mean": 2443.836397398263,
    "rsd_pct": 1.6555854909329526
  },
  "binarytrees": {
    "mean": 288.51991236830753,
    "rsd_pct": 2.6947431881835437
  },
  "fannkuchredux": {
    "mean": 5403.748091775924,
    "rsd_pct": 0.16278033672109773
  },
  "lee": {
    "mean": 802.858391093711,
    "rsd_pct": 0.9023469331955496
  },
  "nbody": {
    "mean": 75.45306661631912,
    "rsd_pct": 0.05054239962128568
  },
  "optcarrot": {
    "mean": 3103.9067033678293,
    "rsd_pct": 0.4631565416322873
  },
  "30k_ifelse": {
    "mean": 329.38724354493854,
    "rsd_pct": 0.1665939024677561
  },
  "30k_methods": {
    "mean": 761.2608166082817,
    "rsd_pct": 0.04351161519474898
  },
  "cfunc_itself": {
    "mean": 39.621431867808404,
    "rsd_pct": 0.26539275656106287
  },
  "fib": {
    "mean": 51.99310814589262,
    "rsd_pct": 0.0418781407397132
  },
  "getivar": {
    "mean": 36.260360171842684,
    "rsd_pct": 0.02788531420958721
  },
  "keyword_args": {
    "mean": 47.063995810906185,
    "rsd_pct": 0.08822018080188188
  },
  "respond_to": {
    "mean": 169.00495479071358,
    "rsd_pct": 0.6753830181356059
  },
  "setivar": {
    "mean": 42.24032677677521,
    "rsd_pct": 0.05352798579846803
  }
}