bench,No JIT (ms),No JIT RSD,MJIT3.0 (ms),MJIT3.0 RSD,YJIT (ms),YJIT RSD,MJIT3.0 spd,MJIT3.0 spd RSD,YJIT spd,YJIT spd RSD,% in YJIT
activerecord,149.06662653172106,1.4646926610860325,155.9612121227907,0.9378255635183291,110.12671658425857,1.9548976781841185,0.9557929468665489,1.73920711217145,1.3535918545039827,2.4427340263747386,79.08935039675137
lee,1121.7283880027633,1.1111907588473464,873.2685007969849,1.9727008258111345,808.7335705005734,1.7074015584577924,1.2845171753922449,2.264131941982108,1.3870184556682355,2.0371462844802872,99.80112831773052
