{
  "activerecord": {
    "mean": 330.54573569026917,
    "rsd_pct": 0.591335325240201,
    "micro": false
  },
  "hexapdf": {
    "mean": 7653.964522867075,
    "rsd_pct": 1.0915986778478544,
    "micro": false
  },
  "liquid-render": {
    "mean": 433.9725859201607,
    "rsd_pct": 1.2377975419800338,
    "micro": false
  },
  "mail": {
    "mean": 579.7424547958234,
    "rsd_pct": 0.42179555267871593,
    "micro": false
  },
  "psych-load": {
    "mean": 6762.947701330995,
    "rsd_pct": 0.05418182050587276,
    "micro": false
  },
  "railsbench": {
    "mean": 6511.653860930043,
    "rsd_pct": 0.5585271862942374,
    "micro": false
  },
  "ruby-lsp": {
    "mean": 228.27918699223267,
    "rsd_pct": 11.92322591366424,
    "micro": false
  },
  "binarytrees": {
    "mean": 612.4923331738466,
    "rsd_pct": 0.2679036862689832,
    "micro": false
  },
  "chunky_png": {
    "mean": 1665.6945610648108,
    "rsd_pct": 0.0763070842524445,
    "micro": false
  },
  "erubi": {
    "mean": 747.7011743939136,
    "rsd_pct": 1.8046111445881194,
    "micro": false
  },
  "erubi_rails": {
    "mean": 52.173205081279,
    "rsd_pct": 2.4189669881295113,
    "micro": false
  },
  "etanni": {
    "mean": 1147.4081157149546,
    "rsd_pct": 0.6030338064103961,
    "micro": false
  },
  "fannkuchredux": {
    "mean": 5976.74898232993,
    "rsd_pct": 0.11771080097296269,
    "micro": false
  },
  "lee": {
    "mean": 2598.083151429559,
    "rsd_pct": 1.1306403338106303,
    "micro": false
  },
  "nbody": {
    "mean": 224.6383430778444,
    "rsd_pct": 0.18819688389757042,
    "micro": false
  },
  "optcarrot": {
    "mean": 15333.692107597986,
    "rsd_pct": 0.43270593062337803,
    "micro": false
  },
  "rubykon": {
    "mean": 23948.081229062518,
    "rsd_pct": 0.33158943135348345,
    "micro": false
  },
  "30k_ifelse": {
    "mean": 2357.6007592218584,
    "rsd_pct": 0.055093256862266536,
    "micro": true
  },
  "30k_methods": {
    "mean": 5201.209056995867,
    "rsd_pct": 0.12030003035377965,
    "micro": true
  },
  "cfunc_itself": {
    "mean": 118.43539048010523,
    "rsd_pct": 0.01877643214197476,
    "micro": true
  },
  "fib": {
    "mean": 233.84194751136613,
    "rsd_pct": 0.0059818567341286205,
    "micro": true
  },
  "getivar": {
    "mean": 118.35099896743999,
    "rsd_pct": 0.008180935175328306,
    "micro": true
  },
  "keyword_args": {
    "mean": 155.339256901031,
    "rsd_pct": 0.007773696786725651,
    "micro": true
  },
  "respond_to": {
    "mean": 114.12877497144703,
    "rsd_pct": 1.1731608232155457,
    "micro": true
  },
  "setivar": {
    "mean": 113.22054300266741,
    "rsd_pct": 0.4194085477648789,
    "micro": true
  },
  "str_concat": {
    "mean": 118.87171038496199,
    "rsd_pct": 0.7322973409031335,
    "micro": true
  }
}