{
  "activerecord": {
    "mean": 96.76658977553541,
    "rsd_pct": 0.7141107571822338,
    "micro": false
  },
  "hexapdf": {
    "mean": 2327.427061150471,
    "rsd_pct": 2.2579738322272385,
    "micro": false
  },
  "liquid-render": {
    "mean": 111.66080628327057,
    "rsd_pct": 1.9606528419453522,
    "micro": false
  },
  "mail": {
    "mean": 156.62123201282944,
    "rsd_pct": 0.1278239456163116,
    "micro": false
  },
  "psych-load": {
    "mean": 1850.933904449145,
    "rsd_pct": 0.06014968415159572,
    "micro": false
  },
  "railsbench": {
    "mean": 2048.819513618946,
    "rsd_pct": 1.046464565628243,
    "micro": false
  },
  "binarytrees": {
    "mean": 230.17523900033478,
    "rsd_pct": 3.694599091697086,
    "micro": false
  },
  "chunky_png": {
    "mean": 625.5060540279374,
    "rsd_pct": 0.052741671918602066,
    "micro": false
  },
  "erubi": {
    "mean": 298.8244198700961,
    "rsd_pct": 0.896584617213318,
    "micro": false
  },
  "erubi_rails": {
    "mean": 18.656072664271893,
    "rsd_pct": 3.6044664289871404,
    "micro": false
  },
  "etanni": {
    "mean": 476.62863037770705,
    "rsd_pct": 0.4269536897454836,
    "micro": false
  },
  "fannkuchredux": {
    "mean": 2276.115120202303,
    "rsd_pct": 0.15021525383745982,
    "micro": false
  },
  "lee": {
    "mean": 963.3710350841284,
    "rsd_pct": 0.053958461239757116,
    "micro": false
  },
  "nbody": {
    "mean": 78.57328314275946,
    "rsd_pct": 0.08610534649028863,
    "micro": false
  },
  "optcarrot": {
    "mean": 3188.7340327103934,
    "rsd_pct": 0.370642849701327,
    "micro": false
  },
  "ruby-lsp": {
    "mean": 79.67753979016324,
    "rsd_pct": 15.217460586667082,
    "micro": false
  },
  "rubykon": {
    "mean": 6751.753773788611,
    "rsd_pct": 0.32770844509984526,
    "micro": false
  },
  "30k_ifelse": {
    "mean": 403.9571636915207,
    "rsd_pct": 0.11768847689305217,
    "micro": true
  },
  "30k_methods": {
    "mean": 948.1300001963973,
    "rsd_pct": 0.04228205854152467,
    "micro": true
  },
  "cfunc_itself": {
    "mean": 40.46967382272405,
    "rsd_pct": 0.16260873814093357,
    "micro": true
  },
  "fib": {
    "mean": 61.27566015747793,
    "rsd_pct": 0.04862478834187902,
    "micro": true
  },
  "getivar": {
    "mean": 46.8556178567555,
    "rsd_pct": 0.04888896085702715,
    "micro": true
  },
  "keyword_args": {
    "mean": 53.129477957215336,
    "rsd_pct": 0.09908629472898134,
    "micro": true
  },
  "respond_to": {
    "mean": 27.980726565296276,
    "rsd_pct": 0.5888114417578343,
    "micro": true
  },
  "setivar": {
    "mean": 53.39254466637682,
    "rsd_pct": 0.5468016703985433,
    "micro": true
  },
  "str_concat": {
    "mean": 47.840563374281416,
    "rsd_pct": 1.4856048324646098,
    "micro": true
  }
}