{
  "activerecord": {
    "mean": 102.85597548042377,
    "rsd_pct": 0.6927736565666484,
    "micro": false
  },
  "hexapdf": {
    "mean": 2399.750771621863,
    "rsd_pct": 2.1512816547993943,
    "micro": false
  },
  "liquid-render": {
    "mean": 128.43081085250165,
    "rsd_pct": 1.7232830951312061,
    "micro": false
  },
  "mail": {
    "mean": 156.25033297692426,
    "rsd_pct": 0.16386185636695513,
    "micro": false
  },
  "psych-load": {
    "mean": 1914.6061862508457,
    "rsd_pct": 0.021128595410025625,
    "micro": false
  },
  "railsbench": {
    "mean": 2080.787687251965,
    "rsd_pct": 1.3523486000949079,
    "micro": false
  },
  "binarytrees": {
    "mean": 365.5780163826421,
    "rsd_pct": 0.05390721169818257,
    "micro": false
  },
  "chunky_png": {
    "mean": 646.7470663289229,
    "rsd_pct": 0.044333006052677364,
    "micro": false
  },
  "erubi": {
    "mean": 317.2698072007587,
    "rsd_pct": 0.6663380000380009,
    "micro": false
  },
  "erubi_rails": {
    "mean": 19.22123072643884,
    "rsd_pct": 3.3990907966332404,
    "micro": false
  },
  "fannkuchredux": {
    "mean": 2313.8955732186637,
    "rsd_pct": 0.10362509712440952,
    "micro": false
  },
  "lee": {
    "mean": 950.2807565033436,
    "rsd_pct": 0.7894908599256871,
    "micro": false
  },
  "nbody": {
    "mean": 92.42831318999616,
    "rsd_pct": 0.11001109195313206,
    "micro": false
  },
  "optcarrot": {
    "mean": 3519.98419140776,
    "rsd_pct": 0.5942351187853457,
    "micro": false
  },
  "rubykon": {
    "mean": 6739.488526930411,
    "rsd_pct": 0.6194954590965394,
    "micro": false
  },
  "30k_ifelse": {
    "mean": 367.64950160351066,
    "rsd_pct": 0.09302685418133516,
    "micro": true
  },
  "30k_methods": {
    "mean": 822.4455432593822,
    "rsd_pct": 0.024230867972644756,
    "micro": true
  },
  "cfunc_itself": {
    "mean": 45.04366095428004,
    "rsd_pct": 0.6603868785748915,
    "micro": true
  },
  "fib": {
    "mean": 64.73143149203467,
    "rsd_pct": 0.1448532368614801,
    "micro": true
  },
  "getivar": {
    "mean": 42.63266499289486,
    "rsd_pct": 0.047938318557895813,
    "micro": true
  },
  "keyword_args": {
    "mean": 52.91540293008324,
    "rsd_pct": 0.1806078724409349,
    "micro": true
  },
  "respond_to": {
    "mean": 194.42746073007584,
    "rsd_pct": 0.18590175507168685,
    "micro": true
  },
  "setivar": {
    "mean": 52.70349437925072,
    "rsd_pct": 0.04422084565083549,
    "micro": true
  },
  "str_concat": {
    "mean": 41.384610980426594,
    "rsd_pct": 1.6630545572325026,
    "micro": true
  }
}