{
  "activerecord": {
    "mean": 104.69880751614502,
    "rsd_pct": 0.5154853644439316,
    "micro": false
  },
  "hexapdf": {
    "mean": 2258.8350396758565,
    "rsd_pct": 2.524757877438429,
    "micro": false
  },
  "liquid-render": {
    "mean": 129.31808535940945,
    "rsd_pct": 0.9461948763979869,
    "micro": false
  },
  "mail": {
    "mean": 143.80682454815272,
    "rsd_pct": 1.1008763286195264,
    "micro": false
  },
  "psych-load": {
    "mean": 1869.4270058806676,
    "rsd_pct": 0.019191066037089383,
    "micro": false
  },
  "railsbench": {
    "mean": 2046.3467257369,
    "rsd_pct": 1.2859645827675024,
    "micro": false
  },
  "ruby-lsp": {
    "mean": 71.9675956107846,
    "rsd_pct": 17.624168520387727,
    "micro": false
  },
  "binarytrees": {
    "mean": 233.3268741190401,
    "rsd_pct": 0.06844269536826177,
    "micro": false
  },
  "chunky_png": {
    "mean": 623.357612910695,
    "rsd_pct": 0.06606112228356133,
    "micro": false
  },
  "erubi": {
    "mean": 287.7820557872495,
    "rsd_pct": 0.94374657795257,
    "micro": false
  },
  "erubi_rails": {
    "mean": 18.30013388788266,
    "rsd_pct": 3.7097594617756817,
    "micro": false
  },
  "etanni": {
    "mean": 479.03246835838735,
    "rsd_pct": 0.4949307226986726,
    "micro": false
  },
  "fannkuchredux": {
    "mean": 2289.766629249789,
    "rsd_pct": 0.08416804776630345,
    "micro": false
  },
  "lee": {
    "mean": 901.2531028234993,
    "rsd_pct": 2.062980024607609,
    "micro": false
  },
  "nbody": {
    "mean": 80.23990277218184,
    "rsd_pct": 0.049766937479958695,
    "micro": false
  },
  "optcarrot": {
    "mean": 2854.8107724636793,
    "rsd_pct": 0.4116209569357318,
    "micro": false
  },
  "rubykon": {
    "mean": 6674.382868125879,
    "rsd_pct": 1.0641282101819993,
    "micro": false
  },
  "30k_ifelse": {
    "mean": 397.2560434747126,
    "rsd_pct": 0.16640224050143157,
    "micro": true
  },
  "30k_methods": {
    "mean": 954.6048669522861,
    "rsd_pct": 0.031120364984441533,
    "micro": true
  },
  "cfunc_itself": {
    "mean": 41.604169767165416,
    "rsd_pct": 0.15956137732290834,
    "micro": true
  },
  "fib": {
    "mean": 61.02029142645616,
    "rsd_pct": 0.041242422907654744,
    "micro": true
  },
  "getivar": {
    "mean": 45.85194786995666,
    "rsd_pct": 0.056499200207374284,
    "micro": true
  },
  "keyword_args": {
    "mean": 52.805483827296726,
    "rsd_pct": 0.1422710731508037,
    "micro": true
  },
  "respond_to": {
    "mean": 28.797471296965632,
    "rsd_pct": 0.26430512998208083,
    "micro": true
  },
  "setivar": {
    "mean": 52.08784925746123,
    "rsd_pct": 0.44396304183889934,
    "micro": true
  },
  "str_concat": {
    "mean": 40.10061903299127,
    "rsd_pct": 1.7990113328065074,
    "micro": true
  }
}