{
  "activerecord": {
    "mean": 120.6642676203046,
    "rsd_pct": 1.6585070064995175
  },
  "lee": {
    "mean": 1004.0319355134852,
    "rsd_pct": 1.380240257199899
  },
  "fib": {
    "mean": 63.07143384241499,
    "rsd_pct": 0.04969101053590314
  },
  "getivar": {
    "mean": 36.2836296367459,
    "rsd_pct": 0.04614546494465613
  },
  "respond_to": {
    "mean": 159.78487419895828,
    "rsd_pct": 0.18075913664862667
  }
}