{
  "activerecord": {
    "mean": 112.53956923194762,
    "rsd_pct": 0.7479357340577387
  },
  "hexapdf": {
    "mean": 2205.019254796207,
    "rsd_pct": 1.5952436911521493
  },
  "jekyll": {
    "mean": 7443.073945492506,
    "rsd_pct": 1.9332084718759384
  },
  "liquid-render": {
    "mean": 119.58267975339218,
    "rsd_pct": 2.1909679897808685
  },
  "mail": {
    "mean": 143.21289002866476,
    "rsd_pct": 0.41938577069282723
  },
  "psych-load": {
    "mean": 1738.8453996740282,
    "rsd_pct": 0.8502834527391422
  },
  "railsbench": {
    "mean": 2495.720004104078,
    "rsd_pct": 1.2827645053397752
  },
  "binarytrees": {
    "mean": 296.8798350735471,
    "rsd_pct": 2.6774574704621394
  },
  "fannkuchredux": {
    "mean": 5446.20436700061,
    "rsd_pct": 0.02607379560790594
  },
  "lee": {
    "mean": 799.0648326231167,
    "rsd_pct": 1.2722169368892942
  },
  "nbody": {
    "mean": 75.08346228950914,
    "rsd_pct": 0.15732543845163804
  },
  "optcarrot": {
    "mean": 3199.915638100356,
    "rsd_pct": 0.5839935384705468
  },
  "rubykon": {
    "mean": 5641.531858686358,
    "rsd_pct": 0.3398882746092325
  },
  "30k_ifelse": {
    "mean": 316.22435858930055,
    "rsd_pct": 0.14168791801410813
  },
  "30k_methods": {
    "mean": 772.1868568332866,
    "rsd_pct": 0.03987010228166184
  },
  "cfunc_itself": {
    "mean": 39.17383303133373,
    "rsd_pct": 0.2586957369347657
  },
  "fib": {
    "mean": 52.236079188418294,
    "rsd_pct": 0.09100177313979374
  },
  "getivar": {
    "mean": 35.4653615452954,
    "rsd_pct": 0.04011734106014947
  },
  "keyword_args": {
    "mean": 46.387043512333626,
    "rsd_pct": 6.49694549561801
  },
  "respond_to": {
    "mean": 155.77314333880648,
    "rsd_pct": 0.35358894350327286
  },
  "setivar": {
    "mean": 41.94314037652119,
    "rsd_pct": 0.12166072774945208
  }
}