{
  "activerecord": {
    "mean": 102.76828945747444,
    "rsd_pct": 1.9885684319013779,
    "micro": false
  },
  "hexapdf": {
    "mean": 2109.8273012787104,
    "rsd_pct": 1.8981593163741268,
    "micro": false
  },
  "liquid-render": {
    "mean": 108.93132323706216,
    "rsd_pct": 2.2675643398421705,
    "micro": false
  },
  "mail": {
    "mean": 139.96052451688666,
    "rsd_pct": 1.8974785097260667,
    "micro": false
  },
  "psych-load": {
    "mean": 1633.118572582801,
    "rsd_pct": 0.4281040776812476,
    "micro": false
  },
  "railsbench": {
    "mean": 2092.0371931046247,
    "rsd_pct": 1.4186342705682313,
    "micro": false
  },
  "binarytrees": {
    "mean": 287.21230814562125,
    "rsd_pct": 0.10100899572173805,
    "micro": false
  },
  "erubi": {
    "mean": 354.4222881509499,
    "rsd_pct": 0.9910405235257155,
    "micro": false
  },
  "erubi_rails": {
    "mean": 19.491793485618302,
    "rsd_pct": 4.156147341208077,
    "micro": false
  },
  "fannkuchredux": {
    "mean": 5612.204389770825,
    "rsd_pct": 0.2116985159254713,
    "micro": false
  },
  "lee": {
    "mean": 752.9822946884311,
    "rsd_pct": 1.845173480450743,
    "micro": false
  },
  "nbody": {
    "mean": 73.15998210918245,
    "rsd_pct": 0.04411505179484772,
    "micro": false
  },
  "optcarrot": {
    "mean": 2957.6197716097035,
    "rsd_pct": 0.6428976928962346,
    "micro": false
  },
  "rubykon": {
    "mean": 5603.0265885094805,
    "rsd_pct": 0.6963903810233119,
    "micro": false
  },
  "30k_ifelse": {
    "mean": 311.9275416998613,
    "rsd_pct": 0.06971728426149643,
    "micro": true
  },
  "30k_methods": {
    "mean": 747.3846277795159,
    "rsd_pct": 0.040097401408106595,
    "micro": true
  },
  "cfunc_itself": {
    "mean": 39.42998682104406,
    "rsd_pct": 0.41809639265386783,
    "micro": true
  },
  "fib": {
    "mean": 52.063160281696454,
    "rsd_pct": 0.030922067639840935,
    "micro": true
  },
  "getivar": {
    "mean": 35.460005119534266,
    "rsd_pct": 0.026251066911652507,
    "micro": true
  },
  "keyword_args": {
    "mean": 44.43965113370229,
    "rsd_pct": 0.2167680802144772,
    "micro": true
  },
  "respond_to": {
    "mean": 157.57080194790188,
    "rsd_pct": 0.16432199437342845,
    "micro": true
  },
  "setivar": {
    "mean": 41.082270566771086,
    "rsd_pct": 0.21094609346031937,
    "micro": true
  }
}