{
  "activerecord": {
    "mean": 150.37375299912338,
    "rsd_pct": 0.20203247566643043,
    "micro": false
  },
  "erubi_rails": {
    "mean": 45.7030412317548,
    "rsd_pct": 2.0901591393108796,
    "micro": false
  },
  "hexapdf": {
    "mean": 6220.227563008666,
    "rsd_pct": 1.4496217982274235,
    "micro": false
  },
  "liquid-c": {
    "mean": 191.8302591085522,
    "rsd_pct": 1.6939590611919573,
    "micro": false
  },
  "liquid-render": {
    "mean": 362.62975600793175,
    "rsd_pct": 2.178920636008445,
    "micro": false
  },
  "mail": {
    "mean": 377.0503117158622,
    "rsd_pct": 0.12573613927631486,
    "micro": false
  },
  "psych-load": {
    "mean": 5330.352942024668,
    "rsd_pct": 0.0720209383269949,
    "micro": false
  },
  "railsbench": {
    "mean": 5523.6951266725855,
    "rsd_pct": 0.703391899983853,
    "micro": false
  },
  "ruby-lsp": {
    "mean": 184.59849869094987,
    "rsd_pct": 11.70519374643284,
    "micro": false
  },
  "sequel": {
    "mean": 203.23603683327502,
    "rsd_pct": 0.17222006977556817,
    "micro": false
  },
  "binarytrees": {
    "mean": 532.0637592646692,
    "rsd_pct": 0.4050576333437421,
    "micro": false
  },
  "chunky_png": {
    "mean": 1580.9365496520072,
    "rsd_pct": 0.06461415364066692,
    "micro": false
  },
  "erubi": {
    "mean": 590.8543361971775,
    "rsd_pct": 0.7193788143714701,
    "micro": false
  },
  "etanni": {
    "mean": 941.7218358275738,
    "rsd_pct": 0.5062745661861806,
    "micro": false
  },
  "fannkuchredux": {
    "mean": 2046.9315847300966,
    "rsd_pct": 0.054479698866364897,
    "micro": false
  },
  "lee": {
    "mean": 2402.0097702741623,
    "rsd_pct": 0.27584033190824825,
    "micro": false
  },
  "nbody": {
    "mean": 175.8204855731804,
    "rsd_pct": 0.05549184892471052,
    "micro": false
  },
  "optcarrot": {
    "mean": 9852.572999646267,
    "rsd_pct": 0.6799481812190825,
    "micro": false
  },
  "ruby-json": {
    "mean": 8059.877332548301,
    "rsd_pct": 0.07863297561084508,
    "micro": false
  },
  "rubykon": {
    "mean": 21312.25109907488,
    "rsd_pct": 0.37686978899941376,
    "micro": false
  },
  "30k_ifelse": {
    "mean": 1931.0517105016302,
    "rsd_pct": 0.030409325798205683,
    "micro": true
  },
  "30k_methods": {
    "mean": 3865.0064369042716,
    "rsd_pct": 0.08813376576538123,
    "micro": true
  },
  "cfunc_itself": {
    "mean": 106.86257038485493,
    "rsd_pct": 0.032878388479540145,
    "micro": true
  },
  "fib": {
    "mean": 191.09214645132056,
    "rsd_pct": 0.006000153698095499,
    "micro": true
  },
  "getivar": {
    "mean": 107.46873717422616,
    "rsd_pct": 0.007764741545211965,
    "micro": true
  },
  "keyword_args": {
    "mean": 190.42327921957738,
    "rsd_pct": 0.020069047817454284,
    "micro": true
  },
  "respond_to": {
    "mean": 99.51406624315285,
    "rsd_pct": 2.2595020802320565,
    "micro": true
  },
  "setivar": {
    "mean": 50.03862740881438,
    "rsd_pct": 0.013127934170314564,
    "micro": true
  },
  "setivar_object": {
    "mean": 126.89096635167903,
    "rsd_pct": 1.3607074007056954,
    "micro": true
  },
  "setivar_young": {
    "mean": 124.33994888259029,
    "rsd_pct": 2.834625054750593,
    "micro": true
  },
  "str_concat": {
    "mean": 116.21094088141734,
    "rsd_pct": 0.7190032024467384,
    "micro": true
  },
  "throw": {
    "mean": 50.41180894376687,
    "rsd_pct": 0.16280236571321496,
    "micro": true
  }
}