{
  "activerecord": {
    "mean": 105.96983251771378,
    "rsd_pct": 0.38951762528090356,
    "micro": false
  },
  "hexapdf": {
    "mean": 2138.713074848056,
    "rsd_pct": 2.155493809580683,
    "micro": false
  },
  "jekyll": {
    "mean": 7371.654119466742,
    "rsd_pct": 2.5847244559264757,
    "micro": false
  },
  "liquid-render": {
    "mean": 114.03152746972681,
    "rsd_pct": 1.7656819222832043,
    "micro": false
  },
  "mail": {
    "mean": 142.8939944094086,
    "rsd_pct": 1.4780097627841589,
    "micro": false
  },
  "psych-load": {
    "mean": 1675.9903628379107,
    "rsd_pct": 0.3444156070780737,
    "micro": false
  },
  "railsbench": {
    "mean": 2056.6354470948377,
    "rsd_pct": 2.616893592847689,
    "micro": false
  },
  "binarytrees": {
    "mean": 288.06112334132195,
    "rsd_pct": 0.12078232948086466,
    "micro": false
  },
  "erubi": {
    "mean": 412.04433673817033,
    "rsd_pct": 2.4969708804659754,
    "micro": false
  },
  "erubi_rails": {
    "mean": 31.404482861966038,
    "rsd_pct": 3.0920961579696713,
    "micro": false
  },
  "fannkuchredux": {
    "mean": 5780.567096173763,
    "rsd_pct": 0.09956308101022011,
    "micro": false
  },
  "lee": {
    "mean": 740.8367461309983,
    "rsd_pct": 1.474560164258016,
    "micro": false
  },
  "nbody": {
    "mean": 75.39653368620066,
    "rsd_pct": 0.025243051317755956,
    "micro": false
  },
  "optcarrot": {
    "mean": 3156.489324197173,
    "rsd_pct": 0.49965266702812433,
    "micro": false
  },
  "rubykon": {
    "mean": 5701.818084468444,
    "rsd_pct": 0.9066434885496906,
    "micro": false
  },
  "30k_ifelse": {
    "mean": 306.82581452439064,
    "rsd_pct": 0.18905908339160982,
    "micro": true
  },
  "30k_methods": {
    "mean": 745.247658894018,
    "rsd_pct": 0.034323329968983164,
    "micro": true
  },
  "cfunc_itself": {
    "mean": 39.50681189518961,
    "rsd_pct": 0.28207602908624774,
    "micro": true
  },
  "fib": {
    "mean": 52.05368022033191,
    "rsd_pct": 0.02981530469922849,
    "micro": true
  },
  "getivar": {
    "mean": 39.70397898848069,
    "rsd_pct": 0.05570997948790556,
    "micro": true
  },
  "keyword_args": {
    "mean": 45.43678217170829,
    "rsd_pct": 0.08667232291796532,
    "micro": true
  },
  "respond_to": {
    "mean": 156.1822070479393,
    "rsd_pct": 0.2810019460571246,
    "micro": true
  },
  "setivar": {
    "mean": 41.9725076655055,
    "rsd_pct": 1.5090821759054833,
    "micro": true
  }
}