{
  "activerecord": {
    "mean": 145.52749002285412,
    "rsd_pct": 0.22549190983276643,
    "micro": false
  },
  "erubi_rails": {
    "mean": 43.91564581784005,
    "rsd_pct": 2.1000672462361485,
    "micro": false
  },
  "hexapdf": {
    "mean": 5792.295153687398,
    "rsd_pct": 2.1018890864882285,
    "micro": false
  },
  "liquid-c": {
    "mean": 188.09021049394056,
    "rsd_pct": 1.776079038010106,
    "micro": false
  },
  "liquid-compile": {
    "mean": 164.19574591007245,
    "rsd_pct": 0.7529359101446028,
    "micro": false
  },
  "liquid-render": {
    "mean": 365.3728597109085,
    "rsd_pct": 2.177859708065748,
    "micro": false
  },
  "mail": {
    "mean": 365.45366444174323,
    "rsd_pct": 0.1513874261854382,
    "micro": false
  },
  "psych-load": {
    "mean": 5249.808326115211,
    "rsd_pct": 0.05846777156732957,
    "micro": false
  },
  "railsbench": {
    "mean": 5344.201255962253,
    "rsd_pct": 0.7456171175449029,
    "micro": false
  },
  "ruby-lsp": {
    "mean": 175.90434220755657,
    "rsd_pct": 11.764258432668381,
    "micro": false
  },
  "sequel": {
    "mean": 198.52218815326893,
    "rsd_pct": 0.27769360152183387,
    "micro": false
  },
  "binarytrees": {
    "mean": 501.6819944793589,
    "rsd_pct": 0.1824409352571,
    "micro": false
  },
  "chunky_png": {
    "mean": 1492.6084948082764,
    "rsd_pct": 0.11487036819258381,
    "micro": false
  },
  "erubi": {
    "mean": 578.9243424884402,
    "rsd_pct": 0.8620837092302354,
    "micro": false
  },
  "etanni": {
    "mean": 912.3519590357319,
    "rsd_pct": 0.5087582655113367,
    "micro": false
  },
  "fannkuchredux": {
    "mean": 1507.741894071492,
    "rsd_pct": 0.35412338092600587,
    "micro": false
  },
  "lee": {
    "mean": 2295.839326633584,
    "rsd_pct": 0.2833149016781057,
    "micro": false
  },
  "nbody": {
    "mean": 154.25107419127372,
    "rsd_pct": 0.07695123250198226,
    "micro": false
  },
  "optcarrot": {
    "mean": 8899.824791525802,
    "rsd_pct": 0.5328893923345742,
    "micro": false
  },
  "ruby-json": {
    "mean": 8341.634353126088,
    "rsd_pct": 0.2435019375637064,
    "micro": false
  },
  "rubykon": {
    "mean": 19681.209430595238,
    "rsd_pct": 0.3800050730271633,
    "micro": false
  },
  "30k_ifelse": {
    "mean": 1604.7101749276574,
    "rsd_pct": 0.033420318545321716,
    "micro": true
  },
  "30k_methods": {
    "mean": 3422.415720784794,
    "rsd_pct": 0.0820730343781268,
    "micro": true
  },
  "cfunc_itself": {
    "mean": 86.84948721565888,
    "rsd_pct": 0.05351352617267508,
    "micro": true
  },
  "fib": {
    "mean": 123.64577534858005,
    "rsd_pct": 0.08032256417773719,
    "micro": true
  },
  "getivar": {
    "mean": 40.46637457475145,
    "rsd_pct": 0.014902229562278215,
    "micro": true
  },
  "keyword_args": {
    "mean": 124.87717930045797,
    "rsd_pct": 0.010625297283248092,
    "micro": true
  },
  "respond_to": {
    "mean": 72.99046563474755,
    "rsd_pct": 1.0568846174056945,
    "micro": true
  },
  "setivar": {
    "mean": 30.919077051395632,
    "rsd_pct": 0.024882748551165453,
    "micro": true
  },
  "setivar_object": {
    "mean": 116.08924304326288,
    "rsd_pct": 1.4543295766120925,
    "micro": true
  },
  "setivar_young": {
    "mean": 113.13836867615863,
    "rsd_pct": 0.018819374547985834,
    "micro": true
  },
  "str_concat": {
    "mean": 83.60045621070279,
    "rsd_pct": 0.9519803659167468,
    "micro": true
  },
  "throw": {
    "mean": 49.398509792347504,
    "rsd_pct": 0.16175663773235474,
    "micro": true
  }
}