{
  "activerecord": {
    "mean": 371.3280067373163,
    "rsd_pct": 0.37955253420504403,
    "micro": false
  },
  "hexapdf": {
    "mean": 7707.736532917867,
    "rsd_pct": 1.5923856734025417,
    "micro": false
  },
  "liquid-render": {
    "mean": 452.6096985755222,
    "rsd_pct": 1.218325715883786,
    "micro": false
  },
  "mail": {
    "mean": 506.45111280486105,
    "rsd_pct": 0.17122628933540956,
    "micro": false
  },
  "psych-load": {
    "mean": 7253.137442811082,
    "rsd_pct": 0.016404967180641924,
    "micro": false
  },
  "railsbench": {
    "mean": 7137.427830292533,
    "rsd_pct": 0.4690653940590836,
    "micro": false
  },
  "binarytrees": {
    "mean": 542.7499737230722,
    "rsd_pct": 0.13594211537077575,
    "micro": false
  },
  "chunky_png": {
    "mean": 1651.8508108487974,
    "rsd_pct": 0.18961542077444518,
    "micro": false
  },
  "erubi": {
    "mean": 745.8259315074732,
    "rsd_pct": 1.4058689239396889,
    "micro": false
  },
  "erubi_rails": {
    "mean": 60.32019790768976,
    "rsd_pct": 2.5706184501620113,
    "micro": false
  },
  "fannkuchredux": {
    "mean": 5785.211220321556,
    "rsd_pct": 0.14520804882783994,
    "micro": false
  },
  "lee": {
    "mean": 2515.0572235385575,
    "rsd_pct": 0.9252386579231082,
    "micro": false
  },
  "nbody": {
    "mean": 210.14718833275967,
    "rsd_pct": 0.1442224024592926,
    "micro": false
  },
  "optcarrot": {
    "mean": 13767.716758605093,
    "rsd_pct": 0.4675787376673212,
    "micro": false
  },
  "rubykon": {
    "mean": 25491.68082627778,
    "rsd_pct": 0.28196578843885317,
    "micro": false
  },
  "30k_ifelse": {
    "mean": 2637.7139433058337,
    "rsd_pct": 0.02989491680121628,
    "micro": true
  },
  "30k_methods": {
    "mean": 5957.599247572944,
    "rsd_pct": 1.9604260841889487,
    "micro": true
  },
  "cfunc_itself": {
    "mean": 108.50915574419655,
    "rsd_pct": 0.2290647745661128,
    "micro": true
  },
  "fib": {
    "mean": 199.55481739318068,
    "rsd_pct": 0.31421957844122295,
    "micro": true
  },
  "getivar": {
    "mean": 127.58035890407047,
    "rsd_pct": 0.007790351814109237,
    "micro": true
  },
  "keyword_args": {
    "mean": 150.6405120937718,
    "rsd_pct": 0.004614056683481974,
    "micro": true
  },
  "respond_to": {
    "mean": 98.42846923812495,
    "rsd_pct": 0.5225043353797112,
    "micro": true
  },
  "setivar": {
    "mean": 123.13029481642114,
    "rsd_pct": 0.011060972122634483,
    "micro": true
  },
  "str_concat": {
    "mean": 103.04006086937004,
    "rsd_pct": 1.0126626411015196,
    "micro": true
  }
}