{
  "activerecord": {
    "mean": 104.85788848018274,
    "rsd_pct": 0.6065972649142053,
    "micro": false
  },
  "hexapdf": {
    "mean": 2398.3267630139985,
    "rsd_pct": 1.3055571351911055,
    "micro": false
  },
  "liquid-render": {
    "mean": 126.4143091295996,
    "rsd_pct": 1.5918426315756218,
    "micro": false
  },
  "mail": {
    "mean": 156.86888467725805,
    "rsd_pct": 0.11493451762164299,
    "micro": false
  },
  "psych-load": {
    "mean": 1979.6987446645896,
    "rsd_pct": 0.03218499648760587,
    "micro": false
  },
  "railsbench": {
    "mean": 2102.25465670228,
    "rsd_pct": 0.5679353206890168,
    "micro": false
  },
  "binarytrees": {
    "mean": 365.42118222467485,
    "rsd_pct": 0.095835474154952,
    "micro": false
  },
  "chunky_png": {
    "mean": 651.1935915797949,
    "rsd_pct": 0.06112982503080585,
    "micro": false
  },
  "erubi": {
    "mean": 319.6170073002577,
    "rsd_pct": 0.6830496580679438,
    "micro": false
  },
  "erubi_rails": {
    "mean": 19.62185113644991,
    "rsd_pct": 3.517251066401131,
    "micro": false
  },
  "fannkuchredux": {
    "mean": 2406.6139879326024,
    "rsd_pct": 2.1919437379039306,
    "micro": false
  },
  "lee": {
    "mean": 968.9638724550605,
    "rsd_pct": 1.9320772088351374,
    "micro": false
  },
  "nbody": {
    "mean": 94.07390531338038,
    "rsd_pct": 0.09540705976936244,
    "micro": false
  },
  "optcarrot": {
    "mean": 3515.5307908852897,
    "rsd_pct": 0.5768706618388294,
    "micro": false
  },
  "rubykon": {
    "mean": 6898.390757044156,
    "rsd_pct": 2.397893335853191,
    "micro": false
  },
  "30k_ifelse": {
    "mean": 355.8770821296743,
    "rsd_pct": 0.09883857163896372,
    "micro": true
  },
  "30k_methods": {
    "mean": 872.1233240288237,
    "rsd_pct": 0.02250202580022232,
    "micro": true
  },
  "cfunc_itself": {
    "mean": 48.77978532484801,
    "rsd_pct": 0.77517121972067,
    "micro": true
  },
  "fib": {
    "mean": 63.303725829549656,
    "rsd_pct": 0.037562599038263145,
    "micro": true
  },
  "getivar": {
    "mean": 44.25538182970445,
    "rsd_pct": 0.12362657678891582,
    "micro": true
  },
  "keyword_args": {
    "mean": 54.57665721437061,
    "rsd_pct": 0.19370059385812552,
    "micro": true
  },
  "respond_to": {
    "mean": 186.30429959910757,
    "rsd_pct": 0.0799289121268664,
    "micro": true
  },
  "setivar": {
    "mean": 46.819733457652944,
    "rsd_pct": 0.23554338368184735,
    "micro": true
  },
  "str_concat": {
    "mean": 44.55892548456297,
    "rsd_pct": 1.2458083768931283,
    "micro": true
  }
}