{
  "activerecord": {
    "mean": 112.76053268574996,
    "rsd_pct": 0.5082039305546061,
    "micro": false
  },
  "hexapdf": {
    "mean": 2426.5645411486425,
    "rsd_pct": 1.838528764751352,
    "micro": false
  },
  "liquid-render": {
    "mean": 127.5301284743352,
    "rsd_pct": 1.9267634987803635,
    "micro": false
  },
  "mail": {
    "mean": 161.07667489280183,
    "rsd_pct": 0.3992201420051325,
    "micro": false
  },
  "psych-load": {
    "mean": 1927.2149249600868,
    "rsd_pct": 0.11477835389961084,
    "micro": false
  },
  "railsbench": {
    "mean": 2215.761284250766,
    "rsd_pct": 1.752556279506436,
    "micro": false
  },
  "binarytrees": {
    "mean": 335.89457465773995,
    "rsd_pct": 0.17189420641653694,
    "micro": false
  },
  "chunky_png": {
    "mean": 656.2970730786523,
    "rsd_pct": 0.10263039073701592,
    "micro": false
  },
  "discourse": {
    "mean": 609.8962658451813,
    "rsd_pct": 13.74638289632818,
    "micro": false
  },
  "erubi": {
    "mean": 418.0815523846986,
    "rsd_pct": 0.6759140187392594,
    "micro": false
  },
  "erubi_rails": {
    "mean": 20.27207413076456,
    "rsd_pct": 3.4859700007184267,
    "micro": false
  },
  "fannkuchredux": {
    "mean": 7038.578162745883,
    "rsd_pct": 0.05672677247245318,
    "micro": false
  },
  "lee": {
    "mean": 898.636949502609,
    "rsd_pct": 1.7428741202285254,
    "micro": false
  },
  "nbody": {
    "mean": 87.56522344044922,
    "rsd_pct": 0.4833750130441988,
    "micro": false
  },
  "optcarrot": {
    "mean": 3585.092307223628,
    "rsd_pct": 0.5601659206971024,
    "micro": false
  },
  "rubykon": {
    "mean": 6474.2960294087725,
    "rsd_pct": 0.37724331621248697,
    "micro": false
  },
  "30k_ifelse": {
    "mean": 358.34596783819575,
    "rsd_pct": 0.17861191347168953,
    "micro": true
  },
  "30k_methods": {
    "mean": 879.616391315887,
    "rsd_pct": 0.060153049279983245,
    "micro": true
  },
  "cfunc_itself": {
    "mean": 45.36261020526122,
    "rsd_pct": 0.8765202406874637,
    "micro": true
  },
  "fib": {
    "mean": 62.48329708905658,
    "rsd_pct": 0.6022058401782797,
    "micro": true
  },
  "getivar": {
    "mean": 42.54843980636237,
    "rsd_pct": 0.7001893230360716,
    "micro": true
  },
  "keyword_args": {
    "mean": 53.273857103053,
    "rsd_pct": 0.6779095075890028,
    "micro": true
  },
  "respond_to": {
    "mean": 195.4090153472498,
    "rsd_pct": 0.27641167466567595,
    "micro": true
  },
  "setivar": {
    "mean": 53.20726511160408,
    "rsd_pct": 0.6788655441135291,
    "micro": true
  }
}