{
  "activerecord": {
    "mean": 332.0684948789295,
    "rsd_pct": 0.41564665250872945,
    "micro": false
  },
  "hexapdf": {
    "mean": 7549.090085116525,
    "rsd_pct": 1.4473485380385895,
    "micro": false
  },
  "liquid-render": {
    "mean": 449.41083652097296,
    "rsd_pct": 1.429003536230295,
    "micro": false
  },
  "mail": {
    "mean": 584.7469386955103,
    "rsd_pct": 0.128516933167865,
    "micro": false
  },
  "psych-load": {
    "mean": 6108.759785878162,
    "rsd_pct": 0.02341133401270801,
    "micro": false
  },
  "railsbench": {
    "mean": 6583.198246235649,
    "rsd_pct": 1.0383627401278297,
    "micro": false
  },
  "binarytrees": {
    "mean": 566.0681517088208,
    "rsd_pct": 3.4134622206587313,
    "micro": false
  },
  "chunky_png": {
    "mean": 1681.0869790497236,
    "rsd_pct": 0.1488628833229417,
    "micro": false
  },
  "erubi": {
    "mean": 777.0962332590268,
    "rsd_pct": 1.2590429262721632,
    "micro": false
  },
  "erubi_rails": {
    "mean": 54.124546167569825,
    "rsd_pct": 2.4719112112942865,
    "micro": false
  },
  "etanni": {
    "mean": 1193.5406858328638,
    "rsd_pct": 0.5330624608567387,
    "micro": false
  },
  "fannkuchredux": {
    "mean": 5985.743454657495,
    "rsd_pct": 0.23793832510388743,
    "micro": false
  },
  "lee": {
    "mean": 2665.0097786914557,
    "rsd_pct": 1.3655696618001825,
    "micro": false
  },
  "nbody": {
    "mean": 218.4117460319278,
    "rsd_pct": 0.18011372719381308,
    "micro": false
  },
  "optcarrot": {
    "mean": 15342.324971593916,
    "rsd_pct": 0.39167257611470035,
    "micro": false
  },
  "ruby-lsp": {
    "mean": 237.35412966263124,
    "rsd_pct": 12.57720814432863,
    "micro": false
  },
  "rubykon": {
    "mean": 25241.41063094139,
    "rsd_pct": 0.3308707030883922,
    "micro": false
  },
  "30k_ifelse": {
    "mean": 2384.0036000683904,
    "rsd_pct": 0.06317133668862022,
    "micro": true
  },
  "30k_methods": {
    "mean": 5194.821653980762,
    "rsd_pct": 0.03557052869492297,
    "micro": true
  },
  "cfunc_itself": {
    "mean": 119.88435799316295,
    "rsd_pct": 0.015629774655000744,
    "micro": true
  },
  "fib": {
    "mean": 234.08023104219717,
    "rsd_pct": 0.00905844625786916,
    "micro": true
  },
  "getivar": {
    "mean": 118.81063431414145,
    "rsd_pct": 0.008591379166142376,
    "micro": true
  },
  "keyword_args": {
    "mean": 156.54279737023955,
    "rsd_pct": 0.034246848839311936,
    "micro": true
  },
  "respond_to": {
    "mean": 115.10036892746878,
    "rsd_pct": 1.263086721823587,
    "micro": true
  },
  "setivar": {
    "mean": 112.74543032050133,
    "rsd_pct": 0.04658916406291963,
    "micro": true
  },
  "str_concat": {
    "mean": 118.19647606827465,
    "rsd_pct": 0.8916512588965608,
    "micro": true
  }
}