{
  "activerecord": {
    "mean": 42.195898539907596,
    "rsd_pct": 0.8268483777578925,
    "micro": false
  },
  "erubi_rails": {
    "mean": 15.205672196481164,
    "rsd_pct": 9.25399889706899,
    "micro": false
  },
  "hexapdf": {
    "mean": 2072.1472304314375,
    "rsd_pct": 1.9729077135326807,
    "micro": false
  },
  "liquid-c": {
    "mean": 59.11597926777619,
    "rsd_pct": 2.1102648019119843,
    "micro": false
  },
  "liquid-compile": {
    "mean": 54.21640469348463,
    "rsd_pct": 5.332927827498875,
    "micro": false
  },
  "liquid-render": {
    "mean": 108.68656429786073,
    "rsd_pct": 2.596330685785709,
    "micro": false
  },
  "mail": {
    "mean": 128.8896692015471,
    "rsd_pct": 0.17171663828755646,
    "micro": false
  },
  "psych-load": {
    "mean": 1789.3576481690009,
    "rsd_pct": 0.09759330342412723,
    "micro": false
  },
  "railsbench": {
    "mean": 1804.5485039552052,
    "rsd_pct": 1.2146197157003804,
    "micro": false
  },
  "ruby-lsp": {
    "mean": 58.455731343935454,
    "rsd_pct": 19.9279012256726,
    "micro": false
  },
  "sequel": {
    "mean": 67.49763712918354,
    "rsd_pct": 0.3186459277621184,
    "micro": false
  },
  "binarytrees": {
    "mean": 223.68372287387135,
    "rsd_pct": 0.08408673059527157,
    "micro": false
  },
  "chunky_png": {
    "mean": 645.3910872580543,
    "rsd_pct": 0.08452089742602334,
    "micro": false
  },
  "erubi": {
    "mean": 254.88480033451006,
    "rsd_pct": 0.7940888163299895,
    "micro": false
  },
  "etanni": {
    "mean": 412.0015996964054,
    "rsd_pct": 0.4664275790782444,
    "micro": false
  },
  "fannkuchredux": {
    "mean": 761.7718108141652,
    "rsd_pct": 0.0352765728052943,
    "micro": false
  },
  "lee": {
    "mean": 922.5597899584543,
    "rsd_pct": 0.3470108528016482,
    "micro": false
  },
  "nbody": {
    "mean": 69.49852264349485,
    "rsd_pct": 0.10683019675308875,
    "micro": false
  },
  "optcarrot": {
    "mean": 2285.526939108968,
    "rsd_pct": 0.6044124160777108,
    "micro": false
  },
  "ruby-json": {
    "mean": 3034.8128897448382,
    "rsd_pct": 0.042953406950923284,
    "micro": false
  },
  "rubykon": {
    "mean": 6822.051747391622,
    "rsd_pct": 0.38905325849446404,
    "micro": false
  },
  "30k_ifelse": {
    "mean": 358.99313816970044,
    "rsd_pct": 0.053646792072562934,
    "micro": true
  },
  "30k_methods": {
    "mean": 857.9662353934153,
    "rsd_pct": 0.01897907421112056,
    "micro": true
  },
  "cfunc_itself": {
    "mean": 39.04410285049345,
    "rsd_pct": 0.24917847126926587,
    "micro": true
  },
  "fib": {
    "mean": 44.59574100578071,
    "rsd_pct": 0.058022033820272025,
    "micro": true
  },
  "getivar": {
    "mean": 21.1445559820369,
    "rsd_pct": 0.19660520376853843,
    "micro": true
  },
  "keyword_args": {
    "mean": 48.73942090798534,
    "rsd_pct": 0.1952191432690762,
    "micro": true
  },
  "respond_to": {
    "mean": 26.312007995680993,
    "rsd_pct": 0.6574959339053847,
    "micro": true
  },
  "setivar": {
    "mean": 11.994723411613263,
    "rsd_pct": 0.08773194097251757,
    "micro": true
  },
  "setivar_object": {
    "mean": 43.651412928468794,
    "rsd_pct": 1.865605021409025,
    "micro": true
  },
  "setivar_young": {
    "mean": 42.19778965426172,
    "rsd_pct": 1.1374628642726756,
    "micro": true
  },
  "str_concat": {
    "mean": 41.757810740701615,
    "rsd_pct": 1.5289525030948958,
    "micro": true
  },
  "throw": {
    "mean": 24.37692744299732,
    "rsd_pct": 0.23555745923278298,
    "micro": true
  }
}