{
  "activerecord": {
    "mean": 42.644457799054635,
    "rsd_pct": 0.8835954895341342,
    "micro": false
  },
  "erubi_rails": {
    "mean": 15.04119373266659,
    "rsd_pct": 3.410857832145067,
    "micro": false
  },
  "hexapdf": {
    "mean": 2039.4756488502026,
    "rsd_pct": 1.8375434905110024,
    "micro": false
  },
  "liquid-c": {
    "mean": 59.47328364415763,
    "rsd_pct": 1.9951428862496703,
    "micro": false
  },
  "liquid-compile": {
    "mean": 52.028791525613066,
    "rsd_pct": 5.02819031863757,
    "micro": false
  },
  "liquid-render": {
    "mean": 108.30688192104192,
    "rsd_pct": 2.609111628489456,
    "micro": false
  },
  "mail": {
    "mean": 128.1973339737423,
    "rsd_pct": 0.21069404308050468,
    "micro": false
  },
  "psych-load": {
    "mean": 1809.4769259293873,
    "rsd_pct": 0.11756380895410806,
    "micro": false
  },
  "railsbench": {
    "mean": 1802.3849399139483,
    "rsd_pct": 1.1004448148927175,
    "micro": false
  },
  "ruby-lsp": {
    "mean": 58.438079699305845,
    "rsd_pct": 19.92661009782016,
    "micro": false
  },
  "sequel": {
    "mean": 67.36728793988793,
    "rsd_pct": 0.38716966193438085,
    "micro": false
  },
  "binarytrees": {
    "mean": 226.34022903035986,
    "rsd_pct": 0.08704546980202887,
    "micro": false
  },
  "chunky_png": {
    "mean": 645.3456011911234,
    "rsd_pct": 0.0641831374495983,
    "micro": false
  },
  "erubi": {
    "mean": 254.3143695936753,
    "rsd_pct": 0.8610106045070934,
    "micro": false
  },
  "etanni": {
    "mean": 412.1759564538176,
    "rsd_pct": 0.4564094524759315,
    "micro": false
  },
  "fannkuchredux": {
    "mean": 781.1708351224661,
    "rsd_pct": 7.278167684165933,
    "micro": false
  },
  "lee": {
    "mean": 919.0601922926448,
    "rsd_pct": 0.3556866421497253,
    "micro": false
  },
  "nbody": {
    "mean": 69.22032160865557,
    "rsd_pct": 0.07216019214639859,
    "micro": false
  },
  "optcarrot": {
    "mean": 2264.269887159268,
    "rsd_pct": 0.6189652302503582,
    "micro": false
  },
  "ruby-json": {
    "mean": 3018.1829700867333,
    "rsd_pct": 0.14847026302120697,
    "micro": false
  },
  "rubykon": {
    "mean": 6752.664696549376,
    "rsd_pct": 0.3932306551063218,
    "micro": false
  },
  "30k_ifelse": {
    "mean": 360.3537478568879,
    "rsd_pct": 0.060208330440503194,
    "micro": true
  },
  "30k_methods": {
    "mean": 862.3505505206792,
    "rsd_pct": 0.013292586714810276,
    "micro": true
  },
  "cfunc_itself": {
    "mean": 38.367468188025214,
    "rsd_pct": 0.19547861226853272,
    "micro": true
  },
  "fib": {
    "mean": 44.647774160174386,
    "rsd_pct": 0.04882077222642325,
    "micro": true
  },
  "getivar": {
    "mean": 21.15468417213596,
    "rsd_pct": 0.23232564940719358,
    "micro": true
  },
  "keyword_args": {
    "mean": 47.693376338247184,
    "rsd_pct": 0.12697298453419584,
    "micro": true
  },
  "respond_to": {
    "mean": 25.20125670285724,
    "rsd_pct": 0.8509892524217911,
    "micro": true
  },
  "setivar": {
    "mean": 11.995261476945577,
    "rsd_pct": 0.08620233317347108,
    "micro": true
  },
  "setivar_object": {
    "mean": 46.658562365745276,
    "rsd_pct": 5.046951358891251,
    "micro": true
  },
  "setivar_young": {
    "mean": 42.3335833632845,
    "rsd_pct": 1.7125819372279278,
    "micro": true
  },
  "str_concat": {
    "mean": 42.12545240455765,
    "rsd_pct": 1.4644506112479696,
    "micro": true
  },
  "throw": {
    "mean": 24.160167675334712,
    "rsd_pct": 0.2148262940117383,
    "micro": true
  }
}