{
  "activerecord": {
    "mean": 99.1748923269829,
    "rsd_pct": 0.7736172083036728,
    "micro": false
  },
  "hexapdf": {
    "mean": 2318.093932916721,
    "rsd_pct": 1.7109609799760763,
    "micro": false
  },
  "liquid-render": {
    "mean": 111.9183013750904,
    "rsd_pct": 1.9976558552954158,
    "micro": false
  },
  "mail": {
    "mean": 153.9431941197362,
    "rsd_pct": 0.1521405130394918,
    "micro": false
  },
  "psych-load": {
    "mean": 1871.6724557181199,
    "rsd_pct": 0.068458435371979,
    "micro": false
  },
  "railsbench": {
    "mean": 2109.1372775534787,
    "rsd_pct": 1.1762224013549754,
    "micro": false
  },
  "binarytrees": {
    "mean": 224.3261801986358,
    "rsd_pct": 3.909651601552534,
    "micro": false
  },
  "chunky_png": {
    "mean": 616.1939372541383,
    "rsd_pct": 0.059102096795872826,
    "micro": false
  },
  "erubi": {
    "mean": 293.1125800030819,
    "rsd_pct": 0.877047550739322,
    "micro": false
  },
  "erubi_rails": {
    "mean": 19.02514887598357,
    "rsd_pct": 3.4928036485816936,
    "micro": false
  },
  "etanni": {
    "mean": 468.7138378974937,
    "rsd_pct": 0.4938900407171624,
    "micro": false
  },
  "fannkuchredux": {
    "mean": 2314.648106197516,
    "rsd_pct": 0.05971300502202513,
    "micro": false
  },
  "lee": {
    "mean": 958.5635649040341,
    "rsd_pct": 2.1207702460576887,
    "micro": false
  },
  "nbody": {
    "mean": 81.76805648997606,
    "rsd_pct": 0.10547834555202061,
    "micro": false
  },
  "optcarrot": {
    "mean": 3079.547030478716,
    "rsd_pct": 0.37681202847081646,
    "micro": false
  },
  "ruby-lsp": {
    "mean": 82.29413852095604,
    "rsd_pct": 24.873932521269097,
    "micro": false
  },
  "rubykon": {
    "mean": 6622.280684610208,
    "rsd_pct": 1.406589676874079,
    "micro": false
  },
  "30k_ifelse": {
    "mean": 395.8359531313181,
    "rsd_pct": 0.09479681985636533,
    "micro": true
  },
  "30k_methods": {
    "mean": 947.6505374535918,
    "rsd_pct": 0.06110038202950049,
    "micro": true
  },
  "cfunc_itself": {
    "mean": 40.0125098281673,
    "rsd_pct": 0.1856138011267411,
    "micro": true
  },
  "fib": {
    "mean": 61.547557680519084,
    "rsd_pct": 0.05819837201115731,
    "micro": true
  },
  "getivar": {
    "mean": 46.84791236486233,
    "rsd_pct": 0.04906089627623731,
    "micro": true
  },
  "keyword_args": {
    "mean": 51.692436887072276,
    "rsd_pct": 0.20563715807779917,
    "micro": true
  },
  "respond_to": {
    "mean": 27.996339741573987,
    "rsd_pct": 0.4848475422486647,
    "micro": true
  },
  "setivar": {
    "mean": 47.658632774563394,
    "rsd_pct": 1.0921136772189681,
    "micro": true
  },
  "str_concat": {
    "mean": 43.13866442454786,
    "rsd_pct": 1.722840707255991,
    "micro": true
  }
}