{
  "activerecord": {
    "mean": 304.0510192015317,
    "rsd_pct": 0.20664791903339635,
    "micro": false
  },
  "hexapdf": {
    "mean": 6584.891949314624,
    "rsd_pct": 1.138387618063939,
    "micro": false
  },
  "liquid-render": {
    "mean": 394.6580748526113,
    "rsd_pct": 1.335172603174334,
    "micro": false
  },
  "mail": {
    "mean": 413.82733718159477,
    "rsd_pct": 0.1672449151000186,
    "micro": false
  },
  "psych-load": {
    "mean": 5416.333918397625,
    "rsd_pct": 0.43842267394133205,
    "micro": false
  },
  "railsbench": {
    "mean": 5961.725983489305,
    "rsd_pct": 1.8565850096981478,
    "micro": false
  },
  "ruby-lsp": {
    "mean": 204.71759841761045,
    "rsd_pct": 9.779837408549179,
    "micro": false
  },
  "binarytrees": {
    "mean": 539.0772415368363,
    "rsd_pct": 0.17894409526343677,
    "micro": false
  },
  "chunky_png": {
    "mean": 1562.122855859343,
    "rsd_pct": 0.04186325695724642,
    "micro": false
  },
  "erubi": {
    "mean": 731.6161355602422,
    "rsd_pct": 1.6562499900524208,
    "micro": false
  },
  "erubi_rails": {
    "mean": 48.46490960274936,
    "rsd_pct": 2.386812103170657,
    "micro": false
  },
  "etanni": {
    "mean": 1144.151050066792,
    "rsd_pct": 0.7805519871044421,
    "micro": false
  },
  "fannkuchredux": {
    "mean": 2394.563394110827,
    "rsd_pct": 0.12118449165020079,
    "micro": false
  },
  "lee": {
    "mean": 2254.8832538138545,
    "rsd_pct": 1.6462730934678325,
    "micro": false
  },
  "nbody": {
    "mean": 177.6901134324552,
    "rsd_pct": 0.06719404705038015,
    "micro": false
  },
  "optcarrot": {
    "mean": 10390.113352518529,
    "rsd_pct": 0.4307542919849356,
    "micro": false
  },
  "rubykon": {
    "mean": 21639.40594041099,
    "rsd_pct": 0.5266813048217139,
    "micro": false
  },
  "30k_ifelse": {
    "mean": 1890.344667006284,
    "rsd_pct": 2.2689488459763165,
    "micro": true
  },
  "30k_methods": {
    "mean": 3954.9713470274583,
    "rsd_pct": 0.06326857038476202,
    "micro": true
  },
  "cfunc_itself": {
    "mean": 109.23411933401106,
    "rsd_pct": 0.015397420532729616,
    "micro": true
  },
  "fib": {
    "mean": 175.37274653291178,
    "rsd_pct": 0.0054196820196158995,
    "micro": true
  },
  "getivar": {
    "mean": 107.90336663715131,
    "rsd_pct": 0.007540375193852949,
    "micro": true
  },
  "keyword_args": {
    "mean": 151.08088958853236,
    "rsd_pct": 0.014746033342716625,
    "micro": true
  },
  "respond_to": {
    "mean": 99.75514477859674,
    "rsd_pct": 0.6572623727051015,
    "micro": true
  },
  "setivar": {
    "mean": 50.03687284017146,
    "rsd_pct": 0.011177043247722474,
    "micro": true
  },
  "setivar_object": {
    "mean": 152.1345161716122,
    "rsd_pct": 27.425787887584058,
    "micro": true
  },
  "str_concat": {
    "mean": 106.37204566552488,
    "rsd_pct": 0.8394455700890383,
    "micro": true
  }
}