{
  "activerecord": {
    "mean": 93.64541334610793,
    "rsd_pct": 0.7655936738392871,
    "micro": false
  },
  "hexapdf": {
    "mean": 2163.044667802751,
    "rsd_pct": 2.5573496652308663,
    "micro": false
  },
  "liquid-render": {
    "mean": 114.09017128409522,
    "rsd_pct": 1.4109359845533458,
    "micro": false
  },
  "mail": {
    "mean": 140.35192584942578,
    "rsd_pct": 0.0832731334058763,
    "micro": false
  },
  "psych-load": {
    "mean": 1784.7302729884784,
    "rsd_pct": 0.021411252040876072,
    "micro": false
  },
  "railsbench": {
    "mean": 1959.0148072844993,
    "rsd_pct": 1.4042379503942577,
    "micro": false
  },
  "ruby-lsp": {
    "mean": 69.33702269024933,
    "rsd_pct": 18.18800286417485,
    "micro": false
  },
  "binarytrees": {
    "mean": 229.4882252205943,
    "rsd_pct": 0.05612177399557913,
    "micro": false
  },
  "chunky_png": {
    "mean": 628.56316676123,
    "rsd_pct": 0.052266041083248685,
    "micro": false
  },
  "erubi": {
    "mean": 289.64004999337095,
    "rsd_pct": 0.8438233380779111,
    "micro": false
  },
  "erubi_rails": {
    "mean": 17.179069703212615,
    "rsd_pct": 4.124880174399428,
    "micro": false
  },
  "etanni": {
    "mean": 463.14548539690844,
    "rsd_pct": 0.5138676293328026,
    "micro": false
  },
  "fannkuchredux": {
    "mean": 927.3808210799914,
    "rsd_pct": 0.24869429560604406,
    "micro": false
  },
  "lee": {
    "mean": 882.0681995077229,
    "rsd_pct": 1.9462814088252056,
    "micro": false
  },
  "nbody": {
    "mean": 74.08357763552145,
    "rsd_pct": 0.034398274813301426,
    "micro": false
  },
  "optcarrot": {
    "mean": 2578.785720700398,
    "rsd_pct": 0.44078735139716474,
    "micro": false
  },
  "rubykon": {
    "mean": 6738.236882304773,
    "rsd_pct": 0.45640573661664485,
    "micro": false
  },
  "30k_ifelse": {
    "mean": 398.9323591720313,
    "rsd_pct": 0.1350644177345835,
    "micro": true
  },
  "30k_methods": {
    "mean": 950.6410668021999,
    "rsd_pct": 0.031846975028295754,
    "micro": true
  },
  "cfunc_itself": {
    "mean": 43.963386227666966,
    "rsd_pct": 0.14579336856083874,
    "micro": true
  },
  "fib": {
    "mean": 63.341622969352365,
    "rsd_pct": 0.07040842463797037,
    "micro": true
  },
  "getivar": {
    "mean": 45.75861885197409,
    "rsd_pct": 0.2790010831784149,
    "micro": true
  },
  "keyword_args": {
    "mean": 52.03973331784558,
    "rsd_pct": 0.0531525095432643,
    "micro": true
  },
  "respond_to": {
    "mean": 28.813666261565935,
    "rsd_pct": 0.39762577027859547,
    "micro": true
  },
  "setivar": {
    "mean": 14.706280393532806,
    "rsd_pct": 0.09141755078977881,
    "micro": true
  },
  "setivar_object": {
    "mean": 54.6653985346188,
    "rsd_pct": 22.38476700292204,
    "micro": true
  },
  "str_concat": {
    "mean": 43.69814961860545,
    "rsd_pct": 1.7473829323155148,
    "micro": true
  }
}