{
  "activerecord": {
    "mean": 107.18756680518894,
    "rsd_pct": 0.26098133817952357,
    "micro": false
  },
  "hexapdf": {
    "mean": 2169.277068041265,
    "rsd_pct": 2.0358281685131208,
    "micro": false
  },
  "jekyll": {
    "mean": 7473.784629907459,
    "rsd_pct": 2.0174239460491497,
    "micro": false
  },
  "liquid-render": {
    "mean": 116.03763680676558,
    "rsd_pct": 2.4321442547673824,
    "micro": false
  },
  "mail": {
    "mean": 142.77535991456645,
    "rsd_pct": 0.33964098911936025,
    "micro": false
  },
  "psych-load": {
    "mean": 1613.1757679395378,
    "rsd_pct": 0.10546020443911036,
    "micro": false
  },
  "railsbench": {
    "mean": 2521.378406416625,
    "rsd_pct": 1.4569785596021527,
    "micro": false
  },
  "binarytrees": {
    "mean": 286.3395038526505,
    "rsd_pct": 2.656572363807295,
    "micro": false
  },
  "fannkuchredux": {
    "mean": 5409.756388515234,
    "rsd_pct": 0.035765898777685316,
    "micro": false
  },
  "lee": {
    "mean": 812.1140242864689,
    "rsd_pct": 1.2024097058538197,
    "micro": false
  },
  "nbody": {
    "mean": 75.20173798911856,
    "rsd_pct": 0.037810124734561384,
    "micro": false
  },
  "optcarrot": {
    "mean": 3103.4174839966,
    "rsd_pct": 0.58790738919152,
    "micro": false
  },
  "rubykon": {
    "mean": 5641.6222693398595,
    "rsd_pct": 0.3048509355499083,
    "micro": false
  },
  "30k_ifelse": {
    "mean": 318.36857908528367,
    "rsd_pct": 0.21749165518795296,
    "micro": true
  },
  "30k_methods": {
    "mean": 753.6749301806968,
    "rsd_pct": 0.019971672413406572,
    "micro": true
  },
  "cfunc_itself": {
    "mean": 41.73602218878396,
    "rsd_pct": 0.29050156583480946,
    "micro": true
  },
  "fib": {
    "mean": 52.08242790400982,
    "rsd_pct": 0.04615246102303757,
    "micro": true
  },
  "getivar": {
    "mean": 36.2336243256786,
    "rsd_pct": 0.12424689031321663,
    "micro": true
  },
  "keyword_args": {
    "mean": 46.48518505242969,
    "rsd_pct": 0.13140885759132392,
    "micro": true
  },
  "respond_to": {
    "mean": 154.50174935006848,
    "rsd_pct": 0.37201080431632877,
    "micro": true
  },
  "setivar": {
    "mean": 39.26425665897143,
    "rsd_pct": 0.10060641083370872,
    "micro": true
  }
}