{
  "activerecord": {
    "mean": 147.25858709061094,
    "rsd_pct": 0.20675361682780674,
    "micro": false
  },
  "hexapdf": {
    "mean": 6094.51480632027,
    "rsd_pct": 1.8283852957739686,
    "micro": false
  },
  "liquid-c": {
    "mean": 188.89727570872375,
    "rsd_pct": 1.7524407273715654,
    "micro": false
  },
  "liquid-render": {
    "mean": 365.3250982946095,
    "rsd_pct": 2.197156551452181,
    "micro": false
  },
  "mail": {
    "mean": 380.3850463865434,
    "rsd_pct": 0.13714269925315964,
    "micro": false
  },
  "psych-load": {
    "mean": 5231.412263338764,
    "rsd_pct": 0.03706548293908304,
    "micro": false
  },
  "railsbench": {
    "mean": 5417.542959252994,
    "rsd_pct": 0.7240657628035929,
    "micro": false
  },
  "ruby-lsp": {
    "mean": 185.79526394605637,
    "rsd_pct": 11.716773605734128,
    "micro": false
  },
  "sequel": {
    "mean": 199.45820972171364,
    "rsd_pct": 0.3184260775361165,
    "micro": false
  },
  "binarytrees": {
    "mean": 531.4781078181807,
    "rsd_pct": 0.4890143683179458,
    "micro": false
  },
  "chunky_png": {
    "mean": 1573.8577698357403,
    "rsd_pct": 0.05727681930314395,
    "micro": false
  },
  "erubi": {
    "mean": 570.3345522567441,
    "rsd_pct": 0.8193450004690167,
    "micro": false
  },
  "erubi_rails": {
    "mean": 44.54532413773706,
    "rsd_pct": 2.14683708246937,
    "micro": false
  },
  "etanni": {
    "mean": 927.3077870408694,
    "rsd_pct": 0.41520744566652595,
    "micro": false
  },
  "fannkuchredux": {
    "mean": 2020.3329400847788,
    "rsd_pct": 0.07420950221990745,
    "micro": false
  },
  "lee": {
    "mean": 2270.374341105873,
    "rsd_pct": 0.24838103491853664,
    "micro": false
  },
  "nbody": {
    "mean": 177.10794509147053,
    "rsd_pct": 0.06360102139169799,
    "micro": false
  },
  "optcarrot": {
    "mean": 10255.683378626904,
    "rsd_pct": 0.6579990271821126,
    "micro": false
  },
  "ruby-json": {
    "mean": 8269.468282411495,
    "rsd_pct": 0.11927024807513,
    "micro": false
  },
  "rubykon": {
    "mean": 20911.442091936868,
    "rsd_pct": 0.8690061351736892,
    "micro": false
  },
  "30k_ifelse": {
    "mean": 1931.3232093019055,
    "rsd_pct": 0.029488156700200344,
    "micro": true
  },
  "30k_methods": {
    "mean": 3893.6987090855837,
    "rsd_pct": 0.037236513813850645,
    "micro": true
  },
  "cfunc_itself": {
    "mean": 102.48203202280946,
    "rsd_pct": 0.011940894479519957,
    "micro": true
  },
  "fib": {
    "mean": 191.0875534160126,
    "rsd_pct": 0.005715603614419005,
    "micro": true
  },
  "getivar": {
    "mean": 107.46848329457394,
    "rsd_pct": 0.0078111727805351945,
    "micro": true
  },
  "keyword_args": {
    "mean": 190.41705654677997,
    "rsd_pct": 0.06255045755059442,
    "micro": true
  },
  "respond_to": {
    "mean": 99.0494807703484,
    "rsd_pct": 1.070096543351968,
    "micro": true
  },
  "setivar": {
    "mean": 50.040285681394366,
    "rsd_pct": 0.013919462252384654,
    "micro": true
  },
  "setivar_object": {
    "mean": 126.84750774405101,
    "rsd_pct": 1.3799457555606418,
    "micro": true
  },
  "setivar_young_object": {
    "mean": 124.00269794721748,
    "rsd_pct": 0.006756081885821618,
    "micro": true
  },
  "str_concat": {
    "mean": 116.20792929367022,
    "rsd_pct": 0.655536158629895,
    "micro": true
  },
  "throw": {
    "mean": 49.709245179787615,
    "rsd_pct": 0.16388157710454293,
    "micro": true
  }
}