{
  "activerecord": {
    "mean": 106.00495621885942,
    "rsd_pct": 1.6037281925263684,
    "micro": false
  },
  "hexapdf": {
    "mean": 2163.5926178346076,
    "rsd_pct": 1.134021186058579,
    "micro": false
  },
  "jekyll": {
    "mean": 7473.918199539185,
    "rsd_pct": 3.0820400416211378,
    "micro": false
  },
  "liquid-render": {
    "mean": 124.68888190004134,
    "rsd_pct": 1.6205899925174163,
    "micro": false
  },
  "mail": {
    "mean": 140.74486372121376,
    "rsd_pct": 0.27547633671307165,
    "micro": false
  },
  "psych-load": {
    "mean": 1712.3122832427423,
    "rsd_pct": 0.06101884995300815,
    "micro": false
  },
  "railsbench": {
    "mean": 2075.589537496368,
    "rsd_pct": 1.3613316084619305,
    "micro": false
  },
  "binarytrees": {
    "mean": 290.9227097297416,
    "rsd_pct": 0.08095834527444314,
    "micro": false
  },
  "erubi": {
    "mean": 408.36346575192044,
    "rsd_pct": 0.9317896301310012,
    "micro": false
  },
  "erubi_rails": {
    "mean": 33.54822037007361,
    "rsd_pct": 6.531881202829339,
    "micro": false
  },
  "fannkuchredux": {
    "mean": 5628.331171472867,
    "rsd_pct": 0.2772875329800996,
    "micro": false
  },
  "lee": {
    "mean": 755.599225560824,
    "rsd_pct": 1.9136656217728962,
    "micro": false
  },
  "nbody": {
    "mean": 74.62805103815613,
    "rsd_pct": 0.10012492064730413,
    "micro": false
  },
  "optcarrot": {
    "mean": 3111.9618450601897,
    "rsd_pct": 0.6234186982571733,
    "micro": false
  },
  "rubykon": {
    "mean": 5584.771154324214,
    "rsd_pct": 0.9115699647465515,
    "micro": false
  },
  "30k_ifelse": {
    "mean": 310.3626102383714,
    "rsd_pct": 0.08812403281487462,
    "micro": true
  },
  "30k_methods": {
    "mean": 753.4489883826329,
    "rsd_pct": 0.01885215343154114,
    "micro": true
  },
  "cfunc_itself": {
    "mean": 39.4943849421015,
    "rsd_pct": 0.29201792267000615,
    "micro": true
  },
  "fib": {
    "mean": 52.06844101889127,
    "rsd_pct": 0.03857731365479971,
    "micro": true
  },
  "getivar": {
    "mean": 35.456330282200085,
    "rsd_pct": 0.09394899569460553,
    "micro": true
  },
  "keyword_args": {
    "mean": 47.23401485731318,
    "rsd_pct": 0.10794578880719405,
    "micro": true
  },
  "respond_to": {
    "mean": 156.20559773068558,
    "rsd_pct": 0.788347765160683,
    "micro": true
  },
  "setivar": {
    "mean": 39.7165359191907,
    "rsd_pct": 0.42788535187529664,
    "micro": true
  }
}