{
  "activerecord": {
    "mean": 375.00389323880273,
    "rsd_pct": 0.5290184696801887,
    "micro": false
  },
  "hexapdf": {
    "mean": 7722.913391049951,
    "rsd_pct": 1.1776164347800975,
    "micro": false
  },
  "liquid-render": {
    "mean": 461.2627987936139,
    "rsd_pct": 1.2409170830214213,
    "micro": false
  },
  "mail": {
    "mean": 500.7960771448737,
    "rsd_pct": 0.15003454298152596,
    "micro": false
  },
  "psych-load": {
    "mean": 7093.721517082304,
    "rsd_pct": 0.010364785356930242,
    "micro": false
  },
  "railsbench": {
    "mean": 7150.648522314926,
    "rsd_pct": 0.6640134556548026,
    "micro": false
  },
  "binarytrees": {
    "mean": 542.5467156539006,
    "rsd_pct": 0.08841930378216928,
    "micro": false
  },
  "chunky_png": {
    "mean": 1598.30610707943,
    "rsd_pct": 0.1666847017359298,
    "micro": false
  },
  "erubi": {
    "mean": 735.4669098450399,
    "rsd_pct": 0.7546636107277017,
    "micro": false
  },
  "erubi_rails": {
    "mean": 59.41102625728682,
    "rsd_pct": 2.5589218749468263,
    "micro": false
  },
  "fannkuchredux": {
    "mean": 5841.876195091754,
    "rsd_pct": 0.16354171242786414,
    "micro": false
  },
  "lee": {
    "mean": 2571.1960677057505,
    "rsd_pct": 1.047514627318145,
    "micro": false
  },
  "nbody": {
    "mean": 210.29021453181034,
    "rsd_pct": 1.05913598178008,
    "micro": false
  },
  "optcarrot": {
    "mean": 14940.706711200377,
    "rsd_pct": 0.4296339742325012,
    "micro": false
  },
  "rubykon": {
    "mean": 25109.125928704936,
    "rsd_pct": 0.5529103929590117,
    "micro": false
  },
  "30k_ifelse": {
    "mean": 2628.0469222713195,
    "rsd_pct": 0.022099329945600692,
    "micro": true
  },
  "30k_methods": {
    "mean": 6007.863854892396,
    "rsd_pct": 0.32694433078187873,
    "micro": true
  },
  "cfunc_itself": {
    "mean": 107.98875035579202,
    "rsd_pct": 0.04178689588478388,
    "micro": true
  },
  "fib": {
    "mean": 199.65295221967003,
    "rsd_pct": 0.3249806509338203,
    "micro": true
  },
  "getivar": {
    "mean": 127.49635622132674,
    "rsd_pct": 0.0071276884187639,
    "micro": true
  },
  "keyword_args": {
    "mean": 152.18497807740846,
    "rsd_pct": 0.01085277798461041,
    "micro": true
  },
  "respond_to": {
    "mean": 98.3926226764159,
    "rsd_pct": 0.05791138391162053,
    "micro": true
  },
  "setivar": {
    "mean": 123.15767306967506,
    "rsd_pct": 0.00642039075932569,
    "micro": true
  },
  "str_concat": {
    "mean": 102.92386682009074,
    "rsd_pct": 0.8437623155456655,
    "micro": true
  }
}