{
  "activerecord": {
    "mean": 351.8749355985704,
    "rsd_pct": 0.18818917983391512,
    "micro": false
  },
  "hexapdf": {
    "mean": 6748.7181925525265,
    "rsd_pct": 1.5415003501494082,
    "micro": false
  },
  "liquid-render": {
    "mean": 393.5109299368092,
    "rsd_pct": 1.6102931504516285,
    "micro": false
  },
  "mail": {
    "mean": 410.2071744551801,
    "rsd_pct": 0.14673650969291274,
    "micro": false
  },
  "psych-load": {
    "mean": 5344.259342737496,
    "rsd_pct": 0.05640030963012477,
    "micro": false
  },
  "railsbench": {
    "mean": 6081.167320286234,
    "rsd_pct": 0.8627706723272821,
    "micro": false
  },
  "ruby-lsp": {
    "mean": 207.66753072126045,
    "rsd_pct": 9.85448362297807,
    "micro": false
  },
  "sequel": {
    "mean": 397.32224076556474,
    "rsd_pct": 2.144806141650125,
    "micro": false
  },
  "binarytrees": {
    "mean": 526.3458508653222,
    "rsd_pct": 0.08506860992631471,
    "micro": false
  },
  "chunky_png": {
    "mean": 1540.1238889899105,
    "rsd_pct": 0.07371246720214526,
    "micro": false
  },
  "erubi": {
    "mean": 574.7875239914999,
    "rsd_pct": 1.3108854298872352,
    "micro": false
  },
  "erubi_rails": {
    "mean": 51.47356497149934,
    "rsd_pct": 2.188634557107543,
    "micro": false
  },
  "etanni": {
    "mean": 889.7992372706843,
    "rsd_pct": 1.5409953355903891,
    "micro": false
  },
  "fannkuchredux": {
    "mean": 2282.5116880149358,
    "rsd_pct": 0.09217469645865897,
    "micro": false
  },
  "lee": {
    "mean": 2279.2006654753573,
    "rsd_pct": 0.4510084054666118,
    "micro": false
  },
  "nbody": {
    "mean": 176.99537246571435,
    "rsd_pct": 0.06670008898904456,
    "micro": false
  },
  "optcarrot": {
    "mean": 11066.95873234421,
    "rsd_pct": 0.3875256144947467,
    "micro": false
  },
  "rubykon": {
    "mean": 21108.73160281529,
    "rsd_pct": 0.22649545474999677,
    "micro": false
  },
  "30k_ifelse": {
    "mean": 1913.7842731922865,
    "rsd_pct": 0.11789141864806589,
    "micro": true
  },
  "30k_methods": {
    "mean": 3942.85127222538,
    "rsd_pct": 0.09945655669952476,
    "micro": true
  },
  "cfunc_itself": {
    "mean": 102.5689361121021,
    "rsd_pct": 0.03236893368017515,
    "micro": true
  },
  "fib": {
    "mean": 182.28397336143715,
    "rsd_pct": 0.006193927635284488,
    "micro": true
  },
  "getivar": {
    "mean": 107.46581930188684,
    "rsd_pct": 0.0068486928114555356,
    "micro": true
  },
  "keyword_args": {
    "mean": 144.826541126046,
    "rsd_pct": 0.007929611514112176,
    "micro": true
  },
  "respond_to": {
    "mean": 100.08509904629999,
    "rsd_pct": 1.1369480791081679,
    "micro": true
  },
  "setivar": {
    "mean": 50.0403463818555,
    "rsd_pct": 0.031925742374056196,
    "micro": true
  },
  "setivar_object": {
    "mean": 127.45682293001343,
    "rsd_pct": 1.0777910868661555,
    "micro": true
  },
  "str_concat": {
    "mean": 106.31971010647383,
    "rsd_pct": 1.0171433230754354,
    "micro": true
  }
}