{
  "activerecord": {
    "mean": 104.389125694676,
    "rsd_pct": 0.6102798284146037,
    "micro": false
  },
  "hexapdf": {
    "mean": 2330.819237728914,
    "rsd_pct": 1.292663801624434,
    "micro": false
  },
  "liquid-render": {
    "mean": 128.4080473285529,
    "rsd_pct": 1.7291206744890806,
    "micro": false
  },
  "mail": {
    "mean": 160.89005530546837,
    "rsd_pct": 0.16816332200087938,
    "micro": false
  },
  "psych-load": {
    "mean": 1915.9239536772172,
    "rsd_pct": 0.0260281360993894,
    "micro": false
  },
  "railsbench": {
    "mean": 2093.2977172235646,
    "rsd_pct": 1.1132807741327753,
    "micro": false
  },
  "binarytrees": {
    "mean": 354.29609716503006,
    "rsd_pct": 0.06556935652146895,
    "micro": false
  },
  "chunky_png": {
    "mean": 662.9162211741867,
    "rsd_pct": 0.03565815315550032,
    "micro": false
  },
  "erubi": {
    "mean": 400.6654340773821,
    "rsd_pct": 0.6320804462516506,
    "micro": false
  },
  "erubi_rails": {
    "mean": 21.051170051822876,
    "rsd_pct": 3.1686419711765246,
    "micro": false
  },
  "fannkuchredux": {
    "mean": 8490.014262249073,
    "rsd_pct": 0.11520455021746752,
    "micro": false
  },
  "lee": {
    "mean": 922.2036141547419,
    "rsd_pct": 0.6071361282611698,
    "micro": false
  },
  "nbody": {
    "mean": 88.81244113184376,
    "rsd_pct": 0.09038944000667237,
    "micro": false
  },
  "optcarrot": {
    "mean": 3417.0514084398746,
    "rsd_pct": 0.6018785323476551,
    "micro": false
  },
  "rubykon": {
    "mean": 7710.875058670838,
    "rsd_pct": 3.991647002561172,
    "micro": false
  },
  "30k_ifelse": {
    "mean": 363.63674693486905,
    "rsd_pct": 0.10025411250749518,
    "micro": true
  },
  "30k_methods": {
    "mean": 881.3010307706215,
    "rsd_pct": 0.018551924436989525,
    "micro": true
  },
  "cfunc_itself": {
    "mean": 45.317451551590224,
    "rsd_pct": 0.5802750017974143,
    "micro": true
  },
  "fib": {
    "mean": 63.401124330740124,
    "rsd_pct": 0.19374133873203517,
    "micro": true
  },
  "getivar": {
    "mean": 42.538126101668595,
    "rsd_pct": 0.0745841007454485,
    "micro": true
  },
  "keyword_args": {
    "mean": 53.33553837050521,
    "rsd_pct": 0.13151038896329,
    "micro": true
  },
  "respond_to": {
    "mean": 183.76068079292222,
    "rsd_pct": 0.18228770498817193,
    "micro": true
  },
  "setivar": {
    "mean": 54.007577866750324,
    "rsd_pct": 0.2991979114366569,
    "micro": true
  },
  "str_concat": {
    "mean": 109.36490632593632,
    "rsd_pct": 0.7674122571445059,
    "micro": true
  }
}