{
  "activerecord": {
    "mean": 104.87398279377216,
    "rsd_pct": 0.6556573086372436,
    "micro": false
  },
  "hexapdf": {
    "mean": 2400.9448612729707,
    "rsd_pct": 3.1479904172741877,
    "micro": false
  },
  "liquid-render": {
    "mean": 123.74622986282942,
    "rsd_pct": 1.5804782322697875,
    "micro": false
  },
  "mail": {
    "mean": 157.7857159899445,
    "rsd_pct": 0.1528395576826964,
    "micro": false
  },
  "psych-load": {
    "mean": 1894.7834772368271,
    "rsd_pct": 0.01840219657546518,
    "micro": false
  },
  "railsbench": {
    "mean": 2084.8600079615912,
    "rsd_pct": 1.2872128791041326,
    "micro": false
  },
  "binarytrees": {
    "mean": 365.81016035052016,
    "rsd_pct": 0.09880946791449133,
    "micro": false
  },
  "chunky_png": {
    "mean": 666.5634043514729,
    "rsd_pct": 0.6357687590081045,
    "micro": false
  },
  "erubi": {
    "mean": 323.1065581079389,
    "rsd_pct": 0.6816234825622496,
    "micro": false
  },
  "erubi_rails": {
    "mean": 19.6536260858639,
    "rsd_pct": 3.924809133641927,
    "micro": false
  },
  "fannkuchredux": {
    "mean": 2353.0562738577523,
    "rsd_pct": 0.009645438545754071,
    "micro": false
  },
  "lee": {
    "mean": 974.0978717803955,
    "rsd_pct": 1.723858278371423,
    "micro": false
  },
  "nbody": {
    "mean": 94.8951338908372,
    "rsd_pct": 0.10123074797042546,
    "micro": false
  },
  "optcarrot": {
    "mean": 3571.7930304507413,
    "rsd_pct": 0.8564941329869721,
    "micro": false
  },
  "rubykon": {
    "mean": 6738.902124017477,
    "rsd_pct": 0.5517630812724906,
    "micro": false
  },
  "30k_ifelse": {
    "mean": 352.2339792523001,
    "rsd_pct": 0.0816669135035858,
    "micro": true
  },
  "30k_methods": {
    "mean": 867.6137895408002,
    "rsd_pct": 0.017060352896431288,
    "micro": true
  },
  "cfunc_itself": {
    "mean": 47.23692160802126,
    "rsd_pct": 0.6469680141626413,
    "micro": true
  },
  "fib": {
    "mean": 63.300868809696226,
    "rsd_pct": 0.039314296279714805,
    "micro": true
  },
  "getivar": {
    "mean": 44.225702426214326,
    "rsd_pct": 0.10792320966156647,
    "micro": true
  },
  "keyword_args": {
    "mean": 54.390076077082654,
    "rsd_pct": 0.1544500881301939,
    "micro": true
  },
  "respond_to": {
    "mean": 189.01845567992754,
    "rsd_pct": 0.34988591890494586,
    "micro": true
  },
  "setivar": {
    "mean": 49.98886459417042,
    "rsd_pct": 0.21102781028470366,
    "micro": true
  },
  "str_concat": {
    "mean": 46.28512438247415,
    "rsd_pct": 1.2520837618584126,
    "micro": true
  }
}