{
  "activerecord": {
    "mean": 104.6844313471274,
    "rsd_pct": 0.5711586902686412,
    "micro": false
  },
  "hexapdf": {
    "mean": 2316.219456742207,
    "rsd_pct": 1.947120470729223,
    "micro": false
  },
  "liquid-render": {
    "mean": 128.9769338637397,
    "rsd_pct": 2.088527118770718,
    "micro": false
  },
  "mail": {
    "mean": 161.6625972390175,
    "rsd_pct": 1.157450600744917,
    "micro": false
  },
  "psych-load": {
    "mean": 2048.089579989513,
    "rsd_pct": 0.03478598641032419,
    "micro": false
  },
  "railsbench": {
    "mean": 2122.7762221048274,
    "rsd_pct": 1.416712239349005,
    "micro": false
  },
  "binarytrees": {
    "mean": 358.5658178789847,
    "rsd_pct": 0.058982740418594776,
    "micro": false
  },
  "chunky_png": {
    "mean": 658.8162589818239,
    "rsd_pct": 0.0756089481573179,
    "micro": false
  },
  "discourse": {
    "mean": 477.8852557718027,
    "rsd_pct": 1.4957721530647923,
    "micro": false
  },
  "erubi": {
    "mean": 391.771429926157,
    "rsd_pct": 0.6532451994219336,
    "micro": false
  },
  "erubi_rails": {
    "mean": 19.994796277858704,
    "rsd_pct": 3.602023374437429,
    "micro": false
  },
  "fannkuchredux": {
    "mean": 8852.591823786497,
    "rsd_pct": 0.14332032042246792,
    "micro": false
  },
  "lee": {
    "mean": 942.9227298214322,
    "rsd_pct": 0.04822113456402137,
    "micro": false
  },
  "nbody": {
    "mean": 90.64985928635528,
    "rsd_pct": 0.08193484504965329,
    "micro": false
  },
  "optcarrot": {
    "mean": 3427.0246708144746,
    "rsd_pct": 0.5855555620080887,
    "micro": false
  },
  "rubykon": {
    "mean": 7613.939545303583,
    "rsd_pct": 4.506939404738597,
    "micro": false
  },
  "30k_ifelse": {
    "mean": 355.3786783013493,
    "rsd_pct": 0.07663629408709698,
    "micro": true
  },
  "30k_methods": {
    "mean": 876.9374591383067,
    "rsd_pct": 0.015988991989130407,
    "micro": true
  },
  "cfunc_itself": {
    "mean": 45.28323627957796,
    "rsd_pct": 0.7343663432292806,
    "micro": true
  },
  "fib": {
    "mean": 63.30853686263707,
    "rsd_pct": 0.0369565737631002,
    "micro": true
  },
  "getivar": {
    "mean": 42.51286525616171,
    "rsd_pct": 0.05409742384696195,
    "micro": true
  },
  "keyword_args": {
    "mean": 52.98190419154553,
    "rsd_pct": 0.1467150361725974,
    "micro": true
  },
  "respond_to": {
    "mean": 188.3039969494039,
    "rsd_pct": 0.18007645432285832,
    "micro": true
  },
  "setivar": {
    "mean": 53.981307254143914,
    "rsd_pct": 0.24791966962729922,
    "micro": true
  },
  "str_concat": {
    "mean": 109.59027045723145,
    "rsd_pct": 0.7737675275137337,
    "micro": true
  }
}