{
  "activerecord": {
    "mean": 106.76574374696142,
    "rsd_pct": 1.3452729530123873,
    "micro": false
  },
  "hexapdf": {
    "mean": 2135.6979782382646,
    "rsd_pct": 1.1894059911998214,
    "micro": false
  },
  "jekyll": {
    "mean": 7376.36747173965,
    "rsd_pct": 2.4745804714692157,
    "micro": false
  },
  "liquid-render": {
    "mean": 113.85734021579,
    "rsd_pct": 2.003891524184581,
    "micro": false
  },
  "mail": {
    "mean": 141.86771206082182,
    "rsd_pct": 0.9009427862236464,
    "micro": false
  },
  "psych-load": {
    "mean": 1703.2101579010487,
    "rsd_pct": 0.6367375981617989,
    "micro": false
  },
  "railsbench": {
    "mean": 2072.7762476851544,
    "rsd_pct": 1.3688039965052392,
    "micro": false
  },
  "binarytrees": {
    "mean": 287.0432377411899,
    "rsd_pct": 0.07227368121024438,
    "micro": false
  },
  "erubi": {
    "mean": 416.1370588968006,
    "rsd_pct": 0.7667887281728971,
    "micro": false
  },
  "erubi_rails": {
    "mean": 33.842368207671896,
    "rsd_pct": 6.719941586509078,
    "micro": false
  },
  "fannkuchredux": {
    "mean": 5357.993213584025,
    "rsd_pct": 0.13566535066112947,
    "micro": false
  },
  "lee": {
    "mean": 736.2552600411268,
    "rsd_pct": 1.6536469300240433,
    "micro": false
  },
  "nbody": {
    "mean": 74.8475795237038,
    "rsd_pct": 0.03994507354497455,
    "micro": false
  },
  "optcarrot": {
    "mean": 3117.897643893957,
    "rsd_pct": 0.5756534593394187,
    "micro": false
  },
  "rubykon": {
    "mean": 5565.589894478519,
    "rsd_pct": 0.5670668553083672,
    "micro": false
  },
  "30k_ifelse": {
    "mean": 318.67324039922096,
    "rsd_pct": 0.07451785802307936,
    "micro": true
  },
  "30k_methods": {
    "mean": 738.7024304243149,
    "rsd_pct": 0.7139316237129482,
    "micro": true
  },
  "cfunc_itself": {
    "mean": 42.43443694691013,
    "rsd_pct": 0.2723225861560876,
    "micro": true
  },
  "fib": {
    "mean": 52.080744809371375,
    "rsd_pct": 0.058664743312114534,
    "micro": true
  },
  "getivar": {
    "mean": 35.46291929512528,
    "rsd_pct": 0.09791356362672761,
    "micro": true
  },
  "keyword_args": {
    "mean": 43.93102551086081,
    "rsd_pct": 0.23456772163976752,
    "micro": true
  },
  "respond_to": {
    "mean": 148.78402377559445,
    "rsd_pct": 0.3432402882292497,
    "micro": true
  },
  "setivar": {
    "mean": 41.96671959547144,
    "rsd_pct": 0.3299150474630215,
    "micro": true
  }
}