{
  "activerecord": {
    "mean": 323.5307537446109,
    "rsd_pct": 0.22711492985731246,
    "micro": false
  },
  "hexapdf": {
    "mean": 6227.794893085957,
    "rsd_pct": 1.7536671658266174,
    "micro": false
  },
  "liquid-c": {
    "mean": 193.53648158519164,
    "rsd_pct": 1.654243507497091,
    "micro": false
  },
  "liquid-render": {
    "mean": 369.5718645167194,
    "rsd_pct": 2.1188108382505697,
    "micro": false
  },
  "mail": {
    "mean": 376.820413115757,
    "rsd_pct": 0.25966645376763847,
    "micro": false
  },
  "psych-load": {
    "mean": 5445.559544612964,
    "rsd_pct": 0.0667480844626328,
    "micro": false
  },
  "railsbench": {
    "mean": 5559.5319385329885,
    "rsd_pct": 0.7420321849955884,
    "micro": false
  },
  "ruby-lsp": {
    "mean": 184.95901091330086,
    "rsd_pct": 12.071375748719543,
    "micro": false
  },
  "sequel": {
    "mean": 436.4990903585053,
    "rsd_pct": 2.5227460306092238,
    "micro": false
  },
  "binarytrees": {
    "mean": 534.0513216242904,
    "rsd_pct": 0.3472218071455413,
    "micro": false
  },
  "chunky_png": {
    "mean": 1525.4770058297343,
    "rsd_pct": 0.12476353294921308,
    "micro": false
  },
  "erubi": {
    "mean": 582.9188338704879,
    "rsd_pct": 0.8526084716123884,
    "micro": false
  },
  "erubi_rails": {
    "mean": 45.67326084331876,
    "rsd_pct": 2.0683625118307187,
    "micro": false
  },
  "etanni": {
    "mean": 905.0840253808668,
    "rsd_pct": 0.49678292892368836,
    "micro": false
  },
  "fannkuchredux": {
    "mean": 2026.9472946453354,
    "rsd_pct": 0.22055449005247227,
    "micro": false
  },
  "lee": {
    "mean": 2247.8076503390357,
    "rsd_pct": 0.23609186634424997,
    "micro": false
  },
  "nbody": {
    "mean": 177.22111781311295,
    "rsd_pct": 0.03972298137051694,
    "micro": false
  },
  "optcarrot": {
    "mean": 10380.357267707586,
    "rsd_pct": 0.5778945445223188,
    "micro": false
  },
  "ruby-json": {
    "mean": 8610.9195013841,
    "rsd_pct": 0.06566863455582828,
    "micro": false
  },
  "rubykon": {
    "mean": 20945.067425444722,
    "rsd_pct": 0.39140500125783184,
    "micro": false
  },
  "30k_ifelse": {
    "mean": 1931.878826499957,
    "rsd_pct": 0.031012752044036446,
    "micro": true
  },
  "30k_methods": {
    "mean": 3890.8022400878726,
    "rsd_pct": 0.07334025014537439,
    "micro": true
  },
  "cfunc_itself": {
    "mean": 102.70953892092956,
    "rsd_pct": 0.02018496287462939,
    "micro": true
  },
  "fib": {
    "mean": 191.09276546620916,
    "rsd_pct": 0.005730209107328969,
    "micro": true
  },
  "getivar": {
    "mean": 107.46821004111285,
    "rsd_pct": 0.007497070266007051,
    "micro": true
  },
  "keyword_args": {
    "mean": 190.39668569693694,
    "rsd_pct": 0.006058331460246315,
    "micro": true
  },
  "respond_to": {
    "mean": 99.3509128882845,
    "rsd_pct": 1.5841745828096911,
    "micro": true
  },
  "setivar": {
    "mean": 50.03760033183627,
    "rsd_pct": 0.011886238369954288,
    "micro": true
  },
  "setivar_object": {
    "mean": 127.91627912241735,
    "rsd_pct": 0.006938222685883222,
    "micro": true
  },
  "str_concat": {
    "mean": 97.39477821256452,
    "rsd_pct": 0.8355831841326736,
    "micro": true
  }
}