{
  "activerecord": {
    "mean": 42.39273739696693,
    "rsd_pct": 4.125619628053351,
    "micro": false
  },
  "erubi_rails": {
    "mean": 15.59118162898631,
    "rsd_pct": 21.089262592953183,
    "micro": false
  },
  "hexapdf": {
    "mean": 2101.3596031814814,
    "rsd_pct": 1.8282697088296163,
    "micro": false
  },
  "liquid-c": {
    "mean": 59.52329768998815,
    "rsd_pct": 1.8346796038901612,
    "micro": false
  },
  "liquid-compile": {
    "mean": 53.3920980344216,
    "rsd_pct": 4.689199857399366,
    "micro": false
  },
  "liquid-render": {
    "mean": 107.97096073023371,
    "rsd_pct": 2.4053438275235943,
    "micro": false
  },
  "mail": {
    "mean": 128.10882498534062,
    "rsd_pct": 0.33460689824534895,
    "micro": false
  },
  "psych-load": {
    "mean": 1828.1267281621695,
    "rsd_pct": 0.0969592816482434,
    "micro": false
  },
  "railsbench": {
    "mean": 1801.2921265016,
    "rsd_pct": 1.3342156141080392,
    "micro": false
  },
  "ruby-lsp": {
    "mean": 71.2874501320497,
    "rsd_pct": 29.64059390453759,
    "micro": false
  },
  "sequel": {
    "mean": 67.07115696511084,
    "rsd_pct": 1.3557672871962878,
    "micro": false
  },
  "binarytrees": {
    "mean": 218.3384603032699,
    "rsd_pct": 0.08198355044490582,
    "micro": false
  },
  "chunky_png": {
    "mean": 658.9203625296553,
    "rsd_pct": 0.33362364859292504,
    "micro": false
  },
  "erubi": {
    "mean": 255.2250627762614,
    "rsd_pct": 0.8455390565877161,
    "micro": false
  },
  "etanni": {
    "mean": 412.29276785937446,
    "rsd_pct": 0.4289367784940335,
    "micro": false
  },
  "fannkuchredux": {
    "mean": 757.7632921389662,
    "rsd_pct": 0.13927600184206554,
    "micro": false
  },
  "lee": {
    "mean": 915.432690953215,
    "rsd_pct": 0.27460062730401785,
    "micro": false
  },
  "nbody": {
    "mean": 68.99826075224316,
    "rsd_pct": 0.09261858988426491,
    "micro": false
  },
  "optcarrot": {
    "mean": 2276.7627350986004,
    "rsd_pct": 0.6301543030744116,
    "micro": false
  },
  "ruby-json": {
    "mean": 3457.696056738496,
    "rsd_pct": 0.1321173110789072,
    "micro": false
  },
  "rubykon": {
    "mean": 6766.64940615495,
    "rsd_pct": 0.3780774409413109,
    "micro": false
  },
  "30k_ifelse": {
    "mean": 360.3366734290665,
    "rsd_pct": 0.06313223442790766,
    "micro": true
  },
  "30k_methods": {
    "mean": 854.8127224911814,
    "rsd_pct": 0.018150055890986595,
    "micro": true
  },
  "cfunc_itself": {
    "mean": 38.56002879562755,
    "rsd_pct": 0.3209762071710901,
    "micro": true
  },
  "fib": {
    "mean": 44.58583377917031,
    "rsd_pct": 0.062595866206894,
    "micro": true
  },
  "getivar": {
    "mean": 21.16155700982562,
    "rsd_pct": 0.25990191782284094,
    "micro": true
  },
  "keyword_args": {
    "mean": 48.94658010544292,
    "rsd_pct": 0.25038714951207025,
    "micro": true
  },
  "respond_to": {
    "mean": 25.913799926638603,
    "rsd_pct": 0.6750350837185506,
    "micro": true
  },
  "setivar": {
    "mean": 11.995589672339198,
    "rsd_pct": 0.1259930465427423,
    "micro": true
  },
  "setivar_object": {
    "mean": 46.618082575795256,
    "rsd_pct": 5.706405911442688,
    "micro": true
  },
  "setivar_young": {
    "mean": 42.29063412048301,
    "rsd_pct": 1.4042636947871556,
    "micro": true
  },
  "str_concat": {
    "mean": 42.608662268150844,
    "rsd_pct": 1.4769887535147272,
    "micro": true
  },
  "throw": {
    "mean": 23.38134496968392,
    "rsd_pct": 0.2575718085123507,
    "micro": true
  }
}