{
  "activerecord": {
    "mean": 106.30703944898113,
    "rsd_pct": 0.3968834993491223,
    "micro": false
  },
  "hexapdf": {
    "mean": 2169.8834081490836,
    "rsd_pct": 1.2941917682055732,
    "micro": false
  },
  "liquid-render": {
    "mean": 125.91033914359286,
    "rsd_pct": 2.6738998631823723,
    "micro": false
  },
  "mail": {
    "mean": 142.55106200331025,
    "rsd_pct": 0.8136837119516651,
    "micro": false
  },
  "psych-load": {
    "mean": 1774.9083774785202,
    "rsd_pct": 1.6569143744855082,
    "micro": false
  },
  "railsbench": {
    "mean": 2142.407044147452,
    "rsd_pct": 1.6559867475513874,
    "micro": false
  },
  "binarytrees": {
    "mean": 280.1769917940392,
    "rsd_pct": 3.503414338530145,
    "micro": false
  },
  "erubi": {
    "mean": 359.38719038053284,
    "rsd_pct": 0.7711439481559673,
    "micro": false
  },
  "erubi_rails": {
    "mean": 20.05152626888557,
    "rsd_pct": 3.924673408609846,
    "micro": false
  },
  "fannkuchredux": {
    "mean": 5575.504595662157,
    "rsd_pct": 0.20646118221588625,
    "micro": false
  },
  "lee": {
    "mean": 741.1666467647862,
    "rsd_pct": 0.7587697830312364,
    "micro": false
  },
  "nbody": {
    "mean": 74.5075786317924,
    "rsd_pct": 0.05870135675070483,
    "micro": false
  },
  "optcarrot": {
    "mean": 3057.2468496859074,
    "rsd_pct": 0.9607340167312785,
    "micro": false
  },
  "rubykon": {
    "mean": 5671.091241389513,
    "rsd_pct": 1.1607580867665963,
    "micro": false
  },
  "30k_ifelse": {
    "mean": 319.06389178564916,
    "rsd_pct": 0.10791285292612804,
    "micro": true
  },
  "30k_methods": {
    "mean": 742.201377603191,
    "rsd_pct": 0.16918753627718808,
    "micro": true
  },
  "cfunc_itself": {
    "mean": 38.66816840779323,
    "rsd_pct": 0.19843990831240363,
    "micro": true
  },
  "fib": {
    "mean": 52.06645411775686,
    "rsd_pct": 0.05816455178183516,
    "micro": true
  },
  "getivar": {
    "mean": 35.45902307156877,
    "rsd_pct": 0.026045217283386424,
    "micro": true
  },
  "keyword_args": {
    "mean": 45.69799085201203,
    "rsd_pct": 0.1428990425406222,
    "micro": true
  },
  "respond_to": {
    "mean": 161.9184611054758,
    "rsd_pct": 0.20648685799968752,
    "micro": true
  },
  "setivar": {
    "mean": 43.74754796490858,
    "rsd_pct": 0.11898787177736939,
    "micro": true
  }
}