{
  "activerecord": {
    "mean": 94.72314206556686,
    "rsd_pct": 0.6939706498830874,
    "micro": false
  },
  "hexapdf": {
    "mean": 2292.8370696802936,
    "rsd_pct": 1.5588442107413858,
    "micro": false
  },
  "liquid-render": {
    "mean": 129.92568493082925,
    "rsd_pct": 0.8558511285081467,
    "micro": false
  },
  "mail": {
    "mean": 162.2474459150145,
    "rsd_pct": 0.10199391361982917,
    "micro": false
  },
  "psych-load": {
    "mean": 1929.0224010745685,
    "rsd_pct": 0.01729379860391629,
    "micro": false
  },
  "railsbench": {
    "mean": 2029.205694546302,
    "rsd_pct": 1.1971314192065374,
    "micro": false
  },
  "ruby-lsp": {
    "mean": 71.47929069700001,
    "rsd_pct": 16.880006131898664,
    "micro": false
  },
  "binarytrees": {
    "mean": 236.14795634611733,
    "rsd_pct": 0.0666230135571103,
    "micro": false
  },
  "chunky_png": {
    "mean": 626.5241662340779,
    "rsd_pct": 0.059977444144178285,
    "micro": false
  },
  "erubi": {
    "mean": 291.29821850337845,
    "rsd_pct": 1.0521179156144893,
    "micro": false
  },
  "erubi_rails": {
    "mean": 17.688641459203037,
    "rsd_pct": 3.666907415204605,
    "micro": false
  },
  "etanni": {
    "mean": 473.36150900948616,
    "rsd_pct": 0.48661193680481346,
    "micro": false
  },
  "fannkuchredux": {
    "mean": 2301.2370536724725,
    "rsd_pct": 0.2937535442029638,
    "micro": false
  },
  "lee": {
    "mean": 903.9816874123755,
    "rsd_pct": 1.6483114842919935,
    "micro": false
  },
  "nbody": {
    "mean": 78.47059227199668,
    "rsd_pct": 0.0849938479770935,
    "micro": false
  },
  "optcarrot": {
    "mean": 2938.6898706356683,
    "rsd_pct": 0.3887169486458271,
    "micro": false
  },
  "rubykon": {
    "mean": 6651.392504076163,
    "rsd_pct": 0.5447042830262021,
    "micro": false
  },
  "30k_ifelse": {
    "mean": 388.9704089611769,
    "rsd_pct": 0.1154250388596112,
    "micro": true
  },
  "30k_methods": {
    "mean": 962.0964335277677,
    "rsd_pct": 0.044083726655052204,
    "micro": true
  },
  "cfunc_itself": {
    "mean": 41.501276195049286,
    "rsd_pct": 0.2953029665949834,
    "micro": true
  },
  "fib": {
    "mean": 60.96751894801855,
    "rsd_pct": 0.043248863450453416,
    "micro": true
  },
  "getivar": {
    "mean": 46.95820023908335,
    "rsd_pct": 0.06101423567536289,
    "micro": true
  },
  "keyword_args": {
    "mean": 53.5550966466728,
    "rsd_pct": 0.40311852610118176,
    "micro": true
  },
  "respond_to": {
    "mean": 28.86888265949369,
    "rsd_pct": 0.45333492764887656,
    "micro": true
  },
  "setivar": {
    "mean": 48.353949116904346,
    "rsd_pct": 0.26438806748615296,
    "micro": true
  },
  "str_concat": {
    "mean": 46.61474740882029,
    "rsd_pct": 1.5854698052841971,
    "micro": true
  }
}