{
  "activerecord": {
    "mean": 337.3830349197941,
    "rsd_pct": 0.5172434839669439,
    "micro": false
  },
  "hexapdf": {
    "mean": 7415.758259470264,
    "rsd_pct": 0.8379541359271838,
    "micro": false
  },
  "liquid-render": {
    "mean": 442.9558841458691,
    "rsd_pct": 1.45795089511723,
    "micro": false
  },
  "mail": {
    "mean": 578.8151271168201,
    "rsd_pct": 0.3305365775547707,
    "micro": false
  },
  "psych-load": {
    "mean": 6242.306132055819,
    "rsd_pct": 0.04368300347326823,
    "micro": false
  },
  "railsbench": {
    "mean": 6517.374984112878,
    "rsd_pct": 0.6606720071799457,
    "micro": false
  },
  "binarytrees": {
    "mean": 571.6523204268102,
    "rsd_pct": 3.451709616269122,
    "micro": false
  },
  "chunky_png": {
    "mean": 1639.3578024280648,
    "rsd_pct": 0.1002465267962589,
    "micro": false
  },
  "erubi": {
    "mean": 756.3531198949718,
    "rsd_pct": 0.9695224866848873,
    "micro": false
  },
  "erubi_rails": {
    "mean": 52.455933111653586,
    "rsd_pct": 2.3601660423945274,
    "micro": false
  },
  "etanni": {
    "mean": 1205.391715746373,
    "rsd_pct": 0.8897872557141252,
    "micro": false
  },
  "fannkuchredux": {
    "mean": 5996.039957428972,
    "rsd_pct": 0.28118450091690866,
    "micro": false
  },
  "lee": {
    "mean": 2486.6386066590035,
    "rsd_pct": 0.2646160166995225,
    "micro": false
  },
  "nbody": {
    "mean": 227.41507550678875,
    "rsd_pct": 0.2622332285696613,
    "micro": false
  },
  "optcarrot": {
    "mean": 15205.83568122238,
    "rsd_pct": 0.40120886366086955,
    "micro": false
  },
  "ruby-lsp": {
    "mean": 238.93178304137007,
    "rsd_pct": 9.291689046714025,
    "micro": false
  },
  "rubykon": {
    "mean": 24076.65474327902,
    "rsd_pct": 0.36394449292392683,
    "micro": false
  },
  "30k_ifelse": {
    "mean": 2360.7143651389956,
    "rsd_pct": 0.045574634040037885,
    "micro": true
  },
  "30k_methods": {
    "mean": 5164.774898020551,
    "rsd_pct": 0.08064388619261802,
    "micro": true
  },
  "cfunc_itself": {
    "mean": 117.25706101501194,
    "rsd_pct": 0.005886546037896917,
    "micro": true
  },
  "fib": {
    "mean": 225.64720623814176,
    "rsd_pct": 0.004331175135377854,
    "micro": true
  },
  "getivar": {
    "mean": 118.35008983373503,
    "rsd_pct": 0.01822353977023197,
    "micro": true
  },
  "keyword_args": {
    "mean": 155.95009422654078,
    "rsd_pct": 0.006113913487627027,
    "micro": true
  },
  "respond_to": {
    "mean": 114.01854737255817,
    "rsd_pct": 0.9963699303029077,
    "micro": true
  },
  "setivar": {
    "mean": 113.57327743926469,
    "rsd_pct": 0.011984790757843802,
    "micro": true
  },
  "str_concat": {
    "mean": 118.12352887792592,
    "rsd_pct": 0.900076852537943,
    "micro": true
  }
}