{
  "activerecord": {
    "mean": 105.50192473217463,
    "rsd_pct": 1.325046630763578,
    "micro": false
  },
  "hexapdf": {
    "mean": 2118.3197328199944,
    "rsd_pct": 0.9350335831152919,
    "micro": false
  },
  "liquid-render": {
    "mean": 110.59785373304244,
    "rsd_pct": 2.3377383668553438,
    "micro": false
  },
  "mail": {
    "mean": 144.34385946434406,
    "rsd_pct": 2.045642668998318,
    "micro": false
  },
  "psych-load": {
    "mean": 1673.4250276039045,
    "rsd_pct": 0.5849329276476183,
    "micro": false
  },
  "railsbench": {
    "mean": 2138.7102026492357,
    "rsd_pct": 1.6011129237266488,
    "micro": false
  },
  "binarytrees": {
    "mean": 291.6201308807906,
    "rsd_pct": 0.10508201240299105,
    "micro": false
  },
  "erubi": {
    "mean": 363.89327701181173,
    "rsd_pct": 0.8967907859948885,
    "micro": false
  },
  "erubi_rails": {
    "mean": 20.368299220557358,
    "rsd_pct": 3.953039292448873,
    "micro": false
  },
  "fannkuchredux": {
    "mean": 5634.197291110952,
    "rsd_pct": 0.07069213965329393,
    "micro": false
  },
  "lee": {
    "mean": 765.380037876849,
    "rsd_pct": 1.7643088692897415,
    "micro": false
  },
  "nbody": {
    "mean": 73.92032372252065,
    "rsd_pct": 0.05580087856582057,
    "micro": false
  },
  "optcarrot": {
    "mean": 3173.8746179888644,
    "rsd_pct": 0.5886079735917729,
    "micro": false
  },
  "rubykon": {
    "mean": 5634.848542883992,
    "rsd_pct": 0.5378337501354976,
    "micro": false
  },
  "30k_ifelse": {
    "mean": 312.9810211539734,
    "rsd_pct": 0.0737775469455302,
    "micro": true
  },
  "30k_methods": {
    "mean": 743.628770686113,
    "rsd_pct": 0.026291677343817075,
    "micro": true
  },
  "cfunc_itself": {
    "mean": 37.79224855279539,
    "rsd_pct": 0.24050485672644203,
    "micro": true
  },
  "fib": {
    "mean": 52.28912623230523,
    "rsd_pct": 0.10039904740832722,
    "micro": true
  },
  "getivar": {
    "mean": 35.46693421156763,
    "rsd_pct": 0.03625894537768909,
    "micro": true
  },
  "keyword_args": {
    "mean": 44.08285042996559,
    "rsd_pct": 0.23047309331027066,
    "micro": true
  },
  "respond_to": {
    "mean": 162.03502112427566,
    "rsd_pct": 0.16757671970261748,
    "micro": true
  },
  "setivar": {
    "mean": 44.29832901427224,
    "rsd_pct": 0.306571689911577,
    "micro": true
  }
}