{
  "activerecord": {
    "mean": 112.42372878561062,
    "rsd_pct": 2.276310878158598,
    "micro": false
  },
  "jekyll": {
    "mean": 7720.536825642921,
    "rsd_pct": 2.749656111088235,
    "micro": false
  },
  "liquid-render": {
    "mean": 150.4193573406466,
    "rsd_pct": 1.6375274233385098,
    "micro": false
  },
  "mail": {
    "mean": 142.5277825480757,
    "rsd_pct": 1.7551533759148061,
    "micro": false
  },
  "psych-load": {
    "mean": 1814.058616803959,
    "rsd_pct": 0.34277265277553054,
    "micro": false
  },
  "railsbench": {
    "mean": 2725.449500675313,
    "rsd_pct": 1.6387705648938458,
    "micro": false
  },
  "binarytrees": {
    "mean": 302.24438932756976,
    "rsd_pct": 0.47255124666335396,
    "micro": false
  },
  "fannkuchredux": {
    "mean": 5566.540271905251,
    "rsd_pct": 0.11841100925323512,
    "micro": false
  },
  "lee": {
    "mean": 796.4613034127979,
    "rsd_pct": 1.6815054039365542,
    "micro": false
  },
  "nbody": {
    "mean": 112.47842802965481,
    "rsd_pct": 0.11263053673201395,
    "micro": false
  },
  "optcarrot": {
    "mean": 3147.6377092767507,
    "rsd_pct": 0.31946611771762484,
    "micro": false
  },
  "30k_ifelse": {
    "mean": 325.499387594926,
    "rsd_pct": 0.35286552844816976,
    "micro": true
  },
  "30k_methods": {
    "mean": 717.4073587585655,
    "rsd_pct": 0.07226906807447385,
    "micro": true
  },
  "cfunc_itself": {
    "mean": 55.23433629951042,
    "rsd_pct": 0.3014422393352906,
    "micro": true
  },
  "fib": {
    "mean": 58.39355203865639,
    "rsd_pct": 0.0735979391865455,
    "micro": true
  },
  "getivar": {
    "mean": 36.264882959199674,
    "rsd_pct": 0.035925671877090615,
    "micro": true
  },
  "respond_to": {
    "mean": 154.9194232133838,
    "rsd_pct": 0.4134408377320579,
    "micro": true
  },
  "setivar": {
    "mean": 41.82475024745578,
    "rsd_pct": 0.2855421267057231,
    "micro": true
  }
}