{
  "activerecord": {
    "mean": 112.59933049513258,
    "rsd_pct": 0.5383847146839185,
    "micro": false
  },
  "hexapdf": {
    "mean": 2396.181669489791,
    "rsd_pct": 2.117093239574418,
    "micro": false
  },
  "liquid-render": {
    "mean": 128.5617479117088,
    "rsd_pct": 1.9419656142510904,
    "micro": false
  },
  "mail": {
    "mean": 163.11017467953326,
    "rsd_pct": 0.3412975760140789,
    "micro": false
  },
  "psych-load": {
    "mean": 1926.0333935264498,
    "rsd_pct": 0.04927149287851782,
    "micro": false
  },
  "railsbench": {
    "mean": 2192.088986001909,
    "rsd_pct": 1.2707135344023226,
    "micro": false
  },
  "binarytrees": {
    "mean": 360.94094481392716,
    "rsd_pct": 0.3757301639356955,
    "micro": false
  },
  "discourse": {
    "mean": 615.2305228786324,
    "rsd_pct": 15.394305511441456,
    "micro": false
  },
  "erubi": {
    "mean": 408.58072621631436,
    "rsd_pct": 0.7980760725392497,
    "micro": false
  },
  "erubi_rails": {
    "mean": 20.6693212848649,
    "rsd_pct": 3.38352989439677,
    "micro": false
  },
  "fannkuchredux": {
    "mean": 7061.034945243348,
    "rsd_pct": 0.07406196271302588,
    "micro": false
  },
  "lee": {
    "mean": 914.3876943936838,
    "rsd_pct": 1.5352081893905494,
    "micro": false
  },
  "nbody": {
    "mean": 86.58256451842676,
    "rsd_pct": 0.46357370812073073,
    "micro": false
  },
  "optcarrot": {
    "mean": 3668.139959825203,
    "rsd_pct": 0.5680587780478626,
    "micro": false
  },
  "rubykon": {
    "mean": 6660.42771449623,
    "rsd_pct": 0.4366896434854813,
    "micro": false
  },
  "30k_ifelse": {
    "mean": 357.4939970138737,
    "rsd_pct": 0.17200429120104685,
    "micro": true
  },
  "30k_methods": {
    "mean": 879.5437069228766,
    "rsd_pct": 0.059904500921247494,
    "micro": true
  },
  "cfunc_itself": {
    "mean": 47.01591127615591,
    "rsd_pct": 0.934269144827747,
    "micro": true
  },
  "fib": {
    "mean": 62.48685296086478,
    "rsd_pct": 0.5929932540380786,
    "micro": true
  },
  "getivar": {
    "mean": 42.553113301059405,
    "rsd_pct": 0.6762793687286434,
    "micro": true
  },
  "keyword_args": {
    "mean": 53.08757354912968,
    "rsd_pct": 0.696648118976401,
    "micro": true
  },
  "respond_to": {
    "mean": 193.30833328878688,
    "rsd_pct": 1.8668849060605366,
    "micro": true
  },
  "setivar": {
    "mean": 52.488899185915386,
    "rsd_pct": 0.5693724891024281,
    "micro": true
  }
}