{
  "activerecord": {
    "mean": 103.38773394111918,
    "rsd_pct": 0.4913808558151298,
    "micro": false
  },
  "hexapdf": {
    "mean": 1980.5850190731387,
    "rsd_pct": 1.960190183888361,
    "micro": false
  },
  "liquid-c": {
    "mean": 58.51792554914558,
    "rsd_pct": 2.1519388069245475,
    "micro": false
  },
  "liquid-render": {
    "mean": 106.07652751679875,
    "rsd_pct": 2.7512911243964058,
    "micro": false
  },
  "mail": {
    "mean": 131.6210642913418,
    "rsd_pct": 0.29797110437372853,
    "micro": false
  },
  "psych-load": {
    "mean": 1796.293678600341,
    "rsd_pct": 0.0856134727599145,
    "micro": false
  },
  "railsbench": {
    "mean": 1837.2263606637716,
    "rsd_pct": 1.1820769132841458,
    "micro": false
  },
  "ruby-lsp": {
    "mean": 58.847844352050075,
    "rsd_pct": 20.15690583701459,
    "micro": false
  },
  "sequel": {
    "mean": 160.8631177129404,
    "rsd_pct": 2.4066889933560853,
    "micro": false
  },
  "binarytrees": {
    "mean": 239.01644231841328,
    "rsd_pct": 0.049955894037733616,
    "micro": false
  },
  "chunky_png": {
    "mean": 624.6118343115086,
    "rsd_pct": 0.05594664311424368,
    "micro": false
  },
  "erubi": {
    "mean": 253.7311175181411,
    "rsd_pct": 0.9345215234465352,
    "micro": false
  },
  "erubi_rails": {
    "mean": 15.541011444904727,
    "rsd_pct": 3.2863798490066882,
    "micro": false
  },
  "etanni": {
    "mean": 411.1743647178325,
    "rsd_pct": 0.46435517527585507,
    "micro": false
  },
  "fannkuchredux": {
    "mean": 839.7974912077188,
    "rsd_pct": 0.24563817226480963,
    "micro": false
  },
  "lee": {
    "mean": 907.16827027923,
    "rsd_pct": 0.3777255373840979,
    "micro": false
  },
  "nbody": {
    "mean": 76.81220572334357,
    "rsd_pct": 0.08176213425034895,
    "micro": false
  },
  "optcarrot": {
    "mean": 2569.876306348791,
    "rsd_pct": 0.6802560556969904,
    "micro": false
  },
  "ruby-json": {
    "mean": 3099.2337168504796,
    "rsd_pct": 0.07269424540218375,
    "micro": false
  },
  "rubykon": {
    "mean": 6774.176524051775,
    "rsd_pct": 1.9969288562788745,
    "micro": false
  },
  "30k_ifelse": {
    "mean": 426.60361752116484,
    "rsd_pct": 0.09650748225899576,
    "micro": true
  },
  "30k_methods": {
    "mean": 951.1082219425589,
    "rsd_pct": 0.0661652727037742,
    "micro": true
  },
  "cfunc_itself": {
    "mean": 42.08170800910968,
    "rsd_pct": 0.2764288280748974,
    "micro": true
  },
  "fib": {
    "mean": 61.87879296607877,
    "rsd_pct": 0.03986872137600631,
    "micro": true
  },
  "getivar": {
    "mean": 45.80210443957786,
    "rsd_pct": 0.06540467355579287,
    "micro": true
  },
  "keyword_args": {
    "mean": 53.74962139639363,
    "rsd_pct": 0.1787845420372927,
    "micro": true
  },
  "respond_to": {
    "mean": 30.544018155727137,
    "rsd_pct": 0.38292369293891443,
    "micro": true
  },
  "setivar": {
    "mean": 14.811919068020803,
    "rsd_pct": 0.13680257107076274,
    "micro": true
  },
  "setivar_object": {
    "mean": 47.926781998335315,
    "rsd_pct": 0.04220803141135745,
    "micro": true
  },
  "str_concat": {
    "mean": 42.94840415241197,
    "rsd_pct": 1.50921063107681,
    "micro": true
  }
}