{
  "activerecord": {
    "mean": 328.5755859299873,
    "rsd_pct": 0.1172560620420838,
    "micro": false
  },
  "hexapdf": {
    "mean": 6373.939134304722,
    "rsd_pct": 1.4799552811208838,
    "micro": false
  },
  "liquid-c": {
    "mean": 191.71450327289,
    "rsd_pct": 1.620053564097808,
    "micro": false
  },
  "liquid-render": {
    "mean": 366.1372806778864,
    "rsd_pct": 2.17168668013839,
    "micro": false
  },
  "mail": {
    "mean": 374.940451479664,
    "rsd_pct": 0.25762090049968317,
    "micro": false
  },
  "psych-load": {
    "mean": 5354.01078214248,
    "rsd_pct": 0.08646889002232262,
    "micro": false
  },
  "railsbench": {
    "mean": 5569.286389028032,
    "rsd_pct": 0.7033705425299499,
    "micro": false
  },
  "ruby-lsp": {
    "mean": 185.57024043776207,
    "rsd_pct": 11.40273043622382,
    "micro": false
  },
  "sequel": {
    "mean": 401.03800546515873,
    "rsd_pct": 2.090713484703981,
    "micro": false
  },
  "binarytrees": {
    "mean": 534.6523922594155,
    "rsd_pct": 1.1487506771441793,
    "micro": false
  },
  "chunky_png": {
    "mean": 1513.0419964271207,
    "rsd_pct": 0.08156615758718909,
    "micro": false
  },
  "erubi": {
    "mean": 583.3293025535119,
    "rsd_pct": 0.8112260220298235,
    "micro": false
  },
  "erubi_rails": {
    "mean": 46.992614772964316,
    "rsd_pct": 2.1031700507918307,
    "micro": false
  },
  "etanni": {
    "mean": 908.1550446959833,
    "rsd_pct": 0.40917586906783615,
    "micro": false
  },
  "fannkuchredux": {
    "mean": 2021.25047341637,
    "rsd_pct": 0.09096215669437838,
    "micro": false
  },
  "lee": {
    "mean": 2408.8569854696593,
    "rsd_pct": 0.24777601670554408,
    "micro": false
  },
  "nbody": {
    "mean": 181.67273779093784,
    "rsd_pct": 0.32285813455757306,
    "micro": false
  },
  "optcarrot": {
    "mean": 10281.164936597148,
    "rsd_pct": 0.6815906016017121,
    "micro": false
  },
  "ruby-json": {
    "mean": 8299.456060926119,
    "rsd_pct": 0.08013946307649358,
    "micro": false
  },
  "rubykon": {
    "mean": 21293.029120316107,
    "rsd_pct": 0.3761739726096141,
    "micro": false
  },
  "30k_ifelse": {
    "mean": 1930.8304050937295,
    "rsd_pct": 0.03090947799308529,
    "micro": true
  },
  "30k_methods": {
    "mean": 3873.1638751037062,
    "rsd_pct": 0.06873645684949758,
    "micro": true
  },
  "cfunc_itself": {
    "mean": 102.71149975438622,
    "rsd_pct": 0.017116754543679485,
    "micro": true
  },
  "fib": {
    "mean": 191.09297848822717,
    "rsd_pct": 0.0060526723890730865,
    "micro": true
  },
  "getivar": {
    "mean": 107.46897193987708,
    "rsd_pct": 0.00782192899391394,
    "micro": true
  },
  "keyword_args": {
    "mean": 190.37654279400743,
    "rsd_pct": 0.007936508175052119,
    "micro": true
  },
  "respond_to": {
    "mean": 106.41882090586675,
    "rsd_pct": 1.1325541133392725,
    "micro": true
  },
  "setivar": {
    "mean": 50.039192332129936,
    "rsd_pct": 0.012492235063748082,
    "micro": true
  },
  "setivar_object": {
    "mean": 127.973681067427,
    "rsd_pct": 0.00624618059452072,
    "micro": true
  },
  "str_concat": {
    "mean": 97.10818340042324,
    "rsd_pct": 0.9231289064000244,
    "micro": true
  }
}