{
  "activerecord": {
    "mean": 104.94469990229977,
    "rsd_pct": 0.5230443922781831,
    "micro": false
  },
  "hexapdf": {
    "mean": 2348.572592313091,
    "rsd_pct": 1.0622694941779594,
    "micro": false
  },
  "liquid-render": {
    "mean": 143.70339042471565,
    "rsd_pct": 2.0236907295113635,
    "micro": false
  },
  "mail": {
    "mean": 188.859851565212,
    "rsd_pct": 2.605380468902384,
    "micro": false
  },
  "psych-load": {
    "mean": 2229.1079516212144,
    "rsd_pct": 0.14753441413990015,
    "micro": false
  },
  "railsbench": {
    "mean": 2458.959083755811,
    "rsd_pct": 0.33915052650897853,
    "micro": false
  },
  "binarytrees": {
    "mean": 366.46011398988776,
    "rsd_pct": 0.1610412323257845,
    "micro": false
  },
  "chunky_png": {
    "mean": 672.4926499200278,
    "rsd_pct": 0.5128055942453316,
    "micro": false
  },
  "discourse": {
    "mean": 531.3007297447405,
    "rsd_pct": 18.667505658168878,
    "micro": false
  },
  "erubi": {
    "mean": 417.43510950128643,
    "rsd_pct": 0.4172859649472213,
    "micro": false
  },
  "erubi_rails": {
    "mean": 25.25029635646535,
    "rsd_pct": 54.77190575164777,
    "micro": false
  },
  "fannkuchredux": {
    "mean": 7045.5941795061035,
    "rsd_pct": 0.23079613572996205,
    "micro": false
  },
  "lee": {
    "mean": 885.9948189485641,
    "rsd_pct": 1.591877923356129,
    "micro": false
  },
  "nbody": {
    "mean": 86.56979359713567,
    "rsd_pct": 0.5023455689063386,
    "micro": false
  },
  "optcarrot": {
    "mean": 3422.5216625879207,
    "rsd_pct": 0.6050833324039663,
    "micro": false
  },
  "rubykon": {
    "mean": 7889.99413040777,
    "rsd_pct": 3.0258486866775924,
    "micro": false
  },
  "30k_ifelse": {
    "mean": 362.836672433398,
    "rsd_pct": 0.18858496795217736,
    "micro": true
  },
  "30k_methods": {
    "mean": 881.6845301877369,
    "rsd_pct": 0.05898216831438073,
    "micro": true
  },
  "cfunc_itself": {
    "mean": 44.58375741627866,
    "rsd_pct": 0.9410106057940822,
    "micro": true
  },
  "fib": {
    "mean": 62.5169824634213,
    "rsd_pct": 0.6441516018851159,
    "micro": true
  },
  "getivar": {
    "mean": 42.60843688909244,
    "rsd_pct": 0.7121290857749223,
    "micro": true
  },
  "keyword_args": {
    "mean": 53.29422530894344,
    "rsd_pct": 0.6743083781174245,
    "micro": true
  },
  "respond_to": {
    "mean": 190.71446578190833,
    "rsd_pct": 0.2801121208775454,
    "micro": true
  },
  "setivar": {
    "mean": 51.56961534702752,
    "rsd_pct": 0.8079673988150391,
    "micro": true
  },
  "str_concat": {
    "mean": 107.8860390575687,
    "rsd_pct": 1.462473491239792,
    "micro": true
  }
}