{
  "activerecord": {
    "mean": 315.7712350184566,
    "rsd_pct": 0.1525301345134437,
    "micro": false
  },
  "hexapdf": {
    "mean": 6969.1158255096525,
    "rsd_pct": 1.7603099457533173,
    "micro": false
  },
  "liquid-render": {
    "mean": 451.9061979295966,
    "rsd_pct": 0.8434142267845695,
    "micro": false
  },
  "mail": {
    "mean": 518.7397936730063,
    "rsd_pct": 0.5240747317832487,
    "micro": false
  },
  "psych-load": {
    "mean": 5910.524403102075,
    "rsd_pct": 0.08558624454938181,
    "micro": false
  },
  "railsbench": {
    "mean": 6312.970174926643,
    "rsd_pct": 0.35210554616020256,
    "micro": false
  },
  "ruby-lsp": {
    "mean": 213.7190899669817,
    "rsd_pct": 10.732173880448716,
    "micro": false
  },
  "binarytrees": {
    "mean": 528.3734213804737,
    "rsd_pct": 0.11929855943445651,
    "micro": false
  },
  "chunky_png": {
    "mean": 1530.6629996461372,
    "rsd_pct": 0.09518121671840561,
    "micro": false
  },
  "erubi": {
    "mean": 723.8472681937684,
    "rsd_pct": 0.8653058778063474,
    "micro": false
  },
  "erubi_rails": {
    "mean": 51.3902884312551,
    "rsd_pct": 2.6399298826331643,
    "micro": false
  },
  "etanni": {
    "mean": 1162.4308934939716,
    "rsd_pct": 0.5946597264150876,
    "micro": false
  },
  "fannkuchredux": {
    "mean": 5693.3270425380515,
    "rsd_pct": 0.14787444469668914,
    "micro": false
  },
  "lee": {
    "mean": 2256.2981169956565,
    "rsd_pct": 0.7573188117180262,
    "micro": false
  },
  "nbody": {
    "mean": 189.3212082539135,
    "rsd_pct": 0.06386308775462468,
    "micro": false
  },
  "optcarrot": {
    "mean": 11600.311807744825,
    "rsd_pct": 0.3917851574042361,
    "micro": false
  },
  "rubykon": {
    "mean": 21530.547773667302,
    "rsd_pct": 0.7173638207442269,
    "micro": false
  },
  "30k_ifelse": {
    "mean": 2010.1780190552568,
    "rsd_pct": 0.02333817845201283,
    "micro": true
  },
  "30k_methods": {
    "mean": 4175.077224842971,
    "rsd_pct": 0.09058565305157121,
    "micro": true
  },
  "cfunc_itself": {
    "mean": 102.49971006750062,
    "rsd_pct": 0.009944867255817893,
    "micro": true
  },
  "fib": {
    "mean": 189.30512126790723,
    "rsd_pct": 0.0057874470118319385,
    "micro": true
  },
  "getivar": {
    "mean": 106.61514598821454,
    "rsd_pct": 0.00923148658660772,
    "micro": true
  },
  "keyword_args": {
    "mean": 137.94060153499666,
    "rsd_pct": 0.013335351496369729,
    "micro": true
  },
  "respond_to": {
    "mean": 99.64681043581649,
    "rsd_pct": 0.02226155830830751,
    "micro": true
  },
  "setivar": {
    "mean": 108.35462659101293,
    "rsd_pct": 0.012151170178175878,
    "micro": true
  },
  "str_concat": {
    "mean": 108.298698424455,
    "rsd_pct": 0.8271817555993805,
    "micro": true
  }
}