{
  "activerecord": {
    "mean": 42.09271647460476,
    "rsd_pct": 0.9207825187055223,
    "micro": false
  },
  "erubi_rails": {
    "mean": 15.196693166470473,
    "rsd_pct": 9.056575718468656,
    "micro": false
  },
  "hexapdf": {
    "mean": 2067.640254522363,
    "rsd_pct": 2.250842602490558,
    "micro": false
  },
  "liquid-c": {
    "mean": 59.81452981690447,
    "rsd_pct": 2.0373274126950776,
    "micro": false
  },
  "liquid-compile": {
    "mean": 51.490405180789146,
    "rsd_pct": 4.82540102384178,
    "micro": false
  },
  "liquid-render": {
    "mean": 108.96231620852413,
    "rsd_pct": 2.802997322220502,
    "micro": false
  },
  "mail": {
    "mean": 129.18885243306687,
    "rsd_pct": 0.45311686461695466,
    "micro": false
  },
  "psych-load": {
    "mean": 1836.4591995875041,
    "rsd_pct": 0.10561564186985763,
    "micro": false
  },
  "railsbench": {
    "mean": 1799.6021835754316,
    "rsd_pct": 1.156374099052928,
    "micro": false
  },
  "ruby-lsp": {
    "mean": 58.459215614496784,
    "rsd_pct": 19.862488793194366,
    "micro": false
  },
  "sequel": {
    "mean": 67.2584044674932,
    "rsd_pct": 0.3121427412497498,
    "micro": false
  },
  "binarytrees": {
    "mean": 225.9699791796844,
    "rsd_pct": 0.07875854603696494,
    "micro": false
  },
  "chunky_png": {
    "mean": 645.9518315891424,
    "rsd_pct": 0.09400624684896121,
    "micro": false
  },
  "erubi": {
    "mean": 257.9386344571647,
    "rsd_pct": 0.7966173726405366,
    "micro": false
  },
  "etanni": {
    "mean": 413.78066114460427,
    "rsd_pct": 0.44395031710814237,
    "micro": false
  },
  "fannkuchredux": {
    "mean": 775.3747830539942,
    "rsd_pct": 0.028576067074923953,
    "micro": false
  },
  "lee": {
    "mean": 917.5638933444307,
    "rsd_pct": 0.3474587197558583,
    "micro": false
  },
  "nbody": {
    "mean": 68.96672529977292,
    "rsd_pct": 0.06790197215314364,
    "micro": false
  },
  "optcarrot": {
    "mean": 2247.11020005246,
    "rsd_pct": 0.6379585512481045,
    "micro": false
  },
  "ruby-json": {
    "mean": 3029.8857416957617,
    "rsd_pct": 0.09186449505328682,
    "micro": false
  },
  "rubykon": {
    "mean": 6895.498027776678,
    "rsd_pct": 0.35781910499857283,
    "micro": false
  },
  "30k_ifelse": {
    "mean": 359.9138353019953,
    "rsd_pct": 0.05878116876360842,
    "micro": true
  },
  "30k_methods": {
    "mean": 854.8558496100748,
    "rsd_pct": 0.017745898811219695,
    "micro": true
  },
  "cfunc_itself": {
    "mean": 38.36049581028793,
    "rsd_pct": 0.21593286188982552,
    "micro": true
  },
  "fib": {
    "mean": 44.565686910313424,
    "rsd_pct": 0.07403574751374818,
    "micro": true
  },
  "getivar": {
    "mean": 21.157544409466343,
    "rsd_pct": 0.1533772921650839,
    "micro": true
  },
  "keyword_args": {
    "mean": 47.7908707344147,
    "rsd_pct": 0.19487811863906193,
    "micro": true
  },
  "respond_to": {
    "mean": 25.964870983613775,
    "rsd_pct": 0.5975218919527318,
    "micro": true
  },
  "setivar": {
    "mean": 11.994764340642547,
    "rsd_pct": 0.08987175276259697,
    "micro": true
  },
  "setivar_object": {
    "mean": 46.41808817206427,
    "rsd_pct": 5.288768023046122,
    "micro": true
  },
  "setivar_young": {
    "mean": 42.27656832094802,
    "rsd_pct": 1.2277981270246774,
    "micro": true
  },
  "str_concat": {
    "mean": 43.65704229760378,
    "rsd_pct": 1.4565289310508527,
    "micro": true
  },
  "throw": {
    "mean": 24.49220524248885,
    "rsd_pct": 0.34349924428108713,
    "micro": true
  }
}