{
  "activerecord": {
    "mean": 107.28140604171881,
    "rsd_pct": 1.7814776947183917,
    "micro": false
  },
  "hexapdf": {
    "mean": 2220.489653851837,
    "rsd_pct": 1.3912772955095716,
    "micro": false
  },
  "jekyll": {
    "mean": 7549.3119799532,
    "rsd_pct": 1.7867516575483224,
    "micro": false
  },
  "liquid-render": {
    "mean": 127.2528320676773,
    "rsd_pct": 1.8771181696147603,
    "micro": false
  },
  "mail": {
    "mean": 143.8482125296958,
    "rsd_pct": 1.976566968571634,
    "micro": false
  },
  "psych-load": {
    "mean": 1621.0018755868077,
    "rsd_pct": 0.07798540676667352,
    "micro": false
  },
  "railsbench": {
    "mean": 2547.1768168732524,
    "rsd_pct": 1.5083081794514461,
    "micro": false
  },
  "binarytrees": {
    "mean": 301.21924837626386,
    "rsd_pct": 2.604672482282002,
    "micro": false
  },
  "fannkuchredux": {
    "mean": 5468.090359121561,
    "rsd_pct": 0.05776640995635158,
    "micro": false
  },
  "lee": {
    "mean": 796.687416441273,
    "rsd_pct": 0.9779509576063772,
    "micro": false
  },
  "nbody": {
    "mean": 75.64577293746612,
    "rsd_pct": 0.03596786764517638,
    "micro": false
  },
  "optcarrot": {
    "mean": 3156.690905429423,
    "rsd_pct": 0.4731494955082203,
    "micro": false
  },
  "30k_ifelse": {
    "mean": 318.6420751559847,
    "rsd_pct": 0.2666937657054345,
    "micro": true
  },
  "30k_methods": {
    "mean": 753.9727446787498,
    "rsd_pct": 0.0508367373773181,
    "micro": true
  },
  "cfunc_itself": {
    "mean": 38.872106530067356,
    "rsd_pct": 0.2784871299311928,
    "micro": true
  },
  "fib": {
    "mean": 52.01536378016075,
    "rsd_pct": 0.04618121933660596,
    "micro": true
  },
  "getivar": {
    "mean": 36.26666508002351,
    "rsd_pct": 0.06894706535388206,
    "micro": true
  },
  "keyword_args": {
    "mean": 45.266059552819506,
    "rsd_pct": 0.07863311450902714,
    "micro": true
  },
  "respond_to": {
    "mean": 170.34261422749194,
    "rsd_pct": 0.4602688508152413,
    "micro": true
  },
  "setivar": {
    "mean": 42.26078138804657,
    "rsd_pct": 0.1616280462822261,
    "micro": true
  }
}