{
  "activerecord": {
    "mean": 102.86313368889846,
    "rsd_pct": 0.5377936609469671,
    "micro": false
  },
  "hexapdf": {
    "mean": 2352.0731519907713,
    "rsd_pct": 1.9567794172674786,
    "micro": false
  },
  "liquid-render": {
    "mean": 127.90351529390766,
    "rsd_pct": 2.192501145148325,
    "micro": false
  },
  "mail": {
    "mean": 159.33656692504883,
    "rsd_pct": 0.3807567173650962,
    "micro": false
  },
  "psych-load": {
    "mean": 2095.5888278782368,
    "rsd_pct": 0.057465164224896004,
    "micro": false
  },
  "railsbench": {
    "mean": 2100.4883027325072,
    "rsd_pct": 1.487918111061682,
    "micro": false
  },
  "binarytrees": {
    "mean": 365.299791272264,
    "rsd_pct": 0.16426137959483755,
    "micro": false
  },
  "chunky_png": {
    "mean": 672.6505455785784,
    "rsd_pct": 0.12124763869043362,
    "micro": false
  },
  "discourse": {
    "mean": 472.3036004366671,
    "rsd_pct": 2.0320575343517846,
    "micro": false
  },
  "erubi": {
    "mean": 399.0314431032356,
    "rsd_pct": 0.7368565490705542,
    "micro": false
  },
  "erubi_rails": {
    "mean": 19.59935439005494,
    "rsd_pct": 3.7375361403615397,
    "micro": false
  },
  "fannkuchredux": {
    "mean": 8834.425667424997,
    "rsd_pct": 0.16276578319387605,
    "micro": false
  },
  "lee": {
    "mean": 945.3090336173773,
    "rsd_pct": 0.059346924719961065,
    "micro": false
  },
  "nbody": {
    "mean": 91.03417178895666,
    "rsd_pct": 0.4869500388626781,
    "micro": false
  },
  "optcarrot": {
    "mean": 3452.070186411341,
    "rsd_pct": 0.6023694556701101,
    "micro": false
  },
  "rubykon": {
    "mean": 7649.0287611881895,
    "rsd_pct": 3.203429591509217,
    "micro": false
  },
  "30k_ifelse": {
    "mean": 354.9116213890639,
    "rsd_pct": 0.18760655216033567,
    "micro": true
  },
  "30k_methods": {
    "mean": 877.9090620069342,
    "rsd_pct": 0.06476508586456069,
    "micro": true
  },
  "cfunc_itself": {
    "mean": 47.94381587035793,
    "rsd_pct": 1.000138653444427,
    "micro": true
  },
  "fib": {
    "mean": 62.494098459137604,
    "rsd_pct": 0.6007685953640942,
    "micro": true
  },
  "getivar": {
    "mean": 42.60836990936378,
    "rsd_pct": 0.7078618080437407,
    "micro": true
  },
  "keyword_args": {
    "mean": 53.00156821543722,
    "rsd_pct": 0.7318446641644532,
    "micro": true
  },
  "respond_to": {
    "mean": 187.23452042015094,
    "rsd_pct": 0.33690052418055527,
    "micro": true
  },
  "setivar": {
    "mean": 53.94135800817384,
    "rsd_pct": 0.6065854238925907,
    "micro": true
  },
  "str_concat": {
    "mean": 112.3044086601009,
    "rsd_pct": 1.6059537010303038,
    "micro": true
  }
}