{
  "activerecord": {
    "mean": 104.22519512996168,
    "rsd_pct": 0.6530987636367735,
    "micro": false
  },
  "hexapdf": {
    "mean": 2272.08790286871,
    "rsd_pct": 1.825894750471789,
    "micro": false
  },
  "liquid-render": {
    "mean": 128.58321034049712,
    "rsd_pct": 1.20454113061475,
    "micro": false
  },
  "mail": {
    "mean": 147.363225561737,
    "rsd_pct": 0.15576073007827648,
    "micro": false
  },
  "psych-load": {
    "mean": 1855.9159521343342,
    "rsd_pct": 0.012630542974277839,
    "micro": false
  },
  "railsbench": {
    "mean": 2036.541189464818,
    "rsd_pct": 1.816403558870643,
    "micro": false
  },
  "ruby-lsp": {
    "mean": 72.86328906806973,
    "rsd_pct": 17.567059795615034,
    "micro": false
  },
  "binarytrees": {
    "mean": 231.82554580784026,
    "rsd_pct": 0.056483748397525235,
    "micro": false
  },
  "chunky_png": {
    "mean": 615.9634359976432,
    "rsd_pct": 0.05034548939770764,
    "micro": false
  },
  "erubi": {
    "mean": 288.84404909955003,
    "rsd_pct": 0.9871152933603448,
    "micro": false
  },
  "erubi_rails": {
    "mean": 17.894167883828224,
    "rsd_pct": 3.843462444969303,
    "micro": false
  },
  "etanni": {
    "mean": 471.0936307847511,
    "rsd_pct": 0.4967458200458084,
    "micro": false
  },
  "fannkuchredux": {
    "mean": 2292.346530331997,
    "rsd_pct": 0.11321844260947847,
    "micro": false
  },
  "lee": {
    "mean": 902.6211549101969,
    "rsd_pct": 1.8443481545444782,
    "micro": false
  },
  "nbody": {
    "mean": 81.98831882568417,
    "rsd_pct": 0.035700353648727985,
    "micro": false
  },
  "optcarrot": {
    "mean": 2861.571840598481,
    "rsd_pct": 0.4189170324396588,
    "micro": false
  },
  "rubykon": {
    "mean": 6585.036684400014,
    "rsd_pct": 0.43764483953910177,
    "micro": false
  },
  "30k_ifelse": {
    "mean": 405.0447513209656,
    "rsd_pct": 0.1502195604719377,
    "micro": true
  },
  "30k_methods": {
    "mean": 962.9515830500168,
    "rsd_pct": 0.02989805889745287,
    "micro": true
  },
  "cfunc_itself": {
    "mean": 41.06678415223589,
    "rsd_pct": 0.23580070417553733,
    "micro": true
  },
  "fib": {
    "mean": 61.24518932022008,
    "rsd_pct": 0.05330904418260643,
    "micro": true
  },
  "getivar": {
    "mean": 45.64295112634735,
    "rsd_pct": 0.04502687686240451,
    "micro": true
  },
  "keyword_args": {
    "mean": 52.255435120438655,
    "rsd_pct": 0.045749531246245416,
    "micro": true
  },
  "respond_to": {
    "mean": 30.790532318117094,
    "rsd_pct": 0.9334932045670368,
    "micro": true
  },
  "setivar": {
    "mean": 50.23767160728755,
    "rsd_pct": 0.3308878614479657,
    "micro": true
  },
  "str_concat": {
    "mean": 43.77154635096627,
    "rsd_pct": 1.5717242855637528,
    "micro": true
  }
}