{
  "activerecord": {
    "mean": 106.80140294910719,
    "rsd_pct": 0.5323886129568074,
    "micro": false
  },
  "hexapdf": {
    "mean": 2422.21815623343,
    "rsd_pct": 1.2334797087584577,
    "micro": false
  },
  "liquid-render": {
    "mean": 125.63698796946912,
    "rsd_pct": 1.902946272638284,
    "micro": false
  },
  "mail": {
    "mean": 159.19988002953312,
    "rsd_pct": 0.3394986531825792,
    "micro": false
  },
  "psych-load": {
    "mean": 1930.1106652244925,
    "rsd_pct": 0.03857348098431456,
    "micro": false
  },
  "railsbench": {
    "mean": 2136.7339107518396,
    "rsd_pct": 1.3144019155873365,
    "micro": false
  },
  "binarytrees": {
    "mean": 364.1408522671554,
    "rsd_pct": 1.63565692097555,
    "micro": false
  },
  "chunky_png": {
    "mean": 694.3620992159205,
    "rsd_pct": 0.12645991409040627,
    "micro": false
  },
  "discourse": {
    "mean": 504.25162836909294,
    "rsd_pct": 9.250870714720834,
    "micro": false
  },
  "erubi": {
    "mean": 431.2265733891028,
    "rsd_pct": 0.875284088002545,
    "micro": false
  },
  "erubi_rails": {
    "mean": 19.935101706816496,
    "rsd_pct": 3.4496599333831006,
    "micro": false
  },
  "fannkuchredux": {
    "mean": 7305.017815157771,
    "rsd_pct": 0.04111577970457157,
    "micro": false
  },
  "lee": {
    "mean": 910.6894898736341,
    "rsd_pct": 0.28145719951770237,
    "micro": false
  },
  "nbody": {
    "mean": 113.78604107478381,
    "rsd_pct": 0.3936287656154231,
    "micro": false
  },
  "optcarrot": {
    "mean": 4486.113002337515,
    "rsd_pct": 0.5235665032674011,
    "micro": false
  },
  "rubykon": {
    "mean": 9384.784565493464,
    "rsd_pct": 0.772271350256999,
    "micro": false
  },
  "30k_ifelse": {
    "mean": 363.05749936198646,
    "rsd_pct": 0.17873033697610996,
    "micro": true
  },
  "30k_methods": {
    "mean": 874.9721702611582,
    "rsd_pct": 0.05730315010783689,
    "micro": true
  },
  "cfunc_itself": {
    "mean": 44.77628752173419,
    "rsd_pct": 0.9725556351541661,
    "micro": true
  },
  "fib": {
    "mean": 62.48406560501802,
    "rsd_pct": 0.5985939587355383,
    "micro": true
  },
  "getivar": {
    "mean": 109.85314561568694,
    "rsd_pct": 0.39036034032561323,
    "micro": true
  },
  "keyword_args": {
    "mean": 52.84277127474231,
    "rsd_pct": 0.7237243931228052,
    "micro": true
  },
  "respond_to": {
    "mean": 191.10243142612518,
    "rsd_pct": 0.3382504453277994,
    "micro": true
  },
  "setivar": {
    "mean": 50.41097053064498,
    "rsd_pct": 0.5962731219324066,
    "micro": true
  },
  "str_concat": {
    "mean": 134.15712554647465,
    "rsd_pct": 1.264810912441221,
    "micro": true
  }
}