{
  "activerecord": {
    "mean": 333.20869059377424,
    "rsd_pct": 0.08622541036324534,
    "micro": false
  },
  "hexapdf": {
    "mean": 6386.817636465033,
    "rsd_pct": 1.9035264537211598,
    "micro": false
  },
  "liquid-c": {
    "mean": 190.69144744590847,
    "rsd_pct": 1.8248756499951804,
    "micro": false
  },
  "liquid-render": {
    "mean": 380.0602253791087,
    "rsd_pct": 2.1229551963151794,
    "micro": false
  },
  "mail": {
    "mean": 376.8629801697006,
    "rsd_pct": 0.34670612336305884,
    "micro": false
  },
  "psych-load": {
    "mean": 5289.059130474925,
    "rsd_pct": 0.07623837541048133,
    "micro": false
  },
  "railsbench": {
    "mean": 5627.706178029378,
    "rsd_pct": 0.755042659112009,
    "micro": false
  },
  "ruby-lsp": {
    "mean": 188.25580496102188,
    "rsd_pct": 11.232824727248511,
    "micro": false
  },
  "sequel": {
    "mean": 388.85307641966,
    "rsd_pct": 1.9611017910688406,
    "micro": false
  },
  "binarytrees": {
    "mean": 522.7398544111672,
    "rsd_pct": 0.6555918683073301,
    "micro": false
  },
  "chunky_png": {
    "mean": 1623.1075964507556,
    "rsd_pct": 0.11634600632413514,
    "micro": false
  },
  "erubi": {
    "mean": 584.9560111572471,
    "rsd_pct": 1.0799066626383869,
    "micro": false
  },
  "erubi_rails": {
    "mean": 47.320022038478825,
    "rsd_pct": 2.390553700324223,
    "micro": false
  },
  "etanni": {
    "mean": 916.2719606668974,
    "rsd_pct": 0.5543040723377183,
    "micro": false
  },
  "fannkuchredux": {
    "mean": 2031.6021798745446,
    "rsd_pct": 0.5740242721121991,
    "micro": false
  },
  "lee": {
    "mean": 2539.5256007428875,
    "rsd_pct": 0.2049366398831312,
    "micro": false
  },
  "nbody": {
    "mean": 180.39018240255805,
    "rsd_pct": 0.06397029450991394,
    "micro": false
  },
  "optcarrot": {
    "mean": 10046.107155705491,
    "rsd_pct": 0.6402977839157677,
    "micro": false
  },
  "rubykon": {
    "mean": 20370.222388332088,
    "rsd_pct": 0.2768893435912588,
    "micro": false
  },
  "30k_ifelse": {
    "mean": 1936.2428428882615,
    "rsd_pct": 0.06011976022052614,
    "micro": true
  },
  "30k_methods": {
    "mean": 3859.823449049145,
    "rsd_pct": 0.08589289014655803,
    "micro": true
  },
  "cfunc_itself": {
    "mean": 103.45298279710907,
    "rsd_pct": 0.025356571901135303,
    "micro": true
  },
  "fib": {
    "mean": 191.09974828728053,
    "rsd_pct": 0.006315488847621045,
    "micro": true
  },
  "getivar": {
    "mean": 107.47051632870699,
    "rsd_pct": 0.008065082784915415,
    "micro": true
  },
  "keyword_args": {
    "mean": 191.0427144235548,
    "rsd_pct": 0.006963134420927897,
    "micro": true
  },
  "respond_to": {
    "mean": 99.86124753929172,
    "rsd_pct": 1.342529168431834,
    "micro": true
  },
  "setivar": {
    "mean": 50.03998270736852,
    "rsd_pct": 0.013285041450397236,
    "micro": true
  },
  "setivar_object": {
    "mean": 127.49554092532455,
    "rsd_pct": 0.9525565796427523,
    "micro": true
  },
  "str_concat": {
    "mean": 106.46740069164372,
    "rsd_pct": 0.720959548082475,
    "micro": true
  }
}