{
  "activerecord": {
    "mean": 102.18536945878918,
    "rsd_pct": 0.9621992174732737,
    "micro": false
  },
  "hexapdf": {
    "mean": 2125.416150264209,
    "rsd_pct": 1.7228520133585892,
    "micro": false
  },
  "liquid-render": {
    "mean": 109.56963702305478,
    "rsd_pct": 2.326584988468251,
    "micro": false
  },
  "mail": {
    "mean": 143.30063483138358,
    "rsd_pct": 1.3287592594338977,
    "micro": false
  },
  "psych-load": {
    "mean": 1664.4186399993487,
    "rsd_pct": 1.726084930162123,
    "micro": false
  },
  "railsbench": {
    "mean": 2117.6950038022674,
    "rsd_pct": 1.1181050801892083,
    "micro": false
  },
  "binarytrees": {
    "mean": 290.9507134240509,
    "rsd_pct": 0.10986055291215335,
    "micro": false
  },
  "erubi": {
    "mean": 364.97904796375553,
    "rsd_pct": 1.1583283211249207,
    "micro": false
  },
  "erubi_rails": {
    "mean": 20.254149647522105,
    "rsd_pct": 4.299291539148842,
    "micro": false
  },
  "fannkuchredux": {
    "mean": 5650.3345334669575,
    "rsd_pct": 0.33466920640514536,
    "micro": false
  },
  "lee": {
    "mean": 752.6781106775161,
    "rsd_pct": 1.4428670887753323,
    "micro": false
  },
  "nbody": {
    "mean": 73.05478657669249,
    "rsd_pct": 0.052550932015527345,
    "micro": false
  },
  "optcarrot": {
    "mean": 3068.5113401326817,
    "rsd_pct": 0.6304532766617881,
    "micro": false
  },
  "rubykon": {
    "mean": 5590.838097668408,
    "rsd_pct": 0.7664724408265969,
    "micro": false
  },
  "30k_ifelse": {
    "mean": 308.4968183164684,
    "rsd_pct": 0.3342102090326408,
    "micro": true
  },
  "30k_methods": {
    "mean": 739.3685674245577,
    "rsd_pct": 0.025518760654993627,
    "micro": true
  },
  "cfunc_itself": {
    "mean": 37.24461470955412,
    "rsd_pct": 0.20726421161996444,
    "micro": true
  },
  "fib": {
    "mean": 52.218547208970755,
    "rsd_pct": 0.07902342912174753,
    "micro": true
  },
  "getivar": {
    "mean": 35.47483120156943,
    "rsd_pct": 0.07001041174812599,
    "micro": true
  },
  "keyword_args": {
    "mean": 44.2842205589312,
    "rsd_pct": 0.13605722500050166,
    "micro": true
  },
  "respond_to": {
    "mean": 167.63692795368843,
    "rsd_pct": 0.24241053670772308,
    "micro": true
  },
  "setivar": {
    "mean": 44.283805221477095,
    "rsd_pct": 0.300083681336943,
    "micro": true
  }
}