{
  "activerecord": {
    "mean": 333.17118960579757,
    "rsd_pct": 0.1222842407046193,
    "micro": false
  },
  "hexapdf": {
    "mean": 6568.830058226983,
    "rsd_pct": 1.6703336573837135,
    "micro": false
  },
  "liquid-c": {
    "mean": 191.35870949229783,
    "rsd_pct": 1.774366750898008,
    "micro": false
  },
  "liquid-render": {
    "mean": 385.6754777291433,
    "rsd_pct": 2.0658141617531216,
    "micro": false
  },
  "mail": {
    "mean": 381.32991163844343,
    "rsd_pct": 0.12461597430795941,
    "micro": false
  },
  "psych-load": {
    "mean": 5135.190286984046,
    "rsd_pct": 0.2239038509323321,
    "micro": false
  },
  "railsbench": {
    "mean": 5613.434978822867,
    "rsd_pct": 0.7051085204351164,
    "micro": false
  },
  "ruby-lsp": {
    "mean": 189.39344285860986,
    "rsd_pct": 11.001682477765277,
    "micro": false
  },
  "sequel": {
    "mean": 383.0225990964569,
    "rsd_pct": 1.9913414470518944,
    "micro": false
  },
  "binarytrees": {
    "mean": 523.6051152834947,
    "rsd_pct": 0.4787754765976238,
    "micro": false
  },
  "chunky_png": {
    "mean": 1633.05989530636,
    "rsd_pct": 0.09570291383035119,
    "micro": false
  },
  "erubi": {
    "mean": 597.698259470053,
    "rsd_pct": 0.7662315831216931,
    "micro": false
  },
  "erubi_rails": {
    "mean": 46.47771998779061,
    "rsd_pct": 2.0782771373196223,
    "micro": false
  },
  "etanni": {
    "mean": 923.8039813555625,
    "rsd_pct": 0.43862040821193726,
    "micro": false
  },
  "fannkuchredux": {
    "mean": 2033.9350186936233,
    "rsd_pct": 0.1908974334143965,
    "micro": false
  },
  "lee": {
    "mean": 2347.0460405065255,
    "rsd_pct": 0.2656351520034201,
    "micro": false
  },
  "nbody": {
    "mean": 178.58878972738873,
    "rsd_pct": 0.06133175632809336,
    "micro": false
  },
  "optcarrot": {
    "mean": 10408.725369845828,
    "rsd_pct": 0.6083159634315645,
    "micro": false
  },
  "rubykon": {
    "mean": 21857.552400479715,
    "rsd_pct": 0.3814582629391624,
    "micro": false
  },
  "30k_ifelse": {
    "mean": 1936.9375322093356,
    "rsd_pct": 0.017129113082589725,
    "micro": true
  },
  "30k_methods": {
    "mean": 3869.4821673445404,
    "rsd_pct": 0.09774030303890009,
    "micro": true
  },
  "cfunc_itself": {
    "mean": 103.39675403526451,
    "rsd_pct": 0.03970112603783625,
    "micro": true
  },
  "fib": {
    "mean": 191.0984653007725,
    "rsd_pct": 0.006221067998287706,
    "micro": true
  },
  "getivar": {
    "mean": 107.46851319942726,
    "rsd_pct": 0.007587407103205961,
    "micro": true
  },
  "keyword_args": {
    "mean": 191.0935783615479,
    "rsd_pct": 0.01106513167799125,
    "micro": true
  },
  "respond_to": {
    "mean": 99.6933847611403,
    "rsd_pct": 0.24688036638320937,
    "micro": true
  },
  "setivar": {
    "mean": 50.03842551297301,
    "rsd_pct": 0.012125160467320784,
    "micro": true
  },
  "setivar_object": {
    "mean": 127.57977518095964,
    "rsd_pct": 0.9280565719163532,
    "micro": true
  },
  "str_concat": {
    "mean": 106.4556650260827,
    "rsd_pct": 0.6878531947285337,
    "micro": true
  }
}