{
  "activerecord": {
    "mean": 113.73112275172586,
    "rsd_pct": 1.8666343399473884
  },
  "jekyll": {
    "mean": 7644.226183288265,
    "rsd_pct": 2.1827199869111418
  },
  "liquid-render": {
    "mean": 149.87383192525274,
    "rsd_pct": 1.592233802267438
  },
  "psych-load": {
    "mean": 1804.0368860820308,
    "rsd_pct": 0.5361230882978927
  },
  "railsbench": {
    "mean": 2713.8507200055756,
    "rsd_pct": 1.4778062625754604
  },
  "binarytrees": {
    "mean": 298.74186311325616,
    "rsd_pct": 0.10625451105809913
  },
  "fannkuchredux": {
    "mean": 5479.090174625162,
    "rsd_pct": 0.049635934014245105
  },
  "lee": {
    "mean": 807.0967074638853,
    "rsd_pct": 1.7224454654036816
  },
  "nbody": {
    "mean": 114.11516693861122,
    "rsd_pct": 0.03077887267733372
  },
  "optcarrot": {
    "mean": 3129.7954829991795,
    "rsd_pct": 0.12808031598935213
  },
  "30k_ifelse": {
    "mean": 330.6508347090772,
    "rsd_pct": 0.18931956039410366
  },
  "30k_methods": {
    "mean": 715.780956709447,
    "rsd_pct": 0.02413377196100773
  },
  "cfunc_itself": {
    "mean": 42.17696406402834,
    "rsd_pct": 0.38027175862304313
  },
  "fib": {
    "mean": 58.33174770959449,
    "rsd_pct": 0.03884927758182116
  },
  "getivar": {
    "mean": 36.273897114425026,
    "rsd_pct": 0.04260383067060241
  },
  "respond_to": {
    "mean": 158.48642495524487,
    "rsd_pct": 0.5254225296656376
  },
  "setivar": {
    "mean": 41.76597638215596,
    "rsd_pct": 0.3121363233792577
  }
}