{
  "activerecord": {
    "mean": 42.1056470736706,
    "rsd_pct": 0.8024674084363191,
    "micro": false
  },
  "erubi_rails": {
    "mean": 14.947401142813204,
    "rsd_pct": 3.403901279346046,
    "micro": false
  },
  "hexapdf": {
    "mean": 2003.0928697437048,
    "rsd_pct": 2.07696802753717,
    "micro": false
  },
  "liquid-c": {
    "mean": 57.77140190905851,
    "rsd_pct": 1.9943877058720503,
    "micro": false
  },
  "liquid-compile": {
    "mean": 55.230864043249774,
    "rsd_pct": 0.7005690596015504,
    "micro": false
  },
  "liquid-render": {
    "mean": 101.99812477788863,
    "rsd_pct": 2.7890316665627095,
    "micro": false
  },
  "mail": {
    "mean": 127.27739538949652,
    "rsd_pct": 0.37242333000780475,
    "micro": false
  },
  "psych-load": {
    "mean": 1804.7464781130354,
    "rsd_pct": 0.051693592107754725,
    "micro": false
  },
  "railsbench": {
    "mean": 1789.0993459771078,
    "rsd_pct": 1.2781375104319628,
    "micro": false
  },
  "ruby-lsp": {
    "mean": 57.39984555862393,
    "rsd_pct": 20.557999130478432,
    "micro": false
  },
  "sequel": {
    "mean": 67.04722473441751,
    "rsd_pct": 0.4536752181246895,
    "micro": false
  },
  "binarytrees": {
    "mean": 224.87641420130703,
    "rsd_pct": 0.2695416304009288,
    "micro": false
  },
  "chunky_png": {
    "mean": 603.235460507373,
    "rsd_pct": 0.04745681940194164,
    "micro": false
  },
  "erubi": {
    "mean": 244.93668366361547,
    "rsd_pct": 0.880621953100664,
    "micro": false
  },
  "etanni": {
    "mean": 402.82756263124094,
    "rsd_pct": 0.44289980957770814,
    "micro": false
  },
  "fannkuchredux": {
    "mean": 780.0633769854903,
    "rsd_pct": 0.030405118975975864,
    "micro": false
  },
  "lee": {
    "mean": 859.6026313126735,
    "rsd_pct": 0.3538809953110676,
    "micro": false
  },
  "nbody": {
    "mean": 76.64470131365725,
    "rsd_pct": 0.0675512232596785,
    "micro": false
  },
  "optcarrot": {
    "mean": 2236.32071595639,
    "rsd_pct": 0.6069106407744569,
    "micro": false
  },
  "ruby-json": {
    "mean": 3046.6736117377877,
    "rsd_pct": 0.11675423262329152,
    "micro": false
  },
  "rubykon": {
    "mean": 6198.81337278833,
    "rsd_pct": 0.3686611176996063,
    "micro": false
  },
  "30k_ifelse": {
    "mean": 359.8001240837303,
    "rsd_pct": 0.057149433272017,
    "micro": true
  },
  "30k_methods": {
    "mean": 857.9456398425543,
    "rsd_pct": 0.038830227473885905,
    "micro": true
  },
  "cfunc_itself": {
    "mean": 39.24673761551579,
    "rsd_pct": 0.46601030975039986,
    "micro": true
  },
  "fib": {
    "mean": 44.34902764701953,
    "rsd_pct": 0.08167474603302154,
    "micro": true
  },
  "getivar": {
    "mean": 21.158398301330795,
    "rsd_pct": 0.23916771108047818,
    "micro": true
  },
  "keyword_args": {
    "mean": 47.65458853564143,
    "rsd_pct": 0.09729910520998734,
    "micro": true
  },
  "respond_to": {
    "mean": 26.249987801678692,
    "rsd_pct": 0.9576189328457396,
    "micro": true
  },
  "setivar": {
    "mean": 11.995039508193642,
    "rsd_pct": 0.08768911047193037,
    "micro": true
  },
  "setivar_object": {
    "mean": 46.64858574021573,
    "rsd_pct": 4.343291475041127,
    "micro": true
  },
  "setivar_young": {
    "mean": 43.12708493322134,
    "rsd_pct": 2.004668979726911,
    "micro": true
  },
  "str_concat": {
    "mean": 42.27829622557627,
    "rsd_pct": 1.635479411535157,
    "micro": true
  },
  "throw": {
    "mean": 23.870506249412646,
    "rsd_pct": 0.22083712338365566,
    "micro": true
  }
}