{
  "activerecord": {
    "mean": 307.12283616798504,
    "rsd_pct": 0.1326619120465526,
    "micro": false
  },
  "hexapdf": {
    "mean": 6750.100836716592,
    "rsd_pct": 0.9886011317975055,
    "micro": false
  },
  "liquid-render": {
    "mean": 406.2334367116892,
    "rsd_pct": 1.121227780782151,
    "micro": false
  },
  "mail": {
    "mean": 409.52243088968913,
    "rsd_pct": 0.1403915860357684,
    "micro": false
  },
  "psych-load": {
    "mean": 5923.15199971199,
    "rsd_pct": 0.023719576466294957,
    "micro": false
  },
  "railsbench": {
    "mean": 6030.625292938203,
    "rsd_pct": 0.9185838602399633,
    "micro": false
  },
  "ruby-lsp": {
    "mean": 206.913159843731,
    "rsd_pct": 11.155442992900017,
    "micro": false
  },
  "binarytrees": {
    "mean": 535.581038474257,
    "rsd_pct": 0.16611617030481718,
    "micro": false
  },
  "chunky_png": {
    "mean": 1577.901743570692,
    "rsd_pct": 0.09821322061341321,
    "micro": false
  },
  "erubi": {
    "mean": 721.1952750770641,
    "rsd_pct": 1.2721508134360504,
    "micro": false
  },
  "erubi_rails": {
    "mean": 48.674636495957984,
    "rsd_pct": 2.5170329521600667,
    "micro": false
  },
  "etanni": {
    "mean": 1142.2604011105639,
    "rsd_pct": 0.7263255162542751,
    "micro": false
  },
  "fannkuchredux": {
    "mean": 2301.74487066688,
    "rsd_pct": 0.11127217378847816,
    "micro": false
  },
  "lee": {
    "mean": 2280.6691734253295,
    "rsd_pct": 1.6429785597810946,
    "micro": false
  },
  "nbody": {
    "mean": 178.8514083904673,
    "rsd_pct": 0.06739925522801392,
    "micro": false
  },
  "optcarrot": {
    "mean": 10344.328294756511,
    "rsd_pct": 0.4120175644788033,
    "micro": false
  },
  "rubykon": {
    "mean": 21537.21777048583,
    "rsd_pct": 0.42563681391674774,
    "micro": false
  },
  "30k_ifelse": {
    "mean": 1921.0324377100915,
    "rsd_pct": 0.04102583835116626,
    "micro": true
  },
  "30k_methods": {
    "mean": 3899.950873060152,
    "rsd_pct": 1.2224245220149474,
    "micro": true
  },
  "cfunc_itself": {
    "mean": 103.28691656539134,
    "rsd_pct": 0.03806311879635866,
    "micro": true
  },
  "fib": {
    "mean": 178.61710400349875,
    "rsd_pct": 0.005050553083761007,
    "micro": true
  },
  "getivar": {
    "mean": 107.46731755304528,
    "rsd_pct": 0.007583986763291375,
    "micro": true
  },
  "keyword_args": {
    "mean": 144.5168507368965,
    "rsd_pct": 0.01146579411214319,
    "micro": true
  },
  "respond_to": {
    "mean": 99.91517077779045,
    "rsd_pct": 1.0568885552853118,
    "micro": true
  },
  "setivar": {
    "mean": 50.03710267757175,
    "rsd_pct": 0.012438994840191581,
    "micro": true
  },
  "setivar_object": {
    "mean": 200.32113361642112,
    "rsd_pct": 28.017763765469994,
    "micro": true
  },
  "str_concat": {
    "mean": 106.61387929805753,
    "rsd_pct": 0.9354021303354187,
    "micro": true
  }
}