{
  "activerecord": {
    "mean": 113.61893192662981,
    "rsd_pct": 2.160189118232628,
    "micro": false
  },
  "jekyll": {
    "mean": 7553.260168642737,
    "rsd_pct": 2.7013729839592897,
    "micro": false
  },
  "liquid-render": {
    "mean": 149.50864767137494,
    "rsd_pct": 2.84219668773847,
    "micro": false
  },
  "mail": {
    "mean": 146.36025921301177,
    "rsd_pct": 1.58652489688875,
    "micro": false
  },
  "psych-load": {
    "mean": 1668.3851052075624,
    "rsd_pct": 0.5479216330201712,
    "micro": false
  },
  "railsbench": {
    "mean": 2689.422929775901,
    "rsd_pct": 1.827522794244408,
    "micro": false
  },
  "binarytrees": {
    "mean": 300.7393135819911,
    "rsd_pct": 0.6082556119438497,
    "micro": false
  },
  "fannkuchredux": {
    "mean": 5482.712489715777,
    "rsd_pct": 0.024763904923250202,
    "micro": false
  },
  "lee": {
    "mean": 800.1032680428276,
    "rsd_pct": 1.6960881120513343,
    "micro": false
  },
  "nbody": {
    "mean": 72.55133830669119,
    "rsd_pct": 0.05307767012724477,
    "micro": false
  },
  "optcarrot": {
    "mean": 3149.721294408664,
    "rsd_pct": 0.2673336453758013,
    "micro": false
  },
  "30k_ifelse": {
    "mean": 329.6193579010958,
    "rsd_pct": 0.44199908403485255,
    "micro": true
  },
  "30k_methods": {
    "mean": 712.6686752696211,
    "rsd_pct": 0.07285400760510814,
    "micro": true
  },
  "cfunc_itself": {
    "mean": 41.892210554936504,
    "rsd_pct": 0.4003664052724839,
    "micro": true
  },
  "fib": {
    "mean": 57.239721200483686,
    "rsd_pct": 0.05179194325542256,
    "micro": true
  },
  "getivar": {
    "mean": 36.26210859444777,
    "rsd_pct": 0.03802192520077265,
    "micro": true
  },
  "respond_to": {
    "mean": 162.25885136028458,
    "rsd_pct": 0.35150119572177135,
    "micro": true
  },
  "setivar": {
    "mean": 43.68287263708692,
    "rsd_pct": 0.0894423768227651,
    "micro": true
  }
}