{
  "activerecord": {
    "mean": 146.28709863327902,
    "rsd_pct": 0.2093155430867699,
    "micro": false
  },
  "erubi_rails": {
    "mean": 44.21797877734118,
    "rsd_pct": 2.0253612964507024,
    "micro": false
  },
  "hexapdf": {
    "mean": 5785.936727747321,
    "rsd_pct": 2.442097374455983,
    "micro": false
  },
  "liquid-c": {
    "mean": 191.89965677542423,
    "rsd_pct": 1.7512286882301473,
    "micro": false
  },
  "liquid-compile": {
    "mean": 163.97629480463328,
    "rsd_pct": 0.700254115248906,
    "micro": false
  },
  "liquid-render": {
    "mean": 365.8516656078113,
    "rsd_pct": 2.1424330254253916,
    "micro": false
  },
  "mail": {
    "mean": 359.9796797475451,
    "rsd_pct": 0.3276211159776287,
    "micro": false
  },
  "psych-load": {
    "mean": 5386.5034852176905,
    "rsd_pct": 0.03299005658934294,
    "micro": false
  },
  "railsbench": {
    "mean": 5340.928945566217,
    "rsd_pct": 0.6962232987158531,
    "micro": false
  },
  "ruby-lsp": {
    "mean": 176.37671505120144,
    "rsd_pct": 11.743060520077131,
    "micro": false
  },
  "sequel": {
    "mean": 199.4760529285529,
    "rsd_pct": 0.16491300800267855,
    "micro": false
  },
  "binarytrees": {
    "mean": 491.1860579159111,
    "rsd_pct": 0.15161398897093495,
    "micro": false
  },
  "chunky_png": {
    "mean": 1477.620043605566,
    "rsd_pct": 0.10291651185591094,
    "micro": false
  },
  "erubi": {
    "mean": 579.5804114375068,
    "rsd_pct": 0.8504180725808398,
    "micro": false
  },
  "etanni": {
    "mean": 908.846563892439,
    "rsd_pct": 0.4783406370216803,
    "micro": false
  },
  "fannkuchredux": {
    "mean": 1470.22889085114,
    "rsd_pct": 0.2800061614766396,
    "micro": false
  },
  "lee": {
    "mean": 2415.348421782255,
    "rsd_pct": 0.24974833869184782,
    "micro": false
  },
  "nbody": {
    "mean": 158.00939792941185,
    "rsd_pct": 0.07004261105761726,
    "micro": false
  },
  "optcarrot": {
    "mean": 8641.961321607232,
    "rsd_pct": 0.49093467514739814,
    "micro": false
  },
  "ruby-json": {
    "mean": 8437.040935705105,
    "rsd_pct": 0.09701518075206442,
    "micro": false
  },
  "rubykon": {
    "mean": 19687.507817770045,
    "rsd_pct": 0.3817906656142971,
    "micro": false
  },
  "30k_ifelse": {
    "mean": 1597.0493497496302,
    "rsd_pct": 0.052236937140968324,
    "micro": true
  },
  "30k_methods": {
    "mean": 3456.3592879668527,
    "rsd_pct": 0.06651670293397483,
    "micro": true
  },
  "cfunc_itself": {
    "mean": 86.82128535351231,
    "rsd_pct": 0.014072079072968492,
    "micro": true
  },
  "fib": {
    "mean": 123.63077929226814,
    "rsd_pct": 0.0799661330702097,
    "micro": true
  },
  "getivar": {
    "mean": 40.46625370189311,
    "rsd_pct": 0.019295240648982748,
    "micro": true
  },
  "keyword_args": {
    "mean": 122.54661739621152,
    "rsd_pct": 0.03514861343670908,
    "micro": true
  },
  "respond_to": {
    "mean": 72.89242753154272,
    "rsd_pct": 0.014045952325801705,
    "micro": true
  },
  "setivar": {
    "mean": 30.91855707729764,
    "rsd_pct": 0.025448028142696085,
    "micro": true
  },
  "setivar_object": {
    "mean": 116.02677219482355,
    "rsd_pct": 1.4856480311430778,
    "micro": true
  },
  "setivar_young": {
    "mean": 113.13684689507171,
    "rsd_pct": 0.019242724358690885,
    "micro": true
  },
  "str_concat": {
    "mean": 83.50889939066495,
    "rsd_pct": 0.9611959657279181,
    "micro": true
  },
  "throw": {
    "mean": 49.58479645793423,
    "rsd_pct": 0.16555960228892191,
    "micro": true
  }
}