{
  "activerecord": {
    "mean": 333.89835347506136,
    "rsd_pct": 0.1953827740882817,
    "micro": false
  },
  "hexapdf": {
    "mean": 6417.864259767036,
    "rsd_pct": 2.0159034099570032,
    "micro": false
  },
  "liquid-c": {
    "mean": 193.2864611835747,
    "rsd_pct": 1.8541628316911174,
    "micro": false
  },
  "liquid-render": {
    "mean": 372.2281156263004,
    "rsd_pct": 2.263581412403924,
    "micro": false
  },
  "mail": {
    "mean": 375.4730384861087,
    "rsd_pct": 0.12977354848836786,
    "micro": false
  },
  "psych-load": {
    "mean": 5196.366446216901,
    "rsd_pct": 0.14251779316942614,
    "micro": false
  },
  "railsbench": {
    "mean": 5647.039895753066,
    "rsd_pct": 0.7954266093148318,
    "micro": false
  },
  "ruby-lsp": {
    "mean": 191.141302296034,
    "rsd_pct": 11.73934338362786,
    "micro": false
  },
  "sequel": {
    "mean": 388.58402461275784,
    "rsd_pct": 2.3178926643245625,
    "micro": false
  },
  "binarytrees": {
    "mean": 529.4260314466165,
    "rsd_pct": 0.10490521684079133,
    "micro": false
  },
  "chunky_png": {
    "mean": 1531.775042618392,
    "rsd_pct": 0.09489923803002133,
    "micro": false
  },
  "erubi": {
    "mean": 571.2273609705078,
    "rsd_pct": 1.13277162082481,
    "micro": false
  },
  "erubi_rails": {
    "mean": 47.2265815758868,
    "rsd_pct": 2.340755397797495,
    "micro": false
  },
  "etanni": {
    "mean": 925.2930020875468,
    "rsd_pct": 0.4446081158728807,
    "micro": false
  },
  "fannkuchredux": {
    "mean": 2046.5635594778828,
    "rsd_pct": 0.2797121112436864,
    "micro": false
  },
  "lee": {
    "mean": 2246.6894229027357,
    "rsd_pct": 0.1186108144120649,
    "micro": false
  },
  "nbody": {
    "mean": 175.98460412278288,
    "rsd_pct": 0.06907841639030733,
    "micro": false
  },
  "optcarrot": {
    "mean": 14321.809698330859,
    "rsd_pct": 0.47680794669431614,
    "micro": false
  },
  "rubykon": {
    "mean": 21308.745117175084,
    "rsd_pct": 0.3110939831807678,
    "micro": false
  },
  "30k_ifelse": {
    "mean": 1926.3343798749625,
    "rsd_pct": 0.03601901003499538,
    "micro": true
  },
  "30k_methods": {
    "mean": 3857.6677411329,
    "rsd_pct": 0.06257126452554485,
    "micro": true
  },
  "cfunc_itself": {
    "mean": 103.43381722392176,
    "rsd_pct": 0.008016422456290606,
    "micro": true
  },
  "fib": {
    "mean": 191.09750845153292,
    "rsd_pct": 0.005638089585863712,
    "micro": true
  },
  "getivar": {
    "mean": 107.46822513451954,
    "rsd_pct": 0.007694250861887328,
    "micro": true
  },
  "keyword_args": {
    "mean": 191.03231312495737,
    "rsd_pct": 0.01285809201082525,
    "micro": true
  },
  "respond_to": {
    "mean": 99.76285993274549,
    "rsd_pct": 0.6882787058414239,
    "micro": true
  },
  "setivar": {
    "mean": 50.03891696444532,
    "rsd_pct": 0.0114643385684591,
    "micro": true
  },
  "setivar_object": {
    "mean": 127.50320925627284,
    "rsd_pct": 0.9440671747220025,
    "micro": true
  },
  "str_concat": {
    "mean": 106.35105731949469,
    "rsd_pct": 0.7225400072508736,
    "micro": true
  }
}