{
  "activerecord": {
    "mean": 108.5775601487789,
    "rsd_pct": 0.571608942583604,
    "micro": false
  },
  "hexapdf": {
    "mean": 2021.4222692574065,
    "rsd_pct": 2.179382950119796,
    "micro": false
  },
  "liquid-c": {
    "mean": 59.9206742920071,
    "rsd_pct": 2.0154725786867767,
    "micro": false
  },
  "liquid-render": {
    "mean": 111.07377177780734,
    "rsd_pct": 2.6771949768641448,
    "micro": false
  },
  "mail": {
    "mean": 138.0390754017722,
    "rsd_pct": 0.24314568887458593,
    "micro": false
  },
  "psych-load": {
    "mean": 1797.4165065524478,
    "rsd_pct": 0.05114571994895049,
    "micro": false
  },
  "railsbench": {
    "mean": 1851.3865148493398,
    "rsd_pct": 1.2498523154402041,
    "micro": false
  },
  "ruby-lsp": {
    "mean": 66.6119175975563,
    "rsd_pct": 20.223734124656463,
    "micro": false
  },
  "sequel": {
    "mean": 145.7422724838748,
    "rsd_pct": 1.8520123563814954,
    "micro": false
  },
  "binarytrees": {
    "mean": 232.4041044805199,
    "rsd_pct": 0.06516382554803751,
    "micro": false
  },
  "chunky_png": {
    "mean": 621.1017458173897,
    "rsd_pct": 0.05556810212515674,
    "micro": false
  },
  "erubi": {
    "mean": 254.96134015385252,
    "rsd_pct": 0.934992628859339,
    "micro": false
  },
  "erubi_rails": {
    "mean": 16.276559964260095,
    "rsd_pct": 3.28412928411873,
    "micro": false
  },
  "etanni": {
    "mean": 410.66739457298297,
    "rsd_pct": 0.4648248673496461,
    "micro": false
  },
  "fannkuchredux": {
    "mean": 909.7897291649133,
    "rsd_pct": 0.08070271572481147,
    "micro": false
  },
  "lee": {
    "mean": 913.4503759865072,
    "rsd_pct": 0.09909208221769832,
    "micro": false
  },
  "nbody": {
    "mean": 72.09950976497376,
    "rsd_pct": 0.07131120181668041,
    "micro": false
  },
  "optcarrot": {
    "mean": 8472.232027336335,
    "rsd_pct": 0.2112574937267379,
    "micro": false
  },
  "rubykon": {
    "mean": 6602.4892497962965,
    "rsd_pct": 0.29444403273838776,
    "micro": false
  },
  "30k_ifelse": {
    "mean": 422.4484487030497,
    "rsd_pct": 0.0659119040599229,
    "micro": true
  },
  "30k_methods": {
    "mean": 955.4852191940881,
    "rsd_pct": 0.046150487089269804,
    "micro": true
  },
  "cfunc_itself": {
    "mean": 42.25985946061939,
    "rsd_pct": 0.24488703743541276,
    "micro": true
  },
  "fib": {
    "mean": 62.166813734884016,
    "rsd_pct": 0.08974278770136813,
    "micro": true
  },
  "getivar": {
    "mean": 45.80554010511008,
    "rsd_pct": 0.06935120179228066,
    "micro": true
  },
  "keyword_args": {
    "mean": 52.66513438013168,
    "rsd_pct": 0.15368398553375326,
    "micro": true
  },
  "respond_to": {
    "mean": 28.930691426014324,
    "rsd_pct": 0.4545062718567182,
    "micro": true
  },
  "setivar": {
    "mean": 14.913673508991497,
    "rsd_pct": 0.09527627835438299,
    "micro": true
  },
  "setivar_object": {
    "mean": 47.490963723395474,
    "rsd_pct": 1.1757630620109427,
    "micro": true
  },
  "str_concat": {
    "mean": 44.107954292887804,
    "rsd_pct": 1.306037985817801,
    "micro": true
  }
}