{
  "activerecord": {
    "mean": 108.723601097251,
    "rsd_pct": 1.5509223272158794,
    "micro": false
  },
  "hexapdf": {
    "mean": 2164.4809886813164,
    "rsd_pct": 1.6705779809133916,
    "micro": false
  },
  "jekyll": {
    "mean": 7437.191478783886,
    "rsd_pct": 3.4904055518778336,
    "micro": false
  },
  "liquid-render": {
    "mean": 117.13923573798952,
    "rsd_pct": 2.0432147170662156,
    "micro": false
  },
  "mail": {
    "mean": 143.30495093414123,
    "rsd_pct": 0.3017849641711331,
    "micro": false
  },
  "psych-load": {
    "mean": 1705.9891734272242,
    "rsd_pct": 0.681163877745761,
    "micro": false
  },
  "railsbench": {
    "mean": 2121.6262217611074,
    "rsd_pct": 1.530798462069139,
    "micro": false
  },
  "binarytrees": {
    "mean": 287.68102811539876,
    "rsd_pct": 0.15234663898218864,
    "micro": false
  },
  "erubi": {
    "mean": 417.18579664388125,
    "rsd_pct": 0.6124856104797309,
    "micro": false
  },
  "erubi_rails": {
    "mean": 31.262978425876224,
    "rsd_pct": 3.4241712437100755,
    "micro": false
  },
  "fannkuchredux": {
    "mean": 5400.72127841413,
    "rsd_pct": 0.11592712868137152,
    "micro": false
  },
  "lee": {
    "mean": 741.2215543014032,
    "rsd_pct": 1.3704065180748752,
    "micro": false
  },
  "nbody": {
    "mean": 72.25855107557669,
    "rsd_pct": 0.024582577177438458,
    "micro": false
  },
  "optcarrot": {
    "mean": 3097.001695012053,
    "rsd_pct": 0.5732127181738575,
    "micro": false
  },
  "rubykon": {
    "mean": 5536.2600189944105,
    "rsd_pct": 0.5656115982844407,
    "micro": false
  },
  "30k_ifelse": {
    "mean": 305.92950304309204,
    "rsd_pct": 0.08721459250873266,
    "micro": true
  },
  "30k_methods": {
    "mean": 736.2776623555908,
    "rsd_pct": 0.02817253403131157,
    "micro": true
  },
  "cfunc_itself": {
    "mean": 39.6390089240833,
    "rsd_pct": 0.28389162363900644,
    "micro": true
  },
  "fib": {
    "mean": 52.11109785708373,
    "rsd_pct": 0.09011098280914635,
    "micro": true
  },
  "getivar": {
    "mean": 35.46275707957588,
    "rsd_pct": 0.05844978667229138,
    "micro": true
  },
  "keyword_args": {
    "mean": 46.05344644055591,
    "rsd_pct": 0.2823227590071944,
    "micro": true
  },
  "respond_to": {
    "mean": 182.633016971522,
    "rsd_pct": 0.16436061421810433,
    "micro": true
  },
  "setivar": {
    "mean": 41.69225669710016,
    "rsd_pct": 0.17659056462948142,
    "micro": true
  }
}