{
  "activerecord": {
    "mean": 95.01736904852666,
    "rsd_pct": 0.7313663428989946,
    "micro": false
  },
  "hexapdf": {
    "mean": 2258.0231423179307,
    "rsd_pct": 1.8376684889152994,
    "micro": false
  },
  "liquid-render": {
    "mean": 129.15472053234873,
    "rsd_pct": 1.5160244981059863,
    "micro": false
  },
  "mail": {
    "mean": 160.27198538063018,
    "rsd_pct": 0.14027611599698092,
    "micro": false
  },
  "psych-load": {
    "mean": 1886.3130425413449,
    "rsd_pct": 0.03849666309063081,
    "micro": false
  },
  "railsbench": {
    "mean": 2013.6078802247841,
    "rsd_pct": 1.20933965228337,
    "micro": false
  },
  "ruby-lsp": {
    "mean": 70.99024029938798,
    "rsd_pct": 16.3492830923253,
    "micro": false
  },
  "binarytrees": {
    "mean": 239.66801140238258,
    "rsd_pct": 0.0555411952569684,
    "micro": false
  },
  "chunky_png": {
    "mean": 635.8884730143473,
    "rsd_pct": 0.11989808895268292,
    "micro": false
  },
  "erubi": {
    "mean": 289.279583895552,
    "rsd_pct": 0.8409144661788517,
    "micro": false
  },
  "erubi_rails": {
    "mean": 17.673945519659256,
    "rsd_pct": 3.659440864485894,
    "micro": false
  },
  "etanni": {
    "mean": 474.2198358511641,
    "rsd_pct": 0.5387549538743082,
    "micro": false
  },
  "fannkuchredux": {
    "mean": 2307.876077791055,
    "rsd_pct": 0.05386101598762894,
    "micro": false
  },
  "lee": {
    "mean": 911.6210700436072,
    "rsd_pct": 1.7455931386740076,
    "micro": false
  },
  "nbody": {
    "mean": 79.50994035317784,
    "rsd_pct": 0.0935322569408736,
    "micro": false
  },
  "optcarrot": {
    "mean": 2934.5501251518726,
    "rsd_pct": 0.39244678654877424,
    "micro": false
  },
  "rubykon": {
    "mean": 6576.461137582858,
    "rsd_pct": 1.0175079049155011,
    "micro": false
  },
  "30k_ifelse": {
    "mean": 392.6994412392378,
    "rsd_pct": 0.12736157369132603,
    "micro": true
  },
  "30k_methods": {
    "mean": 963.8102063909173,
    "rsd_pct": 0.03830177370701052,
    "micro": true
  },
  "cfunc_itself": {
    "mean": 41.45979810146581,
    "rsd_pct": 0.33729818230704217,
    "micro": true
  },
  "fib": {
    "mean": 61.29285520005299,
    "rsd_pct": 0.04458149937665988,
    "micro": true
  },
  "getivar": {
    "mean": 46.87210217013325,
    "rsd_pct": 0.08002982394420494,
    "micro": true
  },
  "keyword_args": {
    "mean": 51.93435205267621,
    "rsd_pct": 0.13963644863598737,
    "micro": true
  },
  "respond_to": {
    "mean": 28.423742602833293,
    "rsd_pct": 0.6039832668826155,
    "micro": true
  },
  "setivar": {
    "mean": 47.285682366128306,
    "rsd_pct": 0.38654556195588596,
    "micro": true
  },
  "str_concat": {
    "mean": 39.48741545330505,
    "rsd_pct": 1.9407372747680074,
    "micro": true
  }
}