{
  "activerecord": {
    "mean": 109.68738531395381,
    "rsd_pct": 0.5026691414091197,
    "micro": false
  },
  "hexapdf": {
    "mean": 2372.9868246552846,
    "rsd_pct": 1.4730942512029275,
    "micro": false
  },
  "liquid-render": {
    "mean": 129.0325584809463,
    "rsd_pct": 1.886990846146836,
    "micro": false
  },
  "mail": {
    "mean": 161.56088887918287,
    "rsd_pct": 0.3998015150852726,
    "micro": false
  },
  "psych-load": {
    "mean": 1924.109595734626,
    "rsd_pct": 0.042880731543470094,
    "micro": false
  },
  "railsbench": {
    "mean": 2155.8283207938075,
    "rsd_pct": 1.0606121593284819,
    "micro": false
  },
  "binarytrees": {
    "mean": 338.41053962680525,
    "rsd_pct": 0.1607124947341684,
    "micro": false
  },
  "discourse": {
    "mean": 607.9804337716529,
    "rsd_pct": 14.573953296408867,
    "micro": false
  },
  "erubi": {
    "mean": 422.7894407082745,
    "rsd_pct": 0.7413832737531804,
    "micro": false
  },
  "erubi_rails": {
    "mean": 20.786815129107026,
    "rsd_pct": 3.282369310911933,
    "micro": false
  },
  "fannkuchredux": {
    "mean": 6960.065726190805,
    "rsd_pct": 0.30706303682970176,
    "micro": false
  },
  "lee": {
    "mean": 904.9663078463213,
    "rsd_pct": 1.8148156997634377,
    "micro": false
  },
  "nbody": {
    "mean": 87.61368529267715,
    "rsd_pct": 0.48933524736508344,
    "micro": false
  },
  "optcarrot": {
    "mean": 3594.4502807843187,
    "rsd_pct": 0.5491423949067332,
    "micro": false
  },
  "rubykon": {
    "mean": 6439.924705742548,
    "rsd_pct": 0.5603166673587425,
    "micro": false
  },
  "30k_ifelse": {
    "mean": 365.4831501739946,
    "rsd_pct": 0.18156556633822654,
    "micro": true
  },
  "30k_methods": {
    "mean": 886.1676599110731,
    "rsd_pct": 0.06413195009449787,
    "micro": true
  },
  "cfunc_itself": {
    "mean": 45.00670168206267,
    "rsd_pct": 0.9508901400332668,
    "micro": true
  },
  "fib": {
    "mean": 62.48104988023311,
    "rsd_pct": 0.6043061046842968,
    "micro": true
  },
  "getivar": {
    "mean": 42.54611414207749,
    "rsd_pct": 0.6814262445419444,
    "micro": true
  },
  "keyword_args": {
    "mean": 52.92258159328333,
    "rsd_pct": 0.7771366289390982,
    "micro": true
  },
  "respond_to": {
    "mean": 198.15074150249654,
    "rsd_pct": 0.2691465227650798,
    "micro": true
  },
  "setivar": {
    "mean": 52.485677818013194,
    "rsd_pct": 0.619118687535844,
    "micro": true
  }
}