{
  "activerecord": {
    "mean": 112.8392867499366,
    "rsd_pct": 0.4782654438744,
    "micro": false
  },
  "hexapdf": {
    "mean": 2396.482103255888,
    "rsd_pct": 2.163268161953649,
    "micro": false
  },
  "liquid-render": {
    "mean": 129.06709126296587,
    "rsd_pct": 1.8924234669350597,
    "micro": false
  },
  "mail": {
    "mean": 160.669656037883,
    "rsd_pct": 0.3465132803874115,
    "micro": false
  },
  "psych-load": {
    "mean": 1923.3561568660662,
    "rsd_pct": 0.07179970891363345,
    "micro": false
  },
  "railsbench": {
    "mean": 2218.620787273782,
    "rsd_pct": 1.320805456658642,
    "micro": false
  },
  "binarytrees": {
    "mean": 345.522784263206,
    "rsd_pct": 0.16521438756102028,
    "micro": false
  },
  "discourse": {
    "mean": 622.7574715842767,
    "rsd_pct": 14.781752542445712,
    "micro": false
  },
  "erubi": {
    "mean": 413.69553652233054,
    "rsd_pct": 0.8226561245142966,
    "micro": false
  },
  "erubi_rails": {
    "mean": 20.649861607616096,
    "rsd_pct": 3.2738100230869662,
    "micro": false
  },
  "fannkuchredux": {
    "mean": 7266.6328000059975,
    "rsd_pct": 0.04227341083998131,
    "micro": false
  },
  "lee": {
    "mean": 893.0118767417629,
    "rsd_pct": 1.5327791175264611,
    "micro": false
  },
  "nbody": {
    "mean": 85.99339075871656,
    "rsd_pct": 0.4573942591112265,
    "micro": false
  },
  "optcarrot": {
    "mean": 3564.2753025284037,
    "rsd_pct": 0.5722375299571545,
    "micro": false
  },
  "rubykon": {
    "mean": 6598.88779540391,
    "rsd_pct": 0.4039070186689232,
    "micro": false
  },
  "30k_ifelse": {
    "mean": 366.1147027284772,
    "rsd_pct": 0.16624809493379916,
    "micro": true
  },
  "30k_methods": {
    "mean": 879.317115584854,
    "rsd_pct": 0.0562770588813862,
    "micro": true
  },
  "cfunc_itself": {
    "mean": 44.66976248034145,
    "rsd_pct": 0.871759058396733,
    "micro": true
  },
  "fib": {
    "mean": 62.48205971099775,
    "rsd_pct": 0.5796971599879943,
    "micro": true
  },
  "getivar": {
    "mean": 42.55354466236895,
    "rsd_pct": 0.6846429376484671,
    "micro": true
  },
  "keyword_args": {
    "mean": 53.46265017413743,
    "rsd_pct": 0.9549664004671878,
    "micro": true
  },
  "respond_to": {
    "mean": 191.07658168899692,
    "rsd_pct": 0.29164246598863786,
    "micro": true
  },
  "setivar": {
    "mean": 49.521703754481074,
    "rsd_pct": 0.7205379073144806,
    "micro": true
  }
}