{
  "activerecord": {
    "mean": 97.24173204774416,
    "rsd_pct": 0.7628240785262344,
    "micro": false
  },
  "hexapdf": {
    "mean": 2323.4645349284015,
    "rsd_pct": 2.2720109527285004,
    "micro": false
  },
  "liquid-render": {
    "mean": 114.6134766961702,
    "rsd_pct": 1.8703331812508626,
    "micro": false
  },
  "mail": {
    "mean": 156.91855338614758,
    "rsd_pct": 0.09825043399686335,
    "micro": false
  },
  "psych-load": {
    "mean": 1870.2941057582696,
    "rsd_pct": 0.04523222692060802,
    "micro": false
  },
  "railsbench": {
    "mean": 2028.8269999126594,
    "rsd_pct": 1.391870374318957,
    "micro": false
  },
  "ruby-lsp": {
    "mean": 84.46222008802953,
    "rsd_pct": 24.929420856741505,
    "micro": false
  },
  "binarytrees": {
    "mean": 232.43598951849827,
    "rsd_pct": 2.4879803670710894,
    "micro": false
  },
  "chunky_png": {
    "mean": 612.8401454770938,
    "rsd_pct": 0.056178506208194395,
    "micro": false
  },
  "erubi": {
    "mean": 294.3457511823569,
    "rsd_pct": 0.8734974993177245,
    "micro": false
  },
  "erubi_rails": {
    "mean": 17.539289467290875,
    "rsd_pct": 3.9132011072866364,
    "micro": false
  },
  "etanni": {
    "mean": 468.95400434732437,
    "rsd_pct": 0.45809471034853133,
    "micro": false
  },
  "fannkuchredux": {
    "mean": 2301.308043549458,
    "rsd_pct": 0.14564531536924924,
    "micro": false
  },
  "lee": {
    "mean": 947.7263016714936,
    "rsd_pct": 1.7484090027278025,
    "micro": false
  },
  "nbody": {
    "mean": 78.07222008705139,
    "rsd_pct": 0.09799620247671816,
    "micro": false
  },
  "optcarrot": {
    "mean": 3159.41209991773,
    "rsd_pct": 0.37241648111118414,
    "micro": false
  },
  "rubykon": {
    "mean": 6943.820467839639,
    "rsd_pct": 0.28139444376726463,
    "micro": false
  },
  "30k_ifelse": {
    "mean": 392.68135473132133,
    "rsd_pct": 0.09814363224400455,
    "micro": true
  },
  "30k_methods": {
    "mean": 966.0418519750237,
    "rsd_pct": 0.06576277698948788,
    "micro": true
  },
  "cfunc_itself": {
    "mean": 40.33113335330324,
    "rsd_pct": 0.24684650034111388,
    "micro": true
  },
  "fib": {
    "mean": 61.333250505792584,
    "rsd_pct": 0.17174836245242212,
    "micro": true
  },
  "getivar": {
    "mean": 46.83948519853919,
    "rsd_pct": 0.06416125567685128,
    "micro": true
  },
  "keyword_args": {
    "mean": 51.56262626158113,
    "rsd_pct": 0.27614691765799027,
    "micro": true
  },
  "respond_to": {
    "mean": 28.496115964273333,
    "rsd_pct": 0.5241781274127959,
    "micro": true
  },
  "setivar": {
    "mean": 47.00717319435668,
    "rsd_pct": 0.1478736774309632,
    "micro": true
  },
  "str_concat": {
    "mean": 43.411796086508296,
    "rsd_pct": 1.719850393378838,
    "micro": true
  }
}