{
  "activerecord": {
    "mean": 104.87849097601406,
    "rsd_pct": 0.5720905706951551,
    "micro": false
  },
  "hexapdf": {
    "mean": 2327.793330078324,
    "rsd_pct": 1.6009938905398478,
    "micro": false
  },
  "liquid-render": {
    "mean": 128.71061801429718,
    "rsd_pct": 1.6653044080139776,
    "micro": false
  },
  "mail": {
    "mean": 161.01173370055133,
    "rsd_pct": 0.15977250949435953,
    "micro": false
  },
  "psych-load": {
    "mean": 1976.342831303676,
    "rsd_pct": 0.03206919670852743,
    "micro": false
  },
  "railsbench": {
    "mean": 2084.2923947920403,
    "rsd_pct": 1.096929360794492,
    "micro": false
  },
  "binarytrees": {
    "mean": 355.75346775691617,
    "rsd_pct": 0.0595567983331761,
    "micro": false
  },
  "chunky_png": {
    "mean": 661.2871954838434,
    "rsd_pct": 0.051048081614714615,
    "micro": false
  },
  "erubi": {
    "mean": 395.58097024505236,
    "rsd_pct": 0.608829049576986,
    "micro": false
  },
  "erubi_rails": {
    "mean": 20.96945494217308,
    "rsd_pct": 3.3583668571000427,
    "micro": false
  },
  "fannkuchredux": {
    "mean": 8487.374041974545,
    "rsd_pct": 0.13459838554612139,
    "micro": false
  },
  "lee": {
    "mean": 918.5653478794154,
    "rsd_pct": 0.5829416106796301,
    "micro": false
  },
  "nbody": {
    "mean": 89.25667675622903,
    "rsd_pct": 0.07699109014863435,
    "micro": false
  },
  "optcarrot": {
    "mean": 3634.8774261772633,
    "rsd_pct": 0.5667655496513552,
    "micro": false
  },
  "rubykon": {
    "mean": 7733.86225613455,
    "rsd_pct": 5.111487010962592,
    "micro": false
  },
  "30k_ifelse": {
    "mean": 351.9341965654382,
    "rsd_pct": 0.08561641504600834,
    "micro": true
  },
  "30k_methods": {
    "mean": 877.5158230723305,
    "rsd_pct": 0.028731940990616014,
    "micro": true
  },
  "cfunc_itself": {
    "mean": 45.00967371034649,
    "rsd_pct": 0.6781249038396587,
    "micro": true
  },
  "fib": {
    "mean": 63.399717359552305,
    "rsd_pct": 0.18665978951963197,
    "micro": true
  },
  "getivar": {
    "mean": 42.5263827240545,
    "rsd_pct": 0.07263689448207145,
    "micro": true
  },
  "keyword_args": {
    "mean": 52.92919787135035,
    "rsd_pct": 0.15094173352982174,
    "micro": true
  },
  "respond_to": {
    "mean": 184.9664906039834,
    "rsd_pct": 0.20194184193357245,
    "micro": true
  },
  "setivar": {
    "mean": 54.14202129256428,
    "rsd_pct": 0.32088963477855853,
    "micro": true
  },
  "str_concat": {
    "mean": 109.17210605527673,
    "rsd_pct": 0.6921495602056006,
    "micro": true
  }
}