{
  "activerecord": {
    "mean": 98.28953185484777,
    "rsd_pct": 0.6890048749891831,
    "micro": false
  },
  "hexapdf": {
    "mean": 2351.4805587629476,
    "rsd_pct": 2.208518613395238,
    "micro": false
  },
  "liquid-render": {
    "mean": 115.93267231085206,
    "rsd_pct": 1.8258273535376455,
    "micro": false
  },
  "mail": {
    "mean": 156.15268550285205,
    "rsd_pct": 0.12622825500027937,
    "micro": false
  },
  "psych-load": {
    "mean": 1951.679730663697,
    "rsd_pct": 0.04261745852813671,
    "micro": false
  },
  "railsbench": {
    "mean": 2187.757537265619,
    "rsd_pct": 0.9427238135241175,
    "micro": false
  },
  "binarytrees": {
    "mean": 230.40589291689008,
    "rsd_pct": 3.833356722952186,
    "micro": false
  },
  "chunky_png": {
    "mean": 631.5958435016294,
    "rsd_pct": 0.3060760168546879,
    "micro": false
  },
  "erubi": {
    "mean": 295.09150014439626,
    "rsd_pct": 0.8225599316467811,
    "micro": false
  },
  "erubi_rails": {
    "mean": 19.017682989325486,
    "rsd_pct": 4.0588544251463725,
    "micro": false
  },
  "etanni": {
    "mean": 474.07976103325683,
    "rsd_pct": 0.50603503331836,
    "micro": false
  },
  "fannkuchredux": {
    "mean": 2302.199504772822,
    "rsd_pct": 0.19909878344669893,
    "micro": false
  },
  "lee": {
    "mean": 970.1736001297832,
    "rsd_pct": 0.06465738354343828,
    "micro": false
  },
  "nbody": {
    "mean": 81.71327541373213,
    "rsd_pct": 0.08546001278223923,
    "micro": false
  },
  "optcarrot": {
    "mean": 3062.6645339032016,
    "rsd_pct": 0.40882275251923056,
    "micro": false
  },
  "rubykon": {
    "mean": 6926.422102749348,
    "rsd_pct": 0.3707227436565067,
    "micro": false
  },
  "30k_ifelse": {
    "mean": 349.78162020183447,
    "rsd_pct": 0.18718632789122386,
    "micro": true
  },
  "30k_methods": {
    "mean": 818.4004494299492,
    "rsd_pct": 0.029766073311953373,
    "micro": true
  },
  "cfunc_itself": {
    "mean": 42.57476045971825,
    "rsd_pct": 0.1859771919841894,
    "micro": true
  },
  "fib": {
    "mean": 61.375400512863735,
    "rsd_pct": 0.0666632307308181,
    "micro": true
  },
  "getivar": {
    "mean": 46.845180961789794,
    "rsd_pct": 0.056500578625318286,
    "micro": true
  },
  "keyword_args": {
    "mean": 51.77848073494151,
    "rsd_pct": 0.1511204863030374,
    "micro": true
  },
  "respond_to": {
    "mean": 28.269866426039563,
    "rsd_pct": 0.4008804157753492,
    "micro": true
  },
  "setivar": {
    "mean": 47.16930052278735,
    "rsd_pct": 0.16468909698562376,
    "micro": true
  },
  "str_concat": {
    "mean": 48.9355817091057,
    "rsd_pct": 1.4918966549426596,
    "micro": true
  }
}