{
  "activerecord": {
    "mean": 102.31108285295657,
    "rsd_pct": 0.6858280967043591,
    "micro": false
  },
  "hexapdf": {
    "mean": 2364.7402902444205,
    "rsd_pct": 2.431952821864974,
    "micro": false
  },
  "liquid-render": {
    "mean": 123.58173571992666,
    "rsd_pct": 1.658531862155323,
    "micro": false
  },
  "mail": {
    "mean": 157.1386710513295,
    "rsd_pct": 0.19406357352023595,
    "micro": false
  },
  "psych-load": {
    "mean": 1886.1317190031211,
    "rsd_pct": 0.012287146559176612,
    "micro": false
  },
  "railsbench": {
    "mean": 2087.4787444869676,
    "rsd_pct": 0.7299954414340103,
    "micro": false
  },
  "binarytrees": {
    "mean": 363.03952968481815,
    "rsd_pct": 0.05088476691277266,
    "micro": false
  },
  "chunky_png": {
    "mean": 656.4925026148558,
    "rsd_pct": 0.041933427085921536,
    "micro": false
  },
  "erubi": {
    "mean": 293.03157903620456,
    "rsd_pct": 0.8073104392143681,
    "micro": false
  },
  "erubi_rails": {
    "mean": 19.022684755055582,
    "rsd_pct": 3.5104895295867364,
    "micro": false
  },
  "fannkuchredux": {
    "mean": 2357.3854019244513,
    "rsd_pct": 0.045208838619256814,
    "micro": false
  },
  "lee": {
    "mean": 947.7442871956598,
    "rsd_pct": 1.6562256161660127,
    "micro": false
  },
  "nbody": {
    "mean": 91.09412664866267,
    "rsd_pct": 0.09457385220222067,
    "micro": false
  },
  "optcarrot": {
    "mean": 3523.664763569832,
    "rsd_pct": 0.6279950950258838,
    "micro": false
  },
  "rubykon": {
    "mean": 6785.235749433438,
    "rsd_pct": 0.6424357102033388,
    "micro": false
  },
  "30k_ifelse": {
    "mean": 368.4559130584294,
    "rsd_pct": 0.08995198366521766,
    "micro": true
  },
  "30k_methods": {
    "mean": 795.3412215411663,
    "rsd_pct": 0.020333901359989966,
    "micro": true
  },
  "cfunc_itself": {
    "mean": 44.3155619027636,
    "rsd_pct": 0.6194580408874513,
    "micro": true
  },
  "fib": {
    "mean": 64.67825332264684,
    "rsd_pct": 0.11859022366380376,
    "micro": true
  },
  "getivar": {
    "mean": 42.632703262287926,
    "rsd_pct": 0.04819116941158067,
    "micro": true
  },
  "keyword_args": {
    "mean": 52.38960074105611,
    "rsd_pct": 0.23148275941357732,
    "micro": true
  },
  "respond_to": {
    "mean": 182.24644190767435,
    "rsd_pct": 0.1099810039785823,
    "micro": true
  },
  "setivar": {
    "mean": 52.63647600261391,
    "rsd_pct": 0.07643817790958385,
    "micro": true
  },
  "str_concat": {
    "mean": 47.45911774081742,
    "rsd_pct": 1.6456795789623688,
    "micro": true
  }
}