{
  "activerecord": {
    "mean": 103.36075731857144,
    "rsd_pct": 0.6091423417079648,
    "micro": false
  },
  "hexapdf": {
    "mean": 2373.118527730306,
    "rsd_pct": 2.360942329965899,
    "micro": false
  },
  "liquid-render": {
    "mean": 125.94733543494004,
    "rsd_pct": 1.7231307976776686,
    "micro": false
  },
  "mail": {
    "mean": 153.73693608729414,
    "rsd_pct": 0.17955580356148493,
    "micro": false
  },
  "psych-load": {
    "mean": 1929.433047150572,
    "rsd_pct": 0.03204185099315533,
    "micro": false
  },
  "railsbench": {
    "mean": 2060.940384119749,
    "rsd_pct": 1.0480063668015331,
    "micro": false
  },
  "binarytrees": {
    "mean": 363.90909598423883,
    "rsd_pct": 0.04817809065794177,
    "micro": false
  },
  "chunky_png": {
    "mean": 648.7725566451749,
    "rsd_pct": 0.04865016654654248,
    "micro": false
  },
  "erubi": {
    "mean": 318.14081056584274,
    "rsd_pct": 0.7315672761368741,
    "micro": false
  },
  "erubi_rails": {
    "mean": 19.439064356887226,
    "rsd_pct": 3.562786719486009,
    "micro": false
  },
  "fannkuchredux": {
    "mean": 7065.914901097615,
    "rsd_pct": 0.18746374379562608,
    "micro": false
  },
  "lee": {
    "mean": 933.4336744532699,
    "rsd_pct": 1.1876020810427605,
    "micro": false
  },
  "nbody": {
    "mean": 90.57672208278987,
    "rsd_pct": 0.05944248469750394,
    "micro": false
  },
  "optcarrot": {
    "mean": 3466.3600695629916,
    "rsd_pct": 0.6057223459110522,
    "micro": false
  },
  "rubykon": {
    "mean": 6745.945278927684,
    "rsd_pct": 0.5785282134317332,
    "micro": false
  },
  "30k_ifelse": {
    "mean": 361.79379800503904,
    "rsd_pct": 0.07333548874420365,
    "micro": true
  },
  "30k_methods": {
    "mean": 869.3537305701863,
    "rsd_pct": 0.01907955921224048,
    "micro": true
  },
  "cfunc_itself": {
    "mean": 45.183741734214294,
    "rsd_pct": 0.7674116670609195,
    "micro": true
  },
  "fib": {
    "mean": 63.48557794573391,
    "rsd_pct": 0.07990415605481789,
    "micro": true
  },
  "getivar": {
    "mean": 44.21561552120037,
    "rsd_pct": 0.05021184656894159,
    "micro": true
  },
  "keyword_args": {
    "mean": 52.39232575476641,
    "rsd_pct": 0.21645665816831394,
    "micro": true
  },
  "respond_to": {
    "mean": 186.72172821847334,
    "rsd_pct": 0.11596310804934053,
    "micro": true
  },
  "setivar": {
    "mean": 49.72401216315726,
    "rsd_pct": 0.10928552732398324,
    "micro": true
  },
  "str_concat": {
    "mean": 43.208607077988994,
    "rsd_pct": 1.5465648570359745,
    "micro": true
  }
}