{
  "activerecord": {
    "mean": 306.92907407040326,
    "rsd_pct": 0.506913002109434,
    "micro": false
  },
  "hexapdf": {
    "mean": 6706.583180806289,
    "rsd_pct": 1.6153183635350916,
    "micro": false
  },
  "liquid-render": {
    "mean": 387.1311055392855,
    "rsd_pct": 1.6649317239081896,
    "micro": false
  },
  "mail": {
    "mean": 406.99952235112767,
    "rsd_pct": 0.7094536173305385,
    "micro": false
  },
  "psych-load": {
    "mean": 5599.78493352731,
    "rsd_pct": 0.1295648667131851,
    "micro": false
  },
  "railsbench": {
    "mean": 6049.90368798996,
    "rsd_pct": 0.5313653585390113,
    "micro": false
  },
  "ruby-lsp": {
    "mean": 203.47245782773228,
    "rsd_pct": 9.181330236378864,
    "micro": false
  },
  "binarytrees": {
    "mean": 535.7151202735536,
    "rsd_pct": 0.1631292752461595,
    "micro": false
  },
  "chunky_png": {
    "mean": 1519.2510750057409,
    "rsd_pct": 0.13365670019499157,
    "micro": false
  },
  "erubi": {
    "mean": 748.506991171848,
    "rsd_pct": 1.6629747506548922,
    "micro": false
  },
  "erubi_rails": {
    "mean": 49.47458086825115,
    "rsd_pct": 2.3948321800296704,
    "micro": false
  },
  "etanni": {
    "mean": 1129.8879110586963,
    "rsd_pct": 1.2515255105316558,
    "micro": false
  },
  "fannkuchredux": {
    "mean": 2308.971656044014,
    "rsd_pct": 0.1777391977903183,
    "micro": false
  },
  "lee": {
    "mean": 2309.0640355578876,
    "rsd_pct": 0.31622685363295666,
    "micro": false
  },
  "nbody": {
    "mean": 177.45761343760898,
    "rsd_pct": 0.06497353909560302,
    "micro": false
  },
  "optcarrot": {
    "mean": 10512.70196509237,
    "rsd_pct": 0.42362577884916475,
    "micro": false
  },
  "rubykon": {
    "mean": 21611.813954108704,
    "rsd_pct": 0.3128344159386477,
    "micro": false
  },
  "30k_ifelse": {
    "mean": 1916.5178832504898,
    "rsd_pct": 0.09050992648965772,
    "micro": true
  },
  "30k_methods": {
    "mean": 3939.7294765249603,
    "rsd_pct": 0.06057492190014381,
    "micro": true
  },
  "cfunc_itself": {
    "mean": 103.19411308121155,
    "rsd_pct": 0.020000598134427658,
    "micro": true
  },
  "fib": {
    "mean": 175.36627189197677,
    "rsd_pct": 0.005974630927385349,
    "micro": true
  },
  "getivar": {
    "mean": 107.9066983558391,
    "rsd_pct": 0.012562497694793843,
    "micro": true
  },
  "keyword_args": {
    "mean": 151.0403633195286,
    "rsd_pct": 0.013423748978159017,
    "micro": true
  },
  "respond_to": {
    "mean": 99.91570582875019,
    "rsd_pct": 1.2270798752440475,
    "micro": true
  },
  "setivar": {
    "mean": 50.037778288756,
    "rsd_pct": 0.018753052316626537,
    "micro": true
  },
  "setivar_object": {
    "mean": 127.48177118665544,
    "rsd_pct": 1.3520914097703816,
    "micro": true
  },
  "str_concat": {
    "mean": 106.30776426990327,
    "rsd_pct": 1.0120398183702068,
    "micro": true
  }
}