{
  "activerecord": {
    "mean": 42.619760778995584,
    "rsd_pct": 3.6842940850957997,
    "micro": false
  },
  "erubi_rails": {
    "mean": 15.631887933962071,
    "rsd_pct": 19.40981390251083,
    "micro": false
  },
  "hexapdf": {
    "mean": 2073.2358034700155,
    "rsd_pct": 1.64616596073248,
    "micro": false
  },
  "liquid-c": {
    "mean": 59.49526657168572,
    "rsd_pct": 0.6597603073594211,
    "micro": false
  },
  "liquid-compile": {
    "mean": 57.157427088265685,
    "rsd_pct": 1.4683022777275911,
    "micro": false
  },
  "liquid-render": {
    "mean": 104.12397602278935,
    "rsd_pct": 0.4986639640585618,
    "micro": false
  },
  "mail": {
    "mean": 132.91389364749193,
    "rsd_pct": 0.1472185684102897,
    "micro": false
  },
  "psych-load": {
    "mean": 1845.7153641929228,
    "rsd_pct": 0.09045445007270082,
    "micro": false
  },
  "railsbench": {
    "mean": 1816.7785217364628,
    "rsd_pct": 1.139529089006839,
    "micro": false
  },
  "ruby-lsp": {
    "mean": 55.876423937401604,
    "rsd_pct": 6.981522283171645,
    "micro": false
  },
  "sequel": {
    "mean": 69.61706102880866,
    "rsd_pct": 1.1084275140568978,
    "micro": false
  },
  "binarytrees": {
    "mean": 227.81490155806145,
    "rsd_pct": 0.06792264858792144,
    "micro": false
  },
  "chunky_png": {
    "mean": 663.7171708668271,
    "rsd_pct": 0.37935227863633764,
    "micro": false
  },
  "erubi": {
    "mean": 255.4828124359632,
    "rsd_pct": 0.06108087601130217,
    "micro": false
  },
  "etanni": {
    "mean": 408.6946079817911,
    "rsd_pct": 0.05023123938461001,
    "micro": false
  },
  "fannkuchredux": {
    "mean": 756.9882445610486,
    "rsd_pct": 0.05091070125496886,
    "micro": false
  },
  "lee": {
    "mean": 940.0942848019656,
    "rsd_pct": 0.3741050475554262,
    "micro": false
  },
  "nbody": {
    "mean": 70.74145783663243,
    "rsd_pct": 0.09086991848525872,
    "micro": false
  },
  "optcarrot": {
    "mean": 2306.572771569093,
    "rsd_pct": 0.5779732716192821,
    "micro": false
  },
  "ruby-json": {
    "mean": 3195.725852251053,
    "rsd_pct": 0.12678049808077257,
    "micro": false
  },
  "rubykon": {
    "mean": 6568.019073953231,
    "rsd_pct": 1.2072350574619706,
    "micro": false
  },
  "30k_ifelse": {
    "mean": 359.335101836107,
    "rsd_pct": 0.0562413170300473,
    "micro": true
  },
  "30k_methods": {
    "mean": 863.4458738986565,
    "rsd_pct": 0.023485308390625233,
    "micro": true
  },
  "cfunc_itself": {
    "mean": 38.48580764315557,
    "rsd_pct": 0.33577672036850714,
    "micro": true
  },
  "fib": {
    "mean": 44.60140725963616,
    "rsd_pct": 0.05127811947366118,
    "micro": true
  },
  "getivar": {
    "mean": 21.18210366264112,
    "rsd_pct": 0.1642881360943794,
    "micro": true
  },
  "keyword_args": {
    "mean": 48.14149973323212,
    "rsd_pct": 0.45189144979449636,
    "micro": true
  },
  "respond_to": {
    "mean": 25.683216020423902,
    "rsd_pct": 0.5179511498241276,
    "micro": true
  },
  "setivar": {
    "mean": 11.995384752321328,
    "rsd_pct": 0.1548131837097482,
    "micro": true
  },
  "setivar_object": {
    "mean": 42.10620905376143,
    "rsd_pct": 0.045433424350945904,
    "micro": true
  },
  "setivar_young": {
    "mean": 42.254124671153356,
    "rsd_pct": 1.4520028596049155,
    "micro": true
  },
  "str_concat": {
    "mean": 44.18391017403839,
    "rsd_pct": 0.4355181855380757,
    "micro": true
  },
  "throw": {
    "mean": 24.753449118712492,
    "rsd_pct": 0.2773868572182931,
    "micro": true
  }
}