{
  "activerecord": {
    "mean": 41.32948726361533,
    "rsd_pct": 0.9033775790877722,
    "micro": false
  },
  "erubi_rails": {
    "mean": 14.98760296078014,
    "rsd_pct": 3.652393063727614,
    "micro": false
  },
  "hexapdf": {
    "mean": 1966.4941971500714,
    "rsd_pct": 1.6959042464959195,
    "micro": false
  },
  "liquid-c": {
    "mean": 58.34227044690858,
    "rsd_pct": 2.0962353162473444,
    "micro": false
  },
  "liquid-render": {
    "mean": 103.45594953150325,
    "rsd_pct": 2.7601558071492627,
    "micro": false
  },
  "mail": {
    "mean": 128.63915487049292,
    "rsd_pct": 0.22418791513895134,
    "micro": false
  },
  "psych-load": {
    "mean": 1801.3997963319223,
    "rsd_pct": 0.12872085494877666,
    "micro": false
  },
  "railsbench": {
    "mean": 1771.1938748136163,
    "rsd_pct": 1.3006114892307181,
    "micro": false
  },
  "ruby-lsp": {
    "mean": 56.98610535501754,
    "rsd_pct": 20.537951631560407,
    "micro": false
  },
  "sequel": {
    "mean": 67.36001328123037,
    "rsd_pct": 0.5032452646302258,
    "micro": false
  },
  "binarytrees": {
    "mean": 223.13551507429796,
    "rsd_pct": 0.16369991235205114,
    "micro": false
  },
  "chunky_png": {
    "mean": 606.9334691856056,
    "rsd_pct": 0.07484140888318755,
    "micro": false
  },
  "erubi": {
    "mean": 249.77196627296507,
    "rsd_pct": 0.9142547922139198,
    "micro": false
  },
  "etanni": {
    "mean": 408.02887447026313,
    "rsd_pct": 0.4490757566824326,
    "micro": false
  },
  "fannkuchredux": {
    "mean": 755.362423387571,
    "rsd_pct": 0.05889511774924867,
    "micro": false
  },
  "lee": {
    "mean": 888.5357042097232,
    "rsd_pct": 0.35065209874535574,
    "micro": false
  },
  "nbody": {
    "mean": 76.90440493707473,
    "rsd_pct": 0.06089103582114218,
    "micro": false
  },
  "optcarrot": {
    "mean": 2250.418747588992,
    "rsd_pct": 0.6125542037467424,
    "micro": false
  },
  "ruby-json": {
    "mean": 3091.1341097205877,
    "rsd_pct": 0.11407123561528168,
    "micro": false
  },
  "rubykon": {
    "mean": 6485.098553883533,
    "rsd_pct": 0.4074415848933121,
    "micro": false
  },
  "30k_ifelse": {
    "mean": 360.1046729494225,
    "rsd_pct": 0.05996053401109432,
    "micro": true
  },
  "30k_methods": {
    "mean": 856.6098756602277,
    "rsd_pct": 0.025756137287205622,
    "micro": true
  },
  "cfunc_itself": {
    "mean": 39.295773331676266,
    "rsd_pct": 0.2650071847270608,
    "micro": true
  },
  "fib": {
    "mean": 44.895153277124585,
    "rsd_pct": 0.05060172878012137,
    "micro": true
  },
  "getivar": {
    "mean": 21.21532994654101,
    "rsd_pct": 0.281106673102766,
    "micro": true
  },
  "keyword_args": {
    "mean": 49.41880201437959,
    "rsd_pct": 0.3271829774133151,
    "micro": true
  },
  "respond_to": {
    "mean": 26.66791036317202,
    "rsd_pct": 0.20901759364999709,
    "micro": true
  },
  "setivar": {
    "mean": 11.992156079310497,
    "rsd_pct": 0.08778190465389388,
    "micro": true
  },
  "setivar_object": {
    "mean": 46.77717488006071,
    "rsd_pct": 2.9104385548801823,
    "micro": true
  },
  "setivar_young": {
    "mean": 45.33219728154255,
    "rsd_pct": 2.2792842302518506,
    "micro": true
  },
  "str_concat": {
    "mean": 43.6081022697791,
    "rsd_pct": 1.4551100586436096,
    "micro": true
  },
  "throw": {
    "mean": 22.525929843769603,
    "rsd_pct": 0.2188374966289494,
    "micro": true
  }
}