{
  "activerecord": {
    "mean": 42.30590989715174,
    "rsd_pct": 4.140566728363681,
    "micro": false
  },
  "erubi_rails": {
    "mean": 15.554730669655058,
    "rsd_pct": 21.102018711656918,
    "micro": false
  },
  "hexapdf": {
    "mean": 2087.074997027715,
    "rsd_pct": 2.7131582743335896,
    "micro": false
  },
  "liquid-c": {
    "mean": 58.91311949548813,
    "rsd_pct": 1.7859522594426358,
    "micro": false
  },
  "liquid-compile": {
    "mean": 52.56140340287584,
    "rsd_pct": 4.7403070239729415,
    "micro": false
  },
  "liquid-render": {
    "mean": 107.76798041415927,
    "rsd_pct": 2.4290169601854013,
    "micro": false
  },
  "mail": {
    "mean": 127.2060063500435,
    "rsd_pct": 0.36241072072615055,
    "micro": false
  },
  "psych-load": {
    "mean": 1827.71003904442,
    "rsd_pct": 0.13906482923885755,
    "micro": false
  },
  "railsbench": {
    "mean": 1808.5474468767643,
    "rsd_pct": 1.253895324404025,
    "micro": false
  },
  "ruby-lsp": {
    "mean": 69.2424003907538,
    "rsd_pct": 29.750062919295992,
    "micro": false
  },
  "sequel": {
    "mean": 66.8905926338805,
    "rsd_pct": 1.3959705441083214,
    "micro": false
  },
  "binarytrees": {
    "mean": 220.8251858337058,
    "rsd_pct": 0.11201031083539499,
    "micro": false
  },
  "chunky_png": {
    "mean": 654.5037090778351,
    "rsd_pct": 0.3217155629980582,
    "micro": false
  },
  "erubi": {
    "mean": 249.6905987150967,
    "rsd_pct": 0.9414466758080831,
    "micro": false
  },
  "etanni": {
    "mean": 401.52511798909734,
    "rsd_pct": 0.6067903835678126,
    "micro": false
  },
  "fannkuchredux": {
    "mean": 773.1054202467203,
    "rsd_pct": 0.047926542648286136,
    "micro": false
  },
  "lee": {
    "mean": 919.179184273595,
    "rsd_pct": 0.25282417460587886,
    "micro": false
  },
  "nbody": {
    "mean": 68.57036435042079,
    "rsd_pct": 0.0805575594085424,
    "micro": false
  },
  "optcarrot": {
    "mean": 2261.3231432934604,
    "rsd_pct": 0.6370926254245083,
    "micro": false
  },
  "ruby-json": {
    "mean": 3348.938580478231,
    "rsd_pct": 0.27158582879518045,
    "micro": false
  },
  "rubykon": {
    "mean": 6506.483503803611,
    "rsd_pct": 0.4051361809004423,
    "micro": false
  },
  "30k_ifelse": {
    "mean": 359.576086869294,
    "rsd_pct": 0.06317444601364003,
    "micro": true
  },
  "30k_methods": {
    "mean": 858.1517936418886,
    "rsd_pct": 0.017458623290674585,
    "micro": true
  },
  "cfunc_itself": {
    "mean": 38.42757347711297,
    "rsd_pct": 0.2907473486005454,
    "micro": true
  },
  "fib": {
    "mean": 44.56208168994635,
    "rsd_pct": 0.059185300793072035,
    "micro": true
  },
  "getivar": {
    "mean": 21.122902850084472,
    "rsd_pct": 0.20330091879860088,
    "micro": true
  },
  "keyword_args": {
    "mean": 47.91626293194351,
    "rsd_pct": 0.19148592541059076,
    "micro": true
  },
  "respond_to": {
    "mean": 25.453938851204814,
    "rsd_pct": 0.36482617189964833,
    "micro": true
  },
  "setivar": {
    "mean": 11.995354830441034,
    "rsd_pct": 0.10712449302620113,
    "micro": true
  },
  "setivar_object": {
    "mean": 46.631844131119344,
    "rsd_pct": 5.705739871905043,
    "micro": true
  },
  "setivar_young": {
    "mean": 42.329053378711315,
    "rsd_pct": 1.7353904209566622,
    "micro": true
  },
  "str_concat": {
    "mean": 42.417237097317845,
    "rsd_pct": 1.4646253900861737,
    "micro": true
  },
  "throw": {
    "mean": 23.85087420329098,
    "rsd_pct": 0.3156962136450525,
    "micro": true
  }
}