{
  "activerecord": {
    "mean": 113.80231341751046,
    "rsd_pct": 1.9173903074003522
  },
  "jekyll": {
    "mean": 7513.633746886626,
    "rsd_pct": 2.735799883719222
  },
  "liquid-render": {
    "mean": 147.00465484734949,
    "rsd_pct": 2.3714932132128217
  },
  "mail": {
    "mean": 138.21224216719284,
    "rsd_pct": 1.426551265043025
  },
  "psych-load": {
    "mean": 1661.823913315311,
    "rsd_pct": 0.5524053134217811
  },
  "railsbench": {
    "mean": 2641.6429181583226,
    "rsd_pct": 1.4779729227225142
  },
  "binarytrees": {
    "mean": 295.3086689772919,
    "rsd_pct": 0.23683272157924334
  },
  "fannkuchredux": {
    "mean": 5503.853016532958,
    "rsd_pct": 0.12039417988544704
  },
  "lee": {
    "mean": 801.7981881586214,
    "rsd_pct": 1.6786237246676736
  },
  "nbody": {
    "mean": 71.36354743712667,
    "rsd_pct": 0.03969045509795071
  },
  "optcarrot": {
    "mean": 3135.0567043293267,
    "rsd_pct": 0.2821489961548403
  },
  "30k_ifelse": {
    "mean": 319.2378782825369,
    "rsd_pct": 0.20995070617926753
  },
  "30k_methods": {
    "mean": 758.3988019100883,
    "rsd_pct": 0.04234809255910635
  },
  "cfunc_itself": {
    "mean": 42.10869024923399,
    "rsd_pct": 0.3268228122298398
  },
  "fib": {
    "mean": 52.04670109351476,
    "rsd_pct": 0.0353325181183687
  },
  "getivar": {
    "mean": 36.270490332478374,
    "rsd_pct": 0.06998998084376581
  },
  "respond_to": {
    "mean": 157.68395457814773,
    "rsd_pct": 0.08731310670975094
  },
  "setivar": {
    "mean": 43.72842511389211,
    "rsd_pct": 0.08282631014842828
  }
}