{
  "activerecord": {
    "mean": 42.79831542814952,
    "rsd_pct": 0.7165523716665344,
    "micro": false
  },
  "erubi_rails": {
    "mean": 15.37570274092016,
    "rsd_pct": 3.5404667316550777,
    "micro": false
  },
  "hexapdf": {
    "mean": 2076.9401284555593,
    "rsd_pct": 2.280644621022477,
    "micro": false
  },
  "liquid-c": {
    "mean": 60.24210309761708,
    "rsd_pct": 2.0075332612378642,
    "micro": false
  },
  "liquid-compile": {
    "mean": 52.81955036753542,
    "rsd_pct": 5.028032996871048,
    "micro": false
  },
  "liquid-render": {
    "mean": 109.20357278705946,
    "rsd_pct": 2.5610737477351213,
    "micro": false
  },
  "mail": {
    "mean": 129.55735796796424,
    "rsd_pct": 0.17408181423413538,
    "micro": false
  },
  "psych-load": {
    "mean": 1849.173551922043,
    "rsd_pct": 0.05409734141054495,
    "micro": false
  },
  "railsbench": {
    "mean": 1823.0388186872005,
    "rsd_pct": 1.1566966029894454,
    "micro": false
  },
  "ruby-lsp": {
    "mean": 58.70649854917505,
    "rsd_pct": 20.01449146091856,
    "micro": false
  },
  "sequel": {
    "mean": 69.44065132679847,
    "rsd_pct": 0.21618434865909025,
    "micro": false
  },
  "binarytrees": {
    "mean": 222.8139459751965,
    "rsd_pct": 0.10551025053447574,
    "micro": false
  },
  "chunky_png": {
    "mean": 649.1982516522208,
    "rsd_pct": 0.052071517576009696,
    "micro": false
  },
  "erubi": {
    "mean": 263.46954173947637,
    "rsd_pct": 0.8295010021884881,
    "micro": false
  },
  "etanni": {
    "mean": 419.6627577568622,
    "rsd_pct": 0.45668907389761837,
    "micro": false
  },
  "fannkuchredux": {
    "mean": 774.8718923330307,
    "rsd_pct": 7.200896006912214,
    "micro": false
  },
  "lee": {
    "mean": 905.114082026888,
    "rsd_pct": 0.36050057864918905,
    "micro": false
  },
  "nbody": {
    "mean": 76.76427712520727,
    "rsd_pct": 0.060453431892715744,
    "micro": false
  },
  "optcarrot": {
    "mean": 2281.836332504948,
    "rsd_pct": 0.6085780247622911,
    "micro": false
  },
  "ruby-json": {
    "mean": 3083.859178672234,
    "rsd_pct": 0.4587049605076304,
    "micro": false
  },
  "rubykon": {
    "mean": 6861.347632482648,
    "rsd_pct": 0.3678306944387146,
    "micro": false
  },
  "30k_ifelse": {
    "mean": 359.35441641644996,
    "rsd_pct": 0.06944580748205735,
    "micro": true
  },
  "30k_methods": {
    "mean": 859.1267490030631,
    "rsd_pct": 0.02488928743441465,
    "micro": true
  },
  "cfunc_itself": {
    "mean": 38.98628392198589,
    "rsd_pct": 0.254461591364373,
    "micro": true
  },
  "fib": {
    "mean": 44.57860040046008,
    "rsd_pct": 0.05962153690631317,
    "micro": true
  },
  "getivar": {
    "mean": 21.14090281661856,
    "rsd_pct": 0.27513510595469837,
    "micro": true
  },
  "keyword_args": {
    "mean": 48.88334266003449,
    "rsd_pct": 0.3911453594977302,
    "micro": true
  },
  "respond_to": {
    "mean": 27.349772340018454,
    "rsd_pct": 0.5598027235392006,
    "micro": true
  },
  "setivar": {
    "mean": 11.995281585021225,
    "rsd_pct": 0.08680076216675045,
    "micro": true
  },
  "setivar_object": {
    "mean": 43.69384550063563,
    "rsd_pct": 1.8642639971033548,
    "micro": true
  },
  "setivar_young": {
    "mean": 42.28421230011193,
    "rsd_pct": 1.5098415956544622,
    "micro": true
  },
  "str_concat": {
    "mean": 44.592896168718916,
    "rsd_pct": 1.348280711048393,
    "micro": true
  },
  "throw": {
    "mean": 23.663039467081216,
    "rsd_pct": 0.2432413848891062,
    "micro": true
  }
}