{
  "activerecord": {
    "mean": 143.95376792342603,
    "rsd_pct": 2.6731185329215283,
    "micro": false
  },
  "erubi_rails": {
    "mean": 45.17760457064229,
    "rsd_pct": 12.974081275558639,
    "micro": false
  },
  "hexapdf": {
    "mean": 5759.744836638371,
    "rsd_pct": 2.2241529356329672,
    "micro": false
  },
  "liquid-c": {
    "mean": 191.2214072931203,
    "rsd_pct": 1.5120051463476811,
    "micro": false
  },
  "liquid-compile": {
    "mean": 162.90699375596472,
    "rsd_pct": 0.529760823463875,
    "micro": false
  },
  "liquid-render": {
    "mean": 354.1569992312757,
    "rsd_pct": 2.0648149881573405,
    "micro": false
  },
  "mail": {
    "mean": 365.34569025426714,
    "rsd_pct": 0.23020820456332905,
    "micro": false
  },
  "psych-load": {
    "mean": 5259.862859174609,
    "rsd_pct": 0.11947061755558817,
    "micro": false
  },
  "railsbench": {
    "mean": 5300.883875663082,
    "rsd_pct": 0.7032247751225092,
    "micro": false
  },
  "ruby-lsp": {
    "mean": 174.07998162979953,
    "rsd_pct": 11.518522255890652,
    "micro": false
  },
  "sequel": {
    "mean": 202.01393281445158,
    "rsd_pct": 1.2660668078910493,
    "micro": false
  },
  "binarytrees": {
    "mean": 488.9949066987769,
    "rsd_pct": 0.17645856571558904,
    "micro": false
  },
  "chunky_png": {
    "mean": 1488.2144732100348,
    "rsd_pct": 0.3449028497996995,
    "micro": false
  },
  "erubi": {
    "mean": 566.2338454034422,
    "rsd_pct": 0.8863948368228541,
    "micro": false
  },
  "etanni": {
    "mean": 965.3415208722049,
    "rsd_pct": 0.4901866258905209,
    "micro": false
  },
  "fannkuchredux": {
    "mean": 1477.9228934645653,
    "rsd_pct": 0.2712682455023657,
    "micro": false
  },
  "lee": {
    "mean": 2367.3711033271893,
    "rsd_pct": 0.2896876158380936,
    "micro": false
  },
  "nbody": {
    "mean": 155.1349460494539,
    "rsd_pct": 0.09163866633127464,
    "micro": false
  },
  "optcarrot": {
    "mean": 8840.262897064289,
    "rsd_pct": 0.4701664337030039,
    "micro": false
  },
  "ruby-json": {
    "mean": 7954.2721683780355,
    "rsd_pct": 0.17566980595281237,
    "micro": false
  },
  "rubykon": {
    "mean": 19361.960229029257,
    "rsd_pct": 0.3841669507557355,
    "micro": false
  },
  "30k_ifelse": {
    "mean": 1607.1248069405556,
    "rsd_pct": 0.051601715091340865,
    "micro": true
  },
  "30k_methods": {
    "mean": 3455.654835085506,
    "rsd_pct": 0.1012543958650384,
    "micro": true
  },
  "cfunc_itself": {
    "mean": 86.82111870218604,
    "rsd_pct": 0.015503567716937968,
    "micro": true
  },
  "fib": {
    "mean": 123.64097462601161,
    "rsd_pct": 0.08047281197450948,
    "micro": true
  },
  "getivar": {
    "mean": 40.466318331824056,
    "rsd_pct": 0.014556621491662503,
    "micro": true
  },
  "keyword_args": {
    "mean": 126.20115662929402,
    "rsd_pct": 1.4694019019409426,
    "micro": true
  },
  "respond_to": {
    "mean": 73.17046339202459,
    "rsd_pct": 1.9777721804257133,
    "micro": true
  },
  "setivar": {
    "mean": 30.918831145362933,
    "rsd_pct": 0.026040838487006973,
    "micro": true
  },
  "setivar_object": {
    "mean": 115.65242653494803,
    "rsd_pct": 1.6256764944264304,
    "micro": true
  },
  "setivar_young": {
    "mean": 113.35723418742418,
    "rsd_pct": 2.3588164916075782,
    "micro": true
  },
  "str_concat": {
    "mean": 83.35370566005466,
    "rsd_pct": 1.0407790486239932,
    "micro": true
  },
  "throw": {
    "mean": 48.92920977504823,
    "rsd_pct": 0.21122275260910928,
    "micro": true
  }
}