{
  "activerecord": {
    "mean": 109.12336839962451,
    "rsd_pct": 1.960423085780461
  },
  "jekyll": {
    "mean": 7634.787393978331,
    "rsd_pct": 2.7662782278623985
  },
  "liquid-render": {
    "mean": 149.16967475507408,
    "rsd_pct": 1.6780611401328844
  },
  "psych-load": {
    "mean": 1853.5540272016078,
    "rsd_pct": 0.4889341617454136
  },
  "railsbench": {
    "mean": 2698.797641892452,
    "rsd_pct": 1.531882975042615
  },
  "binarytrees": {
    "mean": 298.3636526848402,
    "rsd_pct": 0.12878962724677165
  },
  "fannkuchredux": {
    "mean": 5501.040095277131,
    "rsd_pct": 0.31814396725819194
  },
  "lee": {
    "mean": 805.5273137210557,
    "rsd_pct": 1.6316801724428889
  },
  "nbody": {
    "mean": 114.77821343084516,
    "rsd_pct": 0.042021780015030534
  },
  "optcarrot": {
    "mean": 3147.4193668807857,
    "rsd_pct": 0.3432192340814792
  },
  "30k_ifelse": {
    "mean": 324.31754682777233,
    "rsd_pct": 0.17211262126576737
  },
  "30k_methods": {
    "mean": 717.0813368219468,
    "rsd_pct": 0.02663012079231654
  },
  "cfunc_itself": {
    "mean": 41.0669435257877,
    "rsd_pct": 0.31028922735711983
  },
  "fib": {
    "mean": 58.310777049612355,
    "rsd_pct": 0.03249128745841167
  },
  "getivar": {
    "mean": 36.26242858077803,
    "rsd_pct": 0.03215845049870538
  },
  "respond_to": {
    "mean": 154.96798452416746,
    "rsd_pct": 0.44358321359913905
  },
  "setivar": {
    "mean": 41.73171857812498,
    "rsd_pct": 0.33070440736737633
  }
}