{
  "activerecord": {
    "mean": 144.68532416076434,
    "rsd_pct": 0.22482326470324446,
    "micro": false
  },
  "erubi_rails": {
    "mean": 44.36631174580208,
    "rsd_pct": 2.0852407623568823,
    "micro": false
  },
  "hexapdf": {
    "mean": 5829.450575510661,
    "rsd_pct": 1.8783817454757619,
    "micro": false
  },
  "liquid-c": {
    "mean": 190.72709874208294,
    "rsd_pct": 1.7157638513065527,
    "micro": false
  },
  "liquid-compile": {
    "mean": 166.21059278002033,
    "rsd_pct": 0.6581141123385568,
    "micro": false
  },
  "liquid-render": {
    "mean": 352.496330381224,
    "rsd_pct": 2.2698521243219445,
    "micro": false
  },
  "mail": {
    "mean": 366.80236824050354,
    "rsd_pct": 0.1302673323444488,
    "micro": false
  },
  "psych-load": {
    "mean": 5360.544213280082,
    "rsd_pct": 0.04003247854390965,
    "micro": false
  },
  "railsbench": {
    "mean": 5347.374153013031,
    "rsd_pct": 0.749934368430207,
    "micro": false
  },
  "ruby-lsp": {
    "mean": 178.1424939512245,
    "rsd_pct": 12.321553089957247,
    "micro": false
  },
  "sequel": {
    "mean": 204.90783547395714,
    "rsd_pct": 0.1697471555923502,
    "micro": false
  },
  "binarytrees": {
    "mean": 492.8962232052595,
    "rsd_pct": 0.14381183838501108,
    "micro": false
  },
  "chunky_png": {
    "mean": 1511.9031381703192,
    "rsd_pct": 0.09052625398928595,
    "micro": false
  },
  "erubi": {
    "mean": 577.4893350657318,
    "rsd_pct": 0.8112816802021902,
    "micro": false
  },
  "etanni": {
    "mean": 921.1744676188877,
    "rsd_pct": 0.4345376068400354,
    "micro": false
  },
  "fannkuchredux": {
    "mean": 1464.1875152289867,
    "rsd_pct": 0.3385343575014257,
    "micro": false
  },
  "lee": {
    "mean": 2446.943474490018,
    "rsd_pct": 0.22464152470415172,
    "micro": false
  },
  "nbody": {
    "mean": 158.10184127722795,
    "rsd_pct": 0.07769687640796136,
    "micro": false
  },
  "optcarrot": {
    "mean": 9118.180537347993,
    "rsd_pct": 0.4328641600999934,
    "micro": false
  },
  "ruby-json": {
    "mean": 8425.667787094912,
    "rsd_pct": 0.0747383778047703,
    "micro": false
  },
  "rubykon": {
    "mean": 19902.90284131964,
    "rsd_pct": 0.36809174184349047,
    "micro": false
  },
  "30k_ifelse": {
    "mean": 1598.1448485770009,
    "rsd_pct": 0.0409958222181688,
    "micro": true
  },
  "30k_methods": {
    "mean": 3436.9374036626973,
    "rsd_pct": 0.08889080460722845,
    "micro": true
  },
  "cfunc_itself": {
    "mean": 94.26789401242367,
    "rsd_pct": 0.04005594377699554,
    "micro": true
  },
  "fib": {
    "mean": 123.62998930620961,
    "rsd_pct": 0.07906797591238214,
    "micro": true
  },
  "getivar": {
    "mean": 40.46611616969424,
    "rsd_pct": 0.012960940286841405,
    "micro": true
  },
  "keyword_args": {
    "mean": 121.66669870094715,
    "rsd_pct": 0.03403258267593914,
    "micro": true
  },
  "respond_to": {
    "mean": 82.82134200895871,
    "rsd_pct": 1.3245011501479564,
    "micro": true
  },
  "setivar": {
    "mean": 30.894270139937994,
    "rsd_pct": 0.017044958670488938,
    "micro": true
  },
  "setivar_object": {
    "mean": 116.2245055371223,
    "rsd_pct": 1.3656636705183045,
    "micro": true
  },
  "setivar_young": {
    "mean": 113.14385405631135,
    "rsd_pct": 0.018517909964815837,
    "micro": true
  },
  "str_concat": {
    "mean": 83.35897108689436,
    "rsd_pct": 0.9555118939425039,
    "micro": true
  },
  "throw": {
    "mean": 49.348726907577756,
    "rsd_pct": 0.15330167938354544,
    "micro": true
  }
}