{
  "activerecord": {
    "mean": 104.48884390567609,
    "rsd_pct": 0.5387824635335705,
    "micro": false
  },
  "hexapdf": {
    "mean": 2290.712541093429,
    "rsd_pct": 2.311389455773048,
    "micro": false
  },
  "liquid-render": {
    "mean": 127.78377024313578,
    "rsd_pct": 1.6453212325142712,
    "micro": false
  },
  "mail": {
    "mean": 161.11857277311145,
    "rsd_pct": 0.15592289341798526,
    "micro": false
  },
  "psych-load": {
    "mean": 1929.989583666126,
    "rsd_pct": 0.02483191865917838,
    "micro": false
  },
  "railsbench": {
    "mean": 2106.158564115564,
    "rsd_pct": 1.1392921674017127,
    "micro": false
  },
  "binarytrees": {
    "mean": 369.24378659862737,
    "rsd_pct": 0.047013272687786996,
    "micro": false
  },
  "chunky_png": {
    "mean": 667.8085998985274,
    "rsd_pct": 0.05385067797536082,
    "micro": false
  },
  "erubi": {
    "mean": 345.6703000947049,
    "rsd_pct": 0.577519850010959,
    "micro": false
  },
  "erubi_rails": {
    "mean": 19.89189998101612,
    "rsd_pct": 3.76194342459193,
    "micro": false
  },
  "fannkuchredux": {
    "mean": 7050.450723618269,
    "rsd_pct": 0.21368982126259764,
    "micro": false
  },
  "lee": {
    "mean": 945.2456127674807,
    "rsd_pct": 0.6670361527682135,
    "micro": false
  },
  "nbody": {
    "mean": 91.65401480948695,
    "rsd_pct": 0.0792007433828078,
    "micro": false
  },
  "optcarrot": {
    "mean": 3371.7510256916285,
    "rsd_pct": 0.6046712590644202,
    "micro": false
  },
  "rubykon": {
    "mean": 6850.486547251542,
    "rsd_pct": 0.650304295975532,
    "micro": false
  },
  "30k_ifelse": {
    "mean": 357.01184716474796,
    "rsd_pct": 0.08962301265996357,
    "micro": true
  },
  "30k_methods": {
    "mean": 883.6554503914984,
    "rsd_pct": 0.01702171849323876,
    "micro": true
  },
  "cfunc_itself": {
    "mean": 44.940123568927305,
    "rsd_pct": 0.561219211557677,
    "micro": true
  },
  "fib": {
    "mean": 66.48775536034789,
    "rsd_pct": 0.03861510109225091,
    "micro": true
  },
  "getivar": {
    "mean": 44.607842690698135,
    "rsd_pct": 1.9833353006723982,
    "micro": true
  },
  "keyword_args": {
    "mean": 53.19096684140503,
    "rsd_pct": 0.12786902837655864,
    "micro": true
  },
  "respond_to": {
    "mean": 184.3326407023401,
    "rsd_pct": 0.17496791124283212,
    "micro": true
  },
  "setivar": {
    "mean": 40.48491340150072,
    "rsd_pct": 0.30582198662034027,
    "micro": true
  },
  "str_concat": {
    "mean": 52.97007098971849,
    "rsd_pct": 1.3831436097762988,
    "micro": true
  }
}