{
  "activerecord": {
    "mean": 102.92732589997543,
    "rsd_pct": 0.6454858222728913,
    "micro": false
  },
  "hexapdf": {
    "mean": 2196.339659264777,
    "rsd_pct": 1.4865257530356466,
    "micro": false
  },
  "liquid-render": {
    "mean": 129.07816165477618,
    "rsd_pct": 0.9319042427084254,
    "micro": false
  },
  "mail": {
    "mean": 143.5170135742553,
    "rsd_pct": 0.13978952420356597,
    "micro": false
  },
  "psych-load": {
    "mean": 1818.8058838675108,
    "rsd_pct": 0.010349883957801113,
    "micro": false
  },
  "railsbench": {
    "mean": 2024.2793837368179,
    "rsd_pct": 0.8968588653743992,
    "micro": false
  },
  "ruby-lsp": {
    "mean": 70.64396734054291,
    "rsd_pct": 16.87694279494026,
    "micro": false
  },
  "binarytrees": {
    "mean": 231.4630203046511,
    "rsd_pct": 0.06216385773822554,
    "micro": false
  },
  "chunky_png": {
    "mean": 645.2204770994285,
    "rsd_pct": 0.042215497445351476,
    "micro": false
  },
  "erubi": {
    "mean": 289.94212828360367,
    "rsd_pct": 1.0164086120428983,
    "micro": false
  },
  "erubi_rails": {
    "mean": 18.49465971176345,
    "rsd_pct": 3.6766711683387205,
    "micro": false
  },
  "etanni": {
    "mean": 472.80372416883307,
    "rsd_pct": 0.4738717237545242,
    "micro": false
  },
  "fannkuchredux": {
    "mean": 932.1597665714633,
    "rsd_pct": 0.15692490098459652,
    "micro": false
  },
  "lee": {
    "mean": 908.6512458050579,
    "rsd_pct": 0.014340367596175506,
    "micro": false
  },
  "nbody": {
    "mean": 74.74723638273213,
    "rsd_pct": 0.03960172454833766,
    "micro": false
  },
  "optcarrot": {
    "mean": 2582.4513977975585,
    "rsd_pct": 0.4254368158894945,
    "micro": false
  },
  "rubykon": {
    "mean": 6663.7987433350645,
    "rsd_pct": 1.3997870810238353,
    "micro": false
  },
  "30k_ifelse": {
    "mean": 401.45120246103033,
    "rsd_pct": 0.17354253181823656,
    "micro": true
  },
  "30k_methods": {
    "mean": 959.4258213968715,
    "rsd_pct": 0.02980134053712794,
    "micro": true
  },
  "cfunc_itself": {
    "mean": 40.430850512181124,
    "rsd_pct": 0.2544012985733585,
    "micro": true
  },
  "fib": {
    "mean": 61.0717638863524,
    "rsd_pct": 0.07501602217434744,
    "micro": true
  },
  "getivar": {
    "mean": 45.83607437494937,
    "rsd_pct": 0.05888542900927912,
    "micro": true
  },
  "keyword_args": {
    "mean": 52.02847583597531,
    "rsd_pct": 0.04431717582042675,
    "micro": true
  },
  "respond_to": {
    "mean": 29.06730433360398,
    "rsd_pct": 0.4208461116094212,
    "micro": true
  },
  "setivar": {
    "mean": 14.696516901519523,
    "rsd_pct": 0.08392146161307593,
    "micro": true
  },
  "str_concat": {
    "mean": 39.94720395343326,
    "rsd_pct": 1.7633690009162684,
    "micro": true
  }
}