{
  "activerecord": {
    "mean": 43.239304155331375,
    "rsd_pct": 0.8299091888697117,
    "micro": false
  },
  "erubi_rails": {
    "mean": 14.829312045472914,
    "rsd_pct": 3.5735894335439284,
    "micro": false
  },
  "hexapdf": {
    "mean": 2032.1489391848445,
    "rsd_pct": 2.240043513911239,
    "micro": false
  },
  "liquid-c": {
    "mean": 59.46878856595825,
    "rsd_pct": 1.9814333550887366,
    "micro": false
  },
  "liquid-render": {
    "mean": 104.60909191974775,
    "rsd_pct": 2.6698146565464893,
    "micro": false
  },
  "mail": {
    "mean": 130.41128820185762,
    "rsd_pct": 0.186169708190848,
    "micro": false
  },
  "psych-load": {
    "mean": 1877.9630293448765,
    "rsd_pct": 0.1297760990764111,
    "micro": false
  },
  "railsbench": {
    "mean": 1803.632218639056,
    "rsd_pct": 1.1332057505530044,
    "micro": false
  },
  "ruby-lsp": {
    "mean": 58.07471030216286,
    "rsd_pct": 19.946776794077476,
    "micro": false
  },
  "sequel": {
    "mean": 68.23957311427033,
    "rsd_pct": 0.22605956334051194,
    "micro": false
  },
  "binarytrees": {
    "mean": 232.83679472542434,
    "rsd_pct": 0.10002382928916671,
    "micro": false
  },
  "chunky_png": {
    "mean": 620.7137603196315,
    "rsd_pct": 0.07390416462720567,
    "micro": false
  },
  "erubi": {
    "mean": 250.54044027347118,
    "rsd_pct": 0.7865525078959159,
    "micro": false
  },
  "etanni": {
    "mean": 410.2893140623156,
    "rsd_pct": 0.4400413499620095,
    "micro": false
  },
  "fannkuchredux": {
    "mean": 837.9525272985516,
    "rsd_pct": 0.4042148390568571,
    "micro": false
  },
  "lee": {
    "mean": 918.2730618102306,
    "rsd_pct": 0.3498473118861428,
    "micro": false
  },
  "nbody": {
    "mean": 73.51703699333248,
    "rsd_pct": 0.09056194603733005,
    "micro": false
  },
  "optcarrot": {
    "mean": 2576.2123161305985,
    "rsd_pct": 0.6703246116210708,
    "micro": false
  },
  "ruby-json": {
    "mean": 3137.059703965982,
    "rsd_pct": 0.04800199866102258,
    "micro": false
  },
  "rubykon": {
    "mean": 6677.999576243262,
    "rsd_pct": 0.37863252131564684,
    "micro": false
  },
  "30k_ifelse": {
    "mean": 426.3937295751369,
    "rsd_pct": 0.07516205349631817,
    "micro": true
  },
  "30k_methods": {
    "mean": 949.0898318943523,
    "rsd_pct": 0.061499129074219415,
    "micro": true
  },
  "cfunc_itself": {
    "mean": 41.10887548421527,
    "rsd_pct": 0.35934100815886594,
    "micro": true
  },
  "fib": {
    "mean": 61.72576710512793,
    "rsd_pct": 0.13059233980465318,
    "micro": true
  },
  "getivar": {
    "mean": 45.782794697432344,
    "rsd_pct": 0.1434594657715849,
    "micro": true
  },
  "keyword_args": {
    "mean": 54.00005355978044,
    "rsd_pct": 0.10876381814578037,
    "micro": true
  },
  "respond_to": {
    "mean": 31.366117113495466,
    "rsd_pct": 0.33893310394975606,
    "micro": true
  },
  "setivar": {
    "mean": 14.793959294015972,
    "rsd_pct": 0.11622624251439609,
    "micro": true
  },
  "setivar_object": {
    "mean": 47.42057880005205,
    "rsd_pct": 1.485226013921071,
    "micro": true
  },
  "setivar_young": {
    "mean": 46.175705516154736,
    "rsd_pct": 1.4993908743302868,
    "micro": true
  },
  "str_concat": {
    "mean": 44.88865101267634,
    "rsd_pct": 1.4075627556273214,
    "micro": true
  },
  "throw": {
    "mean": 23.74208819697289,
    "rsd_pct": 0.22456309974630573,
    "micro": true
  }
}