{
  "activerecord": {
    "mean": 146.3505122535528,
    "rsd_pct": 2.6095688264488084,
    "micro": false
  },
  "erubi_rails": {
    "mean": 45.128609260037486,
    "rsd_pct": 12.990696827801841,
    "micro": false
  },
  "hexapdf": {
    "mean": 5962.94541110595,
    "rsd_pct": 1.3290371209144969,
    "micro": false
  },
  "liquid-c": {
    "mean": 190.28705500975428,
    "rsd_pct": 1.4776821048878535,
    "micro": false
  },
  "liquid-compile": {
    "mean": 166.23220647758424,
    "rsd_pct": 0.4911989372212216,
    "micro": false
  },
  "liquid-render": {
    "mean": 357.57441690151137,
    "rsd_pct": 2.05374540152241,
    "micro": false
  },
  "mail": {
    "mean": 367.96108453062834,
    "rsd_pct": 0.2676988771758281,
    "micro": false
  },
  "psych-load": {
    "mean": 5496.50967369477,
    "rsd_pct": 0.11983497119355493,
    "micro": false
  },
  "railsbench": {
    "mean": 5384.270486111443,
    "rsd_pct": 0.6480925955871645,
    "micro": false
  },
  "ruby-lsp": {
    "mean": 195.5781458246131,
    "rsd_pct": 19.203993329012253,
    "micro": false
  },
  "sequel": {
    "mean": 202.98577735971924,
    "rsd_pct": 1.2731536784497115,
    "micro": false
  },
  "binarytrees": {
    "mean": 487.1648820117116,
    "rsd_pct": 0.1864470989035926,
    "micro": false
  },
  "chunky_png": {
    "mean": 1504.8046956259398,
    "rsd_pct": 0.3601274592014444,
    "micro": false
  },
  "erubi": {
    "mean": 584.7924319035434,
    "rsd_pct": 0.8522297248604451,
    "micro": false
  },
  "etanni": {
    "mean": 964.8013691160273,
    "rsd_pct": 0.5232166965568724,
    "micro": false
  },
  "fannkuchredux": {
    "mean": 1472.4318055808544,
    "rsd_pct": 0.27328001350330616,
    "micro": false
  },
  "lee": {
    "mean": 2370.0049663228647,
    "rsd_pct": 0.2653582492908544,
    "micro": false
  },
  "nbody": {
    "mean": 156.51326677161643,
    "rsd_pct": 0.08643138265656697,
    "micro": false
  },
  "optcarrot": {
    "mean": 8900.635676831007,
    "rsd_pct": 0.48198796305409314,
    "micro": false
  },
  "ruby-json": {
    "mean": 8555.677899097403,
    "rsd_pct": 0.12364802453189065,
    "micro": false
  },
  "rubykon": {
    "mean": 20457.39531579117,
    "rsd_pct": 0.3836502830452675,
    "micro": false
  },
  "30k_ifelse": {
    "mean": 1594.0478100356731,
    "rsd_pct": 0.046730750699142475,
    "micro": true
  },
  "30k_methods": {
    "mean": 3452.4905782840824,
    "rsd_pct": 0.06881852024426559,
    "micro": true
  },
  "cfunc_itself": {
    "mean": 86.83133729860444,
    "rsd_pct": 0.029295739605850787,
    "micro": true
  },
  "fib": {
    "mean": 123.64583830432301,
    "rsd_pct": 0.08078834020529309,
    "micro": true
  },
  "getivar": {
    "mean": 40.46647685925145,
    "rsd_pct": 0.014363075279584182,
    "micro": true
  },
  "keyword_args": {
    "mean": 121.68893764356962,
    "rsd_pct": 0.03489936088803914,
    "micro": true
  },
  "respond_to": {
    "mean": 73.0379222684605,
    "rsd_pct": 1.4538250548665574,
    "micro": true
  },
  "setivar": {
    "mean": 30.89445824028134,
    "rsd_pct": 0.016544934938852188,
    "micro": true
  },
  "setivar_object": {
    "mean": 115.63790369521035,
    "rsd_pct": 1.6253440998021749,
    "micro": true
  },
  "setivar_young": {
    "mean": 113.13860410909083,
    "rsd_pct": 0.01898690929739183,
    "micro": true
  },
  "str_concat": {
    "mean": 83.61748529293028,
    "rsd_pct": 0.9918684833431562,
    "micro": true
  },
  "throw": {
    "mean": 49.31914982307941,
    "rsd_pct": 0.19688659500961056,
    "micro": true
  }
}