{
  "cfunc_itself.rb": {
    "mean": 41.373253915899035,
    "rsd_pct": 0.3310992525689557
  },
  "fib.rb": {
    "mean": 58.397815901892365,
    "rsd_pct": 0.05987266949870035
  },
  "getivar.rb": {
    "mean": 36.29104644979087,
    "rsd_pct": 0.04862170132248386
  },
  "respond_to.rb": {
    "mean": 153.32766473755117,
    "rsd_pct": 0.285578813678857
  },
  "setivar.rb": {
    "mean": 41.83868510150693,
    "rsd_pct": 0.2549892398403546
  },
  "30k_methods.rb": {
    "mean": 739.6400311194799,
    "rsd_pct": 0.01383698056263363
  },
  "30k_ifelse.rb": {
    "mean": 334.0289231715724,
    "rsd_pct": 1.772383357878698
  },
  "fannkuchredux": {
    "mean": 5617.161229881458,
    "rsd_pct": 0.06332665560931404
  },
  "nbody": {
    "mean": 112.28846769350079,
    "rsd_pct": 0.053563936258291804
  },
  "binarytrees": {
    "mean": 304.3529503920581,
    "rsd_pct": 0.3938512505659966
  },
  "psych-load": {
    "mean": 1797.1394335152581,
    "rsd_pct": 0.5547250595443014
  },
  "lee": {
    "mean": 802.1201051888056,
    "rsd_pct": 1.6365602852304717
  },
  "liquid-render": {
    "mean": 151.45270077027078,
    "rsd_pct": 1.6748564544131421
  },
  "activerecord": {
    "mean": 114.71484507087663,
    "rsd_pct": 1.6629214356948747
  },
  "optcarrot": {
    "mean": 3153.419642196968,
    "rsd_pct": 0.18169418411362392
  },
  "jekyll": {
    "mean": 7699.697231920436,
    "rsd_pct": 2.6980984952106475
  },
  "mail": {
    "mean": 142.49086829905326,
    "rsd_pct": 1.6277281513679218
  },
  "railsbench": {
    "mean": 2705.1266530063003,
    "rsd_pct": 1.2731385831081483
  }
}