{
  "activerecord": {
    "mean": 351.21797613267387,
    "rsd_pct": 0.19012191616684151,
    "micro": false
  },
  "hexapdf": {
    "mean": 6749.9039971580105,
    "rsd_pct": 1.5924569641768234,
    "micro": false
  },
  "liquid-render": {
    "mean": 402.0385592135304,
    "rsd_pct": 1.560898911621664,
    "micro": false
  },
  "mail": {
    "mean": 414.5060322447015,
    "rsd_pct": 0.14236576613061905,
    "micro": false
  },
  "psych-load": {
    "mean": 5382.265497433643,
    "rsd_pct": 0.0888901365819423,
    "micro": false
  },
  "railsbench": {
    "mean": 6032.598549189667,
    "rsd_pct": 0.918775756172414,
    "micro": false
  },
  "ruby-lsp": {
    "mean": 207.79647416904146,
    "rsd_pct": 9.794251969260367,
    "micro": false
  },
  "sequel": {
    "mean": 398.82802907655486,
    "rsd_pct": 2.1536387241462465,
    "micro": false
  },
  "binarytrees": {
    "mean": 525.8176357130565,
    "rsd_pct": 0.13323660155522038,
    "micro": false
  },
  "chunky_png": {
    "mean": 1608.9066221029498,
    "rsd_pct": 0.0654349668333567,
    "micro": false
  },
  "erubi": {
    "mean": 580.6311158812605,
    "rsd_pct": 1.182259531470119,
    "micro": false
  },
  "erubi_rails": {
    "mean": 51.57441322161402,
    "rsd_pct": 2.1933515482779895,
    "micro": false
  },
  "etanni": {
    "mean": 913.0172331545813,
    "rsd_pct": 1.500294102861578,
    "micro": false
  },
  "fannkuchredux": {
    "mean": 2271.8221107054324,
    "rsd_pct": 0.27948972557217927,
    "micro": false
  },
  "lee": {
    "mean": 2332.6161006199463,
    "rsd_pct": 0.3513706856002544,
    "micro": false
  },
  "nbody": {
    "mean": 176.23791266163485,
    "rsd_pct": 0.07165301979273013,
    "micro": false
  },
  "optcarrot": {
    "mean": 11562.306024072072,
    "rsd_pct": 0.3766360609361545,
    "micro": false
  },
  "rubykon": {
    "mean": 21970.57806663215,
    "rsd_pct": 0.40111433603492114,
    "micro": false
  },
  "30k_ifelse": {
    "mean": 1920.8404388464987,
    "rsd_pct": 0.04006804773006563,
    "micro": true
  },
  "30k_methods": {
    "mean": 3963.5622999165207,
    "rsd_pct": 0.08317838092950003,
    "micro": true
  },
  "cfunc_itself": {
    "mean": 102.51903256621,
    "rsd_pct": 0.0200739134504657,
    "micro": true
  },
  "fib": {
    "mean": 182.2793029449307,
    "rsd_pct": 0.0054002136939457065,
    "micro": true
  },
  "getivar": {
    "mean": 107.47958136799343,
    "rsd_pct": 0.007168283677394138,
    "micro": true
  },
  "keyword_args": {
    "mean": 144.80968186398968,
    "rsd_pct": 0.010318774683048943,
    "micro": true
  },
  "respond_to": {
    "mean": 99.95831388911844,
    "rsd_pct": 0.6858339483277752,
    "micro": true
  },
  "setivar": {
    "mean": 50.03921232487568,
    "rsd_pct": 0.013287546628564413,
    "micro": true
  },
  "setivar_object": {
    "mean": 127.30983858706341,
    "rsd_pct": 1.0483990244247037,
    "micro": true
  },
  "str_concat": {
    "mean": 106.2300201248656,
    "rsd_pct": 1.0268256068268646,
    "micro": true
  }
}