{
  "activerecord": {
    "mean": 103.2724651388633,
    "rsd_pct": 0.6138127171968946,
    "micro": false
  },
  "hexapdf": {
    "mean": 2297.6924185951552,
    "rsd_pct": 2.417935571122354,
    "micro": false
  },
  "liquid-render": {
    "mean": 112.27314245904455,
    "rsd_pct": 1.8756824331237734,
    "micro": false
  },
  "mail": {
    "mean": 156.0922189946136,
    "rsd_pct": 0.3134273659187822,
    "micro": false
  },
  "psych-load": {
    "mean": 1954.3819591403008,
    "rsd_pct": 0.03089049739062379,
    "micro": false
  },
  "railsbench": {
    "mean": 2063.9738611876965,
    "rsd_pct": 0.6654100341483019,
    "micro": false
  },
  "binarytrees": {
    "mean": 364.18128496734425,
    "rsd_pct": 0.04139414910607595,
    "micro": false
  },
  "chunky_png": {
    "mean": 654.9725517630577,
    "rsd_pct": 0.2040476956368531,
    "micro": false
  },
  "erubi": {
    "mean": 298.36631210437463,
    "rsd_pct": 0.7662140720499548,
    "micro": false
  },
  "erubi_rails": {
    "mean": 19.214657943406475,
    "rsd_pct": 3.681472583962711,
    "micro": false
  },
  "fannkuchredux": {
    "mean": 2376.3072883089385,
    "rsd_pct": 0.060628704942682826,
    "micro": false
  },
  "lee": {
    "mean": 952.1076260578064,
    "rsd_pct": 0.9556848022720854,
    "micro": false
  },
  "nbody": {
    "mean": 91.05996398213215,
    "rsd_pct": 0.12333503561730869,
    "micro": false
  },
  "optcarrot": {
    "mean": 3523.3309999108315,
    "rsd_pct": 0.622748239096738,
    "micro": false
  },
  "rubykon": {
    "mean": 6782.689525683721,
    "rsd_pct": 0.5474510144108328,
    "micro": false
  },
  "30k_ifelse": {
    "mean": 360.9301082789898,
    "rsd_pct": 0.0970087000342024,
    "micro": true
  },
  "30k_methods": {
    "mean": 786.7612244188786,
    "rsd_pct": 0.022332652551669514,
    "micro": true
  },
  "cfunc_itself": {
    "mean": 46.786522652903294,
    "rsd_pct": 0.7476783633079546,
    "micro": true
  },
  "fib": {
    "mean": 62.86513595695391,
    "rsd_pct": 0.042583763766604124,
    "micro": true
  },
  "getivar": {
    "mean": 42.74898823310782,
    "rsd_pct": 0.047326138172742636,
    "micro": true
  },
  "keyword_args": {
    "mean": 53.84275288150836,
    "rsd_pct": 0.16779958383117577,
    "micro": true
  },
  "respond_to": {
    "mean": 29.977125577001928,
    "rsd_pct": 0.2787687666326173,
    "micro": true
  },
  "setivar": {
    "mean": 45.941848081015316,
    "rsd_pct": 0.5851626775755827,
    "micro": true
  },
  "str_concat": {
    "mean": 47.01307521656502,
    "rsd_pct": 1.2162110012652834,
    "micro": true
  }
}