{
  "activerecord": {
    "mean": 308.4414248292348,
    "rsd_pct": 0.16349109503918482,
    "micro": false
  },
  "hexapdf": {
    "mean": 6741.740820091218,
    "rsd_pct": 1.8626091350177567,
    "micro": false
  },
  "liquid-render": {
    "mean": 392.5759004287715,
    "rsd_pct": 1.6261936869629363,
    "micro": false
  },
  "mail": {
    "mean": 416.0100094900339,
    "rsd_pct": 0.10601859110204226,
    "micro": false
  },
  "psych-load": {
    "mean": 5565.880832293381,
    "rsd_pct": 0.05137281086175281,
    "micro": false
  },
  "railsbench": {
    "mean": 6061.944904209425,
    "rsd_pct": 0.5238352828515903,
    "micro": false
  },
  "ruby-lsp": {
    "mean": 229.8555563295811,
    "rsd_pct": 15.986251785821725,
    "micro": false
  },
  "binarytrees": {
    "mean": 533.2632752902367,
    "rsd_pct": 0.24241625813434658,
    "micro": false
  },
  "chunky_png": {
    "mean": 1511.1379023461093,
    "rsd_pct": 0.04067719732943923,
    "micro": false
  },
  "erubi": {
    "mean": 741.7759032276294,
    "rsd_pct": 1.2308983944215999,
    "micro": false
  },
  "erubi_rails": {
    "mean": 48.94797328664356,
    "rsd_pct": 2.1562543115597874,
    "micro": false
  },
  "etanni": {
    "mean": 1158.5782101776983,
    "rsd_pct": 1.1017658319849108,
    "micro": false
  },
  "fannkuchredux": {
    "mean": 2423.13005952608,
    "rsd_pct": 0.14264078129964336,
    "micro": false
  },
  "lee": {
    "mean": 2277.548171283508,
    "rsd_pct": 0.28935398837051235,
    "micro": false
  },
  "nbody": {
    "mean": 178.47804522490222,
    "rsd_pct": 0.2802278527879152,
    "micro": false
  },
  "optcarrot": {
    "mean": 10889.53905235976,
    "rsd_pct": 0.3602252857521771,
    "micro": false
  },
  "rubykon": {
    "mean": 21625.53462541352,
    "rsd_pct": 0.37782710773958084,
    "micro": false
  },
  "30k_ifelse": {
    "mean": 1926.3602438475937,
    "rsd_pct": 0.032022589724706764,
    "micro": true
  },
  "30k_methods": {
    "mean": 3910.428660782054,
    "rsd_pct": 0.06055254058737184,
    "micro": true
  },
  "cfunc_itself": {
    "mean": 103.19133997621816,
    "rsd_pct": 0.027177187679189172,
    "micro": true
  },
  "fib": {
    "mean": 178.61808537734004,
    "rsd_pct": 0.02186122269467126,
    "micro": true
  },
  "getivar": {
    "mean": 107.91152200685042,
    "rsd_pct": 0.010267525627635958,
    "micro": true
  },
  "keyword_args": {
    "mean": 144.48768843370075,
    "rsd_pct": 0.015183934444863859,
    "micro": true
  },
  "respond_to": {
    "mean": 99.96580819950981,
    "rsd_pct": 1.744810477963236,
    "micro": true
  },
  "setivar": {
    "mean": 50.037551807540964,
    "rsd_pct": 0.011607473810377137,
    "micro": true
  },
  "setivar_object": {
    "mean": 127.2649515024553,
    "rsd_pct": 1.2005484205354628,
    "micro": true
  },
  "str_concat": {
    "mean": 106.23464712103748,
    "rsd_pct": 1.0233831243216855,
    "micro": true
  }
}