{
  "activerecord": {
    "mean": 150.90966653195454,
    "rsd_pct": 0.19935968174250848,
    "micro": false
  },
  "erubi_rails": {
    "mean": 44.745185271611874,
    "rsd_pct": 2.107288009210208,
    "micro": false
  },
  "hexapdf": {
    "mean": 6240.224885692199,
    "rsd_pct": 1.3121254675767078,
    "micro": false
  },
  "liquid-c": {
    "mean": 192.8692888853121,
    "rsd_pct": 1.7614346402037657,
    "micro": false
  },
  "liquid-render": {
    "mean": 358.22691907616036,
    "rsd_pct": 2.220473255530389,
    "micro": false
  },
  "mail": {
    "mean": 379.0637787090602,
    "rsd_pct": 0.13257676442161032,
    "micro": false
  },
  "psych-load": {
    "mean": 5627.733542149265,
    "rsd_pct": 0.06819823644632074,
    "micro": false
  },
  "railsbench": {
    "mean": 5490.567461897929,
    "rsd_pct": 0.7737630467987255,
    "micro": false
  },
  "ruby-lsp": {
    "mean": 184.62137619574224,
    "rsd_pct": 11.766496815645617,
    "micro": false
  },
  "sequel": {
    "mean": 202.98676966863164,
    "rsd_pct": 0.16994090495792277,
    "micro": false
  },
  "binarytrees": {
    "mean": 545.4991486800068,
    "rsd_pct": 0.7070509760074917,
    "micro": false
  },
  "chunky_png": {
    "mean": 1539.9124771957436,
    "rsd_pct": 0.08834864361387186,
    "micro": false
  },
  "erubi": {
    "mean": 578.6617835865745,
    "rsd_pct": 0.7427414762688064,
    "micro": false
  },
  "etanni": {
    "mean": 939.6413246480128,
    "rsd_pct": 0.475314817199134,
    "micro": false
  },
  "fannkuchredux": {
    "mean": 2033.127798172443,
    "rsd_pct": 0.060776997965344096,
    "micro": false
  },
  "lee": {
    "mean": 2269.7828995402565,
    "rsd_pct": 0.21454389104971602,
    "micro": false
  },
  "nbody": {
    "mean": 185.7164499600765,
    "rsd_pct": 0.05909987225268591,
    "micro": false
  },
  "optcarrot": {
    "mean": 10396.473253766695,
    "rsd_pct": 0.7433672359218109,
    "micro": false
  },
  "ruby-json": {
    "mean": 8550.419968739152,
    "rsd_pct": 0.05631463720030201,
    "micro": false
  },
  "rubykon": {
    "mean": 21597.795546303194,
    "rsd_pct": 0.41221563470489286,
    "micro": false
  },
  "30k_ifelse": {
    "mean": 1930.6557137677644,
    "rsd_pct": 0.030527466284227537,
    "micro": true
  },
  "30k_methods": {
    "mean": 3854.03187235906,
    "rsd_pct": 0.04040195122409675,
    "micro": true
  },
  "cfunc_itself": {
    "mean": 109.9942508418628,
    "rsd_pct": 0.1565283712364553,
    "micro": true
  },
  "fib": {
    "mean": 191.08983934109594,
    "rsd_pct": 0.008209990281571149,
    "micro": true
  },
  "getivar": {
    "mean": 107.47307573084973,
    "rsd_pct": 0.0073689148746514015,
    "micro": true
  },
  "keyword_args": {
    "mean": 195.36943944055596,
    "rsd_pct": 0.09777186580223593,
    "micro": true
  },
  "respond_to": {
    "mean": 98.98765580423536,
    "rsd_pct": 0.9023099927637023,
    "micro": true
  },
  "setivar": {
    "mean": 50.03961631697575,
    "rsd_pct": 0.011598020694218909,
    "micro": true
  },
  "setivar_object": {
    "mean": 126.95361542773534,
    "rsd_pct": 1.3697527279943669,
    "micro": true
  },
  "setivar_young": {
    "mean": 124.01038402100028,
    "rsd_pct": 0.007454137029276905,
    "micro": true
  },
  "str_concat": {
    "mean": 116.33852094609216,
    "rsd_pct": 0.630683220907227,
    "micro": true
  },
  "throw": {
    "mean": 49.75639517040759,
    "rsd_pct": 0.16754411197599825,
    "micro": true
  }
}