{
  "activerecord": {
    "mean": 112.71807278916683,
    "rsd_pct": 1.9688078819453596
  },
  "jekyll": {
    "mean": 7498.59278681688,
    "rsd_pct": 1.9662389806189116
  },
  "liquid-render": {
    "mean": 137.3974949648768,
    "rsd_pct": 2.5635091621705715
  },
  "mail": {
    "mean": 140.12978347653353,
    "rsd_pct": 1.6430029404982982
  },
  "psych-load": {
    "mean": 1697.6411213167012,
    "rsd_pct": 0.5641566904944424
  },
  "railsbench": {
    "mean": 2588.0411359947175,
    "rsd_pct": 1.456561434076144
  },
  "binarytrees": {
    "mean": 304.4720671605319,
    "rsd_pct": 2.3495840537779715
  },
  "fannkuchredux": {
    "mean": 5620.67468916066,
    "rsd_pct": 0.22164977706273523
  },
  "lee": {
    "mean": 814.1174722462893,
    "rsd_pct": 1.6286292211956654
  },
  "nbody": {
    "mean": 73.0741681446406,
    "rsd_pct": 0.03533035409908886
  },
  "optcarrot": {
    "mean": 3107.2558191604912,
    "rsd_pct": 0.2254488167850592
  },
  "30k_ifelse": {
    "mean": 329.79896345047973,
    "rsd_pct": 0.17228802541268579
  },
  "30k_methods": {
    "mean": 751.0039223467602,
    "rsd_pct": 0.02373946475192987
  },
  "cfunc_itself": {
    "mean": 40.050617462898394,
    "rsd_pct": 0.23901560954175397
  },
  "fib": {
    "mean": 52.04805639758706,
    "rsd_pct": 0.03258565532465764
  },
  "getivar": {
    "mean": 36.25574190455862,
    "rsd_pct": 0.04534487034678927
  },
  "keyword_args": {
    "mean": 241.8947376833897,
    "rsd_pct": 0.0630706687942832
  },
  "respond_to": {
    "mean": 173.96223758835168,
    "rsd_pct": 0.5631015395938815
  },
  "setivar": {
    "mean": 39.51161515956022,
    "rsd_pct": 0.08784586856975998
  }
}