{
  "activerecord": {
    "mean": 102.81103717473646,
    "rsd_pct": 0.6003943692444673,
    "micro": false
  },
  "hexapdf": {
    "mean": 2335.5187445878983,
    "rsd_pct": 1.9133170714886814,
    "micro": false
  },
  "liquid-render": {
    "mean": 126.77835444389265,
    "rsd_pct": 1.4496487267376448,
    "micro": false
  },
  "mail": {
    "mean": 157.62853099121935,
    "rsd_pct": 0.13422842610102023,
    "micro": false
  },
  "psych-load": {
    "mean": 1906.3073106110096,
    "rsd_pct": 0.023539641837769906,
    "micro": false
  },
  "railsbench": {
    "mean": 2121.4079757531485,
    "rsd_pct": 0.8406894699857183,
    "micro": false
  },
  "binarytrees": {
    "mean": 366.53128106679236,
    "rsd_pct": 0.09528007079811235,
    "micro": false
  },
  "chunky_png": {
    "mean": 654.246179262797,
    "rsd_pct": 0.040856770751730664,
    "micro": false
  },
  "erubi": {
    "mean": 323.97395763240877,
    "rsd_pct": 0.6614266077644878,
    "micro": false
  },
  "erubi_rails": {
    "mean": 19.691004980246998,
    "rsd_pct": 3.938468612963547,
    "micro": false
  },
  "fannkuchredux": {
    "mean": 2353.0235953629017,
    "rsd_pct": 0.12409725016319444,
    "micro": false
  },
  "lee": {
    "mean": 978.9706628769636,
    "rsd_pct": 1.6397065849294332,
    "micro": false
  },
  "nbody": {
    "mean": 94.81890464667231,
    "rsd_pct": 0.15167990245540164,
    "micro": false
  },
  "optcarrot": {
    "mean": 3507.512508084377,
    "rsd_pct": 0.594091293709179,
    "micro": false
  },
  "rubykon": {
    "mean": 6747.209591170152,
    "rsd_pct": 0.8637446426253902,
    "micro": false
  },
  "30k_ifelse": {
    "mean": 364.45804199736034,
    "rsd_pct": 0.08740057676648885,
    "micro": true
  },
  "30k_methods": {
    "mean": 871.4240040968765,
    "rsd_pct": 0.020344025465332427,
    "micro": true
  },
  "cfunc_itself": {
    "mean": 46.665520163548884,
    "rsd_pct": 0.6123817399374194,
    "micro": true
  },
  "fib": {
    "mean": 63.30655717423984,
    "rsd_pct": 0.03934261349821926,
    "micro": true
  },
  "getivar": {
    "mean": 44.24307698939986,
    "rsd_pct": 0.11511409244309488,
    "micro": true
  },
  "keyword_args": {
    "mean": 54.31154057505014,
    "rsd_pct": 0.1379213157979984,
    "micro": true
  },
  "respond_to": {
    "mean": 185.8042819926945,
    "rsd_pct": 2.0167857228624175,
    "micro": true
  },
  "setivar": {
    "mean": 49.986960114352215,
    "rsd_pct": 0.19184136397047544,
    "micro": true
  },
  "str_concat": {
    "mean": 46.16332852909731,
    "rsd_pct": 1.2433889062105066,
    "micro": true
  }
}