{
  "activerecord": {
    "mean": 109.29760848564995,
    "rsd_pct": 1.8190530331163794
  },
  "jekyll": {
    "mean": 7546.031931811012,
    "rsd_pct": 2.748626710117383
  },
  "liquid-render": {
    "mean": 145.73124212620314,
    "rsd_pct": 2.556962930390451
  },
  "mail": {
    "mean": 145.73477960089002,
    "rsd_pct": 1.530036012260236
  },
  "psych-load": {
    "mean": 1645.6521619809791,
    "rsd_pct": 0.5202581360147495
  },
  "railsbench": {
    "mean": 2650.157472072169,
    "rsd_pct": 1.4706565237592122
  },
  "binarytrees": {
    "mean": 300.75994780973383,
    "rsd_pct": 0.24965761714296464
  },
  "fannkuchredux": {
    "mean": 5438.765309611335,
    "rsd_pct": 0.05503449564264735
  },
  "lee": {
    "mean": 800.5770685772101,
    "rsd_pct": 1.5334924403211732
  },
  "nbody": {
    "mean": 72.57028044415007,
    "rsd_pct": 0.03301528234759671
  },
  "optcarrot": {
    "mean": 3152.9330390971154,
    "rsd_pct": 0.26419291825632013
  },
  "30k_ifelse": {
    "mean": 331.4037217339501,
    "rsd_pct": 0.22424507667378743
  },
  "30k_methods": {
    "mean": 718.2089844330525,
    "rsd_pct": 0.016060058605943502
  },
  "cfunc_itself": {
    "mean": 40.840300223014005,
    "rsd_pct": 0.3051487731659281
  },
  "fib": {
    "mean": 57.21771859919981,
    "rsd_pct": 0.047583365488358585
  },
  "getivar": {
    "mean": 36.271909517901285,
    "rsd_pct": 0.03611340274416036
  },
  "respond_to": {
    "mean": 163.8223105831385,
    "rsd_pct": 0.2772644798591474
  },
  "setivar": {
    "mean": 43.67124504327925,
    "rsd_pct": 0.11036666351587299
  }
}