{
  "activerecord": {
    "mean": 93.31572001229561,
    "rsd_pct": 0.6900340701906155,
    "micro": false
  },
  "hexapdf": {
    "mean": 2165.67389331758,
    "rsd_pct": 1.886050230437494,
    "micro": false
  },
  "liquid-render": {
    "mean": 111.33432477252202,
    "rsd_pct": 1.9848500768512451,
    "micro": false
  },
  "mail": {
    "mean": 142.82855714471745,
    "rsd_pct": 0.16588537127915215,
    "micro": false
  },
  "psych-load": {
    "mean": 1864.9697590929766,
    "rsd_pct": 0.05651196619402267,
    "micro": false
  },
  "railsbench": {
    "mean": 2016.8563456895452,
    "rsd_pct": 1.7904099865042287,
    "micro": false
  },
  "ruby-lsp": {
    "mean": 68.18017313485717,
    "rsd_pct": 15.10904821997098,
    "micro": false
  },
  "binarytrees": {
    "mean": 229.91774886447405,
    "rsd_pct": 0.05730417743622585,
    "micro": false
  },
  "chunky_png": {
    "mean": 618.3441506727831,
    "rsd_pct": 0.04587101328698018,
    "micro": false
  },
  "erubi": {
    "mean": 291.03385197760707,
    "rsd_pct": 1.0619102069166293,
    "micro": false
  },
  "erubi_rails": {
    "mean": 17.39734420913573,
    "rsd_pct": 3.6926543601313275,
    "micro": false
  },
  "etanni": {
    "mean": 476.1745283890161,
    "rsd_pct": 0.5156270848167149,
    "micro": false
  },
  "fannkuchredux": {
    "mean": 911.9749906517211,
    "rsd_pct": 0.0817145834688451,
    "micro": false
  },
  "lee": {
    "mean": 893.9567335711962,
    "rsd_pct": 0.3539165790730738,
    "micro": false
  },
  "nbody": {
    "mean": 71.68219777855224,
    "rsd_pct": 0.03991605199324502,
    "micro": false
  },
  "optcarrot": {
    "mean": 2606.2206893227994,
    "rsd_pct": 0.3935531036471624,
    "micro": false
  },
  "rubykon": {
    "mean": 6402.408180261652,
    "rsd_pct": 0.5617480368275664,
    "micro": false
  },
  "30k_ifelse": {
    "mean": 393.2894419878721,
    "rsd_pct": 0.12246283705916966,
    "micro": true
  },
  "30k_methods": {
    "mean": 957.0511872436674,
    "rsd_pct": 0.03529538915995574,
    "micro": true
  },
  "cfunc_itself": {
    "mean": 40.31678512355152,
    "rsd_pct": 0.16093183858284335,
    "micro": true
  },
  "fib": {
    "mean": 62.82653025667763,
    "rsd_pct": 0.03988770191490214,
    "micro": true
  },
  "getivar": {
    "mean": 45.83673622966393,
    "rsd_pct": 0.23760515517036196,
    "micro": true
  },
  "keyword_args": {
    "mean": 52.205090417054954,
    "rsd_pct": 0.07744002049662112,
    "micro": true
  },
  "respond_to": {
    "mean": 28.578619450383204,
    "rsd_pct": 0.5658342351919954,
    "micro": true
  },
  "setivar": {
    "mean": 14.702963910188855,
    "rsd_pct": 0.0965625788081433,
    "micro": true
  },
  "setivar_object": {
    "mean": 50.231838651081475,
    "rsd_pct": 1.5981998672630267,
    "micro": true
  },
  "str_concat": {
    "mean": 43.49296868550686,
    "rsd_pct": 1.525171399065851,
    "micro": true
  }
}