{
  "activerecord": {
    "mean": 95.39019746001827,
    "rsd_pct": 0.7524969629894263,
    "micro": false
  },
  "hexapdf": {
    "mean": 2307.2010984023414,
    "rsd_pct": 2.1519263130338118,
    "micro": false
  },
  "liquid-render": {
    "mean": 113.96447371159282,
    "rsd_pct": 1.9391341796084673,
    "micro": false
  },
  "mail": {
    "mean": 159.77745793941546,
    "rsd_pct": 0.12141769110668306,
    "micro": false
  },
  "psych-load": {
    "mean": 1927.5208833316963,
    "rsd_pct": 0.039537019938633546,
    "micro": false
  },
  "railsbench": {
    "mean": 2057.242984076341,
    "rsd_pct": 0.7126801588010878,
    "micro": false
  },
  "ruby-lsp": {
    "mean": 82.85155657665197,
    "rsd_pct": 24.250517436914624,
    "micro": false
  },
  "binarytrees": {
    "mean": 254.2680731290076,
    "rsd_pct": 0.0888429898303594,
    "micro": false
  },
  "chunky_png": {
    "mean": 626.5414592719848,
    "rsd_pct": 0.050144609245238926,
    "micro": false
  },
  "erubi": {
    "mean": 296.60191492580657,
    "rsd_pct": 0.9228717172788009,
    "micro": false
  },
  "erubi_rails": {
    "mean": 17.60748627736511,
    "rsd_pct": 3.9695626379778486,
    "micro": false
  },
  "etanni": {
    "mean": 478.91989988940105,
    "rsd_pct": 0.42689557943901385,
    "micro": false
  },
  "fannkuchredux": {
    "mean": 2341.1504969000816,
    "rsd_pct": 0.15564975548237234,
    "micro": false
  },
  "lee": {
    "mean": 926.8309174194222,
    "rsd_pct": 1.8255784049341421,
    "micro": false
  },
  "nbody": {
    "mean": 92.03911177877687,
    "rsd_pct": 0.08501962214364715,
    "micro": false
  },
  "optcarrot": {
    "mean": 3227.5513579448066,
    "rsd_pct": 0.4113786885301445,
    "micro": false
  },
  "rubykon": {
    "mean": 6787.666152666013,
    "rsd_pct": 0.2934025006156727,
    "micro": false
  },
  "30k_ifelse": {
    "mean": 392.8429628057139,
    "rsd_pct": 0.10029514100613408,
    "micro": true
  },
  "30k_methods": {
    "mean": 960.9631484374404,
    "rsd_pct": 0.03553380491061446,
    "micro": true
  },
  "cfunc_itself": {
    "mean": 40.00376886688173,
    "rsd_pct": 0.13601947280868681,
    "micro": true
  },
  "fib": {
    "mean": 61.05349173011765,
    "rsd_pct": 0.04794358536512013,
    "micro": true
  },
  "getivar": {
    "mean": 46.86250626830987,
    "rsd_pct": 0.04982458887554651,
    "micro": true
  },
  "keyword_args": {
    "mean": 51.69398859143257,
    "rsd_pct": 0.2771952608874401,
    "micro": true
  },
  "respond_to": {
    "mean": 28.460874866980774,
    "rsd_pct": 0.4573804503973636,
    "micro": true
  },
  "setivar": {
    "mean": 55.23118470378673,
    "rsd_pct": 0.12716355281809424,
    "micro": true
  },
  "str_concat": {
    "mean": 44.61995093345148,
    "rsd_pct": 1.6187318383890943,
    "micro": true
  }
}