{
  "activerecord": {
    "mean": 106.2830307718637,
    "rsd_pct": 0.21660325308616335
  },
  "hexapdf": {
    "mean": 2321.16354778409,
    "rsd_pct": 1.6419793008605152
  },
  "jekyll": {
    "mean": 7459.467492671683,
    "rsd_pct": 1.4867574220316588
  },
  "liquid-render": {
    "mean": 124.59797228668009,
    "rsd_pct": 1.9767900607174826
  },
  "mail": {
    "mean": 140.21056102038446,
    "rsd_pct": 0.3248520604340785
  },
  "psych-load": {
    "mean": 1621.5744466520846,
    "rsd_pct": 0.15758066673733656
  },
  "railsbench": {
    "mean": 2456.5040118526667,
    "rsd_pct": 1.9707644142084086
  },
  "binarytrees": {
    "mean": 298.1814171091236,
    "rsd_pct": 2.429253243891849
  },
  "fannkuchredux": {
    "mean": 5496.795575367287,
    "rsd_pct": 0.05722287915842173
  },
  "lee": {
    "mean": 796.6818862478249,
    "rsd_pct": 0.8734328948721205
  },
  "nbody": {
    "mean": 75.53881819487786,
    "rsd_pct": 0.031229107484727292
  },
  "optcarrot": {
    "mean": 3137.5991804525256,
    "rsd_pct": 0.42800939145513583
  },
  "30k_ifelse": {
    "mean": 318.3847275246286,
    "rsd_pct": 0.16652392077221365
  },
  "30k_methods": {
    "mean": 748.6754493404399,
    "rsd_pct": 0.037482799875310696
  },
  "cfunc_itself": {
    "mean": 39.19599580015251,
    "rsd_pct": 0.30757172876476696
  },
  "fib": {
    "mean": 52.03003306314349,
    "rsd_pct": 0.04238283591296984
  },
  "getivar": {
    "mean": 36.25359067886646,
    "rsd_pct": 0.0366562571053881
  },
  "keyword_args": {
    "mean": 47.64970471264749,
    "rsd_pct": 0.16006091248452853
  },
  "respond_to": {
    "mean": 164.44585390438857,
    "rsd_pct": 0.22386144077446318
  },
  "setivar": {
    "mean": 42.190402704514725,
    "rsd_pct": 0.19750684544639677
  }
}