{
  "activerecord": {
    "mean": 42.67687934379165,
    "rsd_pct": 3.759680975160779,
    "micro": false
  },
  "erubi_rails": {
    "mean": 15.553685957274865,
    "rsd_pct": 19.514906053886683,
    "micro": false
  },
  "hexapdf": {
    "mean": 2072.529324144125,
    "rsd_pct": 1.5546292530888577,
    "micro": false
  },
  "liquid-c": {
    "mean": 59.32339064179967,
    "rsd_pct": 0.6634374916849265,
    "micro": false
  },
  "liquid-compile": {
    "mean": 56.86763312541327,
    "rsd_pct": 1.4411040348302695,
    "micro": false
  },
  "liquid-render": {
    "mean": 104.1671806500138,
    "rsd_pct": 0.44610264558143065,
    "micro": false
  },
  "mail": {
    "mean": 132.32016620536646,
    "rsd_pct": 0.42278481759238457,
    "micro": false
  },
  "psych-load": {
    "mean": 1830.8101411908865,
    "rsd_pct": 0.08904740584819595,
    "micro": false
  },
  "railsbench": {
    "mean": 1803.631529211998,
    "rsd_pct": 1.1059154129980688,
    "micro": false
  },
  "ruby-lsp": {
    "mean": 55.49442399220139,
    "rsd_pct": 7.06509119946562,
    "micro": false
  },
  "sequel": {
    "mean": 69.26627892833268,
    "rsd_pct": 1.1392722182723114,
    "micro": false
  },
  "binarytrees": {
    "mean": 229.92695781091848,
    "rsd_pct": 0.09896797147716195,
    "micro": false
  },
  "chunky_png": {
    "mean": 651.9507590060433,
    "rsd_pct": 0.39317407268583693,
    "micro": false
  },
  "erubi": {
    "mean": 251.0615060372012,
    "rsd_pct": 0.07362244668629211,
    "micro": false
  },
  "etanni": {
    "mean": 404.02327322711545,
    "rsd_pct": 0.052383851075028486,
    "micro": false
  },
  "fannkuchredux": {
    "mean": 782.6904433220625,
    "rsd_pct": 0.08042343484289143,
    "micro": false
  },
  "lee": {
    "mean": 941.2202610678617,
    "rsd_pct": 0.360713836180972,
    "micro": false
  },
  "nbody": {
    "mean": 69.68259118275793,
    "rsd_pct": 0.08184349203999851,
    "micro": false
  },
  "optcarrot": {
    "mean": 2270.7416884601116,
    "rsd_pct": 0.6238625729913838,
    "micro": false
  },
  "ruby-json": {
    "mean": 3488.0640733987093,
    "rsd_pct": 0.10721906478843343,
    "micro": false
  },
  "rubykon": {
    "mean": 6648.025932535529,
    "rsd_pct": 1.1556781075794451,
    "micro": false
  },
  "30k_ifelse": {
    "mean": 361.0771592029116,
    "rsd_pct": 0.06243827661229876,
    "micro": true
  },
  "30k_methods": {
    "mean": 853.2515719694936,
    "rsd_pct": 0.027182324698783077,
    "micro": true
  },
  "cfunc_itself": {
    "mean": 39.28045222286399,
    "rsd_pct": 0.40453403583347824,
    "micro": true
  },
  "fib": {
    "mean": 44.592906654413255,
    "rsd_pct": 0.051887020961215995,
    "micro": true
  },
  "getivar": {
    "mean": 21.154926768868343,
    "rsd_pct": 0.23385671535128946,
    "micro": true
  },
  "keyword_args": {
    "mean": 48.500873332019324,
    "rsd_pct": 0.44675621444406977,
    "micro": true
  },
  "respond_to": {
    "mean": 27.81196447241911,
    "rsd_pct": 0.7679841415910413,
    "micro": true
  },
  "setivar": {
    "mean": 11.995222958069615,
    "rsd_pct": 0.09592826859223912,
    "micro": true
  },
  "setivar_object": {
    "mean": 42.1046885006698,
    "rsd_pct": 0.046028207338371804,
    "micro": true
  },
  "setivar_young": {
    "mean": 42.23014954556474,
    "rsd_pct": 1.2925522885438676,
    "micro": true
  },
  "str_concat": {
    "mean": 44.767687925034096,
    "rsd_pct": 0.4572301158555152,
    "micro": true
  },
  "throw": {
    "mean": 23.78331566640816,
    "rsd_pct": 0.276644518038866,
    "micro": true
  }
}