{
  "activerecord": {
    "mean": 106.04860656023185,
    "rsd_pct": 0.5239531248827516,
    "micro": false
  },
  "hexapdf": {
    "mean": 1995.5783510270219,
    "rsd_pct": 2.1095147432569745,
    "micro": false
  },
  "liquid-c": {
    "mean": 59.134933428054,
    "rsd_pct": 2.174376092399669,
    "micro": false
  },
  "liquid-render": {
    "mean": 110.02317163963906,
    "rsd_pct": 2.6876827922468016,
    "micro": false
  },
  "mail": {
    "mean": 131.2060903613295,
    "rsd_pct": 0.3044039733395328,
    "micro": false
  },
  "psych-load": {
    "mean": 1783.9675740028422,
    "rsd_pct": 0.04247794183659982,
    "micro": false
  },
  "railsbench": {
    "mean": 1848.9769976275663,
    "rsd_pct": 1.1739257685007474,
    "micro": false
  },
  "ruby-lsp": {
    "mean": 65.46975586158959,
    "rsd_pct": 20.590569829426634,
    "micro": false
  },
  "sequel": {
    "mean": 143.9767823891075,
    "rsd_pct": 1.9057853780626965,
    "micro": false
  },
  "binarytrees": {
    "mean": 231.45560037422305,
    "rsd_pct": 0.0725960624647945,
    "micro": false
  },
  "chunky_png": {
    "mean": 618.4179996635066,
    "rsd_pct": 0.09076841445137943,
    "micro": false
  },
  "erubi": {
    "mean": 253.90660921290802,
    "rsd_pct": 0.9824809899567278,
    "micro": false
  },
  "erubi_rails": {
    "mean": 15.827226536280094,
    "rsd_pct": 3.4246760329980797,
    "micro": false
  },
  "etanni": {
    "mean": 405.7446893551672,
    "rsd_pct": 0.44982391033991925,
    "micro": false
  },
  "fannkuchredux": {
    "mean": 855.4698459005782,
    "rsd_pct": 0.03736916736174267,
    "micro": false
  },
  "lee": {
    "mean": 881.2153686091981,
    "rsd_pct": 0.11160623194577989,
    "micro": false
  },
  "nbody": {
    "mean": 74.41283511384542,
    "rsd_pct": 0.05907834336960804,
    "micro": false
  },
  "optcarrot": {
    "mean": 6033.41607786715,
    "rsd_pct": 0.29322219704510516,
    "micro": false
  },
  "rubykon": {
    "mean": 6675.812609136726,
    "rsd_pct": 0.3845578104636603,
    "micro": false
  },
  "30k_ifelse": {
    "mean": 422.5054315113007,
    "rsd_pct": 0.07570100832706582,
    "micro": true
  },
  "30k_methods": {
    "mean": 953.8156107417308,
    "rsd_pct": 0.044407004598648735,
    "micro": true
  },
  "cfunc_itself": {
    "mean": 42.61429070024443,
    "rsd_pct": 0.16273118720705598,
    "micro": true
  },
  "fib": {
    "mean": 62.20521917421591,
    "rsd_pct": 0.7559498475052728,
    "micro": true
  },
  "getivar": {
    "mean": 45.85634978485952,
    "rsd_pct": 0.1955015365516902,
    "micro": true
  },
  "keyword_args": {
    "mean": 52.502099164125156,
    "rsd_pct": 0.08711812653510104,
    "micro": true
  },
  "respond_to": {
    "mean": 29.167762906518725,
    "rsd_pct": 0.6761850210162866,
    "micro": true
  },
  "setivar": {
    "mean": 14.914218909385156,
    "rsd_pct": 0.07711881643141212,
    "micro": true
  },
  "setivar_object": {
    "mean": 47.09374731806972,
    "rsd_pct": 0.8927264296319295,
    "micro": true
  },
  "str_concat": {
    "mean": 43.752417447109956,
    "rsd_pct": 1.406711130530846,
    "micro": true
  }
}