{
  "activerecord": {
    "mean": 367.63554759090766,
    "rsd_pct": 0.49488197668085987,
    "micro": false
  },
  "hexapdf": {
    "mean": 7552.566121363391,
    "rsd_pct": 1.0323808715583682,
    "micro": false
  },
  "liquid-render": {
    "mean": 449.4392617685454,
    "rsd_pct": 1.2510789224237076,
    "micro": false
  },
  "mail": {
    "mean": 493.9719042488078,
    "rsd_pct": 0.09158066028282312,
    "micro": false
  },
  "psych-load": {
    "mean": 6978.632344709088,
    "rsd_pct": 0.025051870211051763,
    "micro": false
  },
  "railsbench": {
    "mean": 7043.509496282786,
    "rsd_pct": 1.07848227963153,
    "micro": false
  },
  "binarytrees": {
    "mean": 541.2686499822441,
    "rsd_pct": 0.15986070222941137,
    "micro": false
  },
  "chunky_png": {
    "mean": 1672.359096532267,
    "rsd_pct": 0.17399377761911333,
    "micro": false
  },
  "erubi": {
    "mean": 745.1713206176994,
    "rsd_pct": 1.2184816021096645,
    "micro": false
  },
  "erubi_rails": {
    "mean": 59.69656715252211,
    "rsd_pct": 2.557045676131736,
    "micro": false
  },
  "fannkuchredux": {
    "mean": 5733.937995353092,
    "rsd_pct": 0.1807283490700051,
    "micro": false
  },
  "lee": {
    "mean": 2579.092007619329,
    "rsd_pct": 0.8994293376870144,
    "micro": false
  },
  "nbody": {
    "mean": 200.46585031102674,
    "rsd_pct": 0.13345657976065697,
    "micro": false
  },
  "optcarrot": {
    "mean": 13130.827170175811,
    "rsd_pct": 0.49691980311677064,
    "micro": false
  },
  "rubykon": {
    "mean": 25340.719581705827,
    "rsd_pct": 0.4348936161949707,
    "micro": false
  },
  "30k_ifelse": {
    "mean": 2630.9313034769475,
    "rsd_pct": 0.024280636845757254,
    "micro": true
  },
  "30k_methods": {
    "mean": 6066.539993839494,
    "rsd_pct": 0.009307273719979803,
    "micro": true
  },
  "cfunc_itself": {
    "mean": 107.38198216208012,
    "rsd_pct": 0.07549531320574401,
    "micro": true
  },
  "fib": {
    "mean": 199.49841211308484,
    "rsd_pct": 0.3070000373305608,
    "micro": true
  },
  "getivar": {
    "mean": 127.57806544345694,
    "rsd_pct": 0.006472458272061142,
    "micro": true
  },
  "keyword_args": {
    "mean": 151.90881592226566,
    "rsd_pct": 0.06887185801378587,
    "micro": true
  },
  "respond_to": {
    "mean": 99.91337088617067,
    "rsd_pct": 0.336163250169998,
    "micro": true
  },
  "setivar": {
    "mean": 123.15568652647059,
    "rsd_pct": 0.005802263765023023,
    "micro": true
  },
  "str_concat": {
    "mean": 111.96982806254583,
    "rsd_pct": 0.9139806625523957,
    "micro": true
  }
}