{
  "activerecord": {
    "mean": 103.38431602638019,
    "rsd_pct": 0.4490309019892897,
    "micro": false
  },
  "hexapdf": {
    "mean": 2321.9473774234452,
    "rsd_pct": 1.0664555027789562,
    "micro": false
  },
  "liquid-render": {
    "mean": 144.36985261451738,
    "rsd_pct": 1.7910829815220661,
    "micro": false
  },
  "mail": {
    "mean": 186.3109929383629,
    "rsd_pct": 2.7923663880037863,
    "micro": false
  },
  "psych-load": {
    "mean": 2183.0724868923426,
    "rsd_pct": 0.06903701237637835,
    "micro": false
  },
  "railsbench": {
    "mean": 2446.0314257691302,
    "rsd_pct": 0.8489820579113185,
    "micro": false
  },
  "binarytrees": {
    "mean": 356.3023810900414,
    "rsd_pct": 0.17059303964262332,
    "micro": false
  },
  "chunky_png": {
    "mean": 671.0463767421656,
    "rsd_pct": 0.5052108523435201,
    "micro": false
  },
  "discourse": {
    "mean": 629.0234127664007,
    "rsd_pct": 19.88253973726712,
    "micro": false
  },
  "erubi": {
    "mean": 405.522845913561,
    "rsd_pct": 0.8038905796081599,
    "micro": false
  },
  "erubi_rails": {
    "mean": 25.192466545942708,
    "rsd_pct": 55.979607701892284,
    "micro": false
  },
  "fannkuchredux": {
    "mean": 8799.688426653544,
    "rsd_pct": 0.06794114899774703,
    "micro": false
  },
  "lee": {
    "mean": 881.7257009107958,
    "rsd_pct": 0.6399911737277809,
    "micro": false
  },
  "nbody": {
    "mean": 87.63419613919474,
    "rsd_pct": 0.4835454995052609,
    "micro": false
  },
  "optcarrot": {
    "mean": 3485.354276870688,
    "rsd_pct": 0.5979259638997372,
    "micro": false
  },
  "rubykon": {
    "mean": 7993.878749758005,
    "rsd_pct": 2.95275907128484,
    "micro": false
  },
  "30k_ifelse": {
    "mean": 360.65859662538224,
    "rsd_pct": 0.1786135543677803,
    "micro": true
  },
  "30k_methods": {
    "mean": 880.45249117369,
    "rsd_pct": 0.061659848296378515,
    "micro": true
  },
  "cfunc_itself": {
    "mean": 45.26001627635118,
    "rsd_pct": 1.0414437252701856,
    "micro": true
  },
  "fib": {
    "mean": 62.4880394898355,
    "rsd_pct": 0.5646871372894245,
    "micro": true
  },
  "getivar": {
    "mean": 42.60601220765498,
    "rsd_pct": 0.7052855593730457,
    "micro": true
  },
  "keyword_args": {
    "mean": 52.890521084899625,
    "rsd_pct": 0.7248143843282014,
    "micro": true
  },
  "respond_to": {
    "mean": 181.18176837493706,
    "rsd_pct": 0.30202570672865287,
    "micro": true
  },
  "setivar": {
    "mean": 54.162459530140715,
    "rsd_pct": 0.5998405421995721,
    "micro": true
  },
  "str_concat": {
    "mean": 110.65249061928345,
    "rsd_pct": 1.4093529387681893,
    "micro": true
  }
}