{
  "activerecord": {
    "mean": 93.37045151942392,
    "rsd_pct": 0.8108125919543951,
    "micro": false
  },
  "hexapdf": {
    "mean": 2185.1174357657633,
    "rsd_pct": 2.532208287018645,
    "micro": false
  },
  "liquid-render": {
    "mean": 110.38600529586388,
    "rsd_pct": 1.9434629633529223,
    "micro": false
  },
  "mail": {
    "mean": 142.6348276337252,
    "rsd_pct": 0.16412297467454856,
    "micro": false
  },
  "psych-load": {
    "mean": 1935.0647875728707,
    "rsd_pct": 0.05172587807826747,
    "micro": false
  },
  "railsbench": {
    "mean": 1981.5327827508252,
    "rsd_pct": 1.8857774185353577,
    "micro": false
  },
  "ruby-lsp": {
    "mean": 68.2992036662407,
    "rsd_pct": 15.752825599646535,
    "micro": false
  },
  "binarytrees": {
    "mean": 227.62805023284136,
    "rsd_pct": 0.07159170160503901,
    "micro": false
  },
  "chunky_png": {
    "mean": 619.2438996607258,
    "rsd_pct": 0.05698336245494672,
    "micro": false
  },
  "erubi": {
    "mean": 295.9664859391971,
    "rsd_pct": 1.000881236323885,
    "micro": false
  },
  "erubi_rails": {
    "mean": 17.471191298181317,
    "rsd_pct": 3.320677059668141,
    "micro": false
  },
  "etanni": {
    "mean": 477.99450742258205,
    "rsd_pct": 0.5853409333262578,
    "micro": false
  },
  "fannkuchredux": {
    "mean": 1051.0511895686034,
    "rsd_pct": 4.748530620248494,
    "micro": false
  },
  "lee": {
    "mean": 901.2858684344047,
    "rsd_pct": 0.21338668016093218,
    "micro": false
  },
  "nbody": {
    "mean": 73.47452986184234,
    "rsd_pct": 0.037404715517232755,
    "micro": false
  },
  "optcarrot": {
    "mean": 2604.483421767751,
    "rsd_pct": 0.42228084287444434,
    "micro": false
  },
  "rubykon": {
    "mean": 6779.453997965902,
    "rsd_pct": 0.4377202355217482,
    "micro": false
  },
  "30k_ifelse": {
    "mean": 402.42998138070107,
    "rsd_pct": 0.1199924859662848,
    "micro": true
  },
  "30k_methods": {
    "mean": 956.5212718166765,
    "rsd_pct": 0.03900613733025656,
    "micro": true
  },
  "cfunc_itself": {
    "mean": 40.339810572931775,
    "rsd_pct": 0.21934167557534967,
    "micro": true
  },
  "fib": {
    "mean": 62.85274954243276,
    "rsd_pct": 0.06828789267118963,
    "micro": true
  },
  "getivar": {
    "mean": 45.692096969605174,
    "rsd_pct": 0.23683773248345183,
    "micro": true
  },
  "keyword_args": {
    "mean": 51.96891251126359,
    "rsd_pct": 0.19939178230250965,
    "micro": true
  },
  "respond_to": {
    "mean": 28.46223457361679,
    "rsd_pct": 0.5329742088055527,
    "micro": true
  },
  "setivar": {
    "mean": 14.706427160845116,
    "rsd_pct": 0.09703475391397491,
    "micro": true
  },
  "setivar_object": {
    "mean": 46.986611413166806,
    "rsd_pct": 1.1076302552658228,
    "micro": true
  },
  "str_concat": {
    "mean": 44.926159517137926,
    "rsd_pct": 1.5104087011345104,
    "micro": true
  }
}