{
  "activerecord": {
    "mean": 98.3417480816982,
    "rsd_pct": 0.7171342414455134,
    "micro": false
  },
  "hexapdf": {
    "mean": 2380.4353438317776,
    "rsd_pct": 1.5882942672062357,
    "micro": false
  },
  "liquid-render": {
    "mean": 113.50083766981612,
    "rsd_pct": 1.870977724044913,
    "micro": false
  },
  "mail": {
    "mean": 157.52986192819662,
    "rsd_pct": 0.1276281414805166,
    "micro": false
  },
  "psych-load": {
    "mean": 1978.5657080511253,
    "rsd_pct": 0.04105592983201797,
    "micro": false
  },
  "railsbench": {
    "mean": 2132.476828992367,
    "rsd_pct": 1.1678601859180984,
    "micro": false
  },
  "binarytrees": {
    "mean": 230.49956256913583,
    "rsd_pct": 3.8553543358236255,
    "micro": false
  },
  "chunky_png": {
    "mean": 630.2703984322086,
    "rsd_pct": 0.05400323748819242,
    "micro": false
  },
  "erubi": {
    "mean": 298.6359155333754,
    "rsd_pct": 0.8608693501011417,
    "micro": false
  },
  "erubi_rails": {
    "mean": 19.122815289517792,
    "rsd_pct": 3.6714595134247254,
    "micro": false
  },
  "etanni": {
    "mean": 473.7200291738624,
    "rsd_pct": 0.4765694288209225,
    "micro": false
  },
  "fannkuchredux": {
    "mean": 2288.3592973152795,
    "rsd_pct": 0.2235152595903185,
    "micro": false
  },
  "lee": {
    "mean": 959.8329255357385,
    "rsd_pct": 0.05559598546862155,
    "micro": false
  },
  "nbody": {
    "mean": 81.56379718394552,
    "rsd_pct": 0.08007557922074221,
    "micro": false
  },
  "optcarrot": {
    "mean": 3059.507018327713,
    "rsd_pct": 0.3890095596644701,
    "micro": false
  },
  "rubykon": {
    "mean": 6851.837571958701,
    "rsd_pct": 1.038224578548656,
    "micro": false
  },
  "30k_ifelse": {
    "mean": 345.5131572850963,
    "rsd_pct": 0.1628485796192241,
    "micro": true
  },
  "30k_methods": {
    "mean": 824.6961704765757,
    "rsd_pct": 0.04678682594955655,
    "micro": true
  },
  "cfunc_itself": {
    "mean": 41.04430450877147,
    "rsd_pct": 0.39162559018178833,
    "micro": true
  },
  "fib": {
    "mean": 61.37492782794512,
    "rsd_pct": 0.06574280813695654,
    "micro": true
  },
  "getivar": {
    "mean": 46.83334933060436,
    "rsd_pct": 0.05447273785303957,
    "micro": true
  },
  "keyword_args": {
    "mean": 51.67156142312937,
    "rsd_pct": 0.1380168784384814,
    "micro": true
  },
  "respond_to": {
    "mean": 28.45876610704831,
    "rsd_pct": 0.5444147286687256,
    "micro": true
  },
  "setivar": {
    "mean": 47.49612765000114,
    "rsd_pct": 0.2762256071895935,
    "micro": true
  },
  "str_concat": {
    "mean": 48.988175258843924,
    "rsd_pct": 1.4598394780645614,
    "micro": true
  }
}