{
  "activerecord": {
    "mean": 41.60683036704237,
    "rsd_pct": 0.8110360899418726,
    "micro": false
  },
  "erubi_rails": {
    "mean": 15.06091324841833,
    "rsd_pct": 3.512375326813667,
    "micro": false
  },
  "hexapdf": {
    "mean": 1987.7835397919018,
    "rsd_pct": 2.623103101803377,
    "micro": false
  },
  "liquid-c": {
    "mean": 57.87753395337848,
    "rsd_pct": 2.0183795739691126,
    "micro": false
  },
  "liquid-compile": {
    "mean": 55.220274805240535,
    "rsd_pct": 0.7105160934512634,
    "micro": false
  },
  "liquid-render": {
    "mean": 102.49477560894611,
    "rsd_pct": 2.7829981589582755,
    "micro": false
  },
  "mail": {
    "mean": 127.56428825788392,
    "rsd_pct": 0.40266394272043354,
    "micro": false
  },
  "psych-load": {
    "mean": 1798.37175073723,
    "rsd_pct": 0.08593316671251883,
    "micro": false
  },
  "railsbench": {
    "mean": 1789.2643831670284,
    "rsd_pct": 1.2167541267074553,
    "micro": false
  },
  "ruby-lsp": {
    "mean": 57.5623199429567,
    "rsd_pct": 20.49388503705553,
    "micro": false
  },
  "sequel": {
    "mean": 67.21932960231867,
    "rsd_pct": 0.30545771734245253,
    "micro": false
  },
  "binarytrees": {
    "mean": 224.7914808315479,
    "rsd_pct": 0.28302273696893093,
    "micro": false
  },
  "chunky_png": {
    "mean": 603.2682386876056,
    "rsd_pct": 0.10257336747196705,
    "micro": false
  },
  "erubi": {
    "mean": 245.57667975313962,
    "rsd_pct": 0.8697409010128768,
    "micro": false
  },
  "etanni": {
    "mean": 402.2600652117814,
    "rsd_pct": 0.4546107607632306,
    "micro": false
  },
  "fannkuchredux": {
    "mean": 780.1814968883991,
    "rsd_pct": 0.08671763358136238,
    "micro": false
  },
  "lee": {
    "mean": 859.1461830731968,
    "rsd_pct": 0.35091135817407765,
    "micro": false
  },
  "nbody": {
    "mean": 76.64913947765643,
    "rsd_pct": 0.09026441468531056,
    "micro": false
  },
  "optcarrot": {
    "mean": 2237.110845434169,
    "rsd_pct": 0.6124025241019286,
    "micro": false
  },
  "ruby-json": {
    "mean": 3034.7930644328394,
    "rsd_pct": 0.08328444760978199,
    "micro": false
  },
  "rubykon": {
    "mean": 6361.946832636992,
    "rsd_pct": 0.3598477888640628,
    "micro": false
  },
  "30k_ifelse": {
    "mean": 360.3359263220971,
    "rsd_pct": 0.08458907065319007,
    "micro": true
  },
  "30k_methods": {
    "mean": 857.2753204194748,
    "rsd_pct": 0.03284932686318929,
    "micro": true
  },
  "cfunc_itself": {
    "mean": 39.202258993658845,
    "rsd_pct": 0.5521385826277913,
    "micro": true
  },
  "fib": {
    "mean": 46.1097754884695,
    "rsd_pct": 0.047183755940798607,
    "micro": true
  },
  "getivar": {
    "mean": 21.121916277560285,
    "rsd_pct": 0.17690197648422726,
    "micro": true
  },
  "keyword_args": {
    "mean": 47.65880301701425,
    "rsd_pct": 0.10591376142767449,
    "micro": true
  },
  "respond_to": {
    "mean": 26.245082511664613,
    "rsd_pct": 1.0389503941401443,
    "micro": true
  },
  "setivar": {
    "mean": 11.995146526487451,
    "rsd_pct": 0.11324796413691204,
    "micro": true
  },
  "setivar_object": {
    "mean": 46.64275388964495,
    "rsd_pct": 4.33810793101127,
    "micro": true
  },
  "setivar_young": {
    "mean": 44.366516255357226,
    "rsd_pct": 2.2202241086079733,
    "micro": true
  },
  "str_concat": {
    "mean": 42.25028723572628,
    "rsd_pct": 1.5838486330470694,
    "micro": true
  },
  "throw": {
    "mean": 23.861551370587296,
    "rsd_pct": 0.21259132770620076,
    "micro": true
  }
}