{
  "activerecord": {
    "mean": 109.2204347123645,
    "rsd_pct": 1.8028395977973741
  },
  "hexapdf": {
    "mean": 2227.347615454346,
    "rsd_pct": 1.142940921970206
  },
  "jekyll": {
    "mean": 7522.444683965296,
    "rsd_pct": 1.9451404867678626
  },
  "liquid-render": {
    "mean": 125.89316837014567,
    "rsd_pct": 1.9213549256101283
  },
  "mail": {
    "mean": 141.7960076599972,
    "rsd_pct": 1.2359559938194662
  },
  "psych-load": {
    "mean": 1642.3352618701756,
    "rsd_pct": 0.12777085473030544
  },
  "railsbench": {
    "mean": 2579.42663365975,
    "rsd_pct": 1.5009513532544363
  },
  "binarytrees": {
    "mean": 302.6098998982394,
    "rsd_pct": 2.4629484649166598
  },
  "fannkuchredux": {
    "mean": 5422.965385206044,
    "rsd_pct": 0.07395771837702746
  },
  "lee": {
    "mean": 793.0478467023931,
    "rsd_pct": 0.8964445537206964
  },
  "nbody": {
    "mean": 75.44014544328093,
    "rsd_pct": 0.05144498837753422
  },
  "optcarrot": {
    "mean": 3228.46669126302,
    "rsd_pct": 0.6543990781224585
  },
  "30k_ifelse": {
    "mean": 331.0143037699163,
    "rsd_pct": 0.20184269519906575
  },
  "30k_methods": {
    "mean": 767.1081201406196,
    "rsd_pct": 0.026373795854101434
  },
  "cfunc_itself": {
    "mean": 38.70111123954462,
    "rsd_pct": 0.26792101550946484
  },
  "fib": {
    "mean": 52.02750237286091,
    "rsd_pct": 0.07525985858066493
  },
  "getivar": {
    "mean": 36.26588302961989,
    "rsd_pct": 0.038624022458541886
  },
  "keyword_args": {
    "mean": 46.859730267338904,
    "rsd_pct": 0.09739059695367172
  },
  "respond_to": {
    "mean": 167.1973882327703,
    "rsd_pct": 0.3735794711639226
  },
  "setivar": {
    "mean": 44.6369570019024,
    "rsd_pct": 0.5544180934262332
  }
}