{
  "activerecord": {
    "mean": 109.88466974299098,
    "rsd_pct": 1.7936826250316165
  },
  "jekyll": {
    "mean": 7651.692773285322,
    "rsd_pct": 2.7060386233837836
  },
  "liquid-render": {
    "mean": 149.2823821796675,
    "rsd_pct": 1.6836587543608044
  },
  "psych-load": {
    "mean": 1830.7488756952807,
    "rsd_pct": 0.5003340754988747
  },
  "railsbench": {
    "mean": 2724.176667793654,
    "rsd_pct": 1.0532741770096707
  },
  "binarytrees": {
    "mean": 302.2630595410112,
    "rsd_pct": 0.6123296274967726
  },
  "fannkuchredux": {
    "mean": 5491.375018074177,
    "rsd_pct": 0.06888486067007982
  },
  "lee": {
    "mean": 808.7771002668887,
    "rsd_pct": 1.6372050584044662
  },
  "nbody": {
    "mean": 114.26501560476552,
    "rsd_pct": 0.03103220747599351
  },
  "optcarrot": {
    "mean": 3115.6049505108967,
    "rsd_pct": 0.18416119915405926
  },
  "30k_ifelse": {
    "mean": 323.7918449337415,
    "rsd_pct": 0.20628802264998072
  },
  "30k_methods": {
    "mean": 715.8376435594013,
    "rsd_pct": 0.02402302328061877
  },
  "cfunc_itself": {
    "mean": 43.6147908526649,
    "rsd_pct": 0.2931297720790776
  },
  "fib": {
    "mean": 58.30160258052045,
    "rsd_pct": 0.038245932255326444
  },
  "getivar": {
    "mean": 36.27276386087584,
    "rsd_pct": 0.07070669014247008
  },
  "respond_to": {
    "mean": 156.56399640740068,
    "rsd_pct": 0.2238884574909762
  },
  "setivar": {
    "mean": 41.69187869310604,
    "rsd_pct": 0.32647297514728907
  }
}