{
  "activerecord": {
    "mean": 107.53154726064002,
    "rsd_pct": 0.5820932035909494
  },
  "hexapdf": {
    "mean": 2220.4815118573606,
    "rsd_pct": 1.0278899889510422
  },
  "jekyll": {
    "mean": 7536.517882533371,
    "rsd_pct": 1.5029942635842244
  },
  "liquid-render": {
    "mean": 127.28490687425241,
    "rsd_pct": 2.780558769888308
  },
  "mail": {
    "mean": 141.00214446546468,
    "rsd_pct": 1.6901756610480347
  },
  "psych-load": {
    "mean": 1638.8340633362532,
    "rsd_pct": 0.2070507068218787
  },
  "railsbench": {
    "mean": 2449.0416530519724,
    "rsd_pct": 1.457835025841997
  },
  "binarytrees": {
    "mean": 300.47466813406925,
    "rsd_pct": 2.5483627057637017
  },
  "fannkuchredux": {
    "mean": 5619.392736721784,
    "rsd_pct": 2.551506256066227
  },
  "lee": {
    "mean": 793.3471856522374,
    "rsd_pct": 1.2007159779418566
  },
  "nbody": {
    "mean": 76.14549884403294,
    "rsd_pct": 0.0427560545570979
  },
  "optcarrot": {
    "mean": 3163.8776689767838,
    "rsd_pct": 0.5119816199721104
  },
  "30k_ifelse": {
    "mean": 317.3249484444002,
    "rsd_pct": 0.13850075850920565
  },
  "30k_methods": {
    "mean": 750.1222263912068,
    "rsd_pct": 0.024271285641189102
  },
  "cfunc_itself": {
    "mean": 38.74233866907671,
    "rsd_pct": 0.28479984389543156
  },
  "fib": {
    "mean": 52.014581851661205,
    "rsd_pct": 0.03813543089571462
  },
  "getivar": {
    "mean": 36.25519249046007,
    "rsd_pct": 0.08358517977843562
  },
  "keyword_args": {
    "mean": 45.30035552172059,
    "rsd_pct": 0.05719039520810385
  },
  "respond_to": {
    "mean": 164.3512017492737,
    "rsd_pct": 0.322362848553366
  },
  "setivar": {
    "mean": 42.01877401210368,
    "rsd_pct": 0.09964901269950578
  }
}