{
  "activerecord": {
    "mean": 144.32813420955037,
    "rsd_pct": 2.330765353389661,
    "micro": false
  },
  "erubi_rails": {
    "mean": 45.32235106966627,
    "rsd_pct": 11.872186727816961,
    "micro": false
  },
  "hexapdf": {
    "mean": 5877.607646087806,
    "rsd_pct": 1.7682188816299953,
    "micro": false
  },
  "liquid-c": {
    "mean": 189.56352229380678,
    "rsd_pct": 0.6126833873197404,
    "micro": false
  },
  "liquid-compile": {
    "mean": 160.90919550818703,
    "rsd_pct": 2.205417923051814,
    "micro": false
  },
  "liquid-render": {
    "mean": 354.9369832998171,
    "rsd_pct": 0.359904466376985,
    "micro": false
  },
  "mail": {
    "mean": 372.18863117379067,
    "rsd_pct": 0.0877510606447334,
    "micro": false
  },
  "psych-load": {
    "mean": 5366.837255656719,
    "rsd_pct": 0.2074082840873323,
    "micro": false
  },
  "railsbench": {
    "mean": 5342.860908309619,
    "rsd_pct": 0.562804363936753,
    "micro": false
  },
  "ruby-lsp": {
    "mean": 172.05043088083397,
    "rsd_pct": 3.9394580382790316,
    "micro": false
  },
  "sequel": {
    "mean": 203.3805131964152,
    "rsd_pct": 1.022330874676488,
    "micro": false
  },
  "binarytrees": {
    "mean": 490.2232224545018,
    "rsd_pct": 0.11397797127058244,
    "micro": false
  },
  "chunky_png": {
    "mean": 1484.9036360780399,
    "rsd_pct": 0.3798943443489378,
    "micro": false
  },
  "erubi": {
    "mean": 578.9716507900845,
    "rsd_pct": 0.10053535785039201,
    "micro": false
  },
  "etanni": {
    "mean": 926.2434132397175,
    "rsd_pct": 0.10936697266027882,
    "micro": false
  },
  "fannkuchredux": {
    "mean": 1474.35684946294,
    "rsd_pct": 0.1883321286236835,
    "micro": false
  },
  "lee": {
    "mean": 2452.548577849354,
    "rsd_pct": 0.3630401188029335,
    "micro": false
  },
  "nbody": {
    "mean": 157.2698865477976,
    "rsd_pct": 0.07108178541722393,
    "micro": false
  },
  "optcarrot": {
    "mean": 8875.548246502876,
    "rsd_pct": 0.47681607632416245,
    "micro": false
  },
  "ruby-json": {
    "mean": 8070.573421070973,
    "rsd_pct": 0.04563037422889443,
    "micro": false
  },
  "rubykon": {
    "mean": 19730.400929103296,
    "rsd_pct": 0.46716605389204424,
    "micro": false
  },
  "30k_ifelse": {
    "mean": 1600.0271046026187,
    "rsd_pct": 0.03287641784731665,
    "micro": true
  },
  "30k_methods": {
    "mean": 3497.212892479223,
    "rsd_pct": 0.08195505324834669,
    "micro": true
  },
  "cfunc_itself": {
    "mean": 86.82997595903701,
    "rsd_pct": 0.031568845252122696,
    "micro": true
  },
  "fib": {
    "mean": 123.64845287187823,
    "rsd_pct": 0.07733337239759941,
    "micro": true
  },
  "getivar": {
    "mean": 40.46610914683216,
    "rsd_pct": 0.012784326645126489,
    "micro": true
  },
  "keyword_args": {
    "mean": 121.66404126447092,
    "rsd_pct": 0.037655769911109783,
    "micro": true
  },
  "respond_to": {
    "mean": 73.20424927591952,
    "rsd_pct": 1.9385797548658577,
    "micro": true
  },
  "setivar": {
    "mean": 30.894193029557435,
    "rsd_pct": 0.017236492688368528,
    "micro": true
  },
  "setivar_object": {
    "mean": 113.12504286410184,
    "rsd_pct": 0.007028060719667132,
    "micro": true
  },
  "setivar_young": {
    "mean": 113.14331596799936,
    "rsd_pct": 0.01864999567235312,
    "micro": true
  },
  "str_concat": {
    "mean": 83.24139601358308,
    "rsd_pct": 0.23386071511471673,
    "micro": true
  },
  "throw": {
    "mean": 49.33316084756473,
    "rsd_pct": 0.22283802260899524,
    "micro": true
  }
}