{
  "activerecord": {
    "mean": 97.7545858581285,
    "rsd_pct": 0.910156698634839,
    "micro": false
  },
  "hexapdf": {
    "mean": 2351.1674669881663,
    "rsd_pct": 2.2400027400892464,
    "micro": false
  },
  "liquid-render": {
    "mean": 114.86781093067137,
    "rsd_pct": 1.9588993371551526,
    "micro": false
  },
  "mail": {
    "mean": 161.78320447403578,
    "rsd_pct": 0.1624188409125181,
    "micro": false
  },
  "psych-load": {
    "mean": 1960.4195420940716,
    "rsd_pct": 0.03748204179652023,
    "micro": false
  },
  "railsbench": {
    "mean": 2026.4715897540252,
    "rsd_pct": 1.2483126097484345,
    "micro": false
  },
  "ruby-lsp": {
    "mean": 72.54913478656923,
    "rsd_pct": 16.75524418084894,
    "micro": false
  },
  "binarytrees": {
    "mean": 238.9990667172943,
    "rsd_pct": 3.7383140029889894,
    "micro": false
  },
  "chunky_png": {
    "mean": 633.5389568703249,
    "rsd_pct": 0.05373353261065658,
    "micro": false
  },
  "erubi": {
    "mean": 288.1476707646952,
    "rsd_pct": 0.8623075196147034,
    "micro": false
  },
  "erubi_rails": {
    "mean": 17.737334727653465,
    "rsd_pct": 3.877742274658959,
    "micro": false
  },
  "etanni": {
    "mean": 474.3421422761111,
    "rsd_pct": 0.48380359353995955,
    "micro": false
  },
  "fannkuchredux": {
    "mean": 2297.62936681509,
    "rsd_pct": 0.11690529649386712,
    "micro": false
  },
  "lee": {
    "mean": 948.1878392398357,
    "rsd_pct": 0.11862572207242644,
    "micro": false
  },
  "nbody": {
    "mean": 85.43822833169729,
    "rsd_pct": 0.08231533052975351,
    "micro": false
  },
  "optcarrot": {
    "mean": 3097.378912071387,
    "rsd_pct": 0.426110472790552,
    "micro": false
  },
  "rubykon": {
    "mean": 6623.862784604232,
    "rsd_pct": 0.3886035168271075,
    "micro": false
  },
  "30k_ifelse": {
    "mean": 395.2794526517391,
    "rsd_pct": 0.1155316240693053,
    "micro": true
  },
  "30k_methods": {
    "mean": 960.7950435951352,
    "rsd_pct": 0.031389131799894436,
    "micro": true
  },
  "cfunc_itself": {
    "mean": 39.94250544654821,
    "rsd_pct": 0.12827171922949102,
    "micro": true
  },
  "fib": {
    "mean": 61.132178273265815,
    "rsd_pct": 0.03973334037237992,
    "micro": true
  },
  "getivar": {
    "mean": 46.86689051413424,
    "rsd_pct": 0.04604406501884284,
    "micro": true
  },
  "keyword_args": {
    "mean": 51.87070062480022,
    "rsd_pct": 0.0918394507238036,
    "micro": true
  },
  "respond_to": {
    "mean": 29.947678130334136,
    "rsd_pct": 0.4421486493333213,
    "micro": true
  },
  "setivar": {
    "mean": 49.85639531687433,
    "rsd_pct": 0.29310762352916825,
    "micro": true
  },
  "str_concat": {
    "mean": 41.30766871297782,
    "rsd_pct": 1.6759497955295655,
    "micro": true
  }
}