{
  "activerecord": {
    "mean": 146.84331438222966,
    "rsd_pct": 0.20470063198367988,
    "micro": false
  },
  "hexapdf": {
    "mean": 6089.123190318544,
    "rsd_pct": 2.0287179313243016,
    "micro": false
  },
  "liquid-c": {
    "mean": 188.71474622878745,
    "rsd_pct": 1.6834686183704517,
    "micro": false
  },
  "liquid-render": {
    "mean": 365.2269650348707,
    "rsd_pct": 2.202531474965227,
    "micro": false
  },
  "mail": {
    "mean": 371.8250460632436,
    "rsd_pct": 0.14879273792206657,
    "micro": false
  },
  "psych-load": {
    "mean": 5154.941740259528,
    "rsd_pct": 0.06212447809806242,
    "micro": false
  },
  "railsbench": {
    "mean": 5418.670252834757,
    "rsd_pct": 0.7430586415314946,
    "micro": false
  },
  "ruby-lsp": {
    "mean": 185.0218690553869,
    "rsd_pct": 11.808697899221526,
    "micro": false
  },
  "sequel": {
    "mean": 197.99048338262807,
    "rsd_pct": 0.18303797263183716,
    "micro": false
  },
  "binarytrees": {
    "mean": 531.3153803786811,
    "rsd_pct": 0.5090312738305265,
    "micro": false
  },
  "chunky_png": {
    "mean": 1539.5358297391795,
    "rsd_pct": 0.08559399140842514,
    "micro": false
  },
  "erubi": {
    "mean": 578.2278253920848,
    "rsd_pct": 0.8362410442253305,
    "micro": false
  },
  "erubi_rails": {
    "mean": 44.74638005680518,
    "rsd_pct": 2.1606805341229,
    "micro": false
  },
  "etanni": {
    "mean": 930.2341304719448,
    "rsd_pct": 0.4204259359819749,
    "micro": false
  },
  "fannkuchredux": {
    "mean": 2018.2165549663098,
    "rsd_pct": 0.2142770099859019,
    "micro": false
  },
  "lee": {
    "mean": 2266.892883079973,
    "rsd_pct": 0.2820661120510987,
    "micro": false
  },
  "nbody": {
    "mean": 182.26720480681345,
    "rsd_pct": 0.08051615304121698,
    "micro": false
  },
  "optcarrot": {
    "mean": 10294.391235585013,
    "rsd_pct": 0.6446763985887592,
    "micro": false
  },
  "ruby-json": {
    "mean": 8317.482916514078,
    "rsd_pct": 0.13582037626957322,
    "micro": false
  },
  "rubykon": {
    "mean": 20805.111311996978,
    "rsd_pct": 0.35890063776314596,
    "micro": false
  },
  "30k_ifelse": {
    "mean": 1938.4977444213755,
    "rsd_pct": 0.0438533608350092,
    "micro": true
  },
  "30k_methods": {
    "mean": 3876.399231719829,
    "rsd_pct": 0.07000986894602486,
    "micro": true
  },
  "cfunc_itself": {
    "mean": 102.48307029437667,
    "rsd_pct": 0.011849248841666637,
    "micro": true
  },
  "fib": {
    "mean": 191.09500219677517,
    "rsd_pct": 0.005638265555844496,
    "micro": true
  },
  "getivar": {
    "mean": 107.47066657528828,
    "rsd_pct": 0.010196503467210237,
    "micro": true
  },
  "keyword_args": {
    "mean": 190.3528162053607,
    "rsd_pct": 0.051836618467817855,
    "micro": true
  },
  "respond_to": {
    "mean": 99.24466525388445,
    "rsd_pct": 1.6158201819320022,
    "micro": true
  },
  "setivar": {
    "mean": 50.04053660079032,
    "rsd_pct": 0.01467464727440401,
    "micro": true
  },
  "setivar_object": {
    "mean": 126.89293605114567,
    "rsd_pct": 1.3944440580526976,
    "micro": true
  },
  "setivar_young_object": {
    "mean": 124.09349321605306,
    "rsd_pct": 1.502204268112086,
    "micro": true
  },
  "str_concat": {
    "mean": 116.20093195103856,
    "rsd_pct": 0.6486530025787459,
    "micro": true
  },
  "throw": {
    "mean": 49.740044363699425,
    "rsd_pct": 0.17379444111371053,
    "micro": true
  }
}