{
  "activerecord": {
    "mean": 304.9494372547737,
    "rsd_pct": 0.16896326127115832,
    "micro": false
  },
  "hexapdf": {
    "mean": 6693.243672636648,
    "rsd_pct": 1.2490890231365934,
    "micro": false
  },
  "liquid-render": {
    "mean": 385.1777374899636,
    "rsd_pct": 1.6888972015467332,
    "micro": false
  },
  "mail": {
    "mean": 410.3851050620648,
    "rsd_pct": 0.11052018983284294,
    "micro": false
  },
  "psych-load": {
    "mean": 5516.4559049842255,
    "rsd_pct": 0.17892028255774844,
    "micro": false
  },
  "railsbench": {
    "mean": 6067.770440907528,
    "rsd_pct": 0.5295882559176591,
    "micro": false
  },
  "ruby-lsp": {
    "mean": 203.09127000288973,
    "rsd_pct": 9.041798845764527,
    "micro": false
  },
  "binarytrees": {
    "mean": 534.3541398511401,
    "rsd_pct": 0.20697287009533927,
    "micro": false
  },
  "chunky_png": {
    "mean": 1519.7047468785556,
    "rsd_pct": 0.06759655159099405,
    "micro": false
  },
  "erubi": {
    "mean": 735.8119545935361,
    "rsd_pct": 1.0678187367222858,
    "micro": false
  },
  "erubi_rails": {
    "mean": 50.020784581104266,
    "rsd_pct": 2.4501483170087197,
    "micro": false
  },
  "etanni": {
    "mean": 1183.6294636595994,
    "rsd_pct": 1.4021143695798288,
    "micro": false
  },
  "fannkuchredux": {
    "mean": 2307.8215229103253,
    "rsd_pct": 0.12391125038846532,
    "micro": false
  },
  "lee": {
    "mean": 2303.3940876537763,
    "rsd_pct": 0.2792174128209223,
    "micro": false
  },
  "nbody": {
    "mean": 179.33465381841899,
    "rsd_pct": 0.2091706441972883,
    "micro": false
  },
  "optcarrot": {
    "mean": 10510.596401523799,
    "rsd_pct": 0.41047024397945286,
    "micro": false
  },
  "rubykon": {
    "mean": 21653.23238009587,
    "rsd_pct": 0.6302710144813106,
    "micro": false
  },
  "30k_ifelse": {
    "mean": 1935.7445842814536,
    "rsd_pct": 0.03808530188749108,
    "micro": true
  },
  "30k_methods": {
    "mean": 3931.7493507638574,
    "rsd_pct": 0.07865306906655563,
    "micro": true
  },
  "cfunc_itself": {
    "mean": 103.28591648863325,
    "rsd_pct": 0.04620101988151758,
    "micro": true
  },
  "fib": {
    "mean": 175.37553720439803,
    "rsd_pct": 0.008299432363906418,
    "micro": true
  },
  "getivar": {
    "mean": 107.90410321611706,
    "rsd_pct": 0.031756294368326284,
    "micro": true
  },
  "keyword_args": {
    "mean": 151.05642580238055,
    "rsd_pct": 0.015547949074579489,
    "micro": true
  },
  "respond_to": {
    "mean": 99.68396159224953,
    "rsd_pct": 0.025646346966353314,
    "micro": true
  },
  "setivar": {
    "mean": 50.03782915055723,
    "rsd_pct": 0.011772630822034367,
    "micro": true
  },
  "setivar_object": {
    "mean": 127.76340851025505,
    "rsd_pct": 1.3223949579242682,
    "micro": true
  },
  "str_concat": {
    "mean": 106.47820549413463,
    "rsd_pct": 1.0363054968349772,
    "micro": true
  }
}