{
  "activerecord": {
    "mean": 112.87692582811273,
    "rsd_pct": 1.4597049358133487
  },
  "hexapdf": {
    "mean": 2203.456866648048,
    "rsd_pct": 2.07693641405439
  },
  "jekyll": {
    "mean": 7531.960469391197,
    "rsd_pct": 3.043462149182902
  },
  "liquid-render": {
    "mean": 117.73028568131849,
    "rsd_pct": 2.907728691022058
  },
  "mail": {
    "mean": 149.27470113240904,
    "rsd_pct": 1.8807102129493707
  },
  "psych-load": {
    "mean": 1815.3552503325045,
    "rsd_pct": 2.012229445430063
  },
  "railsbench": {
    "mean": 2388.576287124306,
    "rsd_pct": 2.8142924525646444
  },
  "binarytrees": {
    "mean": 290.76521731597387,
    "rsd_pct": 2.5878150353735117
  },
  "fannkuchredux": {
    "mean": 5478.551069367677,
    "rsd_pct": 0.0809528997940836
  },
  "lee": {
    "mean": 813.8784384354949,
    "rsd_pct": 1.29203577370648
  },
  "nbody": {
    "mean": 75.25133986200672,
    "rsd_pct": 0.07885040327428246
  },
  "optcarrot": {
    "mean": 3106.4904847182333,
    "rsd_pct": 0.5958753314881375
  },
  "rubykon": {
    "mean": 5570.870767440647,
    "rsd_pct": 0.7008027227143083
  },
  "30k_ifelse": {
    "mean": 329.92638994519615,
    "rsd_pct": 0.16392976143868013
  },
  "30k_methods": {
    "mean": 763.6203502907473,
    "rsd_pct": 0.05729526887857908
  },
  "cfunc_itself": {
    "mean": 39.53509397556885,
    "rsd_pct": 0.22707435079253815
  },
  "fib": {
    "mean": 51.99672214935223,
    "rsd_pct": 0.05619006271825213
  },
  "getivar": {
    "mean": 36.23122112860657,
    "rsd_pct": 0.140436918705416
  },
  "keyword_args": {
    "mean": 45.99078583585865,
    "rsd_pct": 0.14299161989338957
  },
  "respond_to": {
    "mean": 153.07088133163197,
    "rsd_pct": 0.4356185804791498
  },
  "setivar": {
    "mean": 39.84742667833882,
    "rsd_pct": 0.11124248168525915
  }
}