{
  "activerecord": {
    "mean": 109.55262060307867,
    "rsd_pct": 0.5450840570593141,
    "micro": false
  },
  "hexapdf": {
    "mean": 2427.615470935901,
    "rsd_pct": 2.033102854115512,
    "micro": false
  },
  "liquid-render": {
    "mean": 126.60526496868941,
    "rsd_pct": 1.884078206650073,
    "micro": false
  },
  "mail": {
    "mean": 162.3366587464848,
    "rsd_pct": 0.36455241806870897,
    "micro": false
  },
  "psych-load": {
    "mean": 2004.1689957802494,
    "rsd_pct": 0.014877678974654475,
    "micro": false
  },
  "railsbench": {
    "mean": 2154.7141435866556,
    "rsd_pct": 1.2323775188284012,
    "micro": false
  },
  "binarytrees": {
    "mean": 362.91283308979,
    "rsd_pct": 1.6378250233761547,
    "micro": false
  },
  "chunky_png": {
    "mean": 657.7334893246492,
    "rsd_pct": 0.11220903982965402,
    "micro": false
  },
  "discourse": {
    "mean": 529.8961082240567,
    "rsd_pct": 15.642268201961846,
    "micro": false
  },
  "erubi": {
    "mean": 411.7913933351953,
    "rsd_pct": 0.7752495123807439,
    "micro": false
  },
  "erubi_rails": {
    "mean": 20.326360728751663,
    "rsd_pct": 3.2498356073729417,
    "micro": false
  },
  "fannkuchredux": {
    "mean": 7053.1997583806515,
    "rsd_pct": 0.0787878361371689,
    "micro": false
  },
  "lee": {
    "mean": 912.5892982064258,
    "rsd_pct": 1.2482985614882982,
    "micro": false
  },
  "nbody": {
    "mean": 86.13510933929007,
    "rsd_pct": 0.5072598852668097,
    "micro": false
  },
  "optcarrot": {
    "mean": 3451.361926769217,
    "rsd_pct": 0.5804931230537114,
    "micro": false
  },
  "rubykon": {
    "mean": 8065.862683641414,
    "rsd_pct": 0.6209835656153802,
    "micro": false
  },
  "30k_ifelse": {
    "mean": 361.54273733158004,
    "rsd_pct": 0.16627336294493966,
    "micro": true
  },
  "30k_methods": {
    "mean": 878.9755888706582,
    "rsd_pct": 0.06129633112117344,
    "micro": true
  },
  "cfunc_itself": {
    "mean": 45.017002763675656,
    "rsd_pct": 0.9965956660978292,
    "micro": true
  },
  "fib": {
    "mean": 62.49390608863905,
    "rsd_pct": 0.5636184459681075,
    "micro": true
  },
  "getivar": {
    "mean": 42.5555663279468,
    "rsd_pct": 0.7233802872839066,
    "micro": true
  },
  "keyword_args": {
    "mean": 52.74651369286908,
    "rsd_pct": 0.7574105614746115,
    "micro": true
  },
  "respond_to": {
    "mean": 191.43841301019376,
    "rsd_pct": 0.2709015276279869,
    "micro": true
  },
  "setivar": {
    "mean": 49.160139492000326,
    "rsd_pct": 0.6221232849349531,
    "micro": true
  }
}