{
  "activerecord": {
    "mean": 122.61781039220902,
    "rsd_pct": 3.71885242847598,
    "micro": false
  },
  "hexapdf": {
    "mean": 2347.514155631264,
    "rsd_pct": 0.31855521523063135,
    "micro": false
  },
  "liquid-render": {
    "mean": 144.39205878742916,
    "rsd_pct": 1.792202990932668,
    "micro": false
  },
  "mail": {
    "mean": 187.40954112574875,
    "rsd_pct": 2.658046034402369,
    "micro": false
  },
  "psych-load": {
    "mean": 2201.770777006944,
    "rsd_pct": 0.06040607190703315,
    "micro": false
  },
  "railsbench": {
    "mean": 2452.8131975481906,
    "rsd_pct": 0.7979975207874982,
    "micro": false
  },
  "binarytrees": {
    "mean": 367.178693241798,
    "rsd_pct": 0.16129190076035843,
    "micro": false
  },
  "chunky_png": {
    "mean": 679.8354820830041,
    "rsd_pct": 0.3586688381919712,
    "micro": false
  },
  "discourse": {
    "mean": 636.6892432737532,
    "rsd_pct": 21.09540800555748,
    "micro": false
  },
  "erubi": {
    "mean": 432.960400202622,
    "rsd_pct": 0.7407358403118931,
    "micro": false
  },
  "erubi_rails": {
    "mean": 25.423914109548132,
    "rsd_pct": 54.17824690101534,
    "micro": false
  },
  "fannkuchredux": {
    "mean": 8314.786695688963,
    "rsd_pct": 11.742906679922834,
    "micro": false
  },
  "lee": {
    "mean": 882.6623282987963,
    "rsd_pct": 0.3581013515762775,
    "micro": false
  },
  "nbody": {
    "mean": 92.31705913489515,
    "rsd_pct": 0.4584898701218909,
    "micro": false
  },
  "optcarrot": {
    "mean": 3516.32101709644,
    "rsd_pct": 0.6000072542160653,
    "micro": false
  },
  "rubykon": {
    "mean": 8101.258113111059,
    "rsd_pct": 4.033857124841082,
    "micro": false
  },
  "30k_ifelse": {
    "mean": 360.512307963588,
    "rsd_pct": 0.19868163772802908,
    "micro": true
  },
  "30k_methods": {
    "mean": 874.3659772656181,
    "rsd_pct": 0.06419512083867453,
    "micro": true
  },
  "cfunc_itself": {
    "mean": 44.970837699627005,
    "rsd_pct": 0.9531874258025703,
    "micro": true
  },
  "fib": {
    "mean": 62.48260132269934,
    "rsd_pct": 0.5792208373455842,
    "micro": true
  },
  "getivar": {
    "mean": 42.61440471825785,
    "rsd_pct": 0.6800498394083276,
    "micro": true
  },
  "keyword_args": {
    "mean": 56.63080102101686,
    "rsd_pct": 0.6155161412658438,
    "micro": true
  },
  "respond_to": {
    "mean": 187.07990170157743,
    "rsd_pct": 0.3573720243312841,
    "micro": true
  },
  "setivar": {
    "mean": 53.85837887990333,
    "rsd_pct": 0.5710645209636046,
    "micro": true
  },
  "str_concat": {
    "mean": 106.32768485436935,
    "rsd_pct": 1.4901866020838526,
    "micro": true
  }
}