{
  "activerecord": {
    "mean": 111.48521841969341,
    "rsd_pct": 2.0202801274365503
  },
  "jekyll": {
    "mean": 7675.552762695588,
    "rsd_pct": 2.126669431202209
  },
  "liquid-render": {
    "mean": 149.01310412958264,
    "rsd_pct": 1.5542043866459125
  },
  "psych-load": {
    "mean": 1800.3984289010987,
    "rsd_pct": 0.5429014076808388
  },
  "railsbench": {
    "mean": 2748.3706017024815,
    "rsd_pct": 1.627474886703477
  },
  "binarytrees": {
    "mean": 303.89695482361793,
    "rsd_pct": 0.18604171898774197
  },
  "fannkuchredux": {
    "mean": 5494.5971739827655,
    "rsd_pct": 0.0355140249728482
  },
  "lee": {
    "mean": 809.6112763353934,
    "rsd_pct": 1.6754874748203055
  },
  "nbody": {
    "mean": 115.20358051099565,
    "rsd_pct": 0.05138803311529038
  },
  "optcarrot": {
    "mean": 3107.085106498562,
    "rsd_pct": 0.14128161760201605
  },
  "30k_ifelse": {
    "mean": 325.1337141401189,
    "rsd_pct": 0.2020177909528769
  },
  "30k_methods": {
    "mean": 713.971181830857,
    "rsd_pct": 0.03129406999256871
  },
  "cfunc_itself": {
    "mean": 40.999866544929525,
    "rsd_pct": 0.310425290303465
  },
  "fib": {
    "mean": 58.30868845875236,
    "rsd_pct": 0.02949263705106162
  },
  "getivar": {
    "mean": 36.26861658377686,
    "rsd_pct": 0.062105635228561114
  },
  "respond_to": {
    "mean": 156.705290956178,
    "rsd_pct": 0.780751221473629
  },
  "setivar": {
    "mean": 42.05007593263872,
    "rsd_pct": 0.0684075420893775
  }
}