{
  "activerecord": {
    "mean": 327.7578629769277,
    "rsd_pct": 0.4294319214757142,
    "micro": false
  },
  "hexapdf": {
    "mean": 7710.052353764574,
    "rsd_pct": 1.2368870227630844,
    "micro": false
  },
  "liquid-render": {
    "mean": 453.5426998742472,
    "rsd_pct": 1.4338008885266231,
    "micro": false
  },
  "mail": {
    "mean": 584.9505734071136,
    "rsd_pct": 0.087327552901392,
    "micro": false
  },
  "psych-load": {
    "mean": 6714.971110597253,
    "rsd_pct": 0.04283519368711686,
    "micro": false
  },
  "railsbench": {
    "mean": 6532.034227314095,
    "rsd_pct": 0.8697649175238562,
    "micro": false
  },
  "ruby-lsp": {
    "mean": 255.4834337934733,
    "rsd_pct": 16.112228698508037,
    "micro": false
  },
  "binarytrees": {
    "mean": 573.4015880787575,
    "rsd_pct": 3.397170398678951,
    "micro": false
  },
  "chunky_png": {
    "mean": 1642.6985621801578,
    "rsd_pct": 0.062385779468993215,
    "micro": false
  },
  "erubi": {
    "mean": 788.3351847334807,
    "rsd_pct": 1.1450433023878517,
    "micro": false
  },
  "erubi_rails": {
    "mean": 52.552419025252085,
    "rsd_pct": 2.049524669152718,
    "micro": false
  },
  "etanni": {
    "mean": 1211.665401124351,
    "rsd_pct": 0.6266908394953485,
    "micro": false
  },
  "fannkuchredux": {
    "mean": 5859.0492239842815,
    "rsd_pct": 0.24807658010654646,
    "micro": false
  },
  "lee": {
    "mean": 2607.419861702337,
    "rsd_pct": 0.07873437014256007,
    "micro": false
  },
  "nbody": {
    "mean": 226.24573161033547,
    "rsd_pct": 0.2148137770290307,
    "micro": false
  },
  "optcarrot": {
    "mean": 15567.809194885194,
    "rsd_pct": 0.3871070471592082,
    "micro": false
  },
  "rubykon": {
    "mean": 24578.02914498995,
    "rsd_pct": 0.3620255383492578,
    "micro": false
  },
  "30k_ifelse": {
    "mean": 2362.8968682698905,
    "rsd_pct": 0.02311842674107803,
    "micro": true
  },
  "30k_methods": {
    "mean": 5208.450550539419,
    "rsd_pct": 0.04386417485265828,
    "micro": true
  },
  "cfunc_itself": {
    "mean": 119.53912907441662,
    "rsd_pct": 0.18566419685236443,
    "micro": true
  },
  "fib": {
    "mean": 227.35553133112887,
    "rsd_pct": 0.0035213469066612928,
    "micro": true
  },
  "getivar": {
    "mean": 118.34632726648533,
    "rsd_pct": 0.005629187658470416,
    "micro": true
  },
  "keyword_args": {
    "mean": 161.77161196681038,
    "rsd_pct": 0.04123414151825426,
    "micro": true
  },
  "respond_to": {
    "mean": 114.34877321553918,
    "rsd_pct": 1.2652554129836953,
    "micro": true
  },
  "setivar": {
    "mean": 112.80265125731391,
    "rsd_pct": 0.01016395911256693,
    "micro": true
  },
  "str_concat": {
    "mean": 118.97149806807063,
    "rsd_pct": 1.1447415511837133,
    "micro": true
  }
}