{
  "activerecord": {
    "mean": 43.10285824413369,
    "rsd_pct": 0.8328876002760036,
    "micro": false
  },
  "erubi_rails": {
    "mean": 15.321583572470614,
    "rsd_pct": 3.638805157594,
    "micro": false
  },
  "hexapdf": {
    "mean": 2081.40033322076,
    "rsd_pct": 2.235874895225743,
    "micro": false
  },
  "liquid-c": {
    "mean": 59.681692950205125,
    "rsd_pct": 2.0077008181046203,
    "micro": false
  },
  "liquid-compile": {
    "mean": 51.86380965320708,
    "rsd_pct": 5.071546550245337,
    "micro": false
  },
  "liquid-render": {
    "mean": 105.00037881888841,
    "rsd_pct": 2.653737913501541,
    "micro": false
  },
  "mail": {
    "mean": 129.39624475653875,
    "rsd_pct": 0.16343922286531684,
    "micro": false
  },
  "psych-load": {
    "mean": 1817.5576020032167,
    "rsd_pct": 0.09770882422718556,
    "micro": false
  },
  "railsbench": {
    "mean": 1810.2831504618127,
    "rsd_pct": 1.2723069879003395,
    "micro": false
  },
  "ruby-lsp": {
    "mean": 58.62775680682788,
    "rsd_pct": 20.33683719748826,
    "micro": false
  },
  "sequel": {
    "mean": 68.36771154265902,
    "rsd_pct": 0.3717215507236844,
    "micro": false
  },
  "binarytrees": {
    "mean": 227.48836118128452,
    "rsd_pct": 0.07786881840066247,
    "micro": false
  },
  "chunky_png": {
    "mean": 644.5511037844324,
    "rsd_pct": 0.12030932453671246,
    "micro": false
  },
  "erubi": {
    "mean": 259.6183324764882,
    "rsd_pct": 0.8477183502327816,
    "micro": false
  },
  "etanni": {
    "mean": 411.77160770166665,
    "rsd_pct": 0.438297268458961,
    "micro": false
  },
  "fannkuchredux": {
    "mean": 772.8689332678914,
    "rsd_pct": 0.05398800271692794,
    "micro": false
  },
  "lee": {
    "mean": 915.210233114305,
    "rsd_pct": 0.36766048051205574,
    "micro": false
  },
  "nbody": {
    "mean": 76.85050457142867,
    "rsd_pct": 0.08909766156555024,
    "micro": false
  },
  "optcarrot": {
    "mean": 2243.155700651308,
    "rsd_pct": 0.6275536039078721,
    "micro": false
  },
  "ruby-json": {
    "mean": 2990.3472477570176,
    "rsd_pct": 0.2722831627448918,
    "micro": false
  },
  "rubykon": {
    "mean": 6752.023881301284,
    "rsd_pct": 0.37366311162698673,
    "micro": false
  },
  "30k_ifelse": {
    "mean": 358.97636477920145,
    "rsd_pct": 0.06921555429298283,
    "micro": true
  },
  "30k_methods": {
    "mean": 857.8619517628913,
    "rsd_pct": 0.020211359402205913,
    "micro": true
  },
  "cfunc_itself": {
    "mean": 38.44717511405739,
    "rsd_pct": 0.2051395643236156,
    "micro": true
  },
  "fib": {
    "mean": 44.566373014406835,
    "rsd_pct": 0.04910418798728461,
    "micro": true
  },
  "getivar": {
    "mean": 21.129459508315282,
    "rsd_pct": 0.1374312483465449,
    "micro": true
  },
  "keyword_args": {
    "mean": 47.962379527928164,
    "rsd_pct": 0.2451858084990145,
    "micro": true
  },
  "respond_to": {
    "mean": 25.511411323943076,
    "rsd_pct": 0.611476504868434,
    "micro": true
  },
  "setivar": {
    "mean": 11.99494508426384,
    "rsd_pct": 0.08666125352753358,
    "micro": true
  },
  "setivar_object": {
    "mean": 43.696658194668316,
    "rsd_pct": 1.8688765027448582,
    "micro": true
  },
  "setivar_young": {
    "mean": 42.28075244266666,
    "rsd_pct": 1.4892659236743524,
    "micro": true
  },
  "str_concat": {
    "mean": 43.48083293376543,
    "rsd_pct": 1.4441478168878135,
    "micro": true
  },
  "throw": {
    "mean": 24.39862982969076,
    "rsd_pct": 0.22428880640317367,
    "micro": true
  }
}