{
  "activerecord": {
    "mean": 105.42883228611302,
    "rsd_pct": 0.6173067752457654,
    "micro": false
  },
  "hexapdf": {
    "mean": 2040.570084626476,
    "rsd_pct": 1.9172466441079423,
    "micro": false
  },
  "liquid-c": {
    "mean": 59.25826273122281,
    "rsd_pct": 2.0293646584905725,
    "micro": false
  },
  "liquid-render": {
    "mean": 108.5312553309922,
    "rsd_pct": 2.6578234459160224,
    "micro": false
  },
  "mail": {
    "mean": 130.29822244254106,
    "rsd_pct": 0.14065316494369082,
    "micro": false
  },
  "psych-load": {
    "mean": 1789.8140431071322,
    "rsd_pct": 0.035672099063669964,
    "micro": false
  },
  "railsbench": {
    "mean": 1836.1141638209422,
    "rsd_pct": 1.1855120669500014,
    "micro": false
  },
  "ruby-lsp": {
    "mean": 63.08317096091998,
    "rsd_pct": 21.108090654113308,
    "micro": false
  },
  "sequel": {
    "mean": 143.8064961062212,
    "rsd_pct": 1.9226100602461933,
    "micro": false
  },
  "binarytrees": {
    "mean": 236.12220775445596,
    "rsd_pct": 0.062055980842158374,
    "micro": false
  },
  "chunky_png": {
    "mean": 624.0381524567642,
    "rsd_pct": 0.06690884789563703,
    "micro": false
  },
  "erubi": {
    "mean": 252.65188580614668,
    "rsd_pct": 1.0853183124316743,
    "micro": false
  },
  "erubi_rails": {
    "mean": 15.755612249161954,
    "rsd_pct": 3.624716792418213,
    "micro": false
  },
  "etanni": {
    "mean": 407.0914170742795,
    "rsd_pct": 0.4805300476191238,
    "micro": false
  },
  "fannkuchredux": {
    "mean": 848.3880741278763,
    "rsd_pct": 0.08295313997859592,
    "micro": false
  },
  "lee": {
    "mean": 886.4012823482467,
    "rsd_pct": 0.12579320946462988,
    "micro": false
  },
  "nbody": {
    "mean": 76.81937254069803,
    "rsd_pct": 0.08157026823874576,
    "micro": false
  },
  "optcarrot": {
    "mean": 2688.8499609194696,
    "rsd_pct": 0.6528636591468121,
    "micro": false
  },
  "rubykon": {
    "mean": 6655.036895939459,
    "rsd_pct": 0.4261932391385002,
    "micro": false
  },
  "30k_ifelse": {
    "mean": 422.7827169456856,
    "rsd_pct": 0.06573600423698865,
    "micro": true
  },
  "30k_methods": {
    "mean": 956.8871955154464,
    "rsd_pct": 0.04740180661483732,
    "micro": true
  },
  "cfunc_itself": {
    "mean": 42.54451395468192,
    "rsd_pct": 0.12218737336639121,
    "micro": true
  },
  "fib": {
    "mean": 61.95322353890316,
    "rsd_pct": 0.11824961564178689,
    "micro": true
  },
  "getivar": {
    "mean": 50.85224349705773,
    "rsd_pct": 0.10345181720410797,
    "micro": true
  },
  "keyword_args": {
    "mean": 52.56554730395901,
    "rsd_pct": 0.0894162402917031,
    "micro": true
  },
  "respond_to": {
    "mean": 28.811362632007505,
    "rsd_pct": 0.32540357903585787,
    "micro": true
  },
  "setivar": {
    "mean": 15.802355138989894,
    "rsd_pct": 0.08320326629429077,
    "micro": true
  },
  "setivar_object": {
    "mean": 52.3890955752138,
    "rsd_pct": 0.3223775883868677,
    "micro": true
  },
  "str_concat": {
    "mean": 43.404863167497574,
    "rsd_pct": 1.4860415825357147,
    "micro": true
  }
}