{
  "activerecord": {
    "mean": 103.88999298018844,
    "rsd_pct": 0.6269266134573257,
    "micro": false
  },
  "hexapdf": {
    "mean": 2370.1209977269173,
    "rsd_pct": 2.168591197679572,
    "micro": false
  },
  "liquid-render": {
    "mean": 130.2372528994574,
    "rsd_pct": 2.323529884219157,
    "micro": false
  },
  "mail": {
    "mean": 159.8578974484436,
    "rsd_pct": 0.4935614750026648,
    "micro": false
  },
  "psych-load": {
    "mean": 1912.8217242658138,
    "rsd_pct": 0.5966433982636976,
    "micro": false
  },
  "railsbench": {
    "mean": 2110.6224144498506,
    "rsd_pct": 1.3606161701061563,
    "micro": false
  },
  "binarytrees": {
    "mean": 364.34978374745697,
    "rsd_pct": 1.9132623235144532,
    "micro": false
  },
  "chunky_png": {
    "mean": 660.5794560164213,
    "rsd_pct": 0.10854561365694491,
    "micro": false
  },
  "discourse": {
    "mean": 521.633970573908,
    "rsd_pct": 16.708862797387585,
    "micro": false
  },
  "erubi": {
    "mean": 418.8343802110312,
    "rsd_pct": 0.716057984804939,
    "micro": false
  },
  "erubi_rails": {
    "mean": 20.0293215604015,
    "rsd_pct": 3.509384938332344,
    "micro": false
  },
  "fannkuchredux": {
    "mean": 7017.974826941888,
    "rsd_pct": 0.08086231328446015,
    "micro": false
  },
  "lee": {
    "mean": 908.1420424309644,
    "rsd_pct": 1.2961131047688308,
    "micro": false
  },
  "nbody": {
    "mean": 88.62671099603176,
    "rsd_pct": 0.4548679428875624,
    "micro": false
  },
  "optcarrot": {
    "mean": 3494.784808779756,
    "rsd_pct": 0.5896603660588104,
    "micro": false
  },
  "rubykon": {
    "mean": 7987.369708468516,
    "rsd_pct": 0.6328631830782805,
    "micro": false
  },
  "30k_ifelse": {
    "mean": 365.3683067045429,
    "rsd_pct": 0.1812978890008158,
    "micro": true
  },
  "30k_methods": {
    "mean": 880.3079961375756,
    "rsd_pct": 0.1561511943481881,
    "micro": true
  },
  "cfunc_itself": {
    "mean": 44.99618710386892,
    "rsd_pct": 1.065225984183761,
    "micro": true
  },
  "fib": {
    "mean": 62.59986842313904,
    "rsd_pct": 0.6602970338604752,
    "micro": true
  },
  "getivar": {
    "mean": 42.59965598524709,
    "rsd_pct": 0.7120591394211521,
    "micro": true
  },
  "keyword_args": {
    "mean": 52.929555323948016,
    "rsd_pct": 0.7292089302729502,
    "micro": true
  },
  "respond_to": {
    "mean": 189.69786990256537,
    "rsd_pct": 0.33404788083698267,
    "micro": true
  },
  "setivar": {
    "mean": 53.962885657602975,
    "rsd_pct": 0.6383929042941835,
    "micro": true
  },
  "str_concat": {
    "mean": 107.48931638259984,
    "rsd_pct": 1.4971884798677668,
    "micro": true
  }
}