{
  "activerecord": {
    "mean": 144.3748841943654,
    "rsd_pct": 0.21386229960953376,
    "micro": false
  },
  "erubi_rails": {
    "mean": 44.879226004095294,
    "rsd_pct": 1.991535996899828,
    "micro": false
  },
  "hexapdf": {
    "mean": 5780.906090761225,
    "rsd_pct": 2.0591520765796827,
    "micro": false
  },
  "liquid-c": {
    "mean": 188.33718809799376,
    "rsd_pct": 1.8325886815466124,
    "micro": false
  },
  "liquid-compile": {
    "mean": 162.37808090155747,
    "rsd_pct": 0.5773552585210749,
    "micro": false
  },
  "liquid-render": {
    "mean": 354.55492974016005,
    "rsd_pct": 2.2728295583597125,
    "micro": false
  },
  "mail": {
    "mean": 363.4677847066233,
    "rsd_pct": 0.1524027286122754,
    "micro": false
  },
  "psych-load": {
    "mean": 5233.492265890042,
    "rsd_pct": 0.06189159193225231,
    "micro": false
  },
  "railsbench": {
    "mean": 5298.541037241618,
    "rsd_pct": 0.7432772296458954,
    "micro": false
  },
  "ruby-lsp": {
    "mean": 174.62104668960586,
    "rsd_pct": 11.857819141256197,
    "micro": false
  },
  "sequel": {
    "mean": 199.44129685350393,
    "rsd_pct": 0.28135341066233976,
    "micro": false
  },
  "binarytrees": {
    "mean": 491.54699612832206,
    "rsd_pct": 0.16758324572868838,
    "micro": false
  },
  "chunky_png": {
    "mean": 1457.0328795661528,
    "rsd_pct": 0.04628040823065207,
    "micro": false
  },
  "erubi": {
    "mean": 554.9448824838385,
    "rsd_pct": 0.860794308463684,
    "micro": false
  },
  "etanni": {
    "mean": 905.7422365461077,
    "rsd_pct": 0.4426846303353459,
    "micro": false
  },
  "fannkuchredux": {
    "mean": 1483.3287075906992,
    "rsd_pct": 0.24818306002461682,
    "micro": false
  },
  "lee": {
    "mean": 2224.920499981159,
    "rsd_pct": 0.2853947008062613,
    "micro": false
  },
  "nbody": {
    "mean": 153.73988807874008,
    "rsd_pct": 0.08747391484049125,
    "micro": false
  },
  "optcarrot": {
    "mean": 8526.911822209755,
    "rsd_pct": 0.5031245859560027,
    "micro": false
  },
  "ruby-json": {
    "mean": 8637.823821107546,
    "rsd_pct": 0.44952627159012093,
    "micro": false
  },
  "rubykon": {
    "mean": 19228.453050057095,
    "rsd_pct": 0.38442512616317465,
    "micro": false
  },
  "30k_ifelse": {
    "mean": 1598.4758741137657,
    "rsd_pct": 0.05212668660467715,
    "micro": true
  },
  "30k_methods": {
    "mean": 3430.642352398971,
    "rsd_pct": 0.09603942708934912,
    "micro": true
  },
  "cfunc_itself": {
    "mean": 86.82554667447327,
    "rsd_pct": 0.018880789542501778,
    "micro": true
  },
  "fib": {
    "mean": 123.68479020626886,
    "rsd_pct": 0.07439734861340339,
    "micro": true
  },
  "getivar": {
    "mean": 40.466402562619265,
    "rsd_pct": 0.014144411064347363,
    "micro": true
  },
  "keyword_args": {
    "mean": 121.66137158924043,
    "rsd_pct": 0.03243387655486613,
    "micro": true
  },
  "respond_to": {
    "mean": 76.56796276569366,
    "rsd_pct": 1.4085013200718417,
    "micro": true
  },
  "setivar": {
    "mean": 30.893961086100493,
    "rsd_pct": 0.014994566315624989,
    "micro": true
  },
  "setivar_object": {
    "mean": 116.16332968261754,
    "rsd_pct": 1.4080271516424225,
    "micro": true
  },
  "setivar_young": {
    "mean": 113.1452144244231,
    "rsd_pct": 0.019198971084528196,
    "micro": true
  },
  "str_concat": {
    "mean": 83.33477029726224,
    "rsd_pct": 0.9473876179536562,
    "micro": true
  },
  "throw": {
    "mean": 49.41009076485611,
    "rsd_pct": 0.15318497202171424,
    "micro": true
  }
}