{
  "activerecord": {
    "mean": 351.48030520005767,
    "rsd_pct": 0.26327263315302546,
    "micro": false
  },
  "hexapdf": {
    "mean": 6886.794313664238,
    "rsd_pct": 1.6196616761144649,
    "micro": false
  },
  "liquid-render": {
    "mean": 405.1054816951768,
    "rsd_pct": 1.5620806269496845,
    "micro": false
  },
  "mail": {
    "mean": 411.8922551010623,
    "rsd_pct": 0.13825123735040515,
    "micro": false
  },
  "psych-load": {
    "mean": 5629.819719058772,
    "rsd_pct": 0.06660117227258101,
    "micro": false
  },
  "railsbench": {
    "mean": 6053.684361465275,
    "rsd_pct": 0.8063001537104043,
    "micro": false
  },
  "ruby-lsp": {
    "mean": 209.60560398893728,
    "rsd_pct": 10.08242656276403,
    "micro": false
  },
  "sequel": {
    "mean": 398.02545931582387,
    "rsd_pct": 2.2570712149037275,
    "micro": false
  },
  "binarytrees": {
    "mean": 526.8169542731241,
    "rsd_pct": 0.07682743667555704,
    "micro": false
  },
  "chunky_png": {
    "mean": 1534.7280982532538,
    "rsd_pct": 0.08883193400554941,
    "micro": false
  },
  "erubi": {
    "mean": 590.932039530086,
    "rsd_pct": 1.3117890026292887,
    "micro": false
  },
  "erubi_rails": {
    "mean": 50.83188372526957,
    "rsd_pct": 2.3711211193813413,
    "micro": false
  },
  "etanni": {
    "mean": 897.4144596473446,
    "rsd_pct": 0.5787081812697211,
    "micro": false
  },
  "fannkuchredux": {
    "mean": 2525.8014376851775,
    "rsd_pct": 0.03650279061204471,
    "micro": false
  },
  "lee": {
    "mean": 2425.42133529094,
    "rsd_pct": 0.32556285418874575,
    "micro": false
  },
  "nbody": {
    "mean": 177.33736772006796,
    "rsd_pct": 0.06700360590127456,
    "micro": false
  },
  "optcarrot": {
    "mean": 11477.885040578743,
    "rsd_pct": 0.35206524768644915,
    "micro": false
  },
  "rubykon": {
    "mean": 21480.61841397236,
    "rsd_pct": 0.4019045206969649,
    "micro": false
  },
  "30k_ifelse": {
    "mean": 1902.635776798944,
    "rsd_pct": 1.6054434400211792,
    "micro": true
  },
  "30k_methods": {
    "mean": 3927.4318293180495,
    "rsd_pct": 0.054870790377277205,
    "micro": true
  },
  "cfunc_itself": {
    "mean": 116.41814848637117,
    "rsd_pct": 0.01284307607219842,
    "micro": true
  },
  "fib": {
    "mean": 182.28619465747704,
    "rsd_pct": 0.005109232831513065,
    "micro": true
  },
  "getivar": {
    "mean": 107.46671413413223,
    "rsd_pct": 0.006726671755383387,
    "micro": true
  },
  "keyword_args": {
    "mean": 144.83367086568583,
    "rsd_pct": 0.010991550274281612,
    "micro": true
  },
  "respond_to": {
    "mean": 99.89071609214244,
    "rsd_pct": 0.027132907754536324,
    "micro": true
  },
  "setivar": {
    "mean": 50.038737515398466,
    "rsd_pct": 0.011031520307987347,
    "micro": true
  },
  "setivar_object": {
    "mean": 127.30653799851152,
    "rsd_pct": 1.039748884839267,
    "micro": true
  },
  "str_concat": {
    "mean": 106.32005900948901,
    "rsd_pct": 1.0040283818209532,
    "micro": true
  }
}