{
  "activerecord": {
    "mean": 309.2215902729082,
    "rsd_pct": 0.1640564372776456,
    "micro": false
  },
  "hexapdf": {
    "mean": 6797.623011438797,
    "rsd_pct": 1.2654807340656378,
    "micro": false
  },
  "liquid-render": {
    "mean": 394.73324909274066,
    "rsd_pct": 1.6114798688414802,
    "micro": false
  },
  "mail": {
    "mean": 411.7968039065335,
    "rsd_pct": 0.39606803194872553,
    "micro": false
  },
  "psych-load": {
    "mean": 5563.838804668437,
    "rsd_pct": 0.05561328821855355,
    "micro": false
  },
  "railsbench": {
    "mean": 6090.155535843223,
    "rsd_pct": 0.9061761466647553,
    "micro": false
  },
  "ruby-lsp": {
    "mean": 221.87447514061333,
    "rsd_pct": 15.864173221735683,
    "micro": false
  },
  "binarytrees": {
    "mean": 558.9478282397077,
    "rsd_pct": 2.1596571219617062,
    "micro": false
  },
  "chunky_png": {
    "mean": 1515.7978962524794,
    "rsd_pct": 0.09475705612116052,
    "micro": false
  },
  "erubi": {
    "mean": 731.7429092779223,
    "rsd_pct": 1.0872483952137977,
    "micro": false
  },
  "erubi_rails": {
    "mean": 48.77013220782034,
    "rsd_pct": 2.2757148346873257,
    "micro": false
  },
  "etanni": {
    "mean": 1158.7690244710377,
    "rsd_pct": 0.49783591576452796,
    "micro": false
  },
  "fannkuchredux": {
    "mean": 2330.897195663835,
    "rsd_pct": 0.09438432194035944,
    "micro": false
  },
  "lee": {
    "mean": 2318.2604948947715,
    "rsd_pct": 0.3684096722856542,
    "micro": false
  },
  "nbody": {
    "mean": 177.29761759812178,
    "rsd_pct": 0.19915234898085055,
    "micro": false
  },
  "optcarrot": {
    "mean": 10665.469859695682,
    "rsd_pct": 0.3868095583126903,
    "micro": false
  },
  "rubykon": {
    "mean": 21515.597655810416,
    "rsd_pct": 0.5173797139097033,
    "micro": false
  },
  "30k_ifelse": {
    "mean": 1916.5207776906234,
    "rsd_pct": 0.05981517851071481,
    "micro": true
  },
  "30k_methods": {
    "mean": 3935.005457093939,
    "rsd_pct": 0.07406376592689116,
    "micro": true
  },
  "cfunc_itself": {
    "mean": 103.21687931449071,
    "rsd_pct": 0.018909074129734218,
    "micro": true
  },
  "fib": {
    "mean": 175.3699628678031,
    "rsd_pct": 0.010950777762575572,
    "micro": true
  },
  "getivar": {
    "mean": 107.47150508836083,
    "rsd_pct": 0.012095621746238848,
    "micro": true
  },
  "keyword_args": {
    "mean": 144.49180143492413,
    "rsd_pct": 0.011873362283205775,
    "micro": true
  },
  "respond_to": {
    "mean": 100.07090750386246,
    "rsd_pct": 1.5691287259700522,
    "micro": true
  },
  "setivar": {
    "mean": 50.04526038891947,
    "rsd_pct": 0.015016220831061527,
    "micro": true
  },
  "setivar_object": {
    "mean": 127.14999315351987,
    "rsd_pct": 1.265988766123195,
    "micro": true
  },
  "str_concat": {
    "mean": 106.5808770386297,
    "rsd_pct": 1.017967993532405,
    "micro": true
  }
}