{
  "activerecord": {
    "mean": 103.2998802838847,
    "rsd_pct": 0.5607226128302085,
    "micro": false
  },
  "hexapdf": {
    "mean": 2406.659812728564,
    "rsd_pct": 2.3152984231538634,
    "micro": false
  },
  "liquid-render": {
    "mean": 133.95746232672306,
    "rsd_pct": 1.7670373695974302,
    "micro": false
  },
  "mail": {
    "mean": 154.75600865471552,
    "rsd_pct": 0.14518266057090076,
    "micro": false
  },
  "psych-load": {
    "mean": 1920.959543560942,
    "rsd_pct": 0.01949939834563966,
    "micro": false
  },
  "railsbench": {
    "mean": 2076.8876564999423,
    "rsd_pct": 0.48230341289796763,
    "micro": false
  },
  "binarytrees": {
    "mean": 368.9809851634961,
    "rsd_pct": 0.058416438568224364,
    "micro": false
  },
  "chunky_png": {
    "mean": 649.1373573119441,
    "rsd_pct": 0.05816558306663885,
    "micro": false
  },
  "erubi": {
    "mean": 318.24189909393823,
    "rsd_pct": 0.6901822520867839,
    "micro": false
  },
  "erubi_rails": {
    "mean": 19.40727602716354,
    "rsd_pct": 3.798867854933336,
    "micro": false
  },
  "fannkuchredux": {
    "mean": 6916.922767087817,
    "rsd_pct": 0.2580031722763169,
    "micro": false
  },
  "lee": {
    "mean": 936.3427338678213,
    "rsd_pct": 1.192026174610689,
    "micro": false
  },
  "nbody": {
    "mean": 90.67067187065366,
    "rsd_pct": 0.08556978779731815,
    "micro": false
  },
  "optcarrot": {
    "mean": 3441.071633870403,
    "rsd_pct": 0.6016136768204914,
    "micro": false
  },
  "rubykon": {
    "mean": 6997.048803046346,
    "rsd_pct": 0.35251365550918257,
    "micro": false
  },
  "30k_ifelse": {
    "mean": 363.0423898076905,
    "rsd_pct": 0.08959975191403927,
    "micro": true
  },
  "30k_methods": {
    "mean": 870.6051363525065,
    "rsd_pct": 0.021273611083127125,
    "micro": true
  },
  "cfunc_itself": {
    "mean": 45.634227746107555,
    "rsd_pct": 0.6905634348509305,
    "micro": true
  },
  "fib": {
    "mean": 63.50149365533499,
    "rsd_pct": 0.07404478383375765,
    "micro": true
  },
  "getivar": {
    "mean": 44.230055845663195,
    "rsd_pct": 0.09796690584757357,
    "micro": true
  },
  "keyword_args": {
    "mean": 52.768106769435306,
    "rsd_pct": 0.10963540045594078,
    "micro": true
  },
  "respond_to": {
    "mean": 188.31645542424974,
    "rsd_pct": 0.30630442473866326,
    "micro": true
  },
  "setivar": {
    "mean": 49.72205907609817,
    "rsd_pct": 0.0985863281231214,
    "micro": true
  },
  "str_concat": {
    "mean": 43.61831893929339,
    "rsd_pct": 1.5756818574465876,
    "micro": true
  }
}