{
  "activerecord": {
    "mean": 109.58203380587845,
    "rsd_pct": 0.4520544936537989,
    "micro": false
  },
  "hexapdf": {
    "mean": 2410.215285792947,
    "rsd_pct": 2.1677438153041617,
    "micro": false
  },
  "liquid-render": {
    "mean": 128.2675614941024,
    "rsd_pct": 1.962053910645346,
    "micro": false
  },
  "mail": {
    "mean": 161.8455562861712,
    "rsd_pct": 0.3895093836733623,
    "micro": false
  },
  "psych-load": {
    "mean": 1941.9340698048472,
    "rsd_pct": 0.05402938374742136,
    "micro": false
  },
  "railsbench": {
    "mean": 2199.859382522603,
    "rsd_pct": 1.2851454154062172,
    "micro": false
  },
  "binarytrees": {
    "mean": 342.06808091544394,
    "rsd_pct": 0.19320022878782256,
    "micro": false
  },
  "chunky_png": {
    "mean": 669.2511041959127,
    "rsd_pct": 0.12156658680300515,
    "micro": false
  },
  "discourse": {
    "mean": 616.2892069722361,
    "rsd_pct": 14.970485127451242,
    "micro": false
  },
  "erubi": {
    "mean": 414.08304903112975,
    "rsd_pct": 0.7009859791062609,
    "micro": false
  },
  "erubi_rails": {
    "mean": 20.590944231712612,
    "rsd_pct": 3.3617977364083593,
    "micro": false
  },
  "fannkuchredux": {
    "mean": 7482.211642339826,
    "rsd_pct": 0.2908054012360353,
    "micro": false
  },
  "lee": {
    "mean": 892.4871524372561,
    "rsd_pct": 1.7995438883963337,
    "micro": false
  },
  "nbody": {
    "mean": 86.848436169405,
    "rsd_pct": 0.4947545496695296,
    "micro": false
  },
  "optcarrot": {
    "mean": 3579.4920602813363,
    "rsd_pct": 0.5619786875011203,
    "micro": false
  },
  "rubykon": {
    "mean": 6386.4848133176565,
    "rsd_pct": 0.48864307776905086,
    "micro": false
  },
  "30k_ifelse": {
    "mean": 362.8045796840028,
    "rsd_pct": 0.1791093564470351,
    "micro": true
  },
  "30k_methods": {
    "mean": 882.8618583184751,
    "rsd_pct": 0.05672654165049544,
    "micro": true
  },
  "cfunc_itself": {
    "mean": 44.81572997630448,
    "rsd_pct": 0.9155525988168008,
    "micro": true
  },
  "fib": {
    "mean": 63.77846282848623,
    "rsd_pct": 0.5810727950074881,
    "micro": true
  },
  "getivar": {
    "mean": 42.555433469232256,
    "rsd_pct": 0.6969845501197798,
    "micro": true
  },
  "keyword_args": {
    "mean": 52.72706244681473,
    "rsd_pct": 0.7179559034814341,
    "micro": true
  },
  "respond_to": {
    "mean": 197.17218638492787,
    "rsd_pct": 0.3043591843712815,
    "micro": true
  },
  "setivar": {
    "mean": 52.50185247563947,
    "rsd_pct": 0.629653721105336,
    "micro": true
  }
}