{
  "activerecord": {
    "mean": 103.00338998786174,
    "rsd_pct": 0.646267657785626,
    "micro": false
  },
  "hexapdf": {
    "mean": 2365.010017156601,
    "rsd_pct": 1.3235563356305373,
    "micro": false
  },
  "liquid-render": {
    "mean": 131.81636683162182,
    "rsd_pct": 1.7172695697985634,
    "micro": false
  },
  "mail": {
    "mean": 156.58313645690214,
    "rsd_pct": 0.18033056889439172,
    "micro": false
  },
  "psych-load": {
    "mean": 1925.7734625289838,
    "rsd_pct": 0.03487176477989097,
    "micro": false
  },
  "railsbench": {
    "mean": 2076.6670321424804,
    "rsd_pct": 0.9390952914000962,
    "micro": false
  },
  "binarytrees": {
    "mean": 363.71899806545116,
    "rsd_pct": 0.057273830550531445,
    "micro": false
  },
  "chunky_png": {
    "mean": 637.1882047744527,
    "rsd_pct": 0.05169297192804342,
    "micro": false
  },
  "erubi": {
    "mean": 317.95098686650874,
    "rsd_pct": 0.6398080506161437,
    "micro": false
  },
  "erubi_rails": {
    "mean": 19.52210100016732,
    "rsd_pct": 3.5381577982105097,
    "micro": false
  },
  "fannkuchredux": {
    "mean": 6878.2059996078415,
    "rsd_pct": 0.04715730697713135,
    "micro": false
  },
  "lee": {
    "mean": 944.6168434584424,
    "rsd_pct": 0.6951982448414149,
    "micro": false
  },
  "nbody": {
    "mean": 94.05847372651328,
    "rsd_pct": 0.12350390254538202,
    "micro": false
  },
  "optcarrot": {
    "mean": 3567.1457428485155,
    "rsd_pct": 0.5764461081016358,
    "micro": false
  },
  "rubykon": {
    "mean": 6913.166123007734,
    "rsd_pct": 0.4079481794562792,
    "micro": false
  },
  "30k_ifelse": {
    "mean": 358.8472308421677,
    "rsd_pct": 0.0736688526368674,
    "micro": true
  },
  "30k_methods": {
    "mean": 871.4792457493869,
    "rsd_pct": 0.018821719053615425,
    "micro": true
  },
  "cfunc_itself": {
    "mean": 46.55824597751678,
    "rsd_pct": 0.5160848008383884,
    "micro": true
  },
  "fib": {
    "mean": 63.49349884050233,
    "rsd_pct": 0.08080118986658433,
    "micro": true
  },
  "getivar": {
    "mean": 44.26160488393898,
    "rsd_pct": 0.12037322218219583,
    "micro": true
  },
  "keyword_args": {
    "mean": 52.63868877590489,
    "rsd_pct": 0.3532485073352182,
    "micro": true
  },
  "respond_to": {
    "mean": 200.40273167795004,
    "rsd_pct": 0.13352262316578872,
    "micro": true
  },
  "setivar": {
    "mean": 43.341838172636926,
    "rsd_pct": 0.48431659146615963,
    "micro": true
  },
  "str_concat": {
    "mean": 44.434679771242806,
    "rsd_pct": 1.5285246369075625,
    "micro": true
  }
}