{
  "activerecord": {
    "mean": 110.6834953921384,
    "rsd_pct": 0.5516861671213821,
    "micro": false
  },
  "hexapdf": {
    "mean": 2385.40127761662,
    "rsd_pct": 2.125001997080127,
    "micro": false
  },
  "liquid-render": {
    "mean": 126.95152704747251,
    "rsd_pct": 1.941966388873203,
    "micro": false
  },
  "mail": {
    "mean": 162.87952759226815,
    "rsd_pct": 0.33134680068192657,
    "micro": false
  },
  "psych-load": {
    "mean": 1953.939867950976,
    "rsd_pct": 0.05151910280751972,
    "micro": false
  },
  "railsbench": {
    "mean": 2155.104928215345,
    "rsd_pct": 1.3989259050982978,
    "micro": false
  },
  "binarytrees": {
    "mean": 350.9030115665562,
    "rsd_pct": 0.18270472414729125,
    "micro": false
  },
  "chunky_png": {
    "mean": 656.8909135957559,
    "rsd_pct": 0.12771225874769018,
    "micro": false
  },
  "discourse": {
    "mean": 782.6244709754569,
    "rsd_pct": 16.009977904639282,
    "micro": false
  },
  "erubi": {
    "mean": 419.87151854691353,
    "rsd_pct": 0.7641914053770468,
    "micro": false
  },
  "erubi_rails": {
    "mean": 20.406911442133673,
    "rsd_pct": 3.5661294781779596,
    "micro": false
  },
  "fannkuchredux": {
    "mean": 7405.003658868372,
    "rsd_pct": 0.09504213554772215,
    "micro": false
  },
  "lee": {
    "mean": 917.9773767986758,
    "rsd_pct": 1.7188871769821987,
    "micro": false
  },
  "nbody": {
    "mean": 87.18438676401028,
    "rsd_pct": 0.4709506983794143,
    "micro": false
  },
  "optcarrot": {
    "mean": 3600.2735371390977,
    "rsd_pct": 0.5671708392045435,
    "micro": false
  },
  "rubykon": {
    "mean": 6424.163016180198,
    "rsd_pct": 0.4068348393936201,
    "micro": false
  },
  "30k_ifelse": {
    "mean": 355.6931574961969,
    "rsd_pct": 0.16531166664050964,
    "micro": true
  },
  "30k_methods": {
    "mean": 877.4807630530136,
    "rsd_pct": 0.0659748925131063,
    "micro": true
  },
  "cfunc_itself": {
    "mean": 45.09351305116754,
    "rsd_pct": 0.850888978604904,
    "micro": true
  },
  "fib": {
    "mean": 62.48977865034249,
    "rsd_pct": 0.5645632886940078,
    "micro": true
  },
  "getivar": {
    "mean": 42.55284359934101,
    "rsd_pct": 0.7004486074671803,
    "micro": true
  },
  "keyword_args": {
    "mean": 52.662912843919194,
    "rsd_pct": 0.6410749771428997,
    "micro": true
  },
  "respond_to": {
    "mean": 185.3874176559807,
    "rsd_pct": 0.30307189234646803,
    "micro": true
  },
  "setivar": {
    "mean": 52.472082024175194,
    "rsd_pct": 0.5656279010966497,
    "micro": true
  }
}