{
  "activerecord": {
    "mean": 332.3170521987542,
    "rsd_pct": 0.09402201251484416,
    "micro": false
  },
  "hexapdf": {
    "mean": 6429.4538495441275,
    "rsd_pct": 1.3467438519627888,
    "micro": false
  },
  "liquid-c": {
    "mean": 191.04620469734073,
    "rsd_pct": 1.8298178738022666,
    "micro": false
  },
  "liquid-render": {
    "mean": 378.7871708136958,
    "rsd_pct": 2.120220632492777,
    "micro": false
  },
  "mail": {
    "mean": 382.2368748023424,
    "rsd_pct": 0.29051267547768833,
    "micro": false
  },
  "psych-load": {
    "mean": 5245.09982218345,
    "rsd_pct": 0.07913786923337326,
    "micro": false
  },
  "railsbench": {
    "mean": 5632.2123143821955,
    "rsd_pct": 0.7045434287101894,
    "micro": false
  },
  "ruby-lsp": {
    "mean": 188.19926810925298,
    "rsd_pct": 11.12179803665685,
    "micro": false
  },
  "sequel": {
    "mean": 388.051265824054,
    "rsd_pct": 1.962970160288794,
    "micro": false
  },
  "binarytrees": {
    "mean": 522.8690552037386,
    "rsd_pct": 0.5424542372534368,
    "micro": false
  },
  "chunky_png": {
    "mean": 1563.4290382731706,
    "rsd_pct": 0.056556408043341076,
    "micro": false
  },
  "erubi": {
    "mean": 588.2090646537799,
    "rsd_pct": 0.826437975927893,
    "micro": false
  },
  "erubi_rails": {
    "mean": 46.993230153672194,
    "rsd_pct": 2.4221383764289004,
    "micro": false
  },
  "etanni": {
    "mean": 945.1588805840939,
    "rsd_pct": 0.42715215196096673,
    "micro": false
  },
  "fannkuchredux": {
    "mean": 2021.9000059772623,
    "rsd_pct": 0.19729926158131753,
    "micro": false
  },
  "lee": {
    "mean": 2503.433105112477,
    "rsd_pct": 0.16196249842734387,
    "micro": false
  },
  "nbody": {
    "mean": 177.12391574079027,
    "rsd_pct": 0.06603243615531743,
    "micro": false
  },
  "optcarrot": {
    "mean": 10007.859734197458,
    "rsd_pct": 0.6541135678973684,
    "micro": false
  },
  "rubykon": {
    "mean": 20512.491315603256,
    "rsd_pct": 1.0967050542416072,
    "micro": false
  },
  "30k_ifelse": {
    "mean": 1931.2876277068194,
    "rsd_pct": 0.02842866567379703,
    "micro": true
  },
  "30k_methods": {
    "mean": 3886.6829219274223,
    "rsd_pct": 0.04030224409157261,
    "micro": true
  },
  "cfunc_itself": {
    "mean": 103.38852496030731,
    "rsd_pct": 0.03480364439367059,
    "micro": true
  },
  "fib": {
    "mean": 191.10056985840663,
    "rsd_pct": 0.005123022906915518,
    "micro": true
  },
  "getivar": {
    "mean": 107.47062703680008,
    "rsd_pct": 0.008843344222112982,
    "micro": true
  },
  "keyword_args": {
    "mean": 191.04171085854372,
    "rsd_pct": 0.006444147860634662,
    "micro": true
  },
  "respond_to": {
    "mean": 108.52246809197109,
    "rsd_pct": 0.9955437847305952,
    "micro": true
  },
  "setivar": {
    "mean": 50.039726215720975,
    "rsd_pct": 0.013235135795144154,
    "micro": true
  },
  "setivar_object": {
    "mean": 127.51399657583602,
    "rsd_pct": 0.9343659303028302,
    "micro": true
  },
  "str_concat": {
    "mean": 106.47114038942976,
    "rsd_pct": 0.7126703067958489,
    "micro": true
  }
}