{
  "activerecord": {
    "mean": 41.539180559142956,
    "rsd_pct": 0.8088321290877567,
    "micro": false
  },
  "erubi_rails": {
    "mean": 15.156471330765706,
    "rsd_pct": 3.2757412682781553,
    "micro": false
  },
  "hexapdf": {
    "mean": 1987.0446763311822,
    "rsd_pct": 2.3440917118313442,
    "micro": false
  },
  "liquid-c": {
    "mean": 58.41637384201075,
    "rsd_pct": 2.5014212964111344,
    "micro": false
  },
  "liquid-compile": {
    "mean": 55.771263067921005,
    "rsd_pct": 1.4048673714450213,
    "micro": false
  },
  "liquid-render": {
    "mean": 102.39147438325104,
    "rsd_pct": 2.7865509375075446,
    "micro": false
  },
  "mail": {
    "mean": 128.15942537063398,
    "rsd_pct": 0.5010326502549682,
    "micro": false
  },
  "psych-load": {
    "mean": 1808.4003976856668,
    "rsd_pct": 0.04172932920198602,
    "micro": false
  },
  "railsbench": {
    "mean": 1799.9350747093558,
    "rsd_pct": 1.2497571747912226,
    "micro": false
  },
  "ruby-lsp": {
    "mean": 56.844332915331634,
    "rsd_pct": 20.568095390590305,
    "micro": false
  },
  "sequel": {
    "mean": 67.64651494213959,
    "rsd_pct": 0.4507035435927753,
    "micro": false
  },
  "binarytrees": {
    "mean": 224.7469934677197,
    "rsd_pct": 0.2658394827968649,
    "micro": false
  },
  "chunky_png": {
    "mean": 607.3907510179913,
    "rsd_pct": 0.11558459576088366,
    "micro": false
  },
  "erubi": {
    "mean": 248.69343547675854,
    "rsd_pct": 0.9085685976181783,
    "micro": false
  },
  "etanni": {
    "mean": 405.4934582970244,
    "rsd_pct": 0.4594596014012764,
    "micro": false
  },
  "fannkuchredux": {
    "mean": 774.6831156814901,
    "rsd_pct": 0.26128633941743473,
    "micro": false
  },
  "lee": {
    "mean": 882.4146754023703,
    "rsd_pct": 0.350836568194579,
    "micro": false
  },
  "nbody": {
    "mean": 76.52157037389568,
    "rsd_pct": 0.06035644942506492,
    "micro": false
  },
  "optcarrot": {
    "mean": 2215.1598774517574,
    "rsd_pct": 0.6361648685424943,
    "micro": false
  },
  "ruby-json": {
    "mean": 3090.821595924596,
    "rsd_pct": 0.10634503431687387,
    "micro": false
  },
  "rubykon": {
    "mean": 6408.986806186537,
    "rsd_pct": 2.1098415077191364,
    "micro": false
  },
  "30k_ifelse": {
    "mean": 359.69466482373804,
    "rsd_pct": 0.060497492603582774,
    "micro": true
  },
  "30k_methods": {
    "mean": 859.1438107111532,
    "rsd_pct": 0.018293249729688463,
    "micro": true
  },
  "cfunc_itself": {
    "mean": 39.09789975331604,
    "rsd_pct": 0.21603848509920714,
    "micro": true
  },
  "fib": {
    "mean": 44.89555547453379,
    "rsd_pct": 0.05199361346692673,
    "micro": true
  },
  "getivar": {
    "mean": 21.250507873329923,
    "rsd_pct": 0.5983863333204029,
    "micro": true
  },
  "keyword_args": {
    "mean": 49.413684162697415,
    "rsd_pct": 0.2782956979704024,
    "micro": true
  },
  "respond_to": {
    "mean": 27.011463679610543,
    "rsd_pct": 0.5250680934151764,
    "micro": true
  },
  "setivar": {
    "mean": 11.991491431206125,
    "rsd_pct": 0.09226607762921366,
    "micro": true
  },
  "setivar_object": {
    "mean": 46.88843781335486,
    "rsd_pct": 4.404613161612829,
    "micro": true
  },
  "setivar_young": {
    "mean": 43.077103187458526,
    "rsd_pct": 1.7007632459245985,
    "micro": true
  },
  "str_concat": {
    "mean": 43.46151865204636,
    "rsd_pct": 1.3738354796197645,
    "micro": true
  },
  "throw": {
    "mean": 23.357079307544247,
    "rsd_pct": 0.22870319231099512,
    "micro": true
  }
}