{
  "activerecord": {
    "mean": 101.81111564414982,
    "rsd_pct": 1.0697348508234341,
    "micro": false
  },
  "hexapdf": {
    "mean": 2104.871747334255,
    "rsd_pct": 1.7226964264262477,
    "micro": false
  },
  "liquid-render": {
    "mean": 112.90076649383191,
    "rsd_pct": 3.1443596816077712,
    "micro": false
  },
  "mail": {
    "mean": 143.37925800049456,
    "rsd_pct": 1.5598708002494917,
    "micro": false
  },
  "psych-load": {
    "mean": 1711.2236504656419,
    "rsd_pct": 0.42867772219761296,
    "micro": false
  },
  "railsbench": {
    "mean": 2196.770662930794,
    "rsd_pct": 2.1747239775364733,
    "micro": false
  },
  "binarytrees": {
    "mean": 288.29427508308606,
    "rsd_pct": 0.07244732795496857,
    "micro": false
  },
  "erubi": {
    "mean": 367.8885395018841,
    "rsd_pct": 2.6985105002520764,
    "micro": false
  },
  "erubi_rails": {
    "mean": 20.18357586144968,
    "rsd_pct": 3.2888669844336818,
    "micro": false
  },
  "fannkuchredux": {
    "mean": 5640.862235199893,
    "rsd_pct": 0.15265732461348225,
    "micro": false
  },
  "lee": {
    "mean": 761.0044356126589,
    "rsd_pct": 1.420997999257074,
    "micro": false
  },
  "nbody": {
    "mean": 71.69884908969749,
    "rsd_pct": 0.04545375789889086,
    "micro": false
  },
  "optcarrot": {
    "mean": 3068.5036608735877,
    "rsd_pct": 0.6022680348925209,
    "micro": false
  },
  "rubykon": {
    "mean": 5784.802186869395,
    "rsd_pct": 0.31851426378116304,
    "micro": false
  },
  "30k_ifelse": {
    "mean": 312.8932507352147,
    "rsd_pct": 0.13917859685672748,
    "micro": true
  },
  "30k_methods": {
    "mean": 740.3449687785555,
    "rsd_pct": 0.025693848311695414,
    "micro": true
  },
  "cfunc_itself": {
    "mean": 37.806956171383476,
    "rsd_pct": 0.29053441661131535,
    "micro": true
  },
  "fib": {
    "mean": 52.15519689331707,
    "rsd_pct": 0.08940671501477644,
    "micro": true
  },
  "getivar": {
    "mean": 35.47123270774089,
    "rsd_pct": 0.054753503642267276,
    "micro": true
  },
  "keyword_args": {
    "mean": 47.43798064729281,
    "rsd_pct": 0.09114533847268193,
    "micro": true
  },
  "respond_to": {
    "mean": 157.85385525253201,
    "rsd_pct": 0.28125101772189703,
    "micro": true
  },
  "setivar": {
    "mean": 40.948802380542176,
    "rsd_pct": 0.09787319486866317,
    "micro": true
  }
}