{
  "activerecord": {
    "mean": 104.06838196672891,
    "rsd_pct": 0.4657989350779679,
    "micro": false
  },
  "hexapdf": {
    "mean": 2347.3002745459476,
    "rsd_pct": 1.0925008654382382,
    "micro": false
  },
  "liquid-render": {
    "mean": 144.5790335158075,
    "rsd_pct": 1.8922852956160725,
    "micro": false
  },
  "mail": {
    "mean": 183.83188475415392,
    "rsd_pct": 2.4389566961167883,
    "micro": false
  },
  "psych-load": {
    "mean": 2220.2794497211776,
    "rsd_pct": 0.07209936047738856,
    "micro": false
  },
  "railsbench": {
    "mean": 2420.321657632788,
    "rsd_pct": 1.0101364415247922,
    "micro": false
  },
  "binarytrees": {
    "mean": 364.907664547746,
    "rsd_pct": 0.1467206284528874,
    "micro": false
  },
  "chunky_png": {
    "mean": 674.7439532572853,
    "rsd_pct": 0.4733924735676971,
    "micro": false
  },
  "discourse": {
    "mean": 525.6753256796179,
    "rsd_pct": 17.285604199058337,
    "micro": false
  },
  "erubi": {
    "mean": 402.9211406500972,
    "rsd_pct": 0.9320913074138061,
    "micro": false
  },
  "erubi_rails": {
    "mean": 25.53113267922694,
    "rsd_pct": 56.170191986574046,
    "micro": false
  },
  "fannkuchredux": {
    "mean": 8918.973621353507,
    "rsd_pct": 0.10021820503002091,
    "micro": false
  },
  "lee": {
    "mean": 879.5467360283841,
    "rsd_pct": 1.035369147512204,
    "micro": false
  },
  "nbody": {
    "mean": 90.87386796844827,
    "rsd_pct": 0.4490555053710336,
    "micro": false
  },
  "optcarrot": {
    "mean": 3435.2471927801766,
    "rsd_pct": 0.6101790547704227,
    "micro": false
  },
  "rubykon": {
    "mean": 7991.745637978117,
    "rsd_pct": 3.4974852546929065,
    "micro": false
  },
  "30k_ifelse": {
    "mean": 358.869728998148,
    "rsd_pct": 0.19231629746126924,
    "micro": true
  },
  "30k_methods": {
    "mean": 882.5505639172413,
    "rsd_pct": 0.056625526249272924,
    "micro": true
  },
  "cfunc_itself": {
    "mean": 46.400249511519874,
    "rsd_pct": 0.998384244638889,
    "micro": true
  },
  "fib": {
    "mean": 62.49204145860858,
    "rsd_pct": 0.6177047016801291,
    "micro": true
  },
  "getivar": {
    "mean": 42.622755228864506,
    "rsd_pct": 0.6966630975242739,
    "micro": true
  },
  "keyword_args": {
    "mean": 53.31355279684067,
    "rsd_pct": 0.6664959498965004,
    "micro": true
  },
  "respond_to": {
    "mean": 187.16947061343575,
    "rsd_pct": 0.2643833775677436,
    "micro": true
  },
  "setivar": {
    "mean": 53.714780135935484,
    "rsd_pct": 0.5943627059109604,
    "micro": true
  },
  "str_concat": {
    "mean": 110.88726892488299,
    "rsd_pct": 1.530453558627397,
    "micro": true
  }
}