{
  "activerecord": {
    "mean": 103.18908526709205,
    "rsd_pct": 0.6413803188954805,
    "micro": false
  },
  "hexapdf": {
    "mean": 2368.6300384501615,
    "rsd_pct": 1.9543388012818417,
    "micro": false
  },
  "liquid-render": {
    "mean": 125.7543534321605,
    "rsd_pct": 1.8339113233525517,
    "micro": false
  },
  "mail": {
    "mean": 155.31364259288068,
    "rsd_pct": 0.15071640502769734,
    "micro": false
  },
  "psych-load": {
    "mean": 1893.372756242752,
    "rsd_pct": 0.02627488965890552,
    "micro": false
  },
  "railsbench": {
    "mean": 2062.096056342125,
    "rsd_pct": 1.3609496597981379,
    "micro": false
  },
  "binarytrees": {
    "mean": 372.7168849990016,
    "rsd_pct": 0.10911497604900766,
    "micro": false
  },
  "chunky_png": {
    "mean": 651.569269473354,
    "rsd_pct": 0.06875934689362054,
    "micro": false
  },
  "erubi": {
    "mean": 324.18086001028615,
    "rsd_pct": 0.8179949833664129,
    "micro": false
  },
  "erubi_rails": {
    "mean": 19.53460212887787,
    "rsd_pct": 3.6471487643644633,
    "micro": false
  },
  "fannkuchredux": {
    "mean": 2384.6721892555556,
    "rsd_pct": 0.2830890565324322,
    "micro": false
  },
  "lee": {
    "mean": 979.3729954644253,
    "rsd_pct": 2.168507769309254,
    "micro": false
  },
  "nbody": {
    "mean": 94.85049197315716,
    "rsd_pct": 0.11353982877044394,
    "micro": false
  },
  "optcarrot": {
    "mean": 3574.3735941747823,
    "rsd_pct": 0.5709502943769987,
    "micro": false
  },
  "rubykon": {
    "mean": 6934.575828661521,
    "rsd_pct": 0.5074468628842266,
    "micro": false
  },
  "30k_ifelse": {
    "mean": 352.4871175262061,
    "rsd_pct": 0.07933818134147055,
    "micro": true
  },
  "30k_methods": {
    "mean": 873.5183794051409,
    "rsd_pct": 0.01985667233496097,
    "micro": true
  },
  "cfunc_itself": {
    "mean": 48.53037692658551,
    "rsd_pct": 0.8265413030622606,
    "micro": true
  },
  "fib": {
    "mean": 63.40090231349071,
    "rsd_pct": 0.07626401734705493,
    "micro": true
  },
  "getivar": {
    "mean": 44.24833235360922,
    "rsd_pct": 0.12268292736970832,
    "micro": true
  },
  "keyword_args": {
    "mean": 55.33092403784394,
    "rsd_pct": 0.1814695034172839,
    "micro": true
  },
  "respond_to": {
    "mean": 182.82800801098347,
    "rsd_pct": 0.34265810675673253,
    "micro": true
  },
  "setivar": {
    "mean": 49.718401471060616,
    "rsd_pct": 0.0936296349777576,
    "micro": true
  },
  "str_concat": {
    "mean": 45.20217118814486,
    "rsd_pct": 1.2940402069715276,
    "micro": true
  }
}