{
  "activerecord": {
    "mean": 103.58595380481954,
    "rsd_pct": 0.5713174141370072,
    "micro": false
  },
  "hexapdf": {
    "mean": 2268.4411507099867,
    "rsd_pct": 2.426098880439556,
    "micro": false
  },
  "liquid-render": {
    "mean": 125.71434847809174,
    "rsd_pct": 1.6682959449390364,
    "micro": false
  },
  "mail": {
    "mean": 166.09228395100217,
    "rsd_pct": 0.18377655333256948,
    "micro": false
  },
  "psych-load": {
    "mean": 1949.2463825891416,
    "rsd_pct": 0.021211649841268627,
    "micro": false
  },
  "railsbench": {
    "mean": 2108.435922116041,
    "rsd_pct": 0.9232180772630101,
    "micro": false
  },
  "binarytrees": {
    "mean": 363.25209788404976,
    "rsd_pct": 0.0424945231416919,
    "micro": false
  },
  "chunky_png": {
    "mean": 642.0552834507919,
    "rsd_pct": 0.04266626838136016,
    "micro": false
  },
  "erubi": {
    "mean": 320.72251848876476,
    "rsd_pct": 0.6660820076869773,
    "micro": false
  },
  "erubi_rails": {
    "mean": 19.506724411394536,
    "rsd_pct": 3.5129114484148576,
    "micro": false
  },
  "fannkuchredux": {
    "mean": 7109.880152593057,
    "rsd_pct": 0.1685186928175617,
    "micro": false
  },
  "lee": {
    "mean": 953.2411781450113,
    "rsd_pct": 0.7210469915497354,
    "micro": false
  },
  "nbody": {
    "mean": 93.99239485548145,
    "rsd_pct": 0.10962317302870844,
    "micro": false
  },
  "optcarrot": {
    "mean": 3385.8172168334327,
    "rsd_pct": 0.5998934611184478,
    "micro": false
  },
  "rubykon": {
    "mean": 6811.235339442889,
    "rsd_pct": 0.5876921576362756,
    "micro": false
  },
  "30k_ifelse": {
    "mean": 355.5744846817106,
    "rsd_pct": 0.07891083734218422,
    "micro": true
  },
  "30k_methods": {
    "mean": 875.1908843828874,
    "rsd_pct": 0.020045073090952034,
    "micro": true
  },
  "cfunc_itself": {
    "mean": 45.296432822098,
    "rsd_pct": 0.6190001088236756,
    "micro": true
  },
  "fib": {
    "mean": 63.313889805050124,
    "rsd_pct": 0.04243852881193152,
    "micro": true
  },
  "getivar": {
    "mean": 44.55803643023364,
    "rsd_pct": 4.827136192440828,
    "micro": true
  },
  "keyword_args": {
    "mean": 54.36748903284364,
    "rsd_pct": 0.158117869941892,
    "micro": true
  },
  "respond_to": {
    "mean": 191.9058075783631,
    "rsd_pct": 0.09225389011979347,
    "micro": true
  },
  "setivar": {
    "mean": 40.483441609094335,
    "rsd_pct": 0.2541096952303939,
    "micro": true
  },
  "str_concat": {
    "mean": 41.96658976250837,
    "rsd_pct": 1.7159193203685215,
    "micro": true
  }
}