{
  "activerecord": {
    "mean": 103.73226846180235,
    "rsd_pct": 0.49841914004750487,
    "micro": false
  },
  "hexapdf": {
    "mean": 2350.54861754179,
    "rsd_pct": 1.7320792036566062,
    "micro": false
  },
  "liquid-render": {
    "mean": 128.3708148929354,
    "rsd_pct": 1.7945350179943482,
    "micro": false
  },
  "mail": {
    "mean": 156.33213760580603,
    "rsd_pct": 0.16515006535055404,
    "micro": false
  },
  "psych-load": {
    "mean": 1889.2927144964535,
    "rsd_pct": 0.019878002378058254,
    "micro": false
  },
  "railsbench": {
    "mean": 2132.6488884786763,
    "rsd_pct": 0.7069041446608488,
    "micro": false
  },
  "binarytrees": {
    "mean": 369.1384154371917,
    "rsd_pct": 0.1154664221113613,
    "micro": false
  },
  "chunky_png": {
    "mean": 652.6741654922565,
    "rsd_pct": 0.05556505072020917,
    "micro": false
  },
  "erubi": {
    "mean": 328.25438519481753,
    "rsd_pct": 0.7341163989837987,
    "micro": false
  },
  "erubi_rails": {
    "mean": 19.281490720346454,
    "rsd_pct": 3.9385879580189584,
    "micro": false
  },
  "fannkuchredux": {
    "mean": 2375.1104255517325,
    "rsd_pct": 0.17602601049996344,
    "micro": false
  },
  "lee": {
    "mean": 963.283465616405,
    "rsd_pct": 1.7020464077908077,
    "micro": false
  },
  "nbody": {
    "mean": 92.99797747468314,
    "rsd_pct": 0.10157639199147983,
    "micro": false
  },
  "optcarrot": {
    "mean": 3435.3526088098683,
    "rsd_pct": 0.6112572833395554,
    "micro": false
  },
  "rubykon": {
    "mean": 6825.574906418721,
    "rsd_pct": 1.08075724916448,
    "micro": false
  },
  "30k_ifelse": {
    "mean": 356.689783744514,
    "rsd_pct": 0.09590460426514015,
    "micro": true
  },
  "30k_methods": {
    "mean": 868.8514708456668,
    "rsd_pct": 0.022361472001332674,
    "micro": true
  },
  "cfunc_itself": {
    "mean": 47.18513643306694,
    "rsd_pct": 0.6413304556586663,
    "micro": true
  },
  "fib": {
    "mean": 63.50048204499578,
    "rsd_pct": 0.06335106298813101,
    "micro": true
  },
  "getivar": {
    "mean": 44.2583647806764,
    "rsd_pct": 0.12396016681311546,
    "micro": true
  },
  "keyword_args": {
    "mean": 55.556324740441944,
    "rsd_pct": 0.15239367009858928,
    "micro": true
  },
  "respond_to": {
    "mean": 195.2969743826679,
    "rsd_pct": 0.08615888641530135,
    "micro": true
  },
  "setivar": {
    "mean": 40.85090448246981,
    "rsd_pct": 0.10215561202087799,
    "micro": true
  },
  "str_concat": {
    "mean": 43.89152291670475,
    "rsd_pct": 1.4403245827017568,
    "micro": true
  }
}