{
  "activerecord": {
    "mean": 105.1624415939703,
    "rsd_pct": 0.4825205900049875,
    "micro": false
  },
  "hexapdf": {
    "mean": 2327.2624482711158,
    "rsd_pct": 3.2031502590820407,
    "micro": false
  },
  "liquid-render": {
    "mean": 136.56612980780722,
    "rsd_pct": 1.4676166437645184,
    "micro": false
  },
  "mail": {
    "mean": 156.39654992837606,
    "rsd_pct": 0.16166915896437825,
    "micro": false
  },
  "psych-load": {
    "mean": 1948.6939900865157,
    "rsd_pct": 0.0300677577612938,
    "micro": false
  },
  "railsbench": {
    "mean": 2104.2579701791205,
    "rsd_pct": 0.9267314095447997,
    "micro": false
  },
  "binarytrees": {
    "mean": 371.1849244991465,
    "rsd_pct": 0.04704976519637397,
    "micro": false
  },
  "chunky_png": {
    "mean": 635.2373205365673,
    "rsd_pct": 0.06320308439004782,
    "micro": false
  },
  "erubi": {
    "mean": 314.7430203915123,
    "rsd_pct": 0.7054295527211422,
    "micro": false
  },
  "erubi_rails": {
    "mean": 19.297821010582528,
    "rsd_pct": 3.328458650677509,
    "micro": false
  },
  "fannkuchredux": {
    "mean": 6927.447950343291,
    "rsd_pct": 0.12250576753465643,
    "micro": false
  },
  "lee": {
    "mean": 933.4585147776774,
    "rsd_pct": 1.1262564598097042,
    "micro": false
  },
  "nbody": {
    "mean": 95.22077437660849,
    "rsd_pct": 0.12129632897625878,
    "micro": false
  },
  "optcarrot": {
    "mean": 3439.6451889226832,
    "rsd_pct": 0.6163957267993401,
    "micro": false
  },
  "rubykon": {
    "mean": 6830.2869488795595,
    "rsd_pct": 0.7554425618544536,
    "micro": false
  },
  "30k_ifelse": {
    "mean": 353.5627539523623,
    "rsd_pct": 0.08471864317601903,
    "micro": true
  },
  "30k_methods": {
    "mean": 878.5118734125386,
    "rsd_pct": 0.016250897644608634,
    "micro": true
  },
  "cfunc_itself": {
    "mean": 46.14756870511416,
    "rsd_pct": 0.8146075078413664,
    "micro": true
  },
  "fib": {
    "mean": 63.313027151993346,
    "rsd_pct": 0.040853535020974295,
    "micro": true
  },
  "getivar": {
    "mean": 44.242702237658904,
    "rsd_pct": 0.11850895019820532,
    "micro": true
  },
  "keyword_args": {
    "mean": 53.54978000012009,
    "rsd_pct": 0.5014281581434239,
    "micro": true
  },
  "respond_to": {
    "mean": 182.85170523014582,
    "rsd_pct": 0.2750122494084837,
    "micro": true
  },
  "setivar": {
    "mean": 49.723162140432265,
    "rsd_pct": 0.09999429037183011,
    "micro": true
  },
  "str_concat": {
    "mean": 43.51542500609701,
    "rsd_pct": 1.5131925106629418,
    "micro": true
  }
}