{
  "activerecord": {
    "mean": 328.9202337342881,
    "rsd_pct": 0.4714383041779423,
    "micro": false
  },
  "hexapdf": {
    "mean": 6839.721661293879,
    "rsd_pct": 1.6631767806679207,
    "micro": false
  },
  "liquid-render": {
    "mean": 450.5134278863308,
    "rsd_pct": 1.026497978805978,
    "micro": false
  },
  "mail": {
    "mean": 415.18025316696185,
    "rsd_pct": 0.530789270285322,
    "micro": false
  },
  "psych-load": {
    "mean": 5457.025034399703,
    "rsd_pct": 0.07068821439561293,
    "micro": false
  },
  "railsbench": {
    "mean": 6167.849986332779,
    "rsd_pct": 0.6578012651288827,
    "micro": false
  },
  "ruby-lsp": {
    "mean": 214.0169133986648,
    "rsd_pct": 13.240358475711533,
    "micro": false
  },
  "binarytrees": {
    "mean": 528.5884611574667,
    "rsd_pct": 0.2017047281915832,
    "micro": false
  },
  "chunky_png": {
    "mean": 1551.0993762291037,
    "rsd_pct": 0.12799310843541328,
    "micro": false
  },
  "erubi": {
    "mean": 723.7156101071057,
    "rsd_pct": 1.4918157506503238,
    "micro": false
  },
  "erubi_rails": {
    "mean": 50.10747579077919,
    "rsd_pct": 2.239867871696877,
    "micro": false
  },
  "etanni": {
    "mean": 1214.0785730887383,
    "rsd_pct": 0.5678658563642816,
    "micro": false
  },
  "fannkuchredux": {
    "mean": 2581.5023543157927,
    "rsd_pct": 0.430250227242101,
    "micro": false
  },
  "lee": {
    "mean": 2296.135046170093,
    "rsd_pct": 1.6019944165296875,
    "micro": false
  },
  "nbody": {
    "mean": 179.90050065952042,
    "rsd_pct": 0.06602486291974058,
    "micro": false
  },
  "optcarrot": {
    "mean": 10635.992522335922,
    "rsd_pct": 0.3816663557924047,
    "micro": false
  },
  "rubykon": {
    "mean": 21128.688893917326,
    "rsd_pct": 0.2892565520494277,
    "micro": false
  },
  "setivar_object": {
    "mean": 124.01327854022384,
    "rsd_pct": 0.005284224714259589,
    "micro": false
  },
  "30k_ifelse": {
    "mean": 1925.3811829863116,
    "rsd_pct": 0.04520169496417737,
    "micro": true
  },
  "30k_methods": {
    "mean": 3884.1481336508878,
    "rsd_pct": 1.0138705682965132,
    "micro": true
  },
  "cfunc_itself": {
    "mean": 105.35688993695658,
    "rsd_pct": 0.02574540510676142,
    "micro": true
  },
  "fib": {
    "mean": 181.46766212110947,
    "rsd_pct": 0.00526065905390229,
    "micro": true
  },
  "getivar": {
    "mean": 107.46539739407001,
    "rsd_pct": 0.006639750949149061,
    "micro": true
  },
  "keyword_args": {
    "mean": 143.63485052793598,
    "rsd_pct": 0.007090779638483838,
    "micro": true
  },
  "respond_to": {
    "mean": 99.4767369337997,
    "rsd_pct": 0.6251102223695529,
    "micro": true
  },
  "setivar": {
    "mean": 50.03759082773125,
    "rsd_pct": 0.01125835854937661,
    "micro": true
  },
  "str_concat": {
    "mean": 106.56504983481013,
    "rsd_pct": 0.9326280362870196,
    "micro": true
  }
}