{
  "activerecord": {
    "mean": 107.15108964513377,
    "rsd_pct": 0.5638973546279182,
    "micro": false
  },
  "hexapdf": {
    "mean": 2036.710238115241,
    "rsd_pct": 1.6289579165558359,
    "micro": false
  },
  "liquid-c": {
    "mean": 58.83466673240198,
    "rsd_pct": 2.056587525899359,
    "micro": false
  },
  "liquid-render": {
    "mean": 107.81605685431812,
    "rsd_pct": 2.6640662448256065,
    "micro": false
  },
  "mail": {
    "mean": 130.34493887943088,
    "rsd_pct": 0.26437481066971746,
    "micro": false
  },
  "psych-load": {
    "mean": 1782.5986995982628,
    "rsd_pct": 0.04590459052650787,
    "micro": false
  },
  "railsbench": {
    "mean": 1835.3201959903042,
    "rsd_pct": 1.2846980532491667,
    "micro": false
  },
  "ruby-lsp": {
    "mean": 62.72128474189894,
    "rsd_pct": 21.081484213099994,
    "micro": false
  },
  "sequel": {
    "mean": 142.3537561388539,
    "rsd_pct": 1.7498816917035538,
    "micro": false
  },
  "binarytrees": {
    "mean": 235.99344397163284,
    "rsd_pct": 0.07050276627637628,
    "micro": false
  },
  "chunky_png": {
    "mean": 618.1612572690938,
    "rsd_pct": 0.04969688126631554,
    "micro": false
  },
  "erubi": {
    "mean": 251.82122464256383,
    "rsd_pct": 1.001957358971317,
    "micro": false
  },
  "erubi_rails": {
    "mean": 16.025957412872764,
    "rsd_pct": 3.359181047418725,
    "micro": false
  },
  "etanni": {
    "mean": 408.09316294533863,
    "rsd_pct": 0.49103068654780363,
    "micro": false
  },
  "fannkuchredux": {
    "mean": 874.0128602578559,
    "rsd_pct": 0.1439180222786646,
    "micro": false
  },
  "lee": {
    "mean": 888.7170635121452,
    "rsd_pct": 0.15873114002896443,
    "micro": false
  },
  "nbody": {
    "mean": 76.79110463672819,
    "rsd_pct": 0.06481589087192924,
    "micro": false
  },
  "optcarrot": {
    "mean": 2659.807292589297,
    "rsd_pct": 0.6573452117130764,
    "micro": false
  },
  "rubykon": {
    "mean": 6640.47024877121,
    "rsd_pct": 0.4719191143825571,
    "micro": false
  },
  "30k_ifelse": {
    "mean": 423.1821424724098,
    "rsd_pct": 0.07628242331015044,
    "micro": true
  },
  "30k_methods": {
    "mean": 958.7459784932435,
    "rsd_pct": 0.039427265446709485,
    "micro": true
  },
  "cfunc_itself": {
    "mean": 42.52388683603482,
    "rsd_pct": 0.16427904925158293,
    "micro": true
  },
  "fib": {
    "mean": 62.107883194195374,
    "rsd_pct": 0.0388958536319399,
    "micro": true
  },
  "getivar": {
    "mean": 45.84481713891781,
    "rsd_pct": 0.11116249137497915,
    "micro": true
  },
  "keyword_args": {
    "mean": 53.21374628817042,
    "rsd_pct": 0.17301191158529083,
    "micro": true
  },
  "respond_to": {
    "mean": 28.830777890012637,
    "rsd_pct": 0.3673967602084662,
    "micro": true
  },
  "setivar": {
    "mean": 14.913562033325434,
    "rsd_pct": 0.07718504911489663,
    "micro": true
  },
  "setivar_object": {
    "mean": 47.103992597428416,
    "rsd_pct": 0.8851123770795862,
    "micro": true
  },
  "str_concat": {
    "mean": 42.490622054468446,
    "rsd_pct": 1.4701124899259805,
    "micro": true
  }
}