{
  "activerecord": {
    "mean": 107.34047156596637,
    "rsd_pct": 0.5237823156332305,
    "micro": false
  },
  "hexapdf": {
    "mean": 2034.3570322729647,
    "rsd_pct": 1.6887366399008732,
    "micro": false
  },
  "liquid-c": {
    "mean": 58.67091315636373,
    "rsd_pct": 2.110548386924583,
    "micro": false
  },
  "liquid-render": {
    "mean": 109.67713651550903,
    "rsd_pct": 2.708445772298465,
    "micro": false
  },
  "mail": {
    "mean": 131.397186096955,
    "rsd_pct": 0.26229824054828005,
    "micro": false
  },
  "psych-load": {
    "mean": 1808.6374271350603,
    "rsd_pct": 0.028800454099986824,
    "micro": false
  },
  "railsbench": {
    "mean": 1855.6820606191952,
    "rsd_pct": 1.0977096638916877,
    "micro": false
  },
  "ruby-lsp": {
    "mean": 64.51957354858565,
    "rsd_pct": 21.052894488726434,
    "micro": false
  },
  "sequel": {
    "mean": 143.1255478317431,
    "rsd_pct": 1.9844061207519117,
    "micro": false
  },
  "binarytrees": {
    "mean": 230.54962837527137,
    "rsd_pct": 0.06404386689032243,
    "micro": false
  },
  "chunky_png": {
    "mean": 618.9898904995061,
    "rsd_pct": 0.071685690963632,
    "micro": false
  },
  "erubi": {
    "mean": 255.88774122894765,
    "rsd_pct": 0.9749136788251218,
    "micro": false
  },
  "erubi_rails": {
    "mean": 15.858492458807513,
    "rsd_pct": 3.4725621289685358,
    "micro": false
  },
  "etanni": {
    "mean": 411.01836115315865,
    "rsd_pct": 0.4700769682074244,
    "micro": false
  },
  "fannkuchredux": {
    "mean": 847.1961048755633,
    "rsd_pct": 0.07595102005795684,
    "micro": false
  },
  "lee": {
    "mean": 878.5417725501412,
    "rsd_pct": 0.09388520751678119,
    "micro": false
  },
  "nbody": {
    "mean": 74.48608974523064,
    "rsd_pct": 0.06882876082994072,
    "micro": false
  },
  "optcarrot": {
    "mean": 6087.788026748846,
    "rsd_pct": 0.28742415745115674,
    "micro": false
  },
  "rubykon": {
    "mean": 6754.1303331032395,
    "rsd_pct": 0.39260779325452594,
    "micro": false
  },
  "30k_ifelse": {
    "mean": 423.2784570095704,
    "rsd_pct": 0.06709662568958842,
    "micro": true
  },
  "30k_methods": {
    "mean": 958.5455764317885,
    "rsd_pct": 0.0407113927754265,
    "micro": true
  },
  "cfunc_itself": {
    "mean": 42.37876177395668,
    "rsd_pct": 0.11714218102794166,
    "micro": true
  },
  "fib": {
    "mean": 62.16413956251564,
    "rsd_pct": 0.0888668235432523,
    "micro": true
  },
  "getivar": {
    "mean": 45.847865434602724,
    "rsd_pct": 0.1914692991783612,
    "micro": true
  },
  "keyword_args": {
    "mean": 52.47483845785495,
    "rsd_pct": 0.08318664587292542,
    "micro": true
  },
  "respond_to": {
    "mean": 29.23952444382992,
    "rsd_pct": 0.426480334332438,
    "micro": true
  },
  "setivar": {
    "mean": 14.91498074401934,
    "rsd_pct": 0.1095042316207155,
    "micro": true
  },
  "setivar_object": {
    "mean": 47.093811750253835,
    "rsd_pct": 0.8920761720730307,
    "micro": true
  },
  "str_concat": {
    "mean": 44.201702694408596,
    "rsd_pct": 1.3145355068878133,
    "micro": true
  }
}