{
  "activerecord": {
    "mean": 111.33977688082001,
    "rsd_pct": 2.066464583492844,
    "micro": false
  },
  "jekyll": {
    "mean": 7664.872289204504,
    "rsd_pct": 1.489398193540257,
    "micro": false
  },
  "liquid-render": {
    "mean": 149.36745574513841,
    "rsd_pct": 1.7013666182194476,
    "micro": false
  },
  "psych-load": {
    "mean": 1849.9188792076893,
    "rsd_pct": 0.4843242705619837,
    "micro": false
  },
  "railsbench": {
    "mean": 2780.340043408796,
    "rsd_pct": 1.2992064989129952,
    "micro": false
  },
  "binarytrees": {
    "mean": 301.13690351789586,
    "rsd_pct": 1.268638669748903,
    "micro": false
  },
  "fannkuchredux": {
    "mean": 5506.931422324851,
    "rsd_pct": 0.06875541065125358,
    "micro": false
  },
  "lee": {
    "mean": 804.2114714005342,
    "rsd_pct": 1.687634936964866,
    "micro": false
  },
  "nbody": {
    "mean": 115.7713089733916,
    "rsd_pct": 0.42631828339379607,
    "micro": false
  },
  "optcarrot": {
    "mean": 3128.6844486836344,
    "rsd_pct": 0.26042280472598556,
    "micro": false
  },
  "30k_ifelse": {
    "mean": 329.33482503764986,
    "rsd_pct": 0.1883727401523492,
    "micro": true
  },
  "30k_methods": {
    "mean": 718.2253959472291,
    "rsd_pct": 0.02270731665036383,
    "micro": true
  },
  "cfunc_itself": {
    "mean": 41.504826015887495,
    "rsd_pct": 0.33078177149649685,
    "micro": true
  },
  "fib": {
    "mean": 58.31948229057194,
    "rsd_pct": 0.07129879940700133,
    "micro": true
  },
  "getivar": {
    "mean": 36.27419011348992,
    "rsd_pct": 0.0431052533679838,
    "micro": true
  },
  "respond_to": {
    "mean": 154.3197239380485,
    "rsd_pct": 0.25725819117783644,
    "micro": true
  },
  "setivar": {
    "mean": 41.874102699376415,
    "rsd_pct": 0.21137306985795795,
    "micro": true
  }
}