{
  "activerecord": {
    "mean": 107.10901988640347,
    "rsd_pct": 0.741080063201042,
    "micro": false
  },
  "hexapdf": {
    "mean": 2161.2335028126836,
    "rsd_pct": 1.1142143160322129,
    "micro": false
  },
  "jekyll": {
    "mean": 7498.555709049106,
    "rsd_pct": 2.938766527081367,
    "micro": false
  },
  "liquid-render": {
    "mean": 117.30353345803788,
    "rsd_pct": 1.9876171542026344,
    "micro": false
  },
  "mail": {
    "mean": 143.49995491181988,
    "rsd_pct": 1.5603627672659561,
    "micro": false
  },
  "psych-load": {
    "mean": 1632.841654618581,
    "rsd_pct": 0.6313728512797375,
    "micro": false
  },
  "railsbench": {
    "mean": 2408.0036756893,
    "rsd_pct": 1.28123053253569,
    "micro": false
  },
  "binarytrees": {
    "mean": 283.52756580228316,
    "rsd_pct": 2.871058532601622,
    "micro": false
  },
  "erubi": {
    "mean": 423.63621642813087,
    "rsd_pct": 1.8565203908222143,
    "micro": false
  },
  "erubi_rails": {
    "mean": 33.22876763640571,
    "rsd_pct": 3.9391336920831583,
    "micro": false
  },
  "fannkuchredux": {
    "mean": 5508.612119965255,
    "rsd_pct": 0.06769096163476061,
    "micro": false
  },
  "lee": {
    "mean": 749.0641130134463,
    "rsd_pct": 1.4374677339014728,
    "micro": false
  },
  "nbody": {
    "mean": 73.29857570415162,
    "rsd_pct": 0.042339817963135414,
    "micro": false
  },
  "optcarrot": {
    "mean": 3076.403841127952,
    "rsd_pct": 0.659001902824125,
    "micro": false
  },
  "rubykon": {
    "mean": 5640.7070229450865,
    "rsd_pct": 0.19997135930396862,
    "micro": false
  },
  "30k_ifelse": {
    "mean": 307.6688049790951,
    "rsd_pct": 0.22201949407581087,
    "micro": true
  },
  "30k_methods": {
    "mean": 741.8970328110915,
    "rsd_pct": 0.03763200112845902,
    "micro": true
  },
  "cfunc_itself": {
    "mean": 39.79556682226184,
    "rsd_pct": 0.29329698612672267,
    "micro": true
  },
  "fib": {
    "mean": 52.07586133716783,
    "rsd_pct": 0.03241893169191345,
    "micro": true
  },
  "getivar": {
    "mean": 35.469554738533645,
    "rsd_pct": 0.052556296819391696,
    "micro": true
  },
  "keyword_args": {
    "mean": 46.54269850666255,
    "rsd_pct": 0.1718693045936738,
    "micro": true
  },
  "respond_to": {
    "mean": 156.34167919051833,
    "rsd_pct": 0.22360641340917695,
    "micro": true
  },
  "setivar": {
    "mean": 39.0068265755533,
    "rsd_pct": 0.3365996838674394,
    "micro": true
  }
}