{
  "activerecord": {
    "mean": 41.759488816113816,
    "rsd_pct": 0.7751492563129312,
    "micro": false
  },
  "erubi_rails": {
    "mean": 15.02284688903089,
    "rsd_pct": 3.738133364053975,
    "micro": false
  },
  "hexapdf": {
    "mean": 1977.3283294091623,
    "rsd_pct": 2.2338407127615527,
    "micro": false
  },
  "liquid-c": {
    "mean": 58.44015137712776,
    "rsd_pct": 2.1547721444895704,
    "micro": false
  },
  "liquid-render": {
    "mean": 103.24699186522108,
    "rsd_pct": 2.813107338594402,
    "micro": false
  },
  "mail": {
    "mean": 128.24449297641553,
    "rsd_pct": 0.2879826504446082,
    "micro": false
  },
  "psych-load": {
    "mean": 1804.5870433251064,
    "rsd_pct": 0.13228887880861295,
    "micro": false
  },
  "railsbench": {
    "mean": 1782.6240403577685,
    "rsd_pct": 1.2019932141629965,
    "micro": false
  },
  "ruby-lsp": {
    "mean": 56.893769147296176,
    "rsd_pct": 20.595612716183723,
    "micro": false
  },
  "sequel": {
    "mean": 67.46675626622506,
    "rsd_pct": 0.2992816196562598,
    "micro": false
  },
  "binarytrees": {
    "mean": 223.17304495308133,
    "rsd_pct": 0.08943357570085016,
    "micro": false
  },
  "chunky_png": {
    "mean": 605.9689006739945,
    "rsd_pct": 0.07484524436104696,
    "micro": false
  },
  "erubi": {
    "mean": 250.61290627345443,
    "rsd_pct": 0.8431392897099397,
    "micro": false
  },
  "etanni": {
    "mean": 408.92286178636914,
    "rsd_pct": 0.4415526313267276,
    "micro": false
  },
  "fannkuchredux": {
    "mean": 755.3066500964073,
    "rsd_pct": 0.028437129911290625,
    "micro": false
  },
  "lee": {
    "mean": 886.1071289601651,
    "rsd_pct": 0.34040460856169386,
    "micro": false
  },
  "nbody": {
    "mean": 76.9017803437122,
    "rsd_pct": 0.06431852266305255,
    "micro": false
  },
  "optcarrot": {
    "mean": 2245.6521779298782,
    "rsd_pct": 0.5961885793153008,
    "micro": false
  },
  "ruby-json": {
    "mean": 3089.5287469029427,
    "rsd_pct": 0.22400293101438262,
    "micro": false
  },
  "rubykon": {
    "mean": 6484.629003579418,
    "rsd_pct": 0.3565694527967483,
    "micro": false
  },
  "30k_ifelse": {
    "mean": 360.9451613812284,
    "rsd_pct": 0.06338414923222563,
    "micro": true
  },
  "30k_methods": {
    "mean": 856.9569166587746,
    "rsd_pct": 0.016386231072001368,
    "micro": true
  },
  "cfunc_itself": {
    "mean": 39.32043540396579,
    "rsd_pct": 0.24569179397574817,
    "micro": true
  },
  "fib": {
    "mean": 44.893196133080494,
    "rsd_pct": 0.07001363859436084,
    "micro": true
  },
  "getivar": {
    "mean": 21.271485718898475,
    "rsd_pct": 0.40465083509297645,
    "micro": true
  },
  "keyword_args": {
    "mean": 48.77488114950782,
    "rsd_pct": 0.3421210891112026,
    "micro": true
  },
  "respond_to": {
    "mean": 26.694133183851584,
    "rsd_pct": 0.20462772826619793,
    "micro": true
  },
  "setivar": {
    "mean": 11.991264006367649,
    "rsd_pct": 0.0898178628762892,
    "micro": true
  },
  "setivar_object": {
    "mean": 46.77321300547422,
    "rsd_pct": 2.9443107010741336,
    "micro": true
  },
  "setivar_young": {
    "mean": 45.26775728809793,
    "rsd_pct": 0.6738349029479377,
    "micro": true
  },
  "str_concat": {
    "mean": 43.51876877361913,
    "rsd_pct": 1.50039520362737,
    "micro": true
  },
  "throw": {
    "mean": 22.46805166894799,
    "rsd_pct": 0.23127558161839953,
    "micro": true
  }
}