{
  "activerecord": {
    "mean": 42.142131789884665,
    "rsd_pct": 0.7583774517035327,
    "micro": false
  },
  "erubi_rails": {
    "mean": 15.225543165502929,
    "rsd_pct": 3.6414337023707724,
    "micro": false
  },
  "hexapdf": {
    "mean": 2025.2228892718751,
    "rsd_pct": 1.4758246293694308,
    "micro": false
  },
  "liquid-c": {
    "mean": 59.011270820397385,
    "rsd_pct": 2.0532439014629564,
    "micro": false
  },
  "liquid-render": {
    "mean": 105.07460285831864,
    "rsd_pct": 2.697712183349416,
    "micro": false
  },
  "mail": {
    "mean": 129.83990333414351,
    "rsd_pct": 0.36172935622430763,
    "micro": false
  },
  "psych-load": {
    "mean": 1768.1898241241772,
    "rsd_pct": 0.04384938826876979,
    "micro": false
  },
  "railsbench": {
    "mean": 1808.556302326421,
    "rsd_pct": 1.201858991540517,
    "micro": false
  },
  "ruby-lsp": {
    "mean": 58.48083954012065,
    "rsd_pct": 19.42518351507292,
    "micro": false
  },
  "sequel": {
    "mean": 67.44232273590909,
    "rsd_pct": 0.25001349390935634,
    "micro": false
  },
  "binarytrees": {
    "mean": 235.4374661712962,
    "rsd_pct": 0.08052617263208964,
    "micro": false
  },
  "chunky_png": {
    "mean": 630.6919816997834,
    "rsd_pct": 0.1515221400877685,
    "micro": false
  },
  "erubi": {
    "mean": 255.15514001017436,
    "rsd_pct": 0.8087839077676511,
    "micro": false
  },
  "etanni": {
    "mean": 419.25234343780545,
    "rsd_pct": 0.4447062831118935,
    "micro": false
  },
  "fannkuchredux": {
    "mean": 852.4738630124679,
    "rsd_pct": 0.13445939156923412,
    "micro": false
  },
  "lee": {
    "mean": 914.7504894486206,
    "rsd_pct": 0.3488131349250011,
    "micro": false
  },
  "nbody": {
    "mean": 72.8316958407285,
    "rsd_pct": 0.13064523053381621,
    "micro": false
  },
  "optcarrot": {
    "mean": 2530.2853307376304,
    "rsd_pct": 0.6859743325845782,
    "micro": false
  },
  "ruby-json": {
    "mean": 3073.160118299226,
    "rsd_pct": 0.12761996471270434,
    "micro": false
  },
  "rubykon": {
    "mean": 6612.656196020544,
    "rsd_pct": 1.8109200140956179,
    "micro": false
  },
  "30k_ifelse": {
    "mean": 420.58819574006696,
    "rsd_pct": 0.07551833063986324,
    "micro": true
  },
  "30k_methods": {
    "mean": 945.0056992826007,
    "rsd_pct": 0.027862591125774133,
    "micro": true
  },
  "cfunc_itself": {
    "mean": 40.6882593943121,
    "rsd_pct": 0.17375902763130094,
    "micro": true
  },
  "fib": {
    "mean": 61.704909515187694,
    "rsd_pct": 0.05642546431415084,
    "micro": true
  },
  "getivar": {
    "mean": 45.71548775436545,
    "rsd_pct": 0.06907935917941162,
    "micro": true
  },
  "keyword_args": {
    "mean": 53.720742280813404,
    "rsd_pct": 0.14251605448935262,
    "micro": true
  },
  "respond_to": {
    "mean": 31.554274931607964,
    "rsd_pct": 0.5629529398362636,
    "micro": true
  },
  "setivar": {
    "mean": 14.794120680094426,
    "rsd_pct": 0.10142956720100306,
    "micro": true
  },
  "setivar_object": {
    "mean": 47.27507129491094,
    "rsd_pct": 1.5481709625365052,
    "micro": true
  },
  "setivar_young": {
    "mean": 46.26420756034992,
    "rsd_pct": 2.0391567262779313,
    "micro": true
  },
  "str_concat": {
    "mean": 43.950315294353636,
    "rsd_pct": 1.3137604346744178,
    "micro": true
  },
  "throw": {
    "mean": 24.675258592795355,
    "rsd_pct": 0.21108872933860717,
    "micro": true
  }
}