{
  "activerecord": {
    "mean": 95.89030795048869,
    "rsd_pct": 0.8509435829117515,
    "micro": false
  },
  "hexapdf": {
    "mean": 2262.8358150521913,
    "rsd_pct": 1.453018821581186,
    "micro": false
  },
  "liquid-render": {
    "mean": 130.00025729147288,
    "rsd_pct": 1.6426034692319424,
    "micro": false
  },
  "mail": {
    "mean": 161.48935883275925,
    "rsd_pct": 0.1356622034833278,
    "micro": false
  },
  "psych-load": {
    "mean": 1900.883726278941,
    "rsd_pct": 0.05692413357622953,
    "micro": false
  },
  "railsbench": {
    "mean": 2036.452065159877,
    "rsd_pct": 1.0042188101654612,
    "micro": false
  },
  "ruby-lsp": {
    "mean": 84.07674318293802,
    "rsd_pct": 24.62183650672479,
    "micro": false
  },
  "binarytrees": {
    "mean": 235.21615078344064,
    "rsd_pct": 0.05719583468938844,
    "micro": false
  },
  "chunky_png": {
    "mean": 617.3930680379272,
    "rsd_pct": 0.059949492127744614,
    "micro": false
  },
  "erubi": {
    "mean": 286.7061762111401,
    "rsd_pct": 1.0252637534127738,
    "micro": false
  },
  "erubi_rails": {
    "mean": 17.77147141419232,
    "rsd_pct": 4.018461672898983,
    "micro": false
  },
  "etanni": {
    "mean": 470.40940226898306,
    "rsd_pct": 0.5587707008103369,
    "micro": false
  },
  "fannkuchredux": {
    "mean": 2299.120432138443,
    "rsd_pct": 0.04946442305694985,
    "micro": false
  },
  "lee": {
    "mean": 907.294602048668,
    "rsd_pct": 1.842080858073966,
    "micro": false
  },
  "nbody": {
    "mean": 79.17684708685333,
    "rsd_pct": 0.08404314285480129,
    "micro": false
  },
  "optcarrot": {
    "mean": 2966.4703890681267,
    "rsd_pct": 0.38057725633322065,
    "micro": false
  },
  "rubykon": {
    "mean": 6632.688031097253,
    "rsd_pct": 1.3600742901679899,
    "micro": false
  },
  "30k_ifelse": {
    "mean": 396.0727250322382,
    "rsd_pct": 0.1303713036067536,
    "micro": true
  },
  "30k_methods": {
    "mean": 960.9550897032022,
    "rsd_pct": 0.04993527677473816,
    "micro": true
  },
  "cfunc_itself": {
    "mean": 41.05106088887101,
    "rsd_pct": 0.18886822174512335,
    "micro": true
  },
  "fib": {
    "mean": 61.15390225925941,
    "rsd_pct": 0.07876718488653775,
    "micro": true
  },
  "getivar": {
    "mean": 46.84922943628923,
    "rsd_pct": 0.26721510423914113,
    "micro": true
  },
  "keyword_args": {
    "mean": 51.88133637603207,
    "rsd_pct": 0.13589866303956522,
    "micro": true
  },
  "respond_to": {
    "mean": 28.402285094202405,
    "rsd_pct": 0.6712352107316976,
    "micro": true
  },
  "setivar": {
    "mean": 52.91471305081082,
    "rsd_pct": 0.5382392456485663,
    "micro": true
  },
  "str_concat": {
    "mean": 40.784167892792645,
    "rsd_pct": 1.8444258509038967,
    "micro": true
  }
}