{
  "activerecord": {
    "mean": 41.26065263327157,
    "rsd_pct": 0.8037973591490303,
    "micro": false
  },
  "erubi_rails": {
    "mean": 14.985605200203285,
    "rsd_pct": 3.546480725074134,
    "micro": false
  },
  "hexapdf": {
    "mean": 1981.829011067748,
    "rsd_pct": 2.1758566577420355,
    "micro": false
  },
  "liquid-c": {
    "mean": 58.10328092305891,
    "rsd_pct": 1.9819636165099865,
    "micro": false
  },
  "liquid-compile": {
    "mean": 55.33884670585394,
    "rsd_pct": 1.2385191528845345,
    "micro": false
  },
  "liquid-render": {
    "mean": 101.71727626705108,
    "rsd_pct": 2.736533384354243,
    "micro": false
  },
  "mail": {
    "mean": 127.3164809621775,
    "rsd_pct": 0.21305007252522115,
    "micro": false
  },
  "psych-load": {
    "mean": 1796.3311765963833,
    "rsd_pct": 0.07145242781775568,
    "micro": false
  },
  "railsbench": {
    "mean": 1787.6992426812649,
    "rsd_pct": 1.266474064068505,
    "micro": false
  },
  "ruby-lsp": {
    "mean": 57.183154488780666,
    "rsd_pct": 20.547644510748217,
    "micro": false
  },
  "sequel": {
    "mean": 67.43571942835744,
    "rsd_pct": 0.6493942175981673,
    "micro": false
  },
  "binarytrees": {
    "mean": 231.05776667679575,
    "rsd_pct": 0.08540279930901121,
    "micro": false
  },
  "chunky_png": {
    "mean": 608.9077055115591,
    "rsd_pct": 0.04910673670056858,
    "micro": false
  },
  "erubi": {
    "mean": 254.85071356002337,
    "rsd_pct": 0.8037349112305112,
    "micro": false
  },
  "etanni": {
    "mean": 411.8692297488451,
    "rsd_pct": 0.4606379849629048,
    "micro": false
  },
  "fannkuchredux": {
    "mean": 782.1265460851674,
    "rsd_pct": 7.254869283060098,
    "micro": false
  },
  "lee": {
    "mean": 878.5037444481118,
    "rsd_pct": 0.39109805698441347,
    "micro": false
  },
  "nbody": {
    "mean": 69.25047634932626,
    "rsd_pct": 0.10155968205134983,
    "micro": false
  },
  "optcarrot": {
    "mean": 2208.710604098936,
    "rsd_pct": 0.6368562809042894,
    "micro": false
  },
  "ruby-json": {
    "mean": 3064.2552868152657,
    "rsd_pct": 0.10713013411200122,
    "micro": false
  },
  "rubykon": {
    "mean": 6374.6565366784735,
    "rsd_pct": 1.53440407343647,
    "micro": false
  },
  "30k_ifelse": {
    "mean": 361.9768918745897,
    "rsd_pct": 0.05552335493804484,
    "micro": true
  },
  "30k_methods": {
    "mean": 856.8180017578213,
    "rsd_pct": 0.017811137043272276,
    "micro": true
  },
  "cfunc_itself": {
    "mean": 39.35425476500958,
    "rsd_pct": 0.13269483159498108,
    "micro": true
  },
  "fib": {
    "mean": 44.8971967746535,
    "rsd_pct": 0.051238399097566216,
    "micro": true
  },
  "getivar": {
    "mean": 21.277468102418226,
    "rsd_pct": 0.516484757772836,
    "micro": true
  },
  "keyword_args": {
    "mean": 48.336981159703036,
    "rsd_pct": 0.41890022247845066,
    "micro": true
  },
  "respond_to": {
    "mean": 25.11928130747976,
    "rsd_pct": 0.6678287289229785,
    "micro": true
  },
  "setivar": {
    "mean": 11.992119437046728,
    "rsd_pct": 0.09125091348750071,
    "micro": true
  },
  "setivar_object": {
    "mean": 44.455354598661266,
    "rsd_pct": 1.8397042773988737,
    "micro": true
  },
  "setivar_young": {
    "mean": 43.066279784021575,
    "rsd_pct": 1.7844402330726623,
    "micro": true
  },
  "str_concat": {
    "mean": 43.29337133403053,
    "rsd_pct": 1.3389382675257422,
    "micro": true
  },
  "throw": {
    "mean": 24.641097729366148,
    "rsd_pct": 0.28487020048996525,
    "micro": true
  }
}