{
  "activerecord": {
    "mean": 106.69759647263324,
    "rsd_pct": 0.5397898975982349,
    "micro": false
  },
  "hexapdf": {
    "mean": 2022.0864167126517,
    "rsd_pct": 2.015429447264104,
    "micro": false
  },
  "liquid-c": {
    "mean": 58.93270924095982,
    "rsd_pct": 2.132518187117019,
    "micro": false
  },
  "liquid-render": {
    "mean": 109.63708150924907,
    "rsd_pct": 2.7112037743607136,
    "micro": false
  },
  "mail": {
    "mean": 130.8573752705907,
    "rsd_pct": 0.2828986445131711,
    "micro": false
  },
  "psych-load": {
    "mean": 1809.9354865029454,
    "rsd_pct": 0.023027451639206296,
    "micro": false
  },
  "railsbench": {
    "mean": 1848.9248586508136,
    "rsd_pct": 1.2309906458953794,
    "micro": false
  },
  "ruby-lsp": {
    "mean": 64.93452626531699,
    "rsd_pct": 21.267960123547894,
    "micro": false
  },
  "sequel": {
    "mean": 143.6564676212079,
    "rsd_pct": 1.9427081618321262,
    "micro": false
  },
  "binarytrees": {
    "mean": 233.39268964870521,
    "rsd_pct": 0.06032275052843042,
    "micro": false
  },
  "chunky_png": {
    "mean": 612.6270406966796,
    "rsd_pct": 0.04606696016719239,
    "micro": false
  },
  "erubi": {
    "mean": 252.47466116427228,
    "rsd_pct": 0.8890231738916566,
    "micro": false
  },
  "erubi_rails": {
    "mean": 15.740547091039247,
    "rsd_pct": 3.7187472421894308,
    "micro": false
  },
  "etanni": {
    "mean": 407.5375584106208,
    "rsd_pct": 0.4526553184543847,
    "micro": false
  },
  "fannkuchredux": {
    "mean": 848.5108409298673,
    "rsd_pct": 0.0638304294753681,
    "micro": false
  },
  "lee": {
    "mean": 881.8265276495367,
    "rsd_pct": 0.1167326362363757,
    "micro": false
  },
  "nbody": {
    "mean": 75.24937916957245,
    "rsd_pct": 0.06114881640141729,
    "micro": false
  },
  "optcarrot": {
    "mean": 5984.323616884649,
    "rsd_pct": 0.2753457111593931,
    "micro": false
  },
  "rubykon": {
    "mean": 6806.616439856589,
    "rsd_pct": 0.33871894770215444,
    "micro": false
  },
  "30k_ifelse": {
    "mean": 422.5543027624805,
    "rsd_pct": 0.08994156964407805,
    "micro": true
  },
  "30k_methods": {
    "mean": 957.7987063676119,
    "rsd_pct": 0.053602500407831634,
    "micro": true
  },
  "cfunc_itself": {
    "mean": 42.56214882169705,
    "rsd_pct": 0.13492434676693868,
    "micro": true
  },
  "fib": {
    "mean": 62.17668751382336,
    "rsd_pct": 0.1251218446668429,
    "micro": true
  },
  "getivar": {
    "mean": 45.84553331636542,
    "rsd_pct": 0.1714451274729025,
    "micro": true
  },
  "keyword_args": {
    "mean": 52.55324883130932,
    "rsd_pct": 0.09384282573172674,
    "micro": true
  },
  "respond_to": {
    "mean": 28.83416111648126,
    "rsd_pct": 0.3048381670744807,
    "micro": true
  },
  "setivar": {
    "mean": 14.912510570138693,
    "rsd_pct": 0.07330822702249744,
    "micro": true
  },
  "setivar_object": {
    "mean": 47.11513982581377,
    "rsd_pct": 0.9133340262197742,
    "micro": true
  },
  "str_concat": {
    "mean": 42.091729764491966,
    "rsd_pct": 1.4440352030491592,
    "micro": true
  }
}