{
  "activerecord": {
    "mean": 41.38905232628951,
    "rsd_pct": 0.8890981046257529,
    "micro": false
  },
  "erubi_rails": {
    "mean": 15.079655723365262,
    "rsd_pct": 3.355348950896381,
    "micro": false
  },
  "hexapdf": {
    "mean": 1995.7069963216782,
    "rsd_pct": 1.9489117782199339,
    "micro": false
  },
  "liquid-c": {
    "mean": 57.98028656377121,
    "rsd_pct": 2.0442891824071077,
    "micro": false
  },
  "liquid-render": {
    "mean": 102.67210785067915,
    "rsd_pct": 2.772119881011979,
    "micro": false
  },
  "mail": {
    "mean": 128.32946952981635,
    "rsd_pct": 0.2063187554142075,
    "micro": false
  },
  "psych-load": {
    "mean": 1792.8580271080136,
    "rsd_pct": 0.03865051638158289,
    "micro": false
  },
  "railsbench": {
    "mean": 1801.456094905734,
    "rsd_pct": 1.2298181634896814,
    "micro": false
  },
  "ruby-lsp": {
    "mean": 56.954463608562946,
    "rsd_pct": 20.449398521407833,
    "micro": false
  },
  "sequel": {
    "mean": 67.57593497545835,
    "rsd_pct": 0.4071335786856711,
    "micro": false
  },
  "binarytrees": {
    "mean": 224.93820240594107,
    "rsd_pct": 0.10551804993973236,
    "micro": false
  },
  "chunky_png": {
    "mean": 603.7488983040957,
    "rsd_pct": 0.04124208606977786,
    "micro": false
  },
  "erubi": {
    "mean": 247.45828854158904,
    "rsd_pct": 0.9490830553168922,
    "micro": false
  },
  "etanni": {
    "mean": 403.0181349631637,
    "rsd_pct": 0.4468356913800763,
    "micro": false
  },
  "fannkuchredux": {
    "mean": 748.7769786340112,
    "rsd_pct": 0.03373892686503219,
    "micro": false
  },
  "lee": {
    "mean": 883.7690557437865,
    "rsd_pct": 0.3437718239881526,
    "micro": false
  },
  "nbody": {
    "mean": 76.39276891778637,
    "rsd_pct": 0.08570269839279131,
    "micro": false
  },
  "optcarrot": {
    "mean": 2209.57524223874,
    "rsd_pct": 0.6095982217461626,
    "micro": false
  },
  "ruby-json": {
    "mean": 3066.8306171894073,
    "rsd_pct": 0.10195095252813287,
    "micro": false
  },
  "rubykon": {
    "mean": 6455.298458101849,
    "rsd_pct": 0.36284500234815664,
    "micro": false
  },
  "30k_ifelse": {
    "mean": 360.603588971902,
    "rsd_pct": 0.06242538418668171,
    "micro": true
  },
  "30k_methods": {
    "mean": 856.6996221147153,
    "rsd_pct": 0.017371918532501685,
    "micro": true
  },
  "cfunc_itself": {
    "mean": 39.06664313883348,
    "rsd_pct": 0.1925318357647265,
    "micro": true
  },
  "fib": {
    "mean": 44.89417294396108,
    "rsd_pct": 0.05188251715846654,
    "micro": true
  },
  "getivar": {
    "mean": 21.165089938524925,
    "rsd_pct": 0.26665605363770045,
    "micro": true
  },
  "keyword_args": {
    "mean": 48.37528773606187,
    "rsd_pct": 0.25237847668869656,
    "micro": true
  },
  "respond_to": {
    "mean": 26.90637114392534,
    "rsd_pct": 0.9617883480824078,
    "micro": true
  },
  "setivar": {
    "mean": 11.990965996552136,
    "rsd_pct": 0.08845592830609762,
    "micro": true
  },
  "setivar_object": {
    "mean": 46.943989480949114,
    "rsd_pct": 4.271119931439971,
    "micro": true
  },
  "setivar_young": {
    "mean": 43.09237117533861,
    "rsd_pct": 1.7305169594641623,
    "micro": true
  },
  "str_concat": {
    "mean": 42.91113654139223,
    "rsd_pct": 1.2831150795202224,
    "micro": true
  },
  "throw": {
    "mean": 23.315356257839493,
    "rsd_pct": 0.21420110260781466,
    "micro": true
  }
}