{
  "activerecord": {
    "mean": 102.88117320827789,
    "rsd_pct": 0.5191898834046396,
    "micro": false
  },
  "hexapdf": {
    "mean": 2383.5476718842983,
    "rsd_pct": 3.047717134403425,
    "micro": false
  },
  "liquid-render": {
    "mean": 124.57834586966783,
    "rsd_pct": 1.6061639509565309,
    "micro": false
  },
  "mail": {
    "mean": 156.93834577760998,
    "rsd_pct": 0.14335045115767464,
    "micro": false
  },
  "psych-load": {
    "mean": 2026.566914220651,
    "rsd_pct": 0.06173563299772257,
    "micro": false
  },
  "railsbench": {
    "mean": 2104.2565874755383,
    "rsd_pct": 0.932702597911154,
    "micro": false
  },
  "binarytrees": {
    "mean": 365.1384100667201,
    "rsd_pct": 0.08757067554247006,
    "micro": false
  },
  "chunky_png": {
    "mean": 657.8174156447252,
    "rsd_pct": 0.06318654554985437,
    "micro": false
  },
  "erubi": {
    "mean": 322.52625870655794,
    "rsd_pct": 0.6499983223369509,
    "micro": false
  },
  "erubi_rails": {
    "mean": 19.590486867053606,
    "rsd_pct": 3.3531225750603944,
    "micro": false
  },
  "fannkuchredux": {
    "mean": 2355.004059523344,
    "rsd_pct": 0.2029441165825802,
    "micro": false
  },
  "lee": {
    "mean": 969.0338237211108,
    "rsd_pct": 1.694709087207456,
    "micro": false
  },
  "nbody": {
    "mean": 94.77057867460378,
    "rsd_pct": 0.09012111950915297,
    "micro": false
  },
  "optcarrot": {
    "mean": 3470.1788837711015,
    "rsd_pct": 0.5961584499970973,
    "micro": false
  },
  "rubykon": {
    "mean": 6768.866828083992,
    "rsd_pct": 0.514629033327767,
    "micro": false
  },
  "30k_ifelse": {
    "mean": 365.19675424153155,
    "rsd_pct": 0.07931739729553747,
    "micro": true
  },
  "30k_methods": {
    "mean": 871.8290987678549,
    "rsd_pct": 0.01985687416933769,
    "micro": true
  },
  "cfunc_itself": {
    "mean": 47.759000177056784,
    "rsd_pct": 0.6716556590722706,
    "micro": true
  },
  "fib": {
    "mean": 63.31248623984201,
    "rsd_pct": 0.03874801815534919,
    "micro": true
  },
  "getivar": {
    "mean": 44.26821668086381,
    "rsd_pct": 0.12208855487966401,
    "micro": true
  },
  "keyword_args": {
    "mean": 54.302118444556434,
    "rsd_pct": 0.1463497803099395,
    "micro": true
  },
  "respond_to": {
    "mean": 183.66644399188388,
    "rsd_pct": 0.21707541886363366,
    "micro": true
  },
  "setivar": {
    "mean": 49.98586555736354,
    "rsd_pct": 0.19080520206022816,
    "micro": true
  },
  "str_concat": {
    "mean": 46.12185276924325,
    "rsd_pct": 1.2391840683885607,
    "micro": true
  }
}