{
  "activerecord": {
    "mean": 109.87973296962804,
    "rsd_pct": 0.45868214314540207,
    "micro": false
  },
  "hexapdf": {
    "mean": 2424.3310583134494,
    "rsd_pct": 1.6785012654744862,
    "micro": false
  },
  "liquid-render": {
    "mean": 127.39137369631366,
    "rsd_pct": 1.7667395501712988,
    "micro": false
  },
  "mail": {
    "mean": 162.37409512807685,
    "rsd_pct": 0.3250559561429577,
    "micro": false
  },
  "psych-load": {
    "mean": 2000.5065444236,
    "rsd_pct": 0.3300736818607294,
    "micro": false
  },
  "railsbench": {
    "mean": 2183.5594288383923,
    "rsd_pct": 1.381693421076949,
    "micro": false
  },
  "binarytrees": {
    "mean": 360.57385127418314,
    "rsd_pct": 0.144287451792209,
    "micro": false
  },
  "chunky_png": {
    "mean": 668.9857137699922,
    "rsd_pct": 0.23508054083086713,
    "micro": false
  },
  "discourse": {
    "mean": 509.80658212525617,
    "rsd_pct": 6.079107229930923,
    "micro": false
  },
  "erubi": {
    "mean": 425.31727430747543,
    "rsd_pct": 0.8421239475102499,
    "micro": false
  },
  "erubi_rails": {
    "mean": 20.414641055496773,
    "rsd_pct": 3.3513570912757755,
    "micro": false
  },
  "fannkuchredux": {
    "mean": 6909.440358169377,
    "rsd_pct": 0.1327107001172395,
    "micro": false
  },
  "lee": {
    "mean": 923.5210322907993,
    "rsd_pct": 1.22771427240547,
    "micro": false
  },
  "nbody": {
    "mean": 90.35989365066497,
    "rsd_pct": 0.4553210394848996,
    "micro": false
  },
  "optcarrot": {
    "mean": 3506.223837596675,
    "rsd_pct": 0.588472709762672,
    "micro": false
  },
  "rubykon": {
    "mean": 10714.905821656188,
    "rsd_pct": 0.2673617968572926,
    "micro": false
  },
  "30k_ifelse": {
    "mean": 364.6638632552432,
    "rsd_pct": 0.16638034566700158,
    "micro": true
  },
  "30k_methods": {
    "mean": 920.1360256834464,
    "rsd_pct": 0.0492911971097798,
    "micro": true
  },
  "cfunc_itself": {
    "mean": 44.80890375110016,
    "rsd_pct": 1.005001592831367,
    "micro": true
  },
  "fib": {
    "mean": 62.510533127351664,
    "rsd_pct": 0.6068871874770428,
    "micro": true
  },
  "getivar": {
    "mean": 42.56716532809068,
    "rsd_pct": 0.7352731595396498,
    "micro": true
  },
  "keyword_args": {
    "mean": 53.139416715846615,
    "rsd_pct": 0.6847304326174048,
    "micro": true
  },
  "respond_to": {
    "mean": 180.57505511543127,
    "rsd_pct": 0.3219390138659272,
    "micro": true
  },
  "setivar": {
    "mean": 52.61836426763032,
    "rsd_pct": 0.6723479436993703,
    "micro": true
  }
}