{
  "activerecord": {
    "mean": 143.57709743945895,
    "rsd_pct": 0.21804069147815106,
    "micro": false
  },
  "erubi_rails": {
    "mean": 44.82464561339959,
    "rsd_pct": 2.019999458946193,
    "micro": false
  },
  "hexapdf": {
    "mean": 5842.846164728205,
    "rsd_pct": 1.204985540962057,
    "micro": false
  },
  "liquid-c": {
    "mean": 189.44192031981893,
    "rsd_pct": 1.7890064531418977,
    "micro": false
  },
  "liquid-compile": {
    "mean": 162.8747499947037,
    "rsd_pct": 0.5974697925621836,
    "micro": false
  },
  "liquid-render": {
    "mean": 356.6984558488176,
    "rsd_pct": 2.2592563605271963,
    "micro": false
  },
  "mail": {
    "mean": 362.5676468280809,
    "rsd_pct": 0.1355892643642159,
    "micro": false
  },
  "psych-load": {
    "mean": 5266.373733555277,
    "rsd_pct": 0.15946942237652473,
    "micro": false
  },
  "railsbench": {
    "mean": 5307.442772512634,
    "rsd_pct": 0.7548172507547096,
    "micro": false
  },
  "ruby-lsp": {
    "mean": 175.21592881530523,
    "rsd_pct": 12.62413028037076,
    "micro": false
  },
  "sequel": {
    "mean": 201.66668019068615,
    "rsd_pct": 0.19303052398370046,
    "micro": false
  },
  "binarytrees": {
    "mean": 492.2320955757345,
    "rsd_pct": 0.14366271348242796,
    "micro": false
  },
  "chunky_png": {
    "mean": 1459.278588059048,
    "rsd_pct": 0.08596449932330198,
    "micro": false
  },
  "erubi": {
    "mean": 554.9500259129625,
    "rsd_pct": 0.8255034453305741,
    "micro": false
  },
  "etanni": {
    "mean": 915.9854813478887,
    "rsd_pct": 0.4470849775847337,
    "micro": false
  },
  "fannkuchredux": {
    "mean": 1486.4456610381603,
    "rsd_pct": 0.28429297683301946,
    "micro": false
  },
  "lee": {
    "mean": 2220.9994874217296,
    "rsd_pct": 0.21697140078379956,
    "micro": false
  },
  "nbody": {
    "mean": 155.11792680391898,
    "rsd_pct": 0.08746348129313478,
    "micro": false
  },
  "optcarrot": {
    "mean": 8510.032303631306,
    "rsd_pct": 0.5033939320057474,
    "micro": false
  },
  "ruby-json": {
    "mean": 8725.147062912583,
    "rsd_pct": 0.17342259873344007,
    "micro": false
  },
  "rubykon": {
    "mean": 18954.396840060752,
    "rsd_pct": 0.4092872011511667,
    "micro": false
  },
  "30k_ifelse": {
    "mean": 1594.9822574853897,
    "rsd_pct": 0.03310555649476398,
    "micro": true
  },
  "30k_methods": {
    "mean": 3427.861567424691,
    "rsd_pct": 0.07593034145866752,
    "micro": true
  },
  "cfunc_itself": {
    "mean": 86.81956650980283,
    "rsd_pct": 0.009798499631159264,
    "micro": true
  },
  "fib": {
    "mean": 123.70283122124549,
    "rsd_pct": 0.06993854328222589,
    "micro": true
  },
  "getivar": {
    "mean": 40.466356300354256,
    "rsd_pct": 0.013672534331522749,
    "micro": true
  },
  "keyword_args": {
    "mean": 121.67502752070322,
    "rsd_pct": 0.036664728104313066,
    "micro": true
  },
  "respond_to": {
    "mean": 73.19812379930525,
    "rsd_pct": 1.9746046574994431,
    "micro": true
  },
  "setivar": {
    "mean": 30.89403847917405,
    "rsd_pct": 0.017575793434192504,
    "micro": true
  },
  "setivar_object": {
    "mean": 116.22490792553586,
    "rsd_pct": 1.3651013033700419,
    "micro": true
  },
  "setivar_young": {
    "mean": 113.2399302638941,
    "rsd_pct": 1.852951807656207,
    "micro": true
  },
  "str_concat": {
    "mean": 83.28152674117258,
    "rsd_pct": 0.868213018485481,
    "micro": true
  },
  "throw": {
    "mean": 49.927726786958395,
    "rsd_pct": 0.1596987783410354,
    "micro": true
  }
}