{
  "activerecord": {
    "mean": 96.18206694722176,
    "rsd_pct": 0.7868260044291843,
    "micro": false
  },
  "hexapdf": {
    "mean": 2298.1048805018268,
    "rsd_pct": 1.2822479535627975,
    "micro": false
  },
  "liquid-render": {
    "mean": 113.0749389571561,
    "rsd_pct": 1.7660934276212943,
    "micro": false
  },
  "mail": {
    "mean": 160.17167428966428,
    "rsd_pct": 0.1333805064611478,
    "micro": false
  },
  "psych-load": {
    "mean": 1895.9855976204078,
    "rsd_pct": 0.03460287641027816,
    "micro": false
  },
  "railsbench": {
    "mean": 2038.1922888259094,
    "rsd_pct": 1.4505006043186235,
    "micro": false
  },
  "ruby-lsp": {
    "mean": 71.22535688017518,
    "rsd_pct": 14.377768039849338,
    "micro": false
  },
  "binarytrees": {
    "mean": 231.44806600175798,
    "rsd_pct": 3.624626731737853,
    "micro": false
  },
  "chunky_png": {
    "mean": 620.8169279852882,
    "rsd_pct": 0.05989357208905149,
    "micro": false
  },
  "erubi": {
    "mean": 298.1627624591484,
    "rsd_pct": 0.7216960701611855,
    "micro": false
  },
  "erubi_rails": {
    "mean": 17.717563388794527,
    "rsd_pct": 4.15111254865925,
    "micro": false
  },
  "etanni": {
    "mean": 475.04784707866963,
    "rsd_pct": 0.5172534402227691,
    "micro": false
  },
  "fannkuchredux": {
    "mean": 2434.1779939830303,
    "rsd_pct": 0.09911307761675377,
    "micro": false
  },
  "lee": {
    "mean": 903.219359261649,
    "rsd_pct": 0.3540561565255006,
    "micro": false
  },
  "nbody": {
    "mean": 90.97822365458943,
    "rsd_pct": 0.08765241201069825,
    "micro": false
  },
  "optcarrot": {
    "mean": 3137.300059199333,
    "rsd_pct": 0.42060374861541977,
    "micro": false
  },
  "rubykon": {
    "mean": 6646.87673697869,
    "rsd_pct": 0.47792374579526536,
    "micro": false
  },
  "30k_ifelse": {
    "mean": 404.6013782173395,
    "rsd_pct": 0.10001681512734774,
    "micro": true
  },
  "30k_methods": {
    "mean": 958.3683973178267,
    "rsd_pct": 0.03686226679416497,
    "micro": true
  },
  "cfunc_itself": {
    "mean": 40.1340928833615,
    "rsd_pct": 0.15692209195852144,
    "micro": true
  },
  "fib": {
    "mean": 61.13045552135972,
    "rsd_pct": 0.03702414813480755,
    "micro": true
  },
  "getivar": {
    "mean": 46.85035908040732,
    "rsd_pct": 0.04313712291819604,
    "micro": true
  },
  "keyword_args": {
    "mean": 51.800990071861854,
    "rsd_pct": 0.1243751791364642,
    "micro": true
  },
  "respond_to": {
    "mean": 28.75450239399401,
    "rsd_pct": 0.5544238473963545,
    "micro": true
  },
  "setivar": {
    "mean": 50.82810977451521,
    "rsd_pct": 0.5773370252826748,
    "micro": true
  },
  "str_concat": {
    "mean": 46.1129227163382,
    "rsd_pct": 1.61092136855343,
    "micro": true
  }
}