{
  "activerecord": {
    "mean": 105.34907420952395,
    "rsd_pct": 0.47205313442701474,
    "micro": false
  },
  "hexapdf": {
    "mean": 2379.7114922354617,
    "rsd_pct": 1.8530149031423475,
    "micro": false
  },
  "liquid-render": {
    "mean": 147.5994310517242,
    "rsd_pct": 1.711364589955707,
    "micro": false
  },
  "mail": {
    "mean": 186.04734776733076,
    "rsd_pct": 2.6265320005117205,
    "micro": false
  },
  "psych-load": {
    "mean": 2233.3232179284096,
    "rsd_pct": 0.05522601722552825,
    "micro": false
  },
  "railsbench": {
    "mean": 2457.87240366141,
    "rsd_pct": 0.7487537893454553,
    "micro": false
  },
  "binarytrees": {
    "mean": 391.8351207283281,
    "rsd_pct": 0.41762004277919645,
    "micro": false
  },
  "chunky_png": {
    "mean": 668.4319650561645,
    "rsd_pct": 0.4925243382924033,
    "micro": false
  },
  "discourse": {
    "mean": 527.4649194970324,
    "rsd_pct": 17.216222912619507,
    "micro": false
  },
  "erubi": {
    "mean": 414.767883446378,
    "rsd_pct": 0.836949702533661,
    "micro": false
  },
  "erubi_rails": {
    "mean": 24.471016965109406,
    "rsd_pct": 53.18280638087089,
    "micro": false
  },
  "fannkuchredux": {
    "mean": 7076.564189046621,
    "rsd_pct": 2.812484623613358,
    "micro": false
  },
  "lee": {
    "mean": 888.5306880055439,
    "rsd_pct": 1.3314387879031035,
    "micro": false
  },
  "nbody": {
    "mean": 88.0812900276841,
    "rsd_pct": 0.534021580475454,
    "micro": false
  },
  "optcarrot": {
    "mean": 3483.921415731311,
    "rsd_pct": 0.5824220698747664,
    "micro": false
  },
  "rubykon": {
    "mean": 7928.6989734818535,
    "rsd_pct": 3.5528334572192133,
    "micro": false
  },
  "30k_ifelse": {
    "mean": 354.43572270950034,
    "rsd_pct": 0.1858081005376955,
    "micro": true
  },
  "30k_methods": {
    "mean": 875.4735909063708,
    "rsd_pct": 0.06627454871133243,
    "micro": true
  },
  "cfunc_itself": {
    "mean": 44.68707923660986,
    "rsd_pct": 0.9540584090192163,
    "micro": true
  },
  "fib": {
    "mean": 62.575366056077534,
    "rsd_pct": 0.6551498366725255,
    "micro": true
  },
  "getivar": {
    "mean": 42.60762719142093,
    "rsd_pct": 0.7204551366520594,
    "micro": true
  },
  "keyword_args": {
    "mean": 53.0668469612784,
    "rsd_pct": 0.675317514719916,
    "micro": true
  },
  "respond_to": {
    "mean": 186.91480044206534,
    "rsd_pct": 0.3234577838566136,
    "micro": true
  },
  "setivar": {
    "mean": 50.5868167780424,
    "rsd_pct": 0.7833726778593207,
    "micro": true
  },
  "str_concat": {
    "mean": 106.93044740451025,
    "rsd_pct": 1.47455876255024,
    "micro": true
  }
}