{
  "activerecord": {
    "mean": 332.22224600018654,
    "rsd_pct": 0.10294890249224901,
    "micro": false
  },
  "hexapdf": {
    "mean": 6459.051548441251,
    "rsd_pct": 1.9673872047977874,
    "micro": false
  },
  "liquid-c": {
    "mean": 190.56417720844232,
    "rsd_pct": 1.8424441184563158,
    "micro": false
  },
  "liquid-render": {
    "mean": 377.14785112293214,
    "rsd_pct": 2.112825364040612,
    "micro": false
  },
  "mail": {
    "mean": 389.0282868554718,
    "rsd_pct": 0.25543089335058866,
    "micro": false
  },
  "psych-load": {
    "mean": 5519.7034653276205,
    "rsd_pct": 0.08268755126418646,
    "micro": false
  },
  "railsbench": {
    "mean": 5593.023330842455,
    "rsd_pct": 0.747792220089875,
    "micro": false
  },
  "ruby-lsp": {
    "mean": 188.67823161161357,
    "rsd_pct": 11.054404894020815,
    "micro": false
  },
  "sequel": {
    "mean": 385.95418441745875,
    "rsd_pct": 1.9698070809438808,
    "micro": false
  },
  "binarytrees": {
    "mean": 524.0845656257936,
    "rsd_pct": 0.09678705818595763,
    "micro": false
  },
  "chunky_png": {
    "mean": 1540.4994922573678,
    "rsd_pct": 0.13147752045441602,
    "micro": false
  },
  "erubi": {
    "mean": 569.4162153839311,
    "rsd_pct": 0.8472415926111858,
    "micro": false
  },
  "erubi_rails": {
    "mean": 47.45352691014529,
    "rsd_pct": 1.9256406553840022,
    "micro": false
  },
  "etanni": {
    "mean": 909.2520810283569,
    "rsd_pct": 0.5240907380817382,
    "micro": false
  },
  "fannkuchredux": {
    "mean": 2015.2587206305368,
    "rsd_pct": 0.1798390806771932,
    "micro": false
  },
  "lee": {
    "mean": 2374.7577522273946,
    "rsd_pct": 0.21335724874089398,
    "micro": false
  },
  "nbody": {
    "mean": 177.41403578620253,
    "rsd_pct": 0.06758639125472868,
    "micro": false
  },
  "optcarrot": {
    "mean": 10389.993423968554,
    "rsd_pct": 0.6526777383809603,
    "micro": false
  },
  "rubykon": {
    "mean": 20936.43273686369,
    "rsd_pct": 0.38841087030752247,
    "micro": false
  },
  "30k_ifelse": {
    "mean": 1936.2889884554959,
    "rsd_pct": 0.028331691215461557,
    "micro": true
  },
  "30k_methods": {
    "mean": 3860.221499763429,
    "rsd_pct": 0.09588361439201043,
    "micro": true
  },
  "cfunc_itself": {
    "mean": 103.34662951513208,
    "rsd_pct": 0.011545532103928339,
    "micro": true
  },
  "fib": {
    "mean": 191.09540786131384,
    "rsd_pct": 0.007506773777612271,
    "micro": true
  },
  "getivar": {
    "mean": 107.4729272711236,
    "rsd_pct": 0.007457154770634755,
    "micro": true
  },
  "keyword_args": {
    "mean": 191.09579617409554,
    "rsd_pct": 0.010115441070378138,
    "micro": true
  },
  "respond_to": {
    "mean": 99.86006256504258,
    "rsd_pct": 1.226962293704614,
    "micro": true
  },
  "setivar": {
    "mean": 50.03817077506664,
    "rsd_pct": 0.014013229835980323,
    "micro": true
  },
  "setivar_object": {
    "mean": 127.57886648443561,
    "rsd_pct": 0.8641168721274295,
    "micro": true
  },
  "str_concat": {
    "mean": 106.5534838473428,
    "rsd_pct": 0.6934625837938662,
    "micro": true
  }
}