{
  "activerecord": {
    "mean": 97.87771700700718,
    "rsd_pct": 0.8766150150249459,
    "micro": false
  },
  "hexapdf": {
    "mean": 2309.536135196686,
    "rsd_pct": 2.2173341645486055,
    "micro": false
  },
  "liquid-render": {
    "mean": 112.83467864168101,
    "rsd_pct": 1.932399285898021,
    "micro": false
  },
  "mail": {
    "mean": 157.40213358378784,
    "rsd_pct": 0.11513500497401112,
    "micro": false
  },
  "psych-load": {
    "mean": 1853.0242837965488,
    "rsd_pct": 0.06320613089814454,
    "micro": false
  },
  "railsbench": {
    "mean": 2024.7993687788646,
    "rsd_pct": 1.7132233053141528,
    "micro": false
  },
  "ruby-lsp": {
    "mean": 81.49457214370607,
    "rsd_pct": 22.062212347215567,
    "micro": false
  },
  "binarytrees": {
    "mean": 239.75091782562873,
    "rsd_pct": 4.183891282822149,
    "micro": false
  },
  "chunky_png": {
    "mean": 624.8778693618312,
    "rsd_pct": 0.06405369019967105,
    "micro": false
  },
  "erubi": {
    "mean": 293.8242580241232,
    "rsd_pct": 0.8283270563656062,
    "micro": false
  },
  "erubi_rails": {
    "mean": 18.500537228562354,
    "rsd_pct": 10.161981297919045,
    "micro": false
  },
  "etanni": {
    "mean": 474.9183817101376,
    "rsd_pct": 0.46307983834773625,
    "micro": false
  },
  "fannkuchredux": {
    "mean": 2312.448877841234,
    "rsd_pct": 0.1668214596518663,
    "micro": false
  },
  "lee": {
    "mean": 953.1589852912085,
    "rsd_pct": 0.10640295006273183,
    "micro": false
  },
  "nbody": {
    "mean": 78.11890475305856,
    "rsd_pct": 0.07725170470233444,
    "micro": false
  },
  "optcarrot": {
    "mean": 3152.4161058167615,
    "rsd_pct": 0.41498383701155245,
    "micro": false
  },
  "rubykon": {
    "mean": 6790.971075743437,
    "rsd_pct": 0.3631389177975155,
    "micro": false
  },
  "30k_ifelse": {
    "mean": 397.96971544623375,
    "rsd_pct": 0.11406124229906038,
    "micro": true
  },
  "30k_methods": {
    "mean": 956.0755988582969,
    "rsd_pct": 0.03945496830523763,
    "micro": true
  },
  "cfunc_itself": {
    "mean": 40.32075229413837,
    "rsd_pct": 0.5492649905886653,
    "micro": true
  },
  "fib": {
    "mean": 61.295737598114215,
    "rsd_pct": 0.04831361050342996,
    "micro": true
  },
  "getivar": {
    "mean": 46.86191846822069,
    "rsd_pct": 0.04986109959323293,
    "micro": true
  },
  "keyword_args": {
    "mean": 51.71997165332106,
    "rsd_pct": 0.3458197565127428,
    "micro": true
  },
  "respond_to": {
    "mean": 28.27408258924208,
    "rsd_pct": 0.5301135749421708,
    "micro": true
  },
  "setivar": {
    "mean": 47.971299235269036,
    "rsd_pct": 0.3507137465298501,
    "micro": true
  },
  "str_concat": {
    "mean": 40.97862993151147,
    "rsd_pct": 1.7040789292961143,
    "micro": true
  }
}