{
  "activerecord": {
    "mean": 112.67303116203819,
    "rsd_pct": 1.9428736778903681
  },
  "jekyll": {
    "mean": 7632.6301275985315,
    "rsd_pct": 1.8343835693428796
  },
  "liquid-render": {
    "mean": 151.6554212468661,
    "rsd_pct": 1.661108073832021
  },
  "psych-load": {
    "mean": 1782.5543873128481,
    "rsd_pct": 0.5197991536553694
  },
  "railsbench": {
    "mean": 2769.8998310719617,
    "rsd_pct": 1.4428261090351133
  },
  "binarytrees": {
    "mean": 298.36984384159575,
    "rsd_pct": 0.08737435834218876
  },
  "fannkuchredux": {
    "mean": 5513.967013393994,
    "rsd_pct": 0.12232184052497376
  },
  "lee": {
    "mean": 803.5394494499391,
    "rsd_pct": 1.654685093771528
  },
  "nbody": {
    "mean": 114.7688259906841,
    "rsd_pct": 0.2414314609203801
  },
  "optcarrot": {
    "mean": 3138.973096536938,
    "rsd_pct": 0.25194493579104493
  },
  "30k_ifelse": {
    "mean": 328.85431699162604,
    "rsd_pct": 0.1806512961677485
  },
  "30k_methods": {
    "mean": 722.326453432389,
    "rsd_pct": 0.014702439098145734
  },
  "cfunc_itself": {
    "mean": 41.757638779417206,
    "rsd_pct": 0.34826442988698564
  },
  "fib": {
    "mean": 58.312648974775755,
    "rsd_pct": 0.027996992702527687
  },
  "getivar": {
    "mean": 36.27777289710304,
    "rsd_pct": 0.06685640080055565
  },
  "respond_to": {
    "mean": 160.6960829894018,
    "rsd_pct": 0.4279086568462919
  },
  "setivar": {
    "mean": 41.74894179478006,
    "rsd_pct": 0.32149932710906304
  }
}