{
  "activerecord": {
    "mean": 106.76857098105319,
    "rsd_pct": 0.5019570410043288,
    "micro": false
  },
  "hexapdf": {
    "mean": 1989.555526462694,
    "rsd_pct": 1.9891345912508482,
    "micro": false
  },
  "liquid-c": {
    "mean": 58.744095204375924,
    "rsd_pct": 2.087497962716714,
    "micro": false
  },
  "liquid-render": {
    "mean": 109.76929095599593,
    "rsd_pct": 2.7169084310993448,
    "micro": false
  },
  "mail": {
    "mean": 131.23681541885537,
    "rsd_pct": 0.2739569532618216,
    "micro": false
  },
  "psych-load": {
    "mean": 1807.770967995748,
    "rsd_pct": 0.03174520521301831,
    "micro": false
  },
  "railsbench": {
    "mean": 1850.3960225420694,
    "rsd_pct": 1.1119894369162677,
    "micro": false
  },
  "ruby-lsp": {
    "mean": 65.74239496503172,
    "rsd_pct": 20.372613118030902,
    "micro": false
  },
  "sequel": {
    "mean": 144.38501775543457,
    "rsd_pct": 2.0717416107974342,
    "micro": false
  },
  "binarytrees": {
    "mean": 232.92255029636658,
    "rsd_pct": 0.06454768156936423,
    "micro": false
  },
  "chunky_png": {
    "mean": 623.5765389865264,
    "rsd_pct": 0.06385616807409578,
    "micro": false
  },
  "erubi": {
    "mean": 251.50817961026078,
    "rsd_pct": 0.9899462499438291,
    "micro": false
  },
  "erubi_rails": {
    "mean": 15.728460059639486,
    "rsd_pct": 3.5336482661679205,
    "micro": false
  },
  "etanni": {
    "mean": 402.0305352085935,
    "rsd_pct": 0.45618478230518666,
    "micro": false
  },
  "fannkuchredux": {
    "mean": 847.3665120434903,
    "rsd_pct": 0.0683442215994862,
    "micro": false
  },
  "lee": {
    "mean": 883.0902201906694,
    "rsd_pct": 0.10669976057548769,
    "micro": false
  },
  "nbody": {
    "mean": 75.24110214609908,
    "rsd_pct": 0.06074285949783739,
    "micro": false
  },
  "optcarrot": {
    "mean": 5994.1955795977265,
    "rsd_pct": 0.301380456574922,
    "micro": false
  },
  "rubykon": {
    "mean": 6760.0865697332965,
    "rsd_pct": 0.3461446468142793,
    "micro": false
  },
  "30k_ifelse": {
    "mean": 423.13428861683514,
    "rsd_pct": 0.07459374704493282,
    "micro": true
  },
  "30k_methods": {
    "mean": 955.1604231004603,
    "rsd_pct": 0.04137616732582141,
    "micro": true
  },
  "cfunc_itself": {
    "mean": 42.56799461286285,
    "rsd_pct": 0.13606662233231892,
    "micro": true
  },
  "fib": {
    "mean": 62.1628731690823,
    "rsd_pct": 0.046265701553205654,
    "micro": true
  },
  "getivar": {
    "mean": 45.816334151906396,
    "rsd_pct": 0.12747214812332408,
    "micro": true
  },
  "keyword_args": {
    "mean": 53.196851697954344,
    "rsd_pct": 0.10546000277739184,
    "micro": true
  },
  "respond_to": {
    "mean": 30.622444944912488,
    "rsd_pct": 0.20425285916379599,
    "micro": true
  },
  "setivar": {
    "mean": 14.914765803894,
    "rsd_pct": 0.07598252483839157,
    "micro": true
  },
  "setivar_object": {
    "mean": 47.12127313192607,
    "rsd_pct": 0.9051569099679448,
    "micro": true
  },
  "str_concat": {
    "mean": 42.0555447629407,
    "rsd_pct": 1.4845920023549666,
    "micro": true
  }
}