{
  "activerecord": {
    "mean": 108.18068719069872,
    "rsd_pct": 1.1600466033510162
  },
  "jekyll": {
    "mean": 7473.309086356312,
    "rsd_pct": 1.7851765300752134
  },
  "liquid-render": {
    "mean": 151.7141747181533,
    "rsd_pct": 1.2608620003633435
  },
  "mail": {
    "mean": 138.91069250834633,
    "rsd_pct": 0.5638339324325179
  },
  "psych-load": {
    "mean": 1682.7036773320287,
    "rsd_pct": 0.14586145945107096
  },
  "railsbench": {
    "mean": 2525.865922542289,
    "rsd_pct": 1.3658960682372514
  },
  "binarytrees": {
    "mean": 300.51313412555476,
    "rsd_pct": 2.41237781912492
  },
  "fannkuchredux": {
    "mean": 5509.713872335851,
    "rsd_pct": 0.3930276364115959
  },
  "lee": {
    "mean": 818.686246064802,
    "rsd_pct": 1.5804706653685263
  },
  "nbody": {
    "mean": 73.06216514817524,
    "rsd_pct": 0.03481098719737464
  },
  "optcarrot": {
    "mean": 3090.7486244104803,
    "rsd_pct": 0.33543330332038024
  },
  "30k_ifelse": {
    "mean": 321.303247500999,
    "rsd_pct": 0.20105495891943845
  },
  "30k_methods": {
    "mean": 759.3873309738495,
    "rsd_pct": 0.02393313861429018
  },
  "cfunc_itself": {
    "mean": 39.997351685614916,
    "rsd_pct": 0.2346212304216604
  },
  "fib": {
    "mean": 52.037567437936865,
    "rsd_pct": 0.05864853977730414
  },
  "getivar": {
    "mean": 36.2602549682829,
    "rsd_pct": 0.05190232560192236
  },
  "keyword_args": {
    "mean": 241.2951299537943,
    "rsd_pct": 0.05218977818670532
  },
  "respond_to": {
    "mean": 172.59348012102802,
    "rsd_pct": 0.09411580882166479
  },
  "setivar": {
    "mean": 39.444650684591466,
    "rsd_pct": 0.05776016972883372
  }
}