{
  "activerecord": {
    "mean": 308.6691399730274,
    "rsd_pct": 0.19231317319215882,
    "micro": false
  },
  "hexapdf": {
    "mean": 6757.929700954507,
    "rsd_pct": 0.9017606884860276,
    "micro": false
  },
  "liquid-render": {
    "mean": 397.8519325987462,
    "rsd_pct": 1.5672241826138953,
    "micro": false
  },
  "mail": {
    "mean": 420.23306693488234,
    "rsd_pct": 0.10261217841561665,
    "micro": false
  },
  "psych-load": {
    "mean": 5591.297956028332,
    "rsd_pct": 0.07072918475574683,
    "micro": false
  },
  "railsbench": {
    "mean": 6095.673969108611,
    "rsd_pct": 0.10109281953623978,
    "micro": false
  },
  "ruby-lsp": {
    "mean": 205.53184226637,
    "rsd_pct": 9.016998788542924,
    "micro": false
  },
  "binarytrees": {
    "mean": 538.4734451848393,
    "rsd_pct": 0.220847846501754,
    "micro": false
  },
  "chunky_png": {
    "mean": 1547.96878065099,
    "rsd_pct": 0.07780372354791727,
    "micro": false
  },
  "erubi": {
    "mean": 754.3069614878143,
    "rsd_pct": 1.1590724080556565,
    "micro": false
  },
  "erubi_rails": {
    "mean": 49.8616245863362,
    "rsd_pct": 2.4384410141670365,
    "micro": false
  },
  "etanni": {
    "mean": 1168.6533968327794,
    "rsd_pct": 1.0781270731223247,
    "micro": false
  },
  "fannkuchredux": {
    "mean": 2322.9187191242263,
    "rsd_pct": 0.1750985085469138,
    "micro": false
  },
  "lee": {
    "mean": 2440.585102508998,
    "rsd_pct": 0.2624505360215637,
    "micro": false
  },
  "nbody": {
    "mean": 177.2236414935573,
    "rsd_pct": 0.0566270757900918,
    "micro": false
  },
  "optcarrot": {
    "mean": 10906.698356910298,
    "rsd_pct": 0.3741453175960656,
    "micro": false
  },
  "rubykon": {
    "mean": 21023.47868612657,
    "rsd_pct": 0.3468213597114186,
    "micro": false
  },
  "30k_ifelse": {
    "mean": 1921.337412437424,
    "rsd_pct": 0.0475727969732881,
    "micro": true
  },
  "30k_methods": {
    "mean": 3930.686686343203,
    "rsd_pct": 0.06395119974328056,
    "micro": true
  },
  "cfunc_itself": {
    "mean": 103.18274792549332,
    "rsd_pct": 0.021151476107168974,
    "micro": true
  },
  "fib": {
    "mean": 175.37987056633446,
    "rsd_pct": 0.009587675509519302,
    "micro": true
  },
  "getivar": {
    "mean": 107.91519330173662,
    "rsd_pct": 0.010484105222624914,
    "micro": true
  },
  "keyword_args": {
    "mean": 151.0390342886781,
    "rsd_pct": 0.011702141568712847,
    "micro": true
  },
  "respond_to": {
    "mean": 99.91176229193282,
    "rsd_pct": 1.282652038520067,
    "micro": true
  },
  "setivar": {
    "mean": 50.039772167692206,
    "rsd_pct": 0.013767037382800874,
    "micro": true
  },
  "setivar_object": {
    "mean": 127.73104961867672,
    "rsd_pct": 1.3519073482521582,
    "micro": true
  },
  "str_concat": {
    "mean": 106.59693559970368,
    "rsd_pct": 0.8091000763052301,
    "micro": true
  }
}