{
  "activerecord": {
    "mean": 108.69279369208748,
    "rsd_pct": 1.1726839345354765
  },
  "hexapdf": {
    "mean": 2234.336433466524,
    "rsd_pct": 1.16501534974728
  },
  "jekyll": {
    "mean": 7559.987436654046,
    "rsd_pct": 1.774588983366443
  },
  "liquid-render": {
    "mean": 126.69145668592505,
    "rsd_pct": 1.9886226062926078
  },
  "mail": {
    "mean": 139.71575942324628,
    "rsd_pct": 0.8746309539291153
  },
  "psych-load": {
    "mean": 1663.2954569999129,
    "rsd_pct": 0.9747225770137008
  },
  "railsbench": {
    "mean": 2464.7714563645422,
    "rsd_pct": 1.2204562422007588
  },
  "binarytrees": {
    "mean": 293.6265699581468,
    "rsd_pct": 2.54306111177605
  },
  "fannkuchredux": {
    "mean": 5389.262864459306,
    "rsd_pct": 0.022104903071786457
  },
  "lee": {
    "mean": 791.4349633792881,
    "rsd_pct": 1.6751931895131613
  },
  "nbody": {
    "mean": 75.02650624278802,
    "rsd_pct": 0.03564368991317841
  },
  "optcarrot": {
    "mean": 3285.1890979800373,
    "rsd_pct": 0.18063019804752975
  },
  "30k_ifelse": {
    "mean": 319.0407839181991,
    "rsd_pct": 0.16967704956808508
  },
  "30k_methods": {
    "mean": 752.836819683366,
    "rsd_pct": 0.12122548526048771
  },
  "cfunc_itself": {
    "mean": 39.41173296062702,
    "rsd_pct": 0.3413596926403649
  },
  "fib": {
    "mean": 51.99488515779376,
    "rsd_pct": 0.02319624663407548
  },
  "getivar": {
    "mean": 36.251492713822756,
    "rsd_pct": 0.0785742303759659
  },
  "keyword_args": {
    "mean": 46.370024904299754,
    "rsd_pct": 0.08744198858755076
  },
  "respond_to": {
    "mean": 175.43322081633266,
    "rsd_pct": 0.22080502269989982
  },
  "setivar": {
    "mean": 37.630715541512586,
    "rsd_pct": 0.2779150858232096
  }
}