{
  "activerecord": {
    "mean": 106.89562948399715,
    "rsd_pct": 0.294821410589392
  },
  "hexapdf": {
    "mean": 2212.7292362973094,
    "rsd_pct": 1.6197207287986197
  },
  "jekyll": {
    "mean": 7439.770034700632,
    "rsd_pct": 1.8337829376044992
  },
  "liquid-render": {
    "mean": 125.17166338240106,
    "rsd_pct": 1.9548420224316259
  },
  "mail": {
    "mean": 139.70039658864638,
    "rsd_pct": 0.6289211613840867
  },
  "psych-load": {
    "mean": 1610.8010552823544,
    "rsd_pct": 0.09665034595880607
  },
  "railsbench": {
    "mean": 2495.558557426557,
    "rsd_pct": 1.4003814964379278
  },
  "binarytrees": {
    "mean": 293.57877009848164,
    "rsd_pct": 2.768540956122061
  },
  "fannkuchredux": {
    "mean": 5540.038931835443,
    "rsd_pct": 0.07034557763414785
  },
  "lee": {
    "mean": 788.0970588303171,
    "rsd_pct": 1.3617086905939444
  },
  "nbody": {
    "mean": 75.48236662485436,
    "rsd_pct": 0.04202913147646877
  },
  "optcarrot": {
    "mean": 3127.299812855199,
    "rsd_pct": 0.4719259232352035
  },
  "30k_ifelse": {
    "mean": 317.61495204958715,
    "rsd_pct": 0.37619142314515536
  },
  "30k_methods": {
    "mean": 754.786615342121,
    "rsd_pct": 0.028616012632175343
  },
  "cfunc_itself": {
    "mean": 40.351054182759036,
    "rsd_pct": 0.3254204392342728
  },
  "fib": {
    "mean": 51.9969554108878,
    "rsd_pct": 0.05241101831811948
  },
  "getivar": {
    "mean": 36.253006057813764,
    "rsd_pct": 0.033818610241816816
  },
  "keyword_args": {
    "mean": 45.922269067451566,
    "rsd_pct": 0.36575109029450026
  },
  "respond_to": {
    "mean": 171.72365801443704,
    "rsd_pct": 0.628054074837387
  },
  "setivar": {
    "mean": 42.25054747774774,
    "rsd_pct": 0.058901252643842585
  }
}