{
  "activerecord": {
    "mean": 103.99383186147763,
    "rsd_pct": 0.5679403285595771,
    "micro": false
  },
  "hexapdf": {
    "mean": 2292.4412984400988,
    "rsd_pct": 2.2607596493761344,
    "micro": false
  },
  "liquid-render": {
    "mean": 129.70622952114667,
    "rsd_pct": 1.664983026574845,
    "micro": false
  },
  "mail": {
    "mean": 159.95709332186848,
    "rsd_pct": 0.13032193997423716,
    "micro": false
  },
  "psych-load": {
    "mean": 1988.2460292428732,
    "rsd_pct": 0.0382011600285419,
    "micro": false
  },
  "railsbench": {
    "mean": 2094.6201637387276,
    "rsd_pct": 0.8457205886260828,
    "micro": false
  },
  "binarytrees": {
    "mean": 360.2885362325293,
    "rsd_pct": 0.04130667931644186,
    "micro": false
  },
  "chunky_png": {
    "mean": 657.2064330801368,
    "rsd_pct": 0.07732393051374173,
    "micro": false
  },
  "erubi": {
    "mean": 390.34692846238613,
    "rsd_pct": 0.6410897215973138,
    "micro": false
  },
  "erubi_rails": {
    "mean": 20.984976947184943,
    "rsd_pct": 3.98827273016346,
    "micro": false
  },
  "fannkuchredux": {
    "mean": 8306.697590028247,
    "rsd_pct": 0.20583325034513933,
    "micro": false
  },
  "lee": {
    "mean": 901.005980135365,
    "rsd_pct": 0.5386347372469993,
    "micro": false
  },
  "nbody": {
    "mean": 90.68611711263657,
    "rsd_pct": 0.06327668058401263,
    "micro": false
  },
  "optcarrot": {
    "mean": 3479.461001728972,
    "rsd_pct": 0.6052259824509432,
    "micro": false
  },
  "rubykon": {
    "mean": 7372.157786041498,
    "rsd_pct": 6.194926075356161,
    "micro": false
  },
  "30k_ifelse": {
    "mean": 353.64527855068445,
    "rsd_pct": 0.09624630435933763,
    "micro": true
  },
  "30k_methods": {
    "mean": 877.5390261276202,
    "rsd_pct": 0.015839255016777413,
    "micro": true
  },
  "cfunc_itself": {
    "mean": 46.561421797635546,
    "rsd_pct": 0.6437195031066029,
    "micro": true
  },
  "fib": {
    "mean": 63.41406187959134,
    "rsd_pct": 0.2004659254604649,
    "micro": true
  },
  "getivar": {
    "mean": 42.52451576864146,
    "rsd_pct": 0.058707996943717665,
    "micro": true
  },
  "keyword_args": {
    "mean": 52.884506489246064,
    "rsd_pct": 0.2619436433034278,
    "micro": true
  },
  "respond_to": {
    "mean": 192.95273752262196,
    "rsd_pct": 0.046520463735303934,
    "micro": true
  },
  "setivar": {
    "mean": 53.452639559050276,
    "rsd_pct": 0.26392322571181526,
    "micro": true
  },
  "str_concat": {
    "mean": 104.66614641794344,
    "rsd_pct": 0.6546848414094745,
    "micro": true
  }
}