{
  "activerecord": {
    "mean": 103.90316424495045,
    "rsd_pct": 0.6510379071274773,
    "micro": false
  },
  "hexapdf": {
    "mean": 2315.401189401746,
    "rsd_pct": 1.4986873304328479,
    "micro": false
  },
  "liquid-render": {
    "mean": 128.5038790665567,
    "rsd_pct": 1.670294592612177,
    "micro": false
  },
  "mail": {
    "mean": 155.83815447462257,
    "rsd_pct": 0.17363980513300353,
    "micro": false
  },
  "psych-load": {
    "mean": 1918.5651455074549,
    "rsd_pct": 0.023885630312050397,
    "micro": false
  },
  "railsbench": {
    "mean": 2046.1453380684059,
    "rsd_pct": 0.8315269345378727,
    "micro": false
  },
  "binarytrees": {
    "mean": 364.72358999890275,
    "rsd_pct": 0.056333962247913615,
    "micro": false
  },
  "chunky_png": {
    "mean": 628.6995019763708,
    "rsd_pct": 0.052323440936057376,
    "micro": false
  },
  "erubi": {
    "mean": 320.74836705673914,
    "rsd_pct": 0.6566298753105906,
    "micro": false
  },
  "erubi_rails": {
    "mean": 19.307109352498816,
    "rsd_pct": 3.2826026257283027,
    "micro": false
  },
  "fannkuchredux": {
    "mean": 6904.890155792236,
    "rsd_pct": 0.11875087278643584,
    "micro": false
  },
  "lee": {
    "mean": 944.6362353683937,
    "rsd_pct": 1.1256374113153356,
    "micro": false
  },
  "nbody": {
    "mean": 94.10299567712678,
    "rsd_pct": 0.1157864999686063,
    "micro": false
  },
  "optcarrot": {
    "mean": 3464.3676914274693,
    "rsd_pct": 0.5954246250272248,
    "micro": false
  },
  "rubykon": {
    "mean": 6788.9014311134815,
    "rsd_pct": 1.259659958333392,
    "micro": false
  },
  "30k_ifelse": {
    "mean": 362.12956975214183,
    "rsd_pct": 0.06384259927753035,
    "micro": true
  },
  "30k_methods": {
    "mean": 877.9739084738222,
    "rsd_pct": 0.018571486191477426,
    "micro": true
  },
  "cfunc_itself": {
    "mean": 46.45226265272598,
    "rsd_pct": 0.5875401820573157,
    "micro": true
  },
  "fib": {
    "mean": 63.317532008631694,
    "rsd_pct": 0.046193660586572774,
    "micro": true
  },
  "getivar": {
    "mean": 44.22376713190677,
    "rsd_pct": 0.10976488372277453,
    "micro": true
  },
  "keyword_args": {
    "mean": 52.69516967138703,
    "rsd_pct": 0.34005570922198547,
    "micro": true
  },
  "respond_to": {
    "mean": 200.0550822190502,
    "rsd_pct": 0.9211222447135702,
    "micro": true
  },
  "setivar": {
    "mean": 40.4378107808289,
    "rsd_pct": 0.5260320881969243,
    "micro": true
  },
  "str_concat": {
    "mean": 44.275720597569006,
    "rsd_pct": 1.4674377436768955,
    "micro": true
  }
}