{
  "activerecord": {
    "mean": 99.2827419118554,
    "rsd_pct": 0.828576479608306,
    "micro": false
  },
  "hexapdf": {
    "mean": 2314.4377467532954,
    "rsd_pct": 2.1084675579643326,
    "micro": false
  },
  "liquid-render": {
    "mean": 112.48997628022839,
    "rsd_pct": 1.8604070696847659,
    "micro": false
  },
  "mail": {
    "mean": 155.6748473855454,
    "rsd_pct": 0.11566114339125799,
    "micro": false
  },
  "psych-load": {
    "mean": 1974.1832931836445,
    "rsd_pct": 0.02634327107072301,
    "micro": false
  },
  "railsbench": {
    "mean": 2118.222555766503,
    "rsd_pct": 1.2353420932476549,
    "micro": false
  },
  "binarytrees": {
    "mean": 228.08842703180258,
    "rsd_pct": 3.8126672665509367,
    "micro": false
  },
  "chunky_png": {
    "mean": 625.2274868949767,
    "rsd_pct": 0.06216138031374226,
    "micro": false
  },
  "erubi": {
    "mean": 301.1289145519484,
    "rsd_pct": 0.8856147478020161,
    "micro": false
  },
  "erubi_rails": {
    "mean": 18.627297691289932,
    "rsd_pct": 3.8428826591776852,
    "micro": false
  },
  "etanni": {
    "mean": 470.24345566474256,
    "rsd_pct": 0.4870918831778936,
    "micro": false
  },
  "fannkuchredux": {
    "mean": 2331.1769443253675,
    "rsd_pct": 0.3622053497272451,
    "micro": false
  },
  "lee": {
    "mean": 943.7388197651932,
    "rsd_pct": 0.1139508533707487,
    "micro": false
  },
  "nbody": {
    "mean": 81.49792485665984,
    "rsd_pct": 0.08725536557168481,
    "micro": false
  },
  "optcarrot": {
    "mean": 3067.392366131147,
    "rsd_pct": 0.38413952679502344,
    "micro": false
  },
  "rubykon": {
    "mean": 6829.378778735797,
    "rsd_pct": 0.4009905533168635,
    "micro": false
  },
  "30k_ifelse": {
    "mean": 352.28963355932916,
    "rsd_pct": 0.17271480650165655,
    "micro": true
  },
  "30k_methods": {
    "mean": 813.8218911675116,
    "rsd_pct": 0.05060261217792804,
    "micro": true
  },
  "cfunc_itself": {
    "mean": 40.68064931234555,
    "rsd_pct": 0.45877433807732,
    "micro": true
  },
  "fib": {
    "mean": 61.566773790649684,
    "rsd_pct": 0.050459488248121846,
    "micro": true
  },
  "getivar": {
    "mean": 46.83534491292487,
    "rsd_pct": 0.05020719555224776,
    "micro": true
  },
  "keyword_args": {
    "mean": 51.90737300354582,
    "rsd_pct": 0.13061045896130663,
    "micro": true
  },
  "respond_to": {
    "mean": 27.973098157575336,
    "rsd_pct": 0.3959207007404965,
    "micro": true
  },
  "setivar": {
    "mean": 47.01999592430451,
    "rsd_pct": 0.11817186854428696,
    "micro": true
  },
  "str_concat": {
    "mean": 46.09097600156485,
    "rsd_pct": 1.5395444211370732,
    "micro": true
  }
}