{
  "activerecord": {
    "mean": 112.94325965323618,
    "rsd_pct": 0.7142379898364599,
    "micro": false
  },
  "hexapdf": {
    "mean": 2184.783777811875,
    "rsd_pct": 2.4164313513577453,
    "micro": false
  },
  "liquid-render": {
    "mean": 110.82193945071468,
    "rsd_pct": 1.9933855192587486,
    "micro": false
  },
  "mail": {
    "mean": 144.62367623624667,
    "rsd_pct": 0.16326249215733712,
    "micro": false
  },
  "psych-load": {
    "mean": 1803.67068387568,
    "rsd_pct": 0.058151216145500666,
    "micro": false
  },
  "railsbench": {
    "mean": 1998.291299554209,
    "rsd_pct": 0.8280804817204241,
    "micro": false
  },
  "ruby-lsp": {
    "mean": 69.68923741134635,
    "rsd_pct": 17.536232622035413,
    "micro": false
  },
  "sequel": {
    "mean": 148.86344968230088,
    "rsd_pct": 2.2722294315942353,
    "micro": false
  },
  "binarytrees": {
    "mean": 227.62312443707796,
    "rsd_pct": 0.060425503198964246,
    "micro": false
  },
  "chunky_png": {
    "mean": 609.2723352485336,
    "rsd_pct": 0.057667728200963955,
    "micro": false
  },
  "erubi": {
    "mean": 295.8862334559324,
    "rsd_pct": 1.0614411790099025,
    "micro": false
  },
  "erubi_rails": {
    "mean": 17.17426171262051,
    "rsd_pct": 3.4252505770830224,
    "micro": false
  },
  "etanni": {
    "mean": 479.4035798293494,
    "rsd_pct": 0.663230862861416,
    "micro": false
  },
  "fannkuchredux": {
    "mean": 901.6841429817889,
    "rsd_pct": 0.06478441489671571,
    "micro": false
  },
  "lee": {
    "mean": 910.0307161411779,
    "rsd_pct": 0.3165176947207792,
    "micro": false
  },
  "nbody": {
    "mean": 71.41269990293088,
    "rsd_pct": 0.05371160452908926,
    "micro": false
  },
  "optcarrot": {
    "mean": 2599.695625373473,
    "rsd_pct": 0.46625276873047566,
    "micro": false
  },
  "rubykon": {
    "mean": 6607.905121364941,
    "rsd_pct": 0.4269603100551681,
    "micro": false
  },
  "30k_ifelse": {
    "mean": 394.96017346272663,
    "rsd_pct": 0.18795702889581153,
    "micro": true
  },
  "30k_methods": {
    "mean": 952.3602384807808,
    "rsd_pct": 0.027737014089034343,
    "micro": true
  },
  "cfunc_itself": {
    "mean": 41.14632429901418,
    "rsd_pct": 0.279590848944895,
    "micro": true
  },
  "fib": {
    "mean": 61.39109888758797,
    "rsd_pct": 0.04664850548845538,
    "micro": true
  },
  "getivar": {
    "mean": 45.67171045252947,
    "rsd_pct": 0.16558774004452198,
    "micro": true
  },
  "keyword_args": {
    "mean": 51.978648302215824,
    "rsd_pct": 0.07389819074959883,
    "micro": true
  },
  "respond_to": {
    "mean": 28.473827380553953,
    "rsd_pct": 0.325101590439252,
    "micro": true
  },
  "setivar": {
    "mean": 14.705131178283516,
    "rsd_pct": 0.09266330300640442,
    "micro": true
  },
  "setivar_object": {
    "mean": 47.40678646542008,
    "rsd_pct": 1.383742273339714,
    "micro": true
  },
  "str_concat": {
    "mean": 43.8679670069277,
    "rsd_pct": 1.3612049621742646,
    "micro": true
  }
}