{
  "activerecord": {
    "mean": 335.2895908733355,
    "rsd_pct": 0.3155603234522074,
    "micro": false
  },
  "hexapdf": {
    "mean": 7499.932198164363,
    "rsd_pct": 1.6119719362973015,
    "micro": false
  },
  "liquid-render": {
    "mean": 447.2658736418401,
    "rsd_pct": 1.4201302258957926,
    "micro": false
  },
  "mail": {
    "mean": 586.0885890573263,
    "rsd_pct": 0.11963388409615126,
    "micro": false
  },
  "psych-load": {
    "mean": 6348.397837951779,
    "rsd_pct": 0.09789106025764678,
    "micro": false
  },
  "railsbench": {
    "mean": 6600.268673648437,
    "rsd_pct": 0.7242025310850161,
    "micro": false
  },
  "ruby-lsp": {
    "mean": 236.2445312088378,
    "rsd_pct": 12.602707190658592,
    "micro": false
  },
  "binarytrees": {
    "mean": 607.4585694909455,
    "rsd_pct": 0.3471573011358672,
    "micro": false
  },
  "chunky_png": {
    "mean": 1695.4285885149147,
    "rsd_pct": 0.04032548263199577,
    "micro": false
  },
  "erubi": {
    "mean": 710.5637979008915,
    "rsd_pct": 1.0096775661133495,
    "micro": false
  },
  "erubi_rails": {
    "mean": 51.596904079672534,
    "rsd_pct": 2.257592187938273,
    "micro": false
  },
  "etanni": {
    "mean": 1162.3897770242322,
    "rsd_pct": 1.591740253300249,
    "micro": false
  },
  "fannkuchredux": {
    "mean": 5979.849584276478,
    "rsd_pct": 0.11235359056034684,
    "micro": false
  },
  "lee": {
    "mean": 2631.5770218148828,
    "rsd_pct": 1.5027875783537523,
    "micro": false
  },
  "nbody": {
    "mean": 215.02816591626456,
    "rsd_pct": 0.0840781859615694,
    "micro": false
  },
  "optcarrot": {
    "mean": 14994.307802927991,
    "rsd_pct": 0.3806293344864628,
    "micro": false
  },
  "rubykon": {
    "mean": 24141.27156039079,
    "rsd_pct": 0.44986310335568963,
    "micro": false
  },
  "30k_ifelse": {
    "mean": 2369.16025724262,
    "rsd_pct": 0.0806609261276003,
    "micro": true
  },
  "30k_methods": {
    "mean": 5243.930853770247,
    "rsd_pct": 0.11426867883522959,
    "micro": true
  },
  "cfunc_itself": {
    "mean": 117.26252238419073,
    "rsd_pct": 0.014612014088990322,
    "micro": true
  },
  "fib": {
    "mean": 226.0809277415002,
    "rsd_pct": 1.9532888138481812,
    "micro": true
  },
  "getivar": {
    "mean": 118.35838787415078,
    "rsd_pct": 0.006955703543113418,
    "micro": true
  },
  "keyword_args": {
    "mean": 155.36264042548564,
    "rsd_pct": 0.006633241347556231,
    "micro": true
  },
  "respond_to": {
    "mean": 114.1142475864732,
    "rsd_pct": 1.188125203676019,
    "micro": true
  },
  "setivar": {
    "mean": 113.55712359305471,
    "rsd_pct": 0.012359017786881867,
    "micro": true
  },
  "str_concat": {
    "mean": 118.07435410767174,
    "rsd_pct": 1.0016702134578097,
    "micro": true
  }
}