{
  "activerecord": {
    "mean": 103.98824693402275,
    "rsd_pct": 0.4941278277860788,
    "micro": false
  },
  "hexapdf": {
    "mean": 2286.838815857967,
    "rsd_pct": 2.316249371947934,
    "micro": false
  },
  "liquid-render": {
    "mean": 113.86869892734906,
    "rsd_pct": 1.8190859860557491,
    "micro": false
  },
  "mail": {
    "mean": 156.3070798292756,
    "rsd_pct": 0.1783438461241956,
    "micro": false
  },
  "psych-load": {
    "mean": 1962.937719374895,
    "rsd_pct": 0.01652928636648948,
    "micro": false
  },
  "railsbench": {
    "mean": 2156.183628489574,
    "rsd_pct": 1.0860985754611112,
    "micro": false
  },
  "binarytrees": {
    "mean": 230.53953258998015,
    "rsd_pct": 0.09404359760981099,
    "micro": false
  },
  "chunky_png": {
    "mean": 641.9874370098114,
    "rsd_pct": 0.19412181896205571,
    "micro": false
  },
  "erubi": {
    "mean": 300.76181397519326,
    "rsd_pct": 0.8475912936205328,
    "micro": false
  },
  "erubi_rails": {
    "mean": 19.9654619195568,
    "rsd_pct": 3.9402389381561926,
    "micro": false
  },
  "fannkuchredux": {
    "mean": 2348.2541449368,
    "rsd_pct": 0.1302660558954261,
    "micro": false
  },
  "lee": {
    "mean": 951.5619779981319,
    "rsd_pct": 1.1075697214420612,
    "micro": false
  },
  "nbody": {
    "mean": 87.31471065823969,
    "rsd_pct": 0.07143672633848133,
    "micro": false
  },
  "optcarrot": {
    "mean": 3472.7130296329656,
    "rsd_pct": 0.40184555454774207,
    "micro": false
  },
  "rubykon": {
    "mean": 7046.818354477485,
    "rsd_pct": 0.2967075634506062,
    "micro": false
  },
  "30k_ifelse": {
    "mean": 347.9020821063646,
    "rsd_pct": 0.16758582345990494,
    "micro": true
  },
  "30k_methods": {
    "mean": 815.6939134933054,
    "rsd_pct": 0.04982583942615241,
    "micro": true
  },
  "cfunc_itself": {
    "mean": 42.14627075815151,
    "rsd_pct": 0.19679625890897956,
    "micro": true
  },
  "fib": {
    "mean": 61.59637827531297,
    "rsd_pct": 0.04170496425268464,
    "micro": true
  },
  "getivar": {
    "mean": 42.75677749603923,
    "rsd_pct": 0.0574000228419897,
    "micro": true
  },
  "keyword_args": {
    "mean": 53.6509252823588,
    "rsd_pct": 0.1481160055887454,
    "micro": true
  },
  "respond_to": {
    "mean": 30.004442145671977,
    "rsd_pct": 0.48936588937226644,
    "micro": true
  },
  "setivar": {
    "mean": 40.60707548085381,
    "rsd_pct": 0.24682306585471617,
    "micro": true
  },
  "str_concat": {
    "mean": 48.36959377774652,
    "rsd_pct": 1.5983204104543838,
    "micro": true
  }
}