{
  "activerecord": {
    "mean": 96.64813111104617,
    "rsd_pct": 0.6642457945347894,
    "micro": false
  },
  "hexapdf": {
    "mean": 2347.328888873259,
    "rsd_pct": 2.0869793229510405,
    "micro": false
  },
  "liquid-render": {
    "mean": 113.27442110089932,
    "rsd_pct": 1.8950758493716673,
    "micro": false
  },
  "mail": {
    "mean": 157.44804978490836,
    "rsd_pct": 0.13679581002480337,
    "micro": false
  },
  "psych-load": {
    "mean": 1869.3291373550892,
    "rsd_pct": 0.01834732091752121,
    "micro": false
  },
  "railsbench": {
    "mean": 2034.7567960619926,
    "rsd_pct": 0.9556303599930377,
    "micro": false
  },
  "binarytrees": {
    "mean": 230.23164027099367,
    "rsd_pct": 3.7135836283992414,
    "micro": false
  },
  "chunky_png": {
    "mean": 624.0508076734841,
    "rsd_pct": 0.07369661291945809,
    "micro": false
  },
  "erubi": {
    "mean": 296.09161265083213,
    "rsd_pct": 0.7838461917410317,
    "micro": false
  },
  "erubi_rails": {
    "mean": 17.94904762559,
    "rsd_pct": 3.733520614957345,
    "micro": false
  },
  "etanni": {
    "mean": 472.3438296821855,
    "rsd_pct": 0.47763253187584015,
    "micro": false
  },
  "fannkuchredux": {
    "mean": 2243.7334125240645,
    "rsd_pct": 0.21511037983165,
    "micro": false
  },
  "lee": {
    "mean": 942.1713663265109,
    "rsd_pct": 1.6451718916981637,
    "micro": false
  },
  "nbody": {
    "mean": 78.31595730986672,
    "rsd_pct": 0.09554042347240195,
    "micro": false
  },
  "optcarrot": {
    "mean": 3075.5950090785823,
    "rsd_pct": 0.3785915764974146,
    "micro": false
  },
  "ruby-lsp": {
    "mean": 85.1213718071962,
    "rsd_pct": 25.202593879209832,
    "micro": false
  },
  "rubykon": {
    "mean": 6890.955642362435,
    "rsd_pct": 0.3199954105094769,
    "micro": false
  },
  "30k_ifelse": {
    "mean": 398.94716650247574,
    "rsd_pct": 0.10184429865715768,
    "micro": true
  },
  "30k_methods": {
    "mean": 953.5948244854808,
    "rsd_pct": 0.042295039087277074,
    "micro": true
  },
  "cfunc_itself": {
    "mean": 40.09908930529338,
    "rsd_pct": 0.20358056848195077,
    "micro": true
  },
  "fib": {
    "mean": 61.17942701923883,
    "rsd_pct": 0.050987921993159165,
    "micro": true
  },
  "getivar": {
    "mean": 46.85111923641722,
    "rsd_pct": 0.05388060700745872,
    "micro": true
  },
  "keyword_args": {
    "mean": 53.13338687792613,
    "rsd_pct": 0.10034959275975365,
    "micro": true
  },
  "respond_to": {
    "mean": 28.149439811289728,
    "rsd_pct": 0.3368827467915383,
    "micro": true
  },
  "setivar": {
    "mean": 47.154992123092605,
    "rsd_pct": 0.11143190791758222,
    "micro": true
  },
  "str_concat": {
    "mean": 43.41212076152928,
    "rsd_pct": 1.5358495369601515,
    "micro": true
  }
}