{
  "activerecord": {
    "mean": 357.6944639364174,
    "rsd_pct": 0.17803362165231865,
    "micro": false
  },
  "hexapdf": {
    "mean": 7706.126336908589,
    "rsd_pct": 1.4003627013606048,
    "micro": false
  },
  "liquid-render": {
    "mean": 433.26737072666066,
    "rsd_pct": 1.3493552927138535,
    "micro": false
  },
  "mail": {
    "mean": 493.5223766078707,
    "rsd_pct": 0.12402739012374188,
    "micro": false
  },
  "psych-load": {
    "mean": 6315.765848010778,
    "rsd_pct": 0.034646107914706965,
    "micro": false
  },
  "railsbench": {
    "mean": 6970.560131687671,
    "rsd_pct": 0.7183338357956521,
    "micro": false
  },
  "binarytrees": {
    "mean": 551.7702956878861,
    "rsd_pct": 3.618974447223088,
    "micro": false
  },
  "chunky_png": {
    "mean": 1560.438192810022,
    "rsd_pct": 0.049500322382142914,
    "micro": false
  },
  "erubi": {
    "mean": 762.1207771155593,
    "rsd_pct": 1.3253205901952798,
    "micro": false
  },
  "erubi_rails": {
    "mean": 56.83844844962275,
    "rsd_pct": 2.4408649579570882,
    "micro": false
  },
  "etanni": {
    "mean": 1172.715157115211,
    "rsd_pct": 0.651319004035178,
    "micro": false
  },
  "fannkuchredux": {
    "mean": 5714.025040001919,
    "rsd_pct": 0.2615652630361794,
    "micro": false
  },
  "lee": {
    "mean": 2645.973561122082,
    "rsd_pct": 0.09667037320212583,
    "micro": false
  },
  "nbody": {
    "mean": 199.29984474524122,
    "rsd_pct": 0.14294616861415516,
    "micro": false
  },
  "optcarrot": {
    "mean": 11271.083264953146,
    "rsd_pct": 0.4666168590886748,
    "micro": false
  },
  "rubykon": {
    "mean": 23740.761443817366,
    "rsd_pct": 0.4440549862839872,
    "micro": false
  },
  "30k_ifelse": {
    "mean": 2548.3899199354805,
    "rsd_pct": 2.4490154780128126,
    "micro": true
  },
  "30k_methods": {
    "mean": 6079.517702610853,
    "rsd_pct": 0.04165770600572642,
    "micro": true
  },
  "cfunc_itself": {
    "mean": 106.16856449456702,
    "rsd_pct": 0.057333433999827925,
    "micro": true
  },
  "fib": {
    "mean": 199.43732505419294,
    "rsd_pct": 0.3200630491492963,
    "micro": true
  },
  "getivar": {
    "mean": 97.89680348088343,
    "rsd_pct": 0.009062990105146844,
    "micro": true
  },
  "keyword_args": {
    "mean": 150.66930253198612,
    "rsd_pct": 0.01528960502452477,
    "micro": true
  },
  "respond_to": {
    "mean": 98.54012445438516,
    "rsd_pct": 0.46266601017573566,
    "micro": true
  },
  "setivar": {
    "mean": 113.12641515308675,
    "rsd_pct": 0.0059610750231608835,
    "micro": true
  },
  "str_concat": {
    "mean": 103.21558260533351,
    "rsd_pct": 0.9308267548672066,
    "micro": true
  }
}