{
  "activerecord": {
    "mean": 93.59602676261039,
    "rsd_pct": 0.7952748852726017,
    "micro": false
  },
  "hexapdf": {
    "mean": 2252.1376761297383,
    "rsd_pct": 1.3913889886997877,
    "micro": false
  },
  "liquid-render": {
    "mean": 128.8291552833691,
    "rsd_pct": 1.0740794549873152,
    "micro": false
  },
  "mail": {
    "mean": 159.8762218509951,
    "rsd_pct": 0.15763809783515942,
    "micro": false
  },
  "psych-load": {
    "mean": 1933.1020057201385,
    "rsd_pct": 0.07168288887457225,
    "micro": false
  },
  "railsbench": {
    "mean": 2028.5317381223042,
    "rsd_pct": 1.194678051796064,
    "micro": false
  },
  "ruby-lsp": {
    "mean": 71.88164967027578,
    "rsd_pct": 17.37042917291268,
    "micro": false
  },
  "binarytrees": {
    "mean": 233.59639800730207,
    "rsd_pct": 0.1537788686885757,
    "micro": false
  },
  "chunky_png": {
    "mean": 620.8465460222214,
    "rsd_pct": 0.05343589649951642,
    "micro": false
  },
  "erubi": {
    "mean": 292.4182885395947,
    "rsd_pct": 0.8731465171023479,
    "micro": false
  },
  "erubi_rails": {
    "mean": 17.73214853353705,
    "rsd_pct": 3.6458739458614966,
    "micro": false
  },
  "etanni": {
    "mean": 480.0005840758483,
    "rsd_pct": 0.5036859182601436,
    "micro": false
  },
  "fannkuchredux": {
    "mean": 2274.9295311669507,
    "rsd_pct": 0.08929474636689079,
    "micro": false
  },
  "lee": {
    "mean": 888.6423254893584,
    "rsd_pct": 1.1523515365744788,
    "micro": false
  },
  "nbody": {
    "mean": 81.81276479188134,
    "rsd_pct": 0.08109398180065187,
    "micro": false
  },
  "optcarrot": {
    "mean": 2930.3078872462115,
    "rsd_pct": 0.4239683083426349,
    "micro": false
  },
  "rubykon": {
    "mean": 6640.946915745735,
    "rsd_pct": 0.3987852803259918,
    "micro": false
  },
  "30k_ifelse": {
    "mean": 395.3241358200709,
    "rsd_pct": 0.1081009013512074,
    "micro": true
  },
  "30k_methods": {
    "mean": 959.1746276244521,
    "rsd_pct": 0.0502394367079074,
    "micro": true
  },
  "cfunc_itself": {
    "mean": 40.313692416820544,
    "rsd_pct": 0.17241344310830925,
    "micro": true
  },
  "fib": {
    "mean": 60.98412772322573,
    "rsd_pct": 0.041685649267687364,
    "micro": true
  },
  "getivar": {
    "mean": 46.951465492739395,
    "rsd_pct": 0.08995127311035304,
    "micro": true
  },
  "keyword_args": {
    "mean": 54.49973157937488,
    "rsd_pct": 0.13537130300817551,
    "micro": true
  },
  "respond_to": {
    "mean": 29.049214290175723,
    "rsd_pct": 0.4813353942015341,
    "micro": true
  },
  "setivar": {
    "mean": 51.914288781889994,
    "rsd_pct": 0.5626566129561763,
    "micro": true
  },
  "str_concat": {
    "mean": 41.44162301729609,
    "rsd_pct": 1.7664407363394752,
    "micro": true
  }
}