{
  "activerecord": {
    "mean": 144.84473317088674,
    "rsd_pct": 0.23129075708003163,
    "micro": false
  },
  "erubi_rails": {
    "mean": 44.314271502023,
    "rsd_pct": 2.1191807651114396,
    "micro": false
  },
  "hexapdf": {
    "mean": 5856.792473917206,
    "rsd_pct": 2.4930425712200117,
    "micro": false
  },
  "liquid-c": {
    "mean": 188.13730288782844,
    "rsd_pct": 1.6842371633912192,
    "micro": false
  },
  "liquid-compile": {
    "mean": 166.43530319746677,
    "rsd_pct": 0.6156429532846596,
    "micro": false
  },
  "liquid-render": {
    "mean": 338.46686271585753,
    "rsd_pct": 2.3657005601639978,
    "micro": false
  },
  "mail": {
    "mean": 359.26013462579783,
    "rsd_pct": 0.4076448469096884,
    "micro": false
  },
  "psych-load": {
    "mean": 5425.031795228521,
    "rsd_pct": 0.06256246621399977,
    "micro": false
  },
  "railsbench": {
    "mean": 5265.788557380438,
    "rsd_pct": 0.7284777626699815,
    "micro": false
  },
  "ruby-lsp": {
    "mean": 175.03724008115452,
    "rsd_pct": 12.826518716626481,
    "micro": false
  },
  "sequel": {
    "mean": 198.62779178908346,
    "rsd_pct": 0.16499789098293072,
    "micro": false
  },
  "binarytrees": {
    "mean": 497.43631748821247,
    "rsd_pct": 0.12962469737284096,
    "micro": false
  },
  "chunky_png": {
    "mean": 1367.5508365373719,
    "rsd_pct": 0.1091139329970706,
    "micro": false
  },
  "erubi": {
    "mean": 554.9162441166118,
    "rsd_pct": 0.9703178606464637,
    "micro": false
  },
  "etanni": {
    "mean": 939.8853138317259,
    "rsd_pct": 0.38973269737765676,
    "micro": false
  },
  "fannkuchredux": {
    "mean": 1578.5984283685684,
    "rsd_pct": 0.06840446887517417,
    "micro": false
  },
  "lee": {
    "mean": 2157.1591178971257,
    "rsd_pct": 0.2606994171694388,
    "micro": false
  },
  "nbody": {
    "mean": 157.74372978585546,
    "rsd_pct": 0.07492814357943431,
    "micro": false
  },
  "optcarrot": {
    "mean": 8840.616623684764,
    "rsd_pct": 0.6093017489270948,
    "micro": false
  },
  "ruby-json": {
    "mean": 8535.045409450928,
    "rsd_pct": 0.05767245934093985,
    "micro": false
  },
  "rubykon": {
    "mean": 19891.642312705517,
    "rsd_pct": 0.48699168483927247,
    "micro": false
  },
  "30k_ifelse": {
    "mean": 1698.857709359039,
    "rsd_pct": 0.046949469842761146,
    "micro": true
  },
  "30k_methods": {
    "mean": 3551.136744249126,
    "rsd_pct": 0.0978674818961761,
    "micro": true
  },
  "cfunc_itself": {
    "mean": 85.87744485861225,
    "rsd_pct": 0.25005113174393856,
    "micro": true
  },
  "fib": {
    "mean": 138.25574068540936,
    "rsd_pct": 0.006656695389884812,
    "micro": true
  },
  "getivar": {
    "mean": 52.355087955428914,
    "rsd_pct": 0.03388580940860504,
    "micro": true
  },
  "keyword_args": {
    "mean": 136.64101417434503,
    "rsd_pct": 0.141315812565993,
    "micro": true
  },
  "respond_to": {
    "mean": 77.4445739189151,
    "rsd_pct": 1.1845813143634532,
    "micro": true
  },
  "setivar": {
    "mean": 32.85122514061572,
    "rsd_pct": 0.015474696093676311,
    "micro": true
  },
  "setivar_object": {
    "mean": 120.62666925494788,
    "rsd_pct": 1.2097198037748687,
    "micro": true
  },
  "setivar_young": {
    "mean": 117.9434131694149,
    "rsd_pct": 0.007633851746879645,
    "micro": true
  },
  "str_concat": {
    "mean": 85.08629060589726,
    "rsd_pct": 0.934608291918533,
    "micro": true
  },
  "throw": {
    "mean": 51.17274800108539,
    "rsd_pct": 0.1586874739843555,
    "micro": true
  }
}