{
  "activerecord": {
    "mean": 112.26612546676824,
    "rsd_pct": 1.940918547496941
  },
  "jekyll": {
    "mean": 7618.780898489058,
    "rsd_pct": 2.8417105027499616
  },
  "liquid-render": {
    "mean": 150.05426496199723,
    "rsd_pct": 1.6676058295856504
  },
  "psych-load": {
    "mean": 1817.8274059086107,
    "rsd_pct": 0.4656724159021201
  },
  "railsbench": {
    "mean": 2718.762004596647,
    "rsd_pct": 1.50109107748181
  },
  "binarytrees": {
    "mean": 302.14658865639774,
    "rsd_pct": 0.6415122774410278
  },
  "fannkuchredux": {
    "mean": 5500.670353276655,
    "rsd_pct": 0.06406220674161875
  },
  "lee": {
    "mean": 809.2746468028054,
    "rsd_pct": 1.6149232605761934
  },
  "nbody": {
    "mean": 115.68521222519614,
    "rsd_pct": 0.028041173807805016
  },
  "optcarrot": {
    "mean": 3154.6770443907008,
    "rsd_pct": 0.25190732059114856
  },
  "30k_ifelse": {
    "mean": 337.4015079283783,
    "rsd_pct": 0.1817221677448669
  },
  "30k_methods": {
    "mean": 723.3935332818268,
    "rsd_pct": 0.019952374377735938
  },
  "cfunc_itself": {
    "mean": 42.562340735710364,
    "rsd_pct": 0.2666623005481466
  },
  "fib": {
    "mean": 58.35579166310495,
    "rsd_pct": 0.07961589946904266
  },
  "getivar": {
    "mean": 36.265499143164064,
    "rsd_pct": 0.04072364536237508
  },
  "respond_to": {
    "mean": 155.5260783619005,
    "rsd_pct": 0.4216268612719128
  },
  "setivar": {
    "mean": 41.42511327156689,
    "rsd_pct": 0.26418571507572536
  }
}