{
  "activerecord": {
    "mean": 110.32139129647933,
    "rsd_pct": 0.47737689061890637,
    "micro": false
  },
  "hexapdf": {
    "mean": 2020.1151309457298,
    "rsd_pct": 2.530637302624893,
    "micro": false
  },
  "liquid-c": {
    "mean": 60.14668791431177,
    "rsd_pct": 1.9752599888871842,
    "micro": false
  },
  "liquid-render": {
    "mean": 112.76911287883145,
    "rsd_pct": 2.5306097038473503,
    "micro": false
  },
  "mail": {
    "mean": 138.39565843495652,
    "rsd_pct": 0.24173984637504806,
    "micro": false
  },
  "psych-load": {
    "mean": 1811.1909378164758,
    "rsd_pct": 0.03268150534425709,
    "micro": false
  },
  "railsbench": {
    "mean": 1890.6450191900756,
    "rsd_pct": 1.2028130492762499,
    "micro": false
  },
  "ruby-lsp": {
    "mean": 67.25251602113312,
    "rsd_pct": 19.791731761024778,
    "micro": false
  },
  "sequel": {
    "mean": 148.52603930408162,
    "rsd_pct": 1.8292335480537272,
    "micro": false
  },
  "binarytrees": {
    "mean": 234.90400792243668,
    "rsd_pct": 0.06985493149340032,
    "micro": false
  },
  "chunky_png": {
    "mean": 629.0814949425112,
    "rsd_pct": 0.06188533679097953,
    "micro": false
  },
  "erubi": {
    "mean": 252.20365420166593,
    "rsd_pct": 0.9767207745219579,
    "micro": false
  },
  "erubi_rails": {
    "mean": 16.462664584424296,
    "rsd_pct": 3.2511004956421687,
    "micro": false
  },
  "etanni": {
    "mean": 402.3928558786533,
    "rsd_pct": 0.46436633320743553,
    "micro": false
  },
  "fannkuchredux": {
    "mean": 921.2907280639878,
    "rsd_pct": 0.48868166759171694,
    "micro": false
  },
  "lee": {
    "mean": 923.7859915010631,
    "rsd_pct": 0.3234841998693477,
    "micro": false
  },
  "nbody": {
    "mean": 71.99423357154976,
    "rsd_pct": 0.11362985738724463,
    "micro": false
  },
  "optcarrot": {
    "mean": 2621.118773853717,
    "rsd_pct": 0.6818129168249045,
    "micro": false
  },
  "rubykon": {
    "mean": 6572.554626269266,
    "rsd_pct": 0.3273981059696227,
    "micro": false
  },
  "30k_ifelse": {
    "mean": 430.86490696486163,
    "rsd_pct": 0.06470737118860845,
    "micro": true
  },
  "30k_methods": {
    "mean": 980.7715317932889,
    "rsd_pct": 0.04325187387305573,
    "micro": true
  },
  "cfunc_itself": {
    "mean": 42.65929838283611,
    "rsd_pct": 0.1735463660097719,
    "micro": true
  },
  "fib": {
    "mean": 62.86063384837829,
    "rsd_pct": 0.07827771822030932,
    "micro": true
  },
  "getivar": {
    "mean": 45.60791355623957,
    "rsd_pct": 0.04532147226715585,
    "micro": true
  },
  "keyword_args": {
    "mean": 52.61043986002061,
    "rsd_pct": 0.12451317134439972,
    "micro": true
  },
  "respond_to": {
    "mean": 29.1780045882672,
    "rsd_pct": 0.39757321380131017,
    "micro": true
  },
  "setivar": {
    "mean": 14.902687954856768,
    "rsd_pct": 0.0891812276857381,
    "micro": true
  },
  "setivar_object": {
    "mean": 47.01048407823348,
    "rsd_pct": 0.8997104073190441,
    "micro": true
  },
  "str_concat": {
    "mean": 42.15682888669627,
    "rsd_pct": 1.4546558027626038,
    "micro": true
  }
}