{
  "activerecord": {
    "mean": 105.80727336017172,
    "rsd_pct": 0.6367920472243837,
    "micro": false
  },
  "hexapdf": {
    "mean": 2482.846649736166,
    "rsd_pct": 1.107975720167697,
    "micro": false
  },
  "liquid-render": {
    "mean": 126.17249798270002,
    "rsd_pct": 1.7259267933452775,
    "micro": false
  },
  "mail": {
    "mean": 159.19682582995543,
    "rsd_pct": 0.37813278215633467,
    "micro": false
  },
  "psych-load": {
    "mean": 1958.4864305332303,
    "rsd_pct": 0.04558984736418509,
    "micro": false
  },
  "railsbench": {
    "mean": 2120.60496446987,
    "rsd_pct": 1.3981402674729948,
    "micro": false
  },
  "binarytrees": {
    "mean": 358.030375048873,
    "rsd_pct": 1.6482576436313423,
    "micro": false
  },
  "chunky_png": {
    "mean": 699.026375853767,
    "rsd_pct": 0.10056142263239885,
    "micro": false
  },
  "discourse": {
    "mean": 510.5477286359438,
    "rsd_pct": 15.387235568637271,
    "micro": false
  },
  "erubi": {
    "mean": 414.9501365114083,
    "rsd_pct": 0.8311361858831874,
    "micro": false
  },
  "erubi_rails": {
    "mean": 20.046171506558277,
    "rsd_pct": 3.471429523061265,
    "micro": false
  },
  "fannkuchredux": {
    "mean": 6936.978624450664,
    "rsd_pct": 0.03255234389602151,
    "micro": false
  },
  "lee": {
    "mean": 924.395864252888,
    "rsd_pct": 0.32251772005721746,
    "micro": false
  },
  "nbody": {
    "mean": 116.67518522658378,
    "rsd_pct": 0.373487204444781,
    "micro": false
  },
  "optcarrot": {
    "mean": 4802.717071647446,
    "rsd_pct": 0.4602357311814667,
    "micro": false
  },
  "rubykon": {
    "mean": 9419.014125565687,
    "rsd_pct": 0.5565964570706582,
    "micro": false
  },
  "30k_ifelse": {
    "mean": 355.9519252147187,
    "rsd_pct": 0.1755695899722813,
    "micro": true
  },
  "30k_methods": {
    "mean": 883.9353960092095,
    "rsd_pct": 0.08828512640069072,
    "micro": true
  },
  "cfunc_itself": {
    "mean": 46.87526956544602,
    "rsd_pct": 1.0596574372436922,
    "micro": true
  },
  "fib": {
    "mean": 62.48281358857639,
    "rsd_pct": 0.5873439121566538,
    "micro": true
  },
  "getivar": {
    "mean": 111.20280135840062,
    "rsd_pct": 1.3606394875740315,
    "micro": true
  },
  "keyword_args": {
    "mean": 52.85578811421029,
    "rsd_pct": 0.6466241632960679,
    "micro": true
  },
  "respond_to": {
    "mean": 198.22575969414578,
    "rsd_pct": 0.2686503396153611,
    "micro": true
  },
  "setivar": {
    "mean": 53.848476320823686,
    "rsd_pct": 0.5845795822261528,
    "micro": true
  },
  "str_concat": {
    "mean": 134.09356102347374,
    "rsd_pct": 1.1712132442340608,
    "micro": true
  }
}