{
  "activerecord": {
    "mean": 329.6994863687368,
    "rsd_pct": 0.2634546734831112,
    "micro": false
  },
  "hexapdf": {
    "mean": 7260.118007333949,
    "rsd_pct": 1.0612072657852387,
    "micro": false
  },
  "liquid-render": {
    "mean": 474.4151060396351,
    "rsd_pct": 1.2420431929915143,
    "micro": false
  },
  "mail": {
    "mean": 578.940585071062,
    "rsd_pct": 0.09640427159883136,
    "micro": false
  },
  "psych-load": {
    "mean": 6032.811109131823,
    "rsd_pct": 0.051009416156350726,
    "micro": false
  },
  "railsbench": {
    "mean": 6388.159770751372,
    "rsd_pct": 2.237410364277942,
    "micro": false
  },
  "ruby-lsp": {
    "mean": 244.1108784653475,
    "rsd_pct": 16.785321333166415,
    "micro": false
  },
  "binarytrees": {
    "mean": 573.3855865227746,
    "rsd_pct": 0.15097162282952528,
    "micro": false
  },
  "chunky_png": {
    "mean": 1594.5427598053357,
    "rsd_pct": 0.09257640643106387,
    "micro": false
  },
  "erubi": {
    "mean": 745.9204319722788,
    "rsd_pct": 0.9798534208928341,
    "micro": false
  },
  "erubi_rails": {
    "mean": 51.641504487448955,
    "rsd_pct": 2.3867726786480357,
    "micro": false
  },
  "etanni": {
    "mean": 1232.4189707246978,
    "rsd_pct": 0.5707685833896442,
    "micro": false
  },
  "fannkuchredux": {
    "mean": 6076.005752539883,
    "rsd_pct": 1.4881324670347764,
    "micro": false
  },
  "lee": {
    "mean": 2368.02507160298,
    "rsd_pct": 1.5712915684956708,
    "micro": false
  },
  "nbody": {
    "mean": 227.45019253136383,
    "rsd_pct": 0.14895871584509487,
    "micro": false
  },
  "optcarrot": {
    "mean": 13377.556013936797,
    "rsd_pct": 0.4352954351248342,
    "micro": false
  },
  "rubykon": {
    "mean": 23635.188621018704,
    "rsd_pct": 0.42269320062285276,
    "micro": false
  },
  "30k_ifelse": {
    "mean": 2350.8320789667778,
    "rsd_pct": 1.376448972861067,
    "micro": true
  },
  "30k_methods": {
    "mean": 5149.92504651309,
    "rsd_pct": 0.04859184762456881,
    "micro": true
  },
  "cfunc_itself": {
    "mean": 115.87120751280435,
    "rsd_pct": 0.021322708077848446,
    "micro": true
  },
  "fib": {
    "mean": 226.4457485817988,
    "rsd_pct": 0.012020176418967632,
    "micro": true
  },
  "getivar": {
    "mean": 112.26772058038674,
    "rsd_pct": 0.013113298693580912,
    "micro": true
  },
  "keyword_args": {
    "mean": 162.59333552587051,
    "rsd_pct": 0.05468831243861045,
    "micro": true
  },
  "respond_to": {
    "mean": 111.12306116013684,
    "rsd_pct": 0.6952057788104278,
    "micro": true
  },
  "setivar": {
    "mean": 114.41401810919093,
    "rsd_pct": 2.451015510759605,
    "micro": true
  },
  "str_concat": {
    "mean": 118.18496721246453,
    "rsd_pct": 0.8832742194195333,
    "micro": true
  }
}