{
  "activerecord": {
    "mean": 109.64989306621294,
    "rsd_pct": 0.48827518813887405,
    "micro": false
  },
  "hexapdf": {
    "mean": 2426.8706255281963,
    "rsd_pct": 2.2926489538237074,
    "micro": false
  },
  "liquid-render": {
    "mean": 128.28734085083968,
    "rsd_pct": 1.8006328824706377,
    "micro": false
  },
  "mail": {
    "mean": 163.89889497219062,
    "rsd_pct": 0.36873660661952284,
    "micro": false
  },
  "psych-load": {
    "mean": 2000.4488090674083,
    "rsd_pct": 0.07396958355804281,
    "micro": false
  },
  "railsbench": {
    "mean": 2199.4347733135023,
    "rsd_pct": 1.3362471415166675,
    "micro": false
  },
  "binarytrees": {
    "mean": 358.90412223975983,
    "rsd_pct": 1.5916549921772039,
    "micro": false
  },
  "chunky_png": {
    "mean": 660.5718590940038,
    "rsd_pct": 0.10405881538861152,
    "micro": false
  },
  "discourse": {
    "mean": 495.97607970906375,
    "rsd_pct": 8.63176902913332,
    "micro": false
  },
  "erubi": {
    "mean": 421.50482036716613,
    "rsd_pct": 0.7315710570776983,
    "micro": false
  },
  "erubi_rails": {
    "mean": 20.610368873379873,
    "rsd_pct": 3.251853017899458,
    "micro": false
  },
  "fannkuchredux": {
    "mean": 7023.5025723775225,
    "rsd_pct": 0.09231981315654474,
    "micro": false
  },
  "lee": {
    "mean": 931.8884671242399,
    "rsd_pct": 0.31892694348411593,
    "micro": false
  },
  "nbody": {
    "mean": 89.59135763008486,
    "rsd_pct": 0.43433283038283793,
    "micro": false
  },
  "optcarrot": {
    "mean": 3428.9548059925437,
    "rsd_pct": 0.5983952865750227,
    "micro": false
  },
  "rubykon": {
    "mean": 7953.2678524032235,
    "rsd_pct": 0.5851388889318855,
    "micro": false
  },
  "30k_ifelse": {
    "mean": 358.137805421244,
    "rsd_pct": 0.17140469609453904,
    "micro": true
  },
  "30k_methods": {
    "mean": 886.418063913218,
    "rsd_pct": 0.06022899972512719,
    "micro": true
  },
  "cfunc_itself": {
    "mean": 44.2122322442902,
    "rsd_pct": 0.8616266140970344,
    "micro": true
  },
  "fib": {
    "mean": 62.48039288335366,
    "rsd_pct": 0.5896286231069318,
    "micro": true
  },
  "getivar": {
    "mean": 42.560912576901465,
    "rsd_pct": 0.6840176444516144,
    "micro": true
  },
  "keyword_args": {
    "mean": 53.47850869434911,
    "rsd_pct": 0.6631049710928358,
    "micro": true
  },
  "respond_to": {
    "mean": 190.70903557019497,
    "rsd_pct": 0.27241430876928174,
    "micro": true
  },
  "setivar": {
    "mean": 49.138757023746514,
    "rsd_pct": 0.635289061165875,
    "micro": true
  }
}