{
  "activerecord": {
    "mean": 368.08222522056303,
    "rsd_pct": 0.16203008470694827,
    "micro": false
  },
  "hexapdf": {
    "mean": 7764.861919420461,
    "rsd_pct": 1.5702468027754257,
    "micro": false
  },
  "liquid-render": {
    "mean": 461.42918653840644,
    "rsd_pct": 1.2266629581394624,
    "micro": false
  },
  "mail": {
    "mean": 488.3079588081139,
    "rsd_pct": 0.13236220980525332,
    "micro": false
  },
  "psych-load": {
    "mean": 6850.987708692749,
    "rsd_pct": 0.059083000046900556,
    "micro": false
  },
  "railsbench": {
    "mean": 7100.253678951412,
    "rsd_pct": 0.581442527283713,
    "micro": false
  },
  "binarytrees": {
    "mean": 556.3287013986459,
    "rsd_pct": 0.12438245442035026,
    "micro": false
  },
  "chunky_png": {
    "mean": 1634.4555740662177,
    "rsd_pct": 0.17997531867877975,
    "micro": false
  },
  "erubi": {
    "mean": 782.2676669847943,
    "rsd_pct": 0.6816209877682138,
    "micro": false
  },
  "erubi_rails": {
    "mean": 60.01542947774245,
    "rsd_pct": 2.0531595719321656,
    "micro": false
  },
  "fannkuchredux": {
    "mean": 5924.65473531435,
    "rsd_pct": 0.23183667115617979,
    "micro": false
  },
  "lee": {
    "mean": 2468.6643917579204,
    "rsd_pct": 1.913386139867802,
    "micro": false
  },
  "nbody": {
    "mean": 202.52027081944163,
    "rsd_pct": 0.08048349841194621,
    "micro": false
  },
  "optcarrot": {
    "mean": 13364.895242856195,
    "rsd_pct": 0.7782054022156057,
    "micro": false
  },
  "rubykon": {
    "mean": 25703.943756191682,
    "rsd_pct": 0.4446776495427168,
    "micro": false
  },
  "30k_ifelse": {
    "mean": 2631.9008276882496,
    "rsd_pct": 0.031865135063341786,
    "micro": true
  },
  "30k_methods": {
    "mean": 5999.5393139868975,
    "rsd_pct": 0.048810082321886,
    "micro": true
  },
  "cfunc_itself": {
    "mean": 114.09878905940906,
    "rsd_pct": 0.15034613112503026,
    "micro": true
  },
  "fib": {
    "mean": 199.51148261985603,
    "rsd_pct": 0.3609025443635377,
    "micro": true
  },
  "getivar": {
    "mean": 127.56889941453997,
    "rsd_pct": 0.006210571677842937,
    "micro": true
  },
  "keyword_args": {
    "mean": 152.17734780551706,
    "rsd_pct": 0.11418537204120592,
    "micro": true
  },
  "respond_to": {
    "mean": 99.77117150173157,
    "rsd_pct": 0.26355352083521055,
    "micro": true
  },
  "setivar": {
    "mean": 123.25701069428908,
    "rsd_pct": 0.04533203335450306,
    "micro": true
  },
  "str_concat": {
    "mean": 103.70132970203441,
    "rsd_pct": 0.98431962650032,
    "micro": true
  }
}