{
  "activerecord": {
    "mean": 102.30850616498344,
    "rsd_pct": 0.5144109585627289,
    "micro": false
  },
  "hexapdf": {
    "mean": 2081.727585196495,
    "rsd_pct": 1.9251173312300587,
    "micro": false
  },
  "liquid-render": {
    "mean": 109.79339268827891,
    "rsd_pct": 2.361497337705321,
    "micro": false
  },
  "mail": {
    "mean": 138.4943329030648,
    "rsd_pct": 0.4360155848351852,
    "micro": false
  },
  "psych-load": {
    "mean": 1615.052354335785,
    "rsd_pct": 0.3287338591580009,
    "micro": false
  },
  "railsbench": {
    "mean": 2088.2799160977206,
    "rsd_pct": 1.2612931524420137,
    "micro": false
  },
  "binarytrees": {
    "mean": 286.7007881706191,
    "rsd_pct": 0.0654398745047047,
    "micro": false
  },
  "erubi": {
    "mean": 351.03366910307494,
    "rsd_pct": 0.9219139661636387,
    "micro": false
  },
  "erubi_rails": {
    "mean": 18.907399958932697,
    "rsd_pct": 3.5291671877958106,
    "micro": false
  },
  "fannkuchredux": {
    "mean": 5647.261206184824,
    "rsd_pct": 0.18331767725037115,
    "micro": false
  },
  "lee": {
    "mean": 756.4049820917157,
    "rsd_pct": 1.8473136385666966,
    "micro": false
  },
  "nbody": {
    "mean": 73.41697351320794,
    "rsd_pct": 0.05007179344116189,
    "micro": false
  },
  "optcarrot": {
    "mean": 2958.4975303461156,
    "rsd_pct": 0.6545445807342647,
    "micro": false
  },
  "rubykon": {
    "mean": 5497.738940020402,
    "rsd_pct": 0.5826845973147993,
    "micro": false
  },
  "30k_ifelse": {
    "mean": 311.9481078420694,
    "rsd_pct": 0.1463873499211818,
    "micro": true
  },
  "30k_methods": {
    "mean": 741.6551969229029,
    "rsd_pct": 0.032082170594256484,
    "micro": true
  },
  "cfunc_itself": {
    "mean": 37.78437438159592,
    "rsd_pct": 0.23586086095574896,
    "micro": true
  },
  "fib": {
    "mean": 52.082390925669486,
    "rsd_pct": 0.04517036181570204,
    "micro": true
  },
  "getivar": {
    "mean": 35.46455181484534,
    "rsd_pct": 0.03605156075921116,
    "micro": true
  },
  "keyword_args": {
    "mean": 45.48308416424596,
    "rsd_pct": 0.08665744886123017,
    "micro": true
  },
  "respond_to": {
    "mean": 157.1349394619465,
    "rsd_pct": 0.14778926681892313,
    "micro": true
  },
  "setivar": {
    "mean": 41.08508876694197,
    "rsd_pct": 0.22006362753455455,
    "micro": true
  }
}