{
  "activerecord": {
    "mean": 110.28726551111767,
    "rsd_pct": 0.5043398681513711,
    "micro": false
  },
  "hexapdf": {
    "mean": 2365.2967300266027,
    "rsd_pct": 1.5859363161640068,
    "micro": false
  },
  "liquid-render": {
    "mean": 132.93295177996535,
    "rsd_pct": 1.8163547423516873,
    "micro": false
  },
  "mail": {
    "mean": 161.4046835218419,
    "rsd_pct": 0.3817730410110663,
    "micro": false
  },
  "psych-load": {
    "mean": 1973.4078378727038,
    "rsd_pct": 0.04130258911406937,
    "micro": false
  },
  "railsbench": {
    "mean": 2165.2883134161434,
    "rsd_pct": 1.0213840719043241,
    "micro": false
  },
  "binarytrees": {
    "mean": 343.6159003081162,
    "rsd_pct": 0.14621828407700865,
    "micro": false
  },
  "chunky_png": {
    "mean": 659.7606399096549,
    "rsd_pct": 0.09176853250645992,
    "micro": false
  },
  "discourse": {
    "mean": 731.5134484088048,
    "rsd_pct": 14.894395432733134,
    "micro": false
  },
  "erubi": {
    "mean": 409.44228938315064,
    "rsd_pct": 0.7579546926629065,
    "micro": false
  },
  "erubi_rails": {
    "mean": 20.30117935746124,
    "rsd_pct": 3.357221347490238,
    "micro": false
  },
  "fannkuchredux": {
    "mean": 7548.276099003851,
    "rsd_pct": 1.0333002438254293,
    "micro": false
  },
  "lee": {
    "mean": 893.359819596464,
    "rsd_pct": 1.7534925578640739,
    "micro": false
  },
  "nbody": {
    "mean": 86.876907851547,
    "rsd_pct": 0.4776941894929473,
    "micro": false
  },
  "optcarrot": {
    "mean": 3555.2763985469937,
    "rsd_pct": 0.5800364717580591,
    "micro": false
  },
  "rubykon": {
    "mean": 6629.419464680056,
    "rsd_pct": 0.3107922370202649,
    "micro": false
  },
  "30k_ifelse": {
    "mean": 352.3934372268351,
    "rsd_pct": 0.17116163341924415,
    "micro": true
  },
  "30k_methods": {
    "mean": 875.3045284697278,
    "rsd_pct": 0.0613286201167525,
    "micro": true
  },
  "cfunc_itself": {
    "mean": 47.66572120018938,
    "rsd_pct": 1.0900082312492176,
    "micro": true
  },
  "fib": {
    "mean": 62.48946562700439,
    "rsd_pct": 0.572603637391632,
    "micro": true
  },
  "getivar": {
    "mean": 42.55418798321872,
    "rsd_pct": 0.6951035839745868,
    "micro": true
  },
  "keyword_args": {
    "mean": 56.397804379384354,
    "rsd_pct": 0.6109112982448461,
    "micro": true
  },
  "respond_to": {
    "mean": 200.819833683643,
    "rsd_pct": 0.2937012392225129,
    "micro": true
  },
  "setivar": {
    "mean": 52.49330873000475,
    "rsd_pct": 0.5971966611361053,
    "micro": true
  }
}