{
  "activerecord": {
    "mean": 331.23212589743184,
    "rsd_pct": 0.27593256286461776,
    "micro": false
  },
  "hexapdf": {
    "mean": 7654.436654332676,
    "rsd_pct": 1.5094344891494995,
    "micro": false
  },
  "liquid-render": {
    "mean": 425.4675907832067,
    "rsd_pct": 1.2976727816660423,
    "micro": false
  },
  "mail": {
    "mean": 586.3038514262222,
    "rsd_pct": 0.1068361167183178,
    "micro": false
  },
  "psych-load": {
    "mean": 6236.866503666776,
    "rsd_pct": 0.022940387924968258,
    "micro": false
  },
  "railsbench": {
    "mean": 6516.349207000651,
    "rsd_pct": 0.5400117348770199,
    "micro": false
  },
  "ruby-lsp": {
    "mean": 225.0195209083305,
    "rsd_pct": 10.580254915118228,
    "micro": false
  },
  "binarytrees": {
    "mean": 608.3373854991619,
    "rsd_pct": 0.19687528770443236,
    "micro": false
  },
  "chunky_png": {
    "mean": 1679.0313642482033,
    "rsd_pct": 0.1673054358903701,
    "micro": false
  },
  "erubi": {
    "mean": 734.887059101739,
    "rsd_pct": 1.375522098374081,
    "micro": false
  },
  "erubi_rails": {
    "mean": 53.20973883482516,
    "rsd_pct": 2.375137399016364,
    "micro": false
  },
  "etanni": {
    "mean": 1193.08955119015,
    "rsd_pct": 0.5038684136011943,
    "micro": false
  },
  "fannkuchredux": {
    "mean": 5984.861568731139,
    "rsd_pct": 2.521027340230188,
    "micro": false
  },
  "lee": {
    "mean": 2443.5332709032255,
    "rsd_pct": 0.8442021888734688,
    "micro": false
  },
  "nbody": {
    "mean": 226.3746404745238,
    "rsd_pct": 0.07641958438691747,
    "micro": false
  },
  "optcarrot": {
    "mean": 15219.724826533153,
    "rsd_pct": 0.43777977620730313,
    "micro": false
  },
  "rubykon": {
    "mean": 25067.574332065607,
    "rsd_pct": 0.4721515195580151,
    "micro": false
  },
  "30k_ifelse": {
    "mean": 2362.987785159785,
    "rsd_pct": 0.04881242246512806,
    "micro": true
  },
  "30k_methods": {
    "mean": 5180.694867151033,
    "rsd_pct": 0.04394449738287401,
    "micro": true
  },
  "cfunc_itself": {
    "mean": 118.35480643330774,
    "rsd_pct": 0.007262975735648494,
    "micro": true
  },
  "fib": {
    "mean": 233.84823846790601,
    "rsd_pct": 0.00492979357482679,
    "micro": true
  },
  "getivar": {
    "mean": 118.34641760597066,
    "rsd_pct": 0.009396371255564322,
    "micro": true
  },
  "keyword_args": {
    "mean": 155.36255505957547,
    "rsd_pct": 0.02084958116495368,
    "micro": true
  },
  "respond_to": {
    "mean": 113.92787312027464,
    "rsd_pct": 0.9008191292172494,
    "micro": true
  },
  "setivar": {
    "mean": 112.70912816697923,
    "rsd_pct": 0.04403817730611809,
    "micro": true
  },
  "str_concat": {
    "mean": 118.7243871513681,
    "rsd_pct": 0.7254659373832419,
    "micro": true
  }
}