{
  "activerecord": {
    "mean": 110.7876622969045,
    "rsd_pct": 1.9662759989209384,
    "micro": false
  },
  "jekyll": {
    "mean": 7641.017858986743,
    "rsd_pct": 2.682430058977131,
    "micro": false
  },
  "liquid-render": {
    "mean": 150.80564411648558,
    "rsd_pct": 1.830095981834029,
    "micro": false
  },
  "psych-load": {
    "mean": 1832.0299946237355,
    "rsd_pct": 0.5064172817266793,
    "micro": false
  },
  "railsbench": {
    "mean": 2677.1239531226456,
    "rsd_pct": 1.4323532182438579,
    "micro": false
  },
  "binarytrees": {
    "mean": 297.0401310032747,
    "rsd_pct": 0.6371344199170494,
    "micro": false
  },
  "fannkuchredux": {
    "mean": 5497.694546810817,
    "rsd_pct": 0.08175774264364209,
    "micro": false
  },
  "lee": {
    "mean": 801.9172289408743,
    "rsd_pct": 1.6211197899812018,
    "micro": false
  },
  "nbody": {
    "mean": 114.29760495666414,
    "rsd_pct": 0.043709000413212275,
    "micro": false
  },
  "optcarrot": {
    "mean": 3131.8565902183764,
    "rsd_pct": 0.19186397556772136,
    "micro": false
  },
  "30k_ifelse": {
    "mean": 324.06847229308016,
    "rsd_pct": 0.16548849275722294,
    "micro": true
  },
  "30k_methods": {
    "mean": 723.2231811697906,
    "rsd_pct": 0.018201925376714598,
    "micro": true
  },
  "cfunc_itself": {
    "mean": 41.02678234600287,
    "rsd_pct": 0.3098559115636404,
    "micro": true
  },
  "fib": {
    "mean": 58.32036070290718,
    "rsd_pct": 0.12502244704480436,
    "micro": true
  },
  "getivar": {
    "mean": 36.26217086652438,
    "rsd_pct": 0.03737313351895018,
    "micro": true
  },
  "respond_to": {
    "mean": 155.3113866712851,
    "rsd_pct": 0.498673993597855,
    "micro": true
  },
  "setivar": {
    "mean": 41.80952395311483,
    "rsd_pct": 0.27173122515426235,
    "micro": true
  }
}