{
  "activerecord": {
    "mean": 109.02524271297976,
    "rsd_pct": 0.5075602963310291,
    "micro": false
  },
  "hexapdf": {
    "mean": 2418.7197224547467,
    "rsd_pct": 2.931656918046307,
    "micro": false
  },
  "liquid-render": {
    "mean": 129.2728929219242,
    "rsd_pct": 1.7496951430477676,
    "micro": false
  },
  "mail": {
    "mean": 161.06547942248787,
    "rsd_pct": 0.3303443865021246,
    "micro": false
  },
  "psych-load": {
    "mean": 1982.1632429336507,
    "rsd_pct": 0.03065102397542068,
    "micro": false
  },
  "railsbench": {
    "mean": 2140.492823471626,
    "rsd_pct": 1.378052005609879,
    "micro": false
  },
  "binarytrees": {
    "mean": 363.15680305916266,
    "rsd_pct": 1.4766186085375455,
    "micro": false
  },
  "chunky_png": {
    "mean": 660.237786584887,
    "rsd_pct": 0.10430637263873657,
    "micro": false
  },
  "discourse": {
    "mean": 572.1685277247751,
    "rsd_pct": 14.919319145664815,
    "micro": false
  },
  "erubi": {
    "mean": 421.79169006487155,
    "rsd_pct": 0.9016910525691052,
    "micro": false
  },
  "erubi_rails": {
    "mean": 20.443271698379228,
    "rsd_pct": 3.149352612605114,
    "micro": false
  },
  "fannkuchredux": {
    "mean": 6951.315598934889,
    "rsd_pct": 0.037425369117835776,
    "micro": false
  },
  "lee": {
    "mean": 906.101290092227,
    "rsd_pct": 0.6436762113897749,
    "micro": false
  },
  "nbody": {
    "mean": 90.53055383942343,
    "rsd_pct": 0.4383780768738816,
    "micro": false
  },
  "optcarrot": {
    "mean": 3483.976116217673,
    "rsd_pct": 0.5822609771893327,
    "micro": false
  },
  "rubykon": {
    "mean": 7893.233038733403,
    "rsd_pct": 0.658838712531584,
    "micro": false
  },
  "30k_ifelse": {
    "mean": 355.79247650775045,
    "rsd_pct": 0.1643215710357696,
    "micro": true
  },
  "30k_methods": {
    "mean": 888.9640284786848,
    "rsd_pct": 0.06347802317781329,
    "micro": true
  },
  "cfunc_itself": {
    "mean": 45.69789260119731,
    "rsd_pct": 0.9278238450622451,
    "micro": true
  },
  "fib": {
    "mean": 62.489488581195474,
    "rsd_pct": 0.5791287140219569,
    "micro": true
  },
  "getivar": {
    "mean": 42.560889521582716,
    "rsd_pct": 0.6953392553872151,
    "micro": true
  },
  "keyword_args": {
    "mean": 53.52697963641082,
    "rsd_pct": 0.6957525675127948,
    "micro": true
  },
  "respond_to": {
    "mean": 181.816088933159,
    "rsd_pct": 0.35091912496543415,
    "micro": true
  },
  "setivar": {
    "mean": 52.485451190907774,
    "rsd_pct": 0.5840664242420083,
    "micro": true
  }
}