{
  "activerecord": {
    "mean": 104.7466090962368,
    "rsd_pct": 0.5933243725922372,
    "micro": false
  },
  "hexapdf": {
    "mean": 2343.7854455163083,
    "rsd_pct": 1.1776862593122757,
    "micro": false
  },
  "liquid-render": {
    "mean": 125.7876365329139,
    "rsd_pct": 1.7987527022952232,
    "micro": false
  },
  "mail": {
    "mean": 156.12270962446928,
    "rsd_pct": 0.1330768574636421,
    "micro": false
  },
  "psych-load": {
    "mean": 1955.9226951251428,
    "rsd_pct": 0.029586114169076718,
    "micro": false
  },
  "railsbench": {
    "mean": 2091.7271801580987,
    "rsd_pct": 1.4791376742826505,
    "micro": false
  },
  "binarytrees": {
    "mean": 368.9713134533829,
    "rsd_pct": 0.05849553940386663,
    "micro": false
  },
  "chunky_png": {
    "mean": 638.6043956323016,
    "rsd_pct": 0.06849602226581178,
    "micro": false
  },
  "erubi": {
    "mean": 320.8920386812044,
    "rsd_pct": 0.6495379668303505,
    "micro": false
  },
  "erubi_rails": {
    "mean": 19.440814829296368,
    "rsd_pct": 3.659022442575302,
    "micro": false
  },
  "fannkuchredux": {
    "mean": 6959.011749799053,
    "rsd_pct": 0.31399483038852816,
    "micro": false
  },
  "lee": {
    "mean": 937.315663234109,
    "rsd_pct": 1.201119495398717,
    "micro": false
  },
  "nbody": {
    "mean": 93.43996401591838,
    "rsd_pct": 0.08591123986554264,
    "micro": false
  },
  "optcarrot": {
    "mean": 3448.8068799177804,
    "rsd_pct": 0.5942577859160335,
    "micro": false
  },
  "rubykon": {
    "mean": 6789.297042538722,
    "rsd_pct": 0.73242744559498,
    "micro": false
  },
  "30k_ifelse": {
    "mean": 355.93157847012793,
    "rsd_pct": 0.09489229040669886,
    "micro": true
  },
  "30k_methods": {
    "mean": 865.574177947234,
    "rsd_pct": 0.016716763114684455,
    "micro": true
  },
  "cfunc_itself": {
    "mean": 45.65608601442119,
    "rsd_pct": 0.6744366339265178,
    "micro": true
  },
  "fib": {
    "mean": 63.30499294258299,
    "rsd_pct": 0.04160478015688144,
    "micro": true
  },
  "getivar": {
    "mean": 44.23795635269095,
    "rsd_pct": 0.11545510994308664,
    "micro": true
  },
  "keyword_args": {
    "mean": 52.41109011571923,
    "rsd_pct": 0.0997356268271614,
    "micro": true
  },
  "respond_to": {
    "mean": 191.47925878178725,
    "rsd_pct": 0.12253783601858706,
    "micro": true
  },
  "setivar": {
    "mean": 46.3705227160068,
    "rsd_pct": 0.1104382708954608,
    "micro": true
  },
  "str_concat": {
    "mean": 42.82442411893736,
    "rsd_pct": 1.5440665815751349,
    "micro": true
  }
}