{
  "activerecord": {
    "mean": 96.62056980388505,
    "rsd_pct": 0.7802448180689808,
    "micro": false
  },
  "hexapdf": {
    "mean": 2340.1215796669326,
    "rsd_pct": 2.4653391155790447,
    "micro": false
  },
  "liquid-render": {
    "mean": 113.27346123155506,
    "rsd_pct": 1.8917925530796516,
    "micro": false
  },
  "mail": {
    "mean": 155.4923926212991,
    "rsd_pct": 0.14411496987177908,
    "micro": false
  },
  "psych-load": {
    "mean": 1896.0078597068787,
    "rsd_pct": 0.0229663146779891,
    "micro": false
  },
  "railsbench": {
    "mean": 2048.45058893164,
    "rsd_pct": 1.5643799727481518,
    "micro": false
  },
  "binarytrees": {
    "mean": 232.19713222767626,
    "rsd_pct": 3.7262906364636006,
    "micro": false
  },
  "chunky_png": {
    "mean": 631.3904704293236,
    "rsd_pct": 0.0643598134707293,
    "micro": false
  },
  "erubi": {
    "mean": 298.63701777203994,
    "rsd_pct": 0.776203905322881,
    "micro": false
  },
  "erubi_rails": {
    "mean": 18.805924544172107,
    "rsd_pct": 3.4669503276669436,
    "micro": false
  },
  "etanni": {
    "mean": 475.81388515441915,
    "rsd_pct": 0.4848769707714523,
    "micro": false
  },
  "fannkuchredux": {
    "mean": 2328.851036230723,
    "rsd_pct": 0.0702070904240662,
    "micro": false
  },
  "lee": {
    "mean": 967.8132170811296,
    "rsd_pct": 1.8082296475507127,
    "micro": false
  },
  "nbody": {
    "mean": 81.46972675259711,
    "rsd_pct": 0.10916387012354913,
    "micro": false
  },
  "optcarrot": {
    "mean": 3053.034626444181,
    "rsd_pct": 0.388582070907766,
    "micro": false
  },
  "ruby-lsp": {
    "mean": 84.24931121279437,
    "rsd_pct": 20.040651652003998,
    "micro": false
  },
  "rubykon": {
    "mean": 6908.173882216215,
    "rsd_pct": 0.5174464935388855,
    "micro": false
  },
  "30k_ifelse": {
    "mean": 395.41396491077484,
    "rsd_pct": 0.11664817940251831,
    "micro": true
  },
  "30k_methods": {
    "mean": 951.0071394965053,
    "rsd_pct": 0.031617951438056416,
    "micro": true
  },
  "cfunc_itself": {
    "mean": 40.45837737514088,
    "rsd_pct": 0.14280464318505534,
    "micro": true
  },
  "fib": {
    "mean": 61.13820663149204,
    "rsd_pct": 0.06687996318514133,
    "micro": true
  },
  "getivar": {
    "mean": 46.85603803627088,
    "rsd_pct": 0.053000082079352646,
    "micro": true
  },
  "keyword_args": {
    "mean": 53.053424112479306,
    "rsd_pct": 0.19230512901504468,
    "micro": true
  },
  "respond_to": {
    "mean": 28.205522797813938,
    "rsd_pct": 0.40055528438285143,
    "micro": true
  },
  "setivar": {
    "mean": 51.20145475893991,
    "rsd_pct": 0.04749505615347115,
    "micro": true
  },
  "str_concat": {
    "mean": 46.23376943518297,
    "rsd_pct": 1.6548790554247284,
    "micro": true
  }
}