{
  "activerecord": {
    "mean": 106.36021330036931,
    "rsd_pct": 0.50316844890306,
    "micro": false
  },
  "hexapdf": {
    "mean": 2163.716907799244,
    "rsd_pct": 1.8070078305379815,
    "micro": false
  },
  "jekyll": {
    "mean": 7386.7976961657405,
    "rsd_pct": 1.4094513937235045,
    "micro": false
  },
  "liquid-render": {
    "mean": 115.54294148255593,
    "rsd_pct": 2.2342307747641486,
    "micro": false
  },
  "mail": {
    "mean": 141.85823023831117,
    "rsd_pct": 0.1737395416131988,
    "micro": false
  },
  "psych-load": {
    "mean": 1704.3815330602229,
    "rsd_pct": 1.308733517596777,
    "micro": false
  },
  "railsbench": {
    "mean": 2531.0334575362504,
    "rsd_pct": 1.4245958238697065,
    "micro": false
  },
  "binarytrees": {
    "mean": 283.92370549015334,
    "rsd_pct": 2.7655609029182586,
    "micro": false
  },
  "fannkuchredux": {
    "mean": 5601.998980902135,
    "rsd_pct": 0.07729547897849147,
    "micro": false
  },
  "lee": {
    "mean": 810.2396190166473,
    "rsd_pct": 1.4294965835480218,
    "micro": false
  },
  "nbody": {
    "mean": 75.09287994659364,
    "rsd_pct": 0.14825352982531678,
    "micro": false
  },
  "optcarrot": {
    "mean": 3057.6560550369322,
    "rsd_pct": 0.49880829753552236,
    "micro": false
  },
  "rubykon": {
    "mean": 5698.673623148352,
    "rsd_pct": 0.3800772313510003,
    "micro": false
  },
  "30k_ifelse": {
    "mean": 311.05645076820144,
    "rsd_pct": 0.18436719715264607,
    "micro": true
  },
  "30k_methods": {
    "mean": 755.9939655749237,
    "rsd_pct": 0.0351315623442678,
    "micro": true
  },
  "cfunc_itself": {
    "mean": 39.341356401856174,
    "rsd_pct": 0.2527968716206918,
    "micro": true
  },
  "fib": {
    "mean": 52.2324128460948,
    "rsd_pct": 0.05198908752863695,
    "micro": true
  },
  "getivar": {
    "mean": 35.46449218578843,
    "rsd_pct": 0.048327352196937075,
    "micro": true
  },
  "keyword_args": {
    "mean": 45.62881553767028,
    "rsd_pct": 0.25870742097913874,
    "micro": true
  },
  "respond_to": {
    "mean": 157.32817954809988,
    "rsd_pct": 0.37000234108152663,
    "micro": true
  },
  "setivar": {
    "mean": 38.74299358949065,
    "rsd_pct": 0.27115106605228895,
    "micro": true
  }
}