{
  "activerecord": {
    "mean": 103.28015282321039,
    "rsd_pct": 0.6652129317390677,
    "micro": false
  },
  "hexapdf": {
    "mean": 2375.994972884655,
    "rsd_pct": 1.8484297925476734,
    "micro": false
  },
  "liquid-render": {
    "mean": 128.0009073686171,
    "rsd_pct": 1.667676493815671,
    "micro": false
  },
  "mail": {
    "mean": 160.1845253773821,
    "rsd_pct": 0.1823115166104372,
    "micro": false
  },
  "psych-load": {
    "mean": 1892.106993123889,
    "rsd_pct": 0.04953177481414909,
    "micro": false
  },
  "railsbench": {
    "mean": 2124.2614342520633,
    "rsd_pct": 1.152241492438138,
    "micro": false
  },
  "binarytrees": {
    "mean": 356.72219859605485,
    "rsd_pct": 0.0517081614609596,
    "micro": false
  },
  "chunky_png": {
    "mean": 673.0849571397592,
    "rsd_pct": 0.03509842388499481,
    "micro": false
  },
  "erubi": {
    "mean": 380.98537047895104,
    "rsd_pct": 0.6104686337639998,
    "micro": false
  },
  "erubi_rails": {
    "mean": 20.22280111939077,
    "rsd_pct": 3.3644007070243864,
    "micro": false
  },
  "fannkuchredux": {
    "mean": 8397.489072630802,
    "rsd_pct": 0.17604242991288824,
    "micro": false
  },
  "lee": {
    "mean": 920.1945233203116,
    "rsd_pct": 0.5922356846811463,
    "micro": false
  },
  "nbody": {
    "mean": 88.29812157560478,
    "rsd_pct": 0.06493480040603727,
    "micro": false
  },
  "optcarrot": {
    "mean": 3475.185031319658,
    "rsd_pct": 0.6320531072460654,
    "micro": false
  },
  "rubykon": {
    "mean": 7553.502754867077,
    "rsd_pct": 5.71877847516727,
    "micro": false
  },
  "30k_ifelse": {
    "mean": 358.7670507840812,
    "rsd_pct": 0.0892326960658716,
    "micro": true
  },
  "30k_methods": {
    "mean": 914.8283805698156,
    "rsd_pct": 0.020277974503666585,
    "micro": true
  },
  "cfunc_itself": {
    "mean": 47.92660814776803,
    "rsd_pct": 0.6357496989248437,
    "micro": true
  },
  "fib": {
    "mean": 63.574902861598574,
    "rsd_pct": 0.21683113108628502,
    "micro": true
  },
  "getivar": {
    "mean": 42.52459954709635,
    "rsd_pct": 0.05761512096741567,
    "micro": true
  },
  "keyword_args": {
    "mean": 54.35613472330034,
    "rsd_pct": 0.3195709420419923,
    "micro": true
  },
  "respond_to": {
    "mean": 188.30897803734808,
    "rsd_pct": 0.1724020326762834,
    "micro": true
  },
  "setivar": {
    "mean": 54.173495412186824,
    "rsd_pct": 0.4199277643516261,
    "micro": true
  },
  "str_concat": {
    "mean": 55.36351563716803,
    "rsd_pct": 1.386563846243154,
    "micro": true
  }
}