bench,No JIT (ms),No JIT RSD,MJIT3.0 (ms),MJIT3.0 RSD,YJIT (ms),YJIT RSD,MJIT3.0 spd,MJIT3.0 spd RSD,YJIT spd,YJIT spd RSD,% in YJIT
activerecord,151.80307752634093,1.510929202829055,158.61343758172777,0.5579711167303479,123.34438624336792,1.3663806673991554,0.9570631583350073,1.6106640938032224,1.230725468338882,2.0371311161051477,74.97168810982409
lee,1140.6107524002437,1.0221601808907441,871.4616039920097,1.2523470989981358,1002.9474924456074,1.3419998602103194,1.308847971242003,1.616534779015795,1.1372586909998204,1.6869425183458728,51.501973583648024
fib,198.451486968814,0.046728037360266476,62.65949900944623,0.02748318635212288,63.04688077433603,0.04943703162732847,3.167141297106389,0.05421102293452848,3.1476812894064063,0.06802594778218041,99.99992503288816
getivar,93.25869296643337,0.21232431332821966,90.6963111458664,0.1389888373160853,36.27749647156716,0.03879992881930009,1.028252326783676,0.2537705872018608,2.5707036603125513,0.215840331047473,86.56708100044824
respond_to,236.95675808160254,0.26174985850740423,199.78868173396526,0.2810207123671462,159.43469115530928,0.10524251512417462,1.1860369467632284,0.38403857776007927,1.4862308595735736,0.28211518111988987,99.99978141305748
