{
  "activerecord": {
    "mean": 112.78382519222582,
    "rsd_pct": 0.5596080683003507,
    "micro": false
  },
  "hexapdf": {
    "mean": 2378.264043262849,
    "rsd_pct": 1.2671288782273207,
    "micro": false
  },
  "liquid-render": {
    "mean": 128.5266963108866,
    "rsd_pct": 1.8671950014019636,
    "micro": false
  },
  "mail": {
    "mean": 162.69887388172393,
    "rsd_pct": 0.3971628452451372,
    "micro": false
  },
  "psych-load": {
    "mean": 1925.4832080565393,
    "rsd_pct": 0.019857707719186782,
    "micro": false
  },
  "railsbench": {
    "mean": 2202.5427726718285,
    "rsd_pct": 1.3534165176409032,
    "micro": false
  },
  "binarytrees": {
    "mean": 423.6604915590336,
    "rsd_pct": 0.3739214734724808,
    "micro": false
  },
  "discourse": {
    "mean": 574.3690677718924,
    "rsd_pct": 1.6413725557204821,
    "micro": false
  },
  "erubi": {
    "mean": 414.800010228646,
    "rsd_pct": 0.7432657608606732,
    "micro": false
  },
  "erubi_rails": {
    "mean": 20.674844154217293,
    "rsd_pct": 3.27947461582976,
    "micro": false
  },
  "fannkuchredux": {
    "mean": 6821.611667207132,
    "rsd_pct": 0.16082610497240796,
    "micro": false
  },
  "lee": {
    "mean": 906.9867659656501,
    "rsd_pct": 1.5343549647037265,
    "micro": false
  },
  "nbody": {
    "mean": 89.86912817671532,
    "rsd_pct": 0.4301225523213087,
    "micro": false
  },
  "optcarrot": {
    "mean": 3724.2709558612355,
    "rsd_pct": 0.5585952054772554,
    "micro": false
  },
  "rubykon": {
    "mean": 6439.646392113839,
    "rsd_pct": 0.5031131065483938,
    "micro": false
  },
  "30k_ifelse": {
    "mean": 357.190242964188,
    "rsd_pct": 0.15721410762865515,
    "micro": true
  },
  "30k_methods": {
    "mean": 882.0431846913627,
    "rsd_pct": 0.05527170231081958,
    "micro": true
  },
  "cfunc_itself": {
    "mean": 45.04103875175739,
    "rsd_pct": 0.8576158891147656,
    "micro": true
  },
  "fib": {
    "mean": 62.479470315156505,
    "rsd_pct": 0.5633169132425022,
    "micro": true
  },
  "getivar": {
    "mean": 42.54625317723063,
    "rsd_pct": 0.6728632092477258,
    "micro": true
  },
  "keyword_args": {
    "mean": 53.00922783291234,
    "rsd_pct": 0.645788079878389,
    "micro": true
  },
  "respond_to": {
    "mean": 182.68297314298925,
    "rsd_pct": 0.31407441928678886,
    "micro": true
  },
  "setivar": {
    "mean": 52.46932497631902,
    "rsd_pct": 0.5676830274923356,
    "micro": true
  }
}