{
  "activerecord": {
    "mean": 121.7453803912532,
    "rsd_pct": 0.2649555010232634,
    "micro": false
  },
  "hexapdf": {
    "mean": 2315.278128286203,
    "rsd_pct": 1.5930888041326854,
    "micro": false
  },
  "liquid-render": {
    "mean": 146.03765436229023,
    "rsd_pct": 1.2772563500517933,
    "micro": false
  },
  "mail": {
    "mean": 161.65521531558232,
    "rsd_pct": 0.329408645440468,
    "micro": false
  },
  "psych-load": {
    "mean": 1985.366475706299,
    "rsd_pct": 0.1945290648253037,
    "micro": false
  },
  "railsbench": {
    "mean": 2301.39002216359,
    "rsd_pct": 1.3697092319841513,
    "micro": false
  },
  "binarytrees": {
    "mean": 293.0016623719073,
    "rsd_pct": 3.9572584833692552,
    "micro": false
  },
  "erubi": {
    "mean": 462.01536889471436,
    "rsd_pct": 0.8343144707770813,
    "micro": false
  },
  "erubi_rails": {
    "mean": 37.606588117029155,
    "rsd_pct": 8.204262414005123,
    "micro": false
  },
  "fannkuchredux": {
    "mean": 5548.439733187358,
    "rsd_pct": 0.06725088284692513,
    "micro": false
  },
  "lee": {
    "mean": 760.9860723465681,
    "rsd_pct": 0.7649664375478213,
    "micro": false
  },
  "nbody": {
    "mean": 74.23424376257225,
    "rsd_pct": 0.040663983008109084,
    "micro": false
  },
  "optcarrot": {
    "mean": 3202.250891675552,
    "rsd_pct": 0.9307804641830065,
    "micro": false
  },
  "rubykon": {
    "mean": 5954.239902148644,
    "rsd_pct": 0.3494486280043496,
    "micro": false
  },
  "30k_ifelse": {
    "mean": 313.4098369628191,
    "rsd_pct": 0.11468012136849852,
    "micro": true
  },
  "30k_methods": {
    "mean": 758.7581716764432,
    "rsd_pct": 0.023286347835601934,
    "micro": true
  },
  "cfunc_itself": {
    "mean": 39.325532403185875,
    "rsd_pct": 0.25773144558232286,
    "micro": true
  },
  "fib": {
    "mean": 52.308440125542475,
    "rsd_pct": 0.05190487224345005,
    "micro": true
  },
  "getivar": {
    "mean": 35.620318526491765,
    "rsd_pct": 0.06540620783188295,
    "micro": true
  },
  "keyword_args": {
    "mean": 46.038901046022914,
    "rsd_pct": 0.1977109165400157,
    "micro": true
  },
  "respond_to": {
    "mean": 164.067410373392,
    "rsd_pct": 0.3175457095005203,
    "micro": true
  },
  "setivar": {
    "mean": 41.84136746208305,
    "rsd_pct": 0.08818715790975074,
    "micro": true
  }
}