{
  "activerecord": {
    "mean": 107.36180696403608,
    "rsd_pct": 1.7479973377700906
  },
  "hexapdf": {
    "mean": 2278.660348150879,
    "rsd_pct": 1.2760691042297345
  },
  "jekyll": {
    "mean": 7563.134321291,
    "rsd_pct": 2.1043030485673127
  },
  "liquid-render": {
    "mean": 129.45981140023676,
    "rsd_pct": 2.870593960529457
  },
  "mail": {
    "mean": 142.99788267996448,
    "rsd_pct": 1.808752678135332
  },
  "psych-load": {
    "mean": 1613.7867791578174,
    "rsd_pct": 0.07440337982905929
  },
  "railsbench": {
    "mean": 2546.3787127286196,
    "rsd_pct": 1.6919750602688355
  },
  "binarytrees": {
    "mean": 300.36734449758865,
    "rsd_pct": 2.606355987260091
  },
  "fannkuchredux": {
    "mean": 5590.521924383938,
    "rsd_pct": 0.06861995119061466
  },
  "lee": {
    "mean": 794.1999347531237,
    "rsd_pct": 1.5184558365878542
  },
  "nbody": {
    "mean": 75.62477649280838,
    "rsd_pct": 0.030471868435505613
  },
  "optcarrot": {
    "mean": 3156.4494683407247,
    "rsd_pct": 0.47734354955104785
  },
  "30k_ifelse": {
    "mean": 321.21839530121247,
    "rsd_pct": 0.24280829797582704
  },
  "30k_methods": {
    "mean": 762.2983822160784,
    "rsd_pct": 0.035809680002643715
  },
  "cfunc_itself": {
    "mean": 38.91465400109097,
    "rsd_pct": 0.24519716161022223
  },
  "fib": {
    "mean": 52.0097595701615,
    "rsd_pct": 0.05244480263884836
  },
  "getivar": {
    "mean": 36.27491121138023,
    "rsd_pct": 0.06886830232718075
  },
  "keyword_args": {
    "mean": 47.5720540232902,
    "rsd_pct": 0.09512743163334064
  },
  "respond_to": {
    "mean": 167.5251140089875,
    "rsd_pct": 0.7849673297501005
  },
  "setivar": {
    "mean": 42.27464085884034,
    "rsd_pct": 0.13222088677442773
  }
}