{
  "activerecord": {
    "mean": 109.82896582074258,
    "rsd_pct": 0.5481302883153537,
    "micro": false
  },
  "hexapdf": {
    "mean": 2423.3885837097964,
    "rsd_pct": 1.6534523290365533,
    "micro": false
  },
  "liquid-render": {
    "mean": 127.07494651027895,
    "rsd_pct": 1.8671430481844005,
    "micro": false
  },
  "mail": {
    "mean": 172.1017118618493,
    "rsd_pct": 0.3384610546045158,
    "micro": false
  },
  "psych-load": {
    "mean": 1999.5953443770607,
    "rsd_pct": 0.028143585989415583,
    "micro": false
  },
  "railsbench": {
    "mean": 2207.995582309862,
    "rsd_pct": 1.1923167317401804,
    "micro": false
  },
  "binarytrees": {
    "mean": 353.182608388703,
    "rsd_pct": 0.14921763317637804,
    "micro": false
  },
  "chunky_png": {
    "mean": 662.4807002954185,
    "rsd_pct": 0.09349940698446409,
    "micro": false
  },
  "discourse": {
    "mean": 576.9158338063529,
    "rsd_pct": 7.6972191888858505,
    "micro": false
  },
  "erubi": {
    "mean": 417.09834785061946,
    "rsd_pct": 0.6357745507414482,
    "micro": false
  },
  "erubi_rails": {
    "mean": 20.35630756236789,
    "rsd_pct": 3.1807574525651354,
    "micro": false
  },
  "fannkuchredux": {
    "mean": 6968.589053985973,
    "rsd_pct": 0.04112317444597266,
    "micro": false
  },
  "lee": {
    "mean": 931.6298361783,
    "rsd_pct": 1.5900915247464293,
    "micro": false
  },
  "nbody": {
    "mean": 90.3857005595529,
    "rsd_pct": 0.43704958018282725,
    "micro": false
  },
  "optcarrot": {
    "mean": 3467.674331677457,
    "rsd_pct": 0.5654353168815802,
    "micro": false
  },
  "rubykon": {
    "mean": 10684.783466967443,
    "rsd_pct": 0.26143984463978737,
    "micro": false
  },
  "30k_ifelse": {
    "mean": 354.2803407392719,
    "rsd_pct": 0.18426127337361783,
    "micro": true
  },
  "30k_methods": {
    "mean": 876.8796348012984,
    "rsd_pct": 0.05583507881921224,
    "micro": true
  },
  "cfunc_itself": {
    "mean": 45.205149541112554,
    "rsd_pct": 0.8933999185588856,
    "micro": true
  },
  "fib": {
    "mean": 62.481981824385,
    "rsd_pct": 0.6025309714817694,
    "micro": true
  },
  "getivar": {
    "mean": 42.5564195623776,
    "rsd_pct": 0.6640860154802498,
    "micro": true
  },
  "keyword_args": {
    "mean": 52.79418774008122,
    "rsd_pct": 0.6660890565347176,
    "micro": true
  },
  "respond_to": {
    "mean": 193.0288138854153,
    "rsd_pct": 0.25706916610375297,
    "micro": true
  },
  "setivar": {
    "mean": 52.47487039941419,
    "rsd_pct": 0.5953047624571517,
    "micro": true
  }
}