{
  "activerecord": {
    "mean": 101.7555361079071,
    "rsd_pct": 0.7040337484252682,
    "micro": false
  },
  "hexapdf": {
    "mean": 2150.5324255830296,
    "rsd_pct": 1.9007620315611093,
    "micro": false
  },
  "liquid-render": {
    "mean": 113.39840865196932,
    "rsd_pct": 1.5098563620259715,
    "micro": false
  },
  "mail": {
    "mean": 142.89479353633857,
    "rsd_pct": 0.1733357137882798,
    "micro": false
  },
  "psych-load": {
    "mean": 1797.1585088719924,
    "rsd_pct": 0.07007955641815931,
    "micro": false
  },
  "railsbench": {
    "mean": 2038.0187813503046,
    "rsd_pct": 1.403466616465158,
    "micro": false
  },
  "ruby-lsp": {
    "mean": 84.45666788489872,
    "rsd_pct": 26.331547169284157,
    "micro": false
  },
  "binarytrees": {
    "mean": 233.62504624826616,
    "rsd_pct": 0.05068394757135515,
    "micro": false
  },
  "chunky_png": {
    "mean": 620.786865350965,
    "rsd_pct": 0.04469680865770881,
    "micro": false
  },
  "erubi": {
    "mean": 282.96333440727943,
    "rsd_pct": 0.8609526261021494,
    "micro": false
  },
  "erubi_rails": {
    "mean": 17.469162284883343,
    "rsd_pct": 3.9010966122548614,
    "micro": false
  },
  "etanni": {
    "mean": 471.3682243489616,
    "rsd_pct": 0.6534289034374369,
    "micro": false
  },
  "fannkuchredux": {
    "mean": 949.887442169711,
    "rsd_pct": 0.09237591597368823,
    "micro": false
  },
  "lee": {
    "mean": 882.2756964311174,
    "rsd_pct": 1.8094604839275326,
    "micro": false
  },
  "nbody": {
    "mean": 74.25880308702699,
    "rsd_pct": 0.03468652276332448,
    "micro": false
  },
  "optcarrot": {
    "mean": 2610.8922672768435,
    "rsd_pct": 0.4277064992935641,
    "micro": false
  },
  "rubykon": {
    "mean": 6703.937892057002,
    "rsd_pct": 0.3907768900534071,
    "micro": false
  },
  "30k_ifelse": {
    "mean": 402.4189176476177,
    "rsd_pct": 0.1543392942763693,
    "micro": true
  },
  "30k_methods": {
    "mean": 955.9663244057447,
    "rsd_pct": 0.02279921455264021,
    "micro": true
  },
  "cfunc_itself": {
    "mean": 41.45598999139938,
    "rsd_pct": 0.2947479145999754,
    "micro": true
  },
  "fib": {
    "mean": 62.85726651768991,
    "rsd_pct": 0.06082262718578026,
    "micro": true
  },
  "getivar": {
    "mean": 45.76895007697409,
    "rsd_pct": 0.20860811011231054,
    "micro": true
  },
  "keyword_args": {
    "mean": 55.62670013093232,
    "rsd_pct": 0.04050660313218474,
    "micro": true
  },
  "respond_to": {
    "mean": 28.812738153962364,
    "rsd_pct": 0.35635405966716793,
    "micro": true
  },
  "setivar": {
    "mean": 14.707109459970312,
    "rsd_pct": 0.08432026241857657,
    "micro": true
  },
  "setivar_object": {
    "mean": 61.57249399526358,
    "rsd_pct": 34.89211371997866,
    "micro": true
  },
  "str_concat": {
    "mean": 44.25727640537338,
    "rsd_pct": 1.6727538791047187,
    "micro": true
  }
}