{
  "activerecord": {
    "mean": 111.78922715903768,
    "rsd_pct": 0.5291263402234128,
    "micro": false
  },
  "hexapdf": {
    "mean": 2367.8518440574408,
    "rsd_pct": 1.6891413558904895,
    "micro": false
  },
  "liquid-render": {
    "mean": 127.64154067263007,
    "rsd_pct": 1.840392417675792,
    "micro": false
  },
  "mail": {
    "mean": 162.10667045801998,
    "rsd_pct": 0.37492503743196076,
    "micro": false
  },
  "psych-load": {
    "mean": 1894.3000699703891,
    "rsd_pct": 0.05001781691652996,
    "micro": false
  },
  "railsbench": {
    "mean": 2164.3493959369757,
    "rsd_pct": 1.1398348243790815,
    "micro": false
  },
  "binarytrees": {
    "mean": 337.763374151689,
    "rsd_pct": 0.15736845809566904,
    "micro": false
  },
  "chunky_png": {
    "mean": 654.1324809038391,
    "rsd_pct": 0.1186862134227617,
    "micro": false
  },
  "discourse": {
    "mean": 607.2496369289344,
    "rsd_pct": 15.608005993945362,
    "micro": false
  },
  "erubi": {
    "mean": 430.7579891954331,
    "rsd_pct": 0.6434384120746096,
    "micro": false
  },
  "erubi_rails": {
    "mean": 21.765596381994825,
    "rsd_pct": 3.2346198028315083,
    "micro": false
  },
  "fannkuchredux": {
    "mean": 7006.969413409631,
    "rsd_pct": 0.045566138296833376,
    "micro": false
  },
  "lee": {
    "mean": 885.8803396367214,
    "rsd_pct": 1.6107634061206348,
    "micro": false
  },
  "nbody": {
    "mean": 87.20551259999334,
    "rsd_pct": 0.4774346955014859,
    "micro": false
  },
  "optcarrot": {
    "mean": 3753.1179622747004,
    "rsd_pct": 0.5653951102198117,
    "micro": false
  },
  "rubykon": {
    "mean": 6373.66760239626,
    "rsd_pct": 0.42641872742421816,
    "micro": false
  },
  "30k_ifelse": {
    "mean": 358.69147091765296,
    "rsd_pct": 0.1591484100171472,
    "micro": true
  },
  "30k_methods": {
    "mean": 877.5852536359293,
    "rsd_pct": 0.05945143570036367,
    "micro": true
  },
  "cfunc_itself": {
    "mean": 44.67165935474826,
    "rsd_pct": 0.8986027297892623,
    "micro": true
  },
  "fib": {
    "mean": 62.48829424743275,
    "rsd_pct": 0.6022944043519337,
    "micro": true
  },
  "getivar": {
    "mean": 42.551172657954,
    "rsd_pct": 0.6851113448634572,
    "micro": true
  },
  "keyword_args": {
    "mean": 53.05292758107462,
    "rsd_pct": 0.6843161346129842,
    "micro": true
  },
  "respond_to": {
    "mean": 193.84292218363979,
    "rsd_pct": 0.27368109497409693,
    "micro": true
  },
  "setivar": {
    "mean": 53.20040059624439,
    "rsd_pct": 0.7046143653747833,
    "micro": true
  }
}