{
  "activerecord": {
    "mean": 42.20144561123709,
    "rsd_pct": 0.7656446873020248,
    "micro": false
  },
  "erubi_rails": {
    "mean": 14.992105100467823,
    "rsd_pct": 3.6307353551309296,
    "micro": false
  },
  "hexapdf": {
    "mean": 2017.2034717475374,
    "rsd_pct": 2.2683362927082364,
    "micro": false
  },
  "liquid-c": {
    "mean": 59.4172374835822,
    "rsd_pct": 1.945896296538518,
    "micro": false
  },
  "liquid-render": {
    "mean": 105.28889593031062,
    "rsd_pct": 2.715334489827642,
    "micro": false
  },
  "mail": {
    "mean": 131.22017791274152,
    "rsd_pct": 0.16586620628076085,
    "micro": false
  },
  "psych-load": {
    "mean": 1826.4867768312495,
    "rsd_pct": 0.10352244131846483,
    "micro": false
  },
  "railsbench": {
    "mean": 1803.8727264851332,
    "rsd_pct": 1.2423469926357544,
    "micro": false
  },
  "ruby-lsp": {
    "mean": 58.340333009593536,
    "rsd_pct": 19.959643152347585,
    "micro": false
  },
  "sequel": {
    "mean": 67.5496616488285,
    "rsd_pct": 0.308336749745118,
    "micro": false
  },
  "binarytrees": {
    "mean": 234.58058255560258,
    "rsd_pct": 0.08607004951936091,
    "micro": false
  },
  "chunky_png": {
    "mean": 615.6269104103558,
    "rsd_pct": 0.05199951077845954,
    "micro": false
  },
  "erubi": {
    "mean": 255.37118069732037,
    "rsd_pct": 0.8535831081227581,
    "micro": false
  },
  "etanni": {
    "mean": 418.021094170399,
    "rsd_pct": 0.4740651514904334,
    "micro": false
  },
  "fannkuchredux": {
    "mean": 852.4015303701162,
    "rsd_pct": 0.08499068018284255,
    "micro": false
  },
  "lee": {
    "mean": 910.0782147032164,
    "rsd_pct": 0.294897020770613,
    "micro": false
  },
  "nbody": {
    "mean": 73.11004913674715,
    "rsd_pct": 0.08095108516952192,
    "micro": false
  },
  "optcarrot": {
    "mean": 2305.229625850916,
    "rsd_pct": 0.731878826723225,
    "micro": false
  },
  "ruby-json": {
    "mean": 3082.7302555243173,
    "rsd_pct": 0.2788689894155212,
    "micro": false
  },
  "rubykon": {
    "mean": 6623.832022709151,
    "rsd_pct": 0.3642934940804752,
    "micro": false
  },
  "30k_ifelse": {
    "mean": 422.61300315248207,
    "rsd_pct": 0.06082083016100291,
    "micro": true
  },
  "30k_methods": {
    "mean": 942.5557993263716,
    "rsd_pct": 0.035325126819931094,
    "micro": true
  },
  "cfunc_itself": {
    "mean": 40.64457723206998,
    "rsd_pct": 0.21643900567601504,
    "micro": true
  },
  "fib": {
    "mean": 61.695048041292466,
    "rsd_pct": 0.07195002366918817,
    "micro": true
  },
  "getivar": {
    "mean": 45.77840803780619,
    "rsd_pct": 0.14679708111386394,
    "micro": true
  },
  "keyword_args": {
    "mean": 53.74910131636158,
    "rsd_pct": 0.12912523253378325,
    "micro": true
  },
  "respond_to": {
    "mean": 32.15530655794091,
    "rsd_pct": 0.5018247260753496,
    "micro": true
  },
  "setivar": {
    "mean": 14.79363803931689,
    "rsd_pct": 0.08553067794063395,
    "micro": true
  },
  "setivar_object": {
    "mean": 47.9012024220374,
    "rsd_pct": 2.318589303091674,
    "micro": true
  },
  "setivar_young": {
    "mean": 46.27405835479429,
    "rsd_pct": 1.7866660750289203,
    "micro": true
  },
  "str_concat": {
    "mean": 44.5124118118018,
    "rsd_pct": 1.337248440676447,
    "micro": true
  },
  "throw": {
    "mean": 23.29644696870863,
    "rsd_pct": 0.2377044137432926,
    "micro": true
  }
}