{
  "activerecord": {
    "mean": 355.0010163869177,
    "rsd_pct": 0.7464962786697332,
    "micro": false
  },
  "hexapdf": {
    "mean": 6857.6833716283245,
    "rsd_pct": 1.4347113066834818,
    "micro": false
  },
  "liquid-render": {
    "mean": 402.1580042577656,
    "rsd_pct": 1.5952814343197956,
    "micro": false
  },
  "mail": {
    "mean": 410.0186019794832,
    "rsd_pct": 0.11126222740012111,
    "micro": false
  },
  "psych-load": {
    "mean": 5899.792665367325,
    "rsd_pct": 0.06906033932588126,
    "micro": false
  },
  "railsbench": {
    "mean": 6092.342614382505,
    "rsd_pct": 0.9502232831436839,
    "micro": false
  },
  "ruby-lsp": {
    "mean": 208.29055331516685,
    "rsd_pct": 9.839377445299577,
    "micro": false
  },
  "sequel": {
    "mean": 400.9202196012571,
    "rsd_pct": 2.1717134219606216,
    "micro": false
  },
  "binarytrees": {
    "mean": 533.3926127346999,
    "rsd_pct": 0.10015063052825117,
    "micro": false
  },
  "chunky_png": {
    "mean": 1536.2016907602083,
    "rsd_pct": 0.14877841295117472,
    "micro": false
  },
  "erubi": {
    "mean": 764.265246995127,
    "rsd_pct": 0.9418180605266799,
    "micro": false
  },
  "erubi_rails": {
    "mean": 49.22913216208192,
    "rsd_pct": 2.1060780828824965,
    "micro": false
  },
  "etanni": {
    "mean": 1182.3410558336902,
    "rsd_pct": 0.7595716654574102,
    "micro": false
  },
  "fannkuchredux": {
    "mean": 2361.219858351563,
    "rsd_pct": 0.07687015771589426,
    "micro": false
  },
  "lee": {
    "mean": 2630.661221009425,
    "rsd_pct": 0.2566964622517658,
    "micro": false
  },
  "nbody": {
    "mean": 177.38716202157158,
    "rsd_pct": 0.05218479470895804,
    "micro": false
  },
  "optcarrot": {
    "mean": 11321.032344239453,
    "rsd_pct": 0.3447756374932455,
    "micro": false
  },
  "rubykon": {
    "mean": 21898.432111367583,
    "rsd_pct": 0.2912014799168955,
    "micro": false
  },
  "30k_ifelse": {
    "mean": 1917.5446313634818,
    "rsd_pct": 0.033795026730926464,
    "micro": true
  },
  "30k_methods": {
    "mean": 3908.3632383318172,
    "rsd_pct": 0.08324886070381543,
    "micro": true
  },
  "cfunc_itself": {
    "mean": 102.58094108786649,
    "rsd_pct": 0.04858750693131072,
    "micro": true
  },
  "fib": {
    "mean": 182.28364495130685,
    "rsd_pct": 0.006974171083358284,
    "micro": true
  },
  "getivar": {
    "mean": 107.48184622783273,
    "rsd_pct": 0.011027699456611343,
    "micro": true
  },
  "keyword_args": {
    "mean": 144.78615407562054,
    "rsd_pct": 0.02049024471707035,
    "micro": true
  },
  "respond_to": {
    "mean": 100.17050524109176,
    "rsd_pct": 1.2826507262362745,
    "micro": true
  },
  "setivar": {
    "mean": 50.0388609334443,
    "rsd_pct": 0.012584929902721363,
    "micro": true
  },
  "setivar_object": {
    "mean": 127.27832644646921,
    "rsd_pct": 1.1022954800516187,
    "micro": true
  },
  "str_concat": {
    "mean": 106.28012676582686,
    "rsd_pct": 1.0058350577900297,
    "micro": true
  }
}