{
  "activerecord": {
    "mean": 42.81156188858453,
    "rsd_pct": 0.7725444859456433,
    "micro": false
  },
  "erubi_rails": {
    "mean": 15.219379477511696,
    "rsd_pct": 3.3251466465329007,
    "micro": false
  },
  "hexapdf": {
    "mean": 2056.464442486564,
    "rsd_pct": 2.462183589568849,
    "micro": false
  },
  "liquid-c": {
    "mean": 59.18458750808628,
    "rsd_pct": 2.021904959915034,
    "micro": false
  },
  "liquid-compile": {
    "mean": 51.611989278133976,
    "rsd_pct": 4.9114073929284805,
    "micro": false
  },
  "liquid-render": {
    "mean": 108.24535650175972,
    "rsd_pct": 2.598192390426512,
    "micro": false
  },
  "mail": {
    "mean": 128.32798489159154,
    "rsd_pct": 0.3876220178786116,
    "micro": false
  },
  "psych-load": {
    "mean": 1809.6356475104888,
    "rsd_pct": 0.12184659239870521,
    "micro": false
  },
  "railsbench": {
    "mean": 1805.413016056021,
    "rsd_pct": 1.1916817000394406,
    "micro": false
  },
  "ruby-lsp": {
    "mean": 58.3885241931642,
    "rsd_pct": 19.9494646280857,
    "micro": false
  },
  "sequel": {
    "mean": 67.75767906111176,
    "rsd_pct": 0.9358012099724368,
    "micro": false
  },
  "binarytrees": {
    "mean": 226.40722697939384,
    "rsd_pct": 0.10484064104102801,
    "micro": false
  },
  "chunky_png": {
    "mean": 645.6166656026917,
    "rsd_pct": 0.055602877639805336,
    "micro": false
  },
  "erubi": {
    "mean": 257.0597849643001,
    "rsd_pct": 0.8386031988619084,
    "micro": false
  },
  "etanni": {
    "mean": 411.85274021700025,
    "rsd_pct": 0.4536451527238116,
    "micro": false
  },
  "fannkuchredux": {
    "mean": 781.3445919007063,
    "rsd_pct": 7.285330717067844,
    "micro": false
  },
  "lee": {
    "mean": 917.6590816073474,
    "rsd_pct": 0.34819468199643244,
    "micro": false
  },
  "nbody": {
    "mean": 69.21741253204851,
    "rsd_pct": 0.07393157387174877,
    "micro": false
  },
  "optcarrot": {
    "mean": 2263.98485340178,
    "rsd_pct": 0.6193335097544237,
    "micro": false
  },
  "ruby-json": {
    "mean": 3019.6060267587504,
    "rsd_pct": 0.16689203704271388,
    "micro": false
  },
  "rubykon": {
    "mean": 6702.888395016392,
    "rsd_pct": 0.3888310786896654,
    "micro": false
  },
  "30k_ifelse": {
    "mean": 360.184199701656,
    "rsd_pct": 0.06557720925845088,
    "micro": true
  },
  "30k_methods": {
    "mean": 856.4189580957527,
    "rsd_pct": 0.016696735217377762,
    "micro": true
  },
  "cfunc_itself": {
    "mean": 38.36934149780109,
    "rsd_pct": 0.18426681786690563,
    "micro": true
  },
  "fib": {
    "mean": 44.643581517757454,
    "rsd_pct": 0.04879544413626457,
    "micro": true
  },
  "getivar": {
    "mean": 21.166968972436965,
    "rsd_pct": 0.16244126881972287,
    "micro": true
  },
  "keyword_args": {
    "mean": 47.68538532074559,
    "rsd_pct": 0.12586331900272096,
    "micro": true
  },
  "respond_to": {
    "mean": 25.186666732590556,
    "rsd_pct": 0.7997482092651912,
    "micro": true
  },
  "setivar": {
    "mean": 11.994668850747853,
    "rsd_pct": 0.08636459311415413,
    "micro": true
  },
  "setivar_object": {
    "mean": 46.64086808981461,
    "rsd_pct": 5.0313430751595005,
    "micro": true
  },
  "setivar_young": {
    "mean": 42.37648242121657,
    "rsd_pct": 3.5355777203864407,
    "micro": true
  },
  "str_concat": {
    "mean": 42.15896170083355,
    "rsd_pct": 1.4342405703365968,
    "micro": true
  },
  "throw": {
    "mean": 24.16492642963163,
    "rsd_pct": 0.22263938906655137,
    "micro": true
  }
}