{
  "activerecord": {
    "mean": 104.0791640087416,
    "rsd_pct": 0.5907109012816283,
    "micro": false
  },
  "hexapdf": {
    "mean": 2433.065180107951,
    "rsd_pct": 0.8917952918348526,
    "micro": false
  },
  "liquid-render": {
    "mean": 126.00313736793568,
    "rsd_pct": 1.9644207837891667,
    "micro": false
  },
  "mail": {
    "mean": 159.53033157284298,
    "rsd_pct": 0.39602452250577874,
    "micro": false
  },
  "psych-load": {
    "mean": 1979.9922602251172,
    "rsd_pct": 0.02639712169421317,
    "micro": false
  },
  "railsbench": {
    "mean": 2092.675090022385,
    "rsd_pct": 1.6143953974354655,
    "micro": false
  },
  "binarytrees": {
    "mean": 358.88360718649534,
    "rsd_pct": 1.43763092095762,
    "micro": false
  },
  "chunky_png": {
    "mean": 694.9351586601032,
    "rsd_pct": 0.09728970207317442,
    "micro": false
  },
  "discourse": {
    "mean": 498.8334130925628,
    "rsd_pct": 14.507876493364517,
    "micro": false
  },
  "erubi": {
    "mean": 420.131062415052,
    "rsd_pct": 0.8745883638024369,
    "micro": false
  },
  "erubi_rails": {
    "mean": 19.847292401768346,
    "rsd_pct": 3.7985003954595813,
    "micro": false
  },
  "fannkuchredux": {
    "mean": 7210.484639865656,
    "rsd_pct": 0.11719148149714051,
    "micro": false
  },
  "lee": {
    "mean": 893.810188990425,
    "rsd_pct": 0.3505812816460232,
    "micro": false
  },
  "nbody": {
    "mean": 112.99681633262195,
    "rsd_pct": 0.38908424140856035,
    "micro": false
  },
  "optcarrot": {
    "mean": 4467.155520493786,
    "rsd_pct": 0.505483973600103,
    "micro": false
  },
  "rubykon": {
    "mean": 9357.487398199737,
    "rsd_pct": 0.5252990213223818,
    "micro": false
  },
  "30k_ifelse": {
    "mean": 359.70922889695925,
    "rsd_pct": 0.19133700469605827,
    "micro": true
  },
  "30k_methods": {
    "mean": 883.757641454312,
    "rsd_pct": 0.05637441821481259,
    "micro": true
  },
  "cfunc_itself": {
    "mean": 44.82296640934372,
    "rsd_pct": 1.014237058271291,
    "micro": true
  },
  "fib": {
    "mean": 62.67140883672106,
    "rsd_pct": 0.5929130166855057,
    "micro": true
  },
  "getivar": {
    "mean": 113.06474728793916,
    "rsd_pct": 0.38654287034493595,
    "micro": true
  },
  "keyword_args": {
    "mean": 54.286109194869084,
    "rsd_pct": 0.6321493244835222,
    "micro": true
  },
  "respond_to": {
    "mean": 189.55795693462,
    "rsd_pct": 0.36756237034705935,
    "micro": true
  },
  "setivar": {
    "mean": 50.4090736711062,
    "rsd_pct": 0.6244373600969092,
    "micro": true
  },
  "str_concat": {
    "mean": 133.68403308513555,
    "rsd_pct": 1.28683148671785,
    "micro": true
  }
}