{
  "activerecord": {
    "mean": 140.33294545032646,
    "rsd_pct": 0.24674076682542812,
    "micro": false
  },
  "erubi_rails": {
    "mean": 43.678283355933615,
    "rsd_pct": 2.2085629096265085,
    "micro": false
  },
  "hexapdf": {
    "mean": 5592.340987920761,
    "rsd_pct": 2.0500724923997438,
    "micro": false
  },
  "liquid-c": {
    "mean": 182.74538174163604,
    "rsd_pct": 1.7749819571842753,
    "micro": false
  },
  "liquid-compile": {
    "mean": 162.246773595721,
    "rsd_pct": 0.5533771989763233,
    "micro": false
  },
  "liquid-render": {
    "mean": 327.49492943477935,
    "rsd_pct": 2.4354339315554205,
    "micro": false
  },
  "mail": {
    "mean": 360.33113317409897,
    "rsd_pct": 0.3314359808523741,
    "micro": false
  },
  "psych-load": {
    "mean": 4995.023724560936,
    "rsd_pct": 0.07980876721617129,
    "micro": false
  },
  "railsbench": {
    "mean": 5201.063044493397,
    "rsd_pct": 0.6874670363406525,
    "micro": false
  },
  "ruby-lsp": {
    "mean": 171.18242393738942,
    "rsd_pct": 12.610899867131794,
    "micro": false
  },
  "sequel": {
    "mean": 197.49566473687688,
    "rsd_pct": 0.20849135467947083,
    "micro": false
  },
  "binarytrees": {
    "mean": 496.0883112454956,
    "rsd_pct": 0.11379382010624361,
    "micro": false
  },
  "chunky_png": {
    "mean": 1364.4301466869586,
    "rsd_pct": 0.060371139125467245,
    "micro": false
  },
  "erubi": {
    "mean": 557.82942075748,
    "rsd_pct": 1.2447311349045425,
    "micro": false
  },
  "etanni": {
    "mean": 922.3918272372412,
    "rsd_pct": 0.409891199124039,
    "micro": false
  },
  "fannkuchredux": {
    "mean": 1485.6097053736448,
    "rsd_pct": 0.11670001897938817,
    "micro": false
  },
  "lee": {
    "mean": 2119.575975138856,
    "rsd_pct": 0.2587440946661612,
    "micro": false
  },
  "nbody": {
    "mean": 153.581850302334,
    "rsd_pct": 0.08917939711819815,
    "micro": false
  },
  "optcarrot": {
    "mean": 8070.74393555522,
    "rsd_pct": 0.4912739286091164,
    "micro": false
  },
  "ruby-json": {
    "mean": 7687.218464786808,
    "rsd_pct": 0.21853107279419773,
    "micro": false
  },
  "rubykon": {
    "mean": 18785.40582768619,
    "rsd_pct": 0.3803458796557394,
    "micro": false
  },
  "30k_ifelse": {
    "mean": 1596.7507007447157,
    "rsd_pct": 0.023736550107322073,
    "micro": true
  },
  "30k_methods": {
    "mean": 3446.488197973889,
    "rsd_pct": 0.09747744918869707,
    "micro": true
  },
  "cfunc_itself": {
    "mean": 92.42267438447944,
    "rsd_pct": 0.09696921551288937,
    "micro": true
  },
  "fib": {
    "mean": 123.62777338076192,
    "rsd_pct": 0.08227729270845839,
    "micro": true
  },
  "getivar": {
    "mean": 40.46579055740671,
    "rsd_pct": 0.012195134103836412,
    "micro": true
  },
  "keyword_args": {
    "mean": 115.75024013534224,
    "rsd_pct": 0.05833514098568828,
    "micro": true
  },
  "respond_to": {
    "mean": 68.34965597916384,
    "rsd_pct": 1.9974304431919288,
    "micro": true
  },
  "setivar": {
    "mean": 30.89417066440728,
    "rsd_pct": 0.016143717327889117,
    "micro": true
  },
  "setivar_object": {
    "mean": 116.15806566899485,
    "rsd_pct": 1.41564262485347,
    "micro": true
  },
  "setivar_young": {
    "mean": 113.12603531304755,
    "rsd_pct": 0.007027788885278798,
    "micro": true
  },
  "str_concat": {
    "mean": 83.33439055050529,
    "rsd_pct": 0.9439839215759265,
    "micro": true
  },
  "throw": {
    "mean": 49.1750331321818,
    "rsd_pct": 0.16772556044211273,
    "micro": true
  }
}