{
  "activerecord": {
    "mean": 106.62015024677254,
    "rsd_pct": 0.7823699020742341,
    "micro": false
  },
  "hexapdf": {
    "mean": 2219.6126472204924,
    "rsd_pct": 0.9591537898168566,
    "micro": false
  },
  "jekyll": {
    "mean": 7470.275220833719,
    "rsd_pct": 1.907616076053317,
    "micro": false
  },
  "liquid-render": {
    "mean": 126.2711676762708,
    "rsd_pct": 2.01076325215241,
    "micro": false
  },
  "mail": {
    "mean": 140.6897321893749,
    "rsd_pct": 0.609687791740392,
    "micro": false
  },
  "psych-load": {
    "mean": 1641.6945396922529,
    "rsd_pct": 0.2480375086947251,
    "micro": false
  },
  "railsbench": {
    "mean": 2564.167752675712,
    "rsd_pct": 1.1068531456835229,
    "micro": false
  },
  "binarytrees": {
    "mean": 301.25227671835506,
    "rsd_pct": 2.522781107434643,
    "micro": false
  },
  "fannkuchredux": {
    "mean": 5427.394600491971,
    "rsd_pct": 0.17730422320637143,
    "micro": false
  },
  "lee": {
    "mean": 792.6528565585613,
    "rsd_pct": 1.122165098472432,
    "micro": false
  },
  "nbody": {
    "mean": 75.3481978099444,
    "rsd_pct": 0.030176534443999727,
    "micro": false
  },
  "optcarrot": {
    "mean": 3153.2476073130965,
    "rsd_pct": 0.3746835561525083,
    "micro": false
  },
  "rubykon": {
    "mean": 5672.542394418269,
    "rsd_pct": 0.3503939415717471,
    "micro": false
  },
  "30k_ifelse": {
    "mean": 329.68872308950216,
    "rsd_pct": 0.19046355531967932,
    "micro": true
  },
  "30k_methods": {
    "mean": 752.5036969934316,
    "rsd_pct": 0.03574924933873521,
    "micro": true
  },
  "cfunc_itself": {
    "mean": 40.11121932188609,
    "rsd_pct": 0.2820458680610385,
    "micro": true
  },
  "fib": {
    "mean": 52.000747765103974,
    "rsd_pct": 0.035379189065773115,
    "micro": true
  },
  "getivar": {
    "mean": 36.221512698961,
    "rsd_pct": 0.11598089708716912,
    "micro": true
  },
  "keyword_args": {
    "mean": 46.12280297277601,
    "rsd_pct": 0.07895185650604199,
    "micro": true
  },
  "respond_to": {
    "mean": 164.97442453900086,
    "rsd_pct": 0.37096219785456125,
    "micro": true
  },
  "setivar": {
    "mean": 42.39919461733794,
    "rsd_pct": 0.17507809053908036,
    "micro": true
  }
}