{
  "activerecord": {
    "mean": 96.05008477501094,
    "rsd_pct": 0.7416960225958606,
    "micro": false
  },
  "hexapdf": {
    "mean": 2336.5198199947677,
    "rsd_pct": 2.1379222128885917,
    "micro": false
  },
  "liquid-render": {
    "mean": 113.1479544828167,
    "rsd_pct": 1.9466853980718608,
    "micro": false
  },
  "mail": {
    "mean": 155.36318212174453,
    "rsd_pct": 0.14886299986044993,
    "micro": false
  },
  "psych-load": {
    "mean": 1872.200295329094,
    "rsd_pct": 0.014859368179465152,
    "micro": false
  },
  "railsbench": {
    "mean": 2049.46872840325,
    "rsd_pct": 1.4743395099654288,
    "micro": false
  },
  "ruby-lsp": {
    "mean": 81.85325035452843,
    "rsd_pct": 22.969368564090285,
    "micro": false
  },
  "binarytrees": {
    "mean": 226.74747475658555,
    "rsd_pct": 3.8043137179301745,
    "micro": false
  },
  "chunky_png": {
    "mean": 616.3625272456557,
    "rsd_pct": 0.05416901773201856,
    "micro": false
  },
  "erubi": {
    "mean": 290.9305786740953,
    "rsd_pct": 0.9551970919744119,
    "micro": false
  },
  "erubi_rails": {
    "mean": 18.603270178202493,
    "rsd_pct": 3.6997274429824034,
    "micro": false
  },
  "etanni": {
    "mean": 468.0235923400947,
    "rsd_pct": 0.5064295009634024,
    "micro": false
  },
  "fannkuchredux": {
    "mean": 2378.9008965094886,
    "rsd_pct": 0.08114645705380838,
    "micro": false
  },
  "lee": {
    "mean": 963.1871163845062,
    "rsd_pct": 1.7781269382636582,
    "micro": false
  },
  "nbody": {
    "mean": 81.44049775235507,
    "rsd_pct": 0.0732739007748111,
    "micro": false
  },
  "optcarrot": {
    "mean": 3073.1037626663842,
    "rsd_pct": 0.3974293014206749,
    "micro": false
  },
  "rubykon": {
    "mean": 6845.542624344428,
    "rsd_pct": 1.740614354343429,
    "micro": false
  },
  "30k_ifelse": {
    "mean": 401.2877334654331,
    "rsd_pct": 0.13360220551490062,
    "micro": true
  },
  "30k_methods": {
    "mean": 962.5852389261127,
    "rsd_pct": 0.04246846246428119,
    "micro": true
  },
  "cfunc_itself": {
    "mean": 40.41691164815597,
    "rsd_pct": 0.42552575550450233,
    "micro": true
  },
  "fib": {
    "mean": 61.6347887924661,
    "rsd_pct": 0.04963616952773295,
    "micro": true
  },
  "getivar": {
    "mean": 46.83785085422053,
    "rsd_pct": 0.04697649450510636,
    "micro": true
  },
  "keyword_args": {
    "mean": 51.91409952607852,
    "rsd_pct": 0.4638584914598879,
    "micro": true
  },
  "respond_to": {
    "mean": 28.084467960839845,
    "rsd_pct": 0.4358467951268424,
    "micro": true
  },
  "setivar": {
    "mean": 49.464961079259716,
    "rsd_pct": 0.1186418486658401,
    "micro": true
  },
  "str_concat": {
    "mean": 42.43713632880986,
    "rsd_pct": 1.798302721608418,
    "micro": true
  }
}