{
  "cfunc_itself.rb": {
    "mean": 40.52704477813557,
    "rsd_pct": 0.2783363000436279
  },
  "fib.rb": {
    "mean": 58.32385467001805,
    "rsd_pct": 0.06380015381559355
  },
  "getivar.rb": {
    "mean": 36.276275002323516,
    "rsd_pct": 0.044026313931860496
  },
  "respond_to.rb": {
    "mean": 164.031967142364,
    "rsd_pct": 0.4569771759699761
  },
  "setivar.rb": {
    "mean": 44.55545238358365,
    "rsd_pct": 0.1712019465219737
  },
  "30k_methods.rb": {
    "mean": 729.5234930158282,
    "rsd_pct": 0.023790600931304327
  },
  "30k_ifelse.rb": {
    "mean": 325.0717503206733,
    "rsd_pct": 0.24063638609654267
  },
  "fannkuchredux": {
    "mean": 5577.970979991369,
    "rsd_pct": 0.05963069848362273
  },
  "nbody": {
    "mean": 110.87395426849916,
    "rsd_pct": 0.05686160973684853
  },
  "binarytrees": {
    "mean": 309.2530176678503,
    "rsd_pct": 0.24249579347425887
  },
  "psych-load": {
    "mean": 1646.7266551917419,
    "rsd_pct": 0.5857239220764753
  },
  "lee": {
    "mean": 808.0085253963867,
    "rsd_pct": 1.7417539775297082
  },
  "liquid-render": {
    "mean": 145.43840530132002,
    "rsd_pct": 2.458537923899244
  },
  "activerecord": {
    "mean": 112.79539459030188,
    "rsd_pct": 1.793625387314962
  },
  "optcarrot": {
    "mean": 3165.810133726336,
    "rsd_pct": 0.24664090933939128
  },
  "jekyll": {
    "mean": 7560.568028292619,
    "rsd_pct": 2.5758869450087585
  },
  "mail": {
    "mean": 140.83287263267928,
    "rsd_pct": 1.508840076521966
  },
  "railsbench": {
    "mean": 2676.034070109017,
    "rsd_pct": 1.2022022899047011
  }
}