{
  "activerecord": {
    "mean": 339.4111419123981,
    "rsd_pct": 0.5320202298448575,
    "micro": false
  },
  "hexapdf": {
    "mean": 7475.730822297434,
    "rsd_pct": 1.266526694636976,
    "micro": false
  },
  "liquid-render": {
    "mean": 446.39565320001486,
    "rsd_pct": 1.4091092037316573,
    "micro": false
  },
  "mail": {
    "mean": 581.5144661139316,
    "rsd_pct": 0.10324143922346199,
    "micro": false
  },
  "psych-load": {
    "mean": 6518.502190584938,
    "rsd_pct": 0.06800635272992475,
    "micro": false
  },
  "railsbench": {
    "mean": 6523.7577154611545,
    "rsd_pct": 0.6353575734000291,
    "micro": false
  },
  "ruby-lsp": {
    "mean": 240.26606390822906,
    "rsd_pct": 9.925500219942998,
    "micro": false
  },
  "binarytrees": {
    "mean": 571.6301700975522,
    "rsd_pct": 3.2541563747639457,
    "micro": false
  },
  "chunky_png": {
    "mean": 1683.2119145838078,
    "rsd_pct": 0.060435739008912026,
    "micro": false
  },
  "erubi": {
    "mean": 774.4054275236148,
    "rsd_pct": 1.0333961703828003,
    "micro": false
  },
  "erubi_rails": {
    "mean": 52.858409927563464,
    "rsd_pct": 2.428444654981164,
    "micro": false
  },
  "etanni": {
    "mean": 1204.0577129283477,
    "rsd_pct": 0.7864120297251062,
    "micro": false
  },
  "fannkuchredux": {
    "mean": 6217.457107640803,
    "rsd_pct": 0.20177610442376837,
    "micro": false
  },
  "lee": {
    "mean": 2669.6914677508175,
    "rsd_pct": 0.10182082466928932,
    "micro": false
  },
  "nbody": {
    "mean": 217.79928338582977,
    "rsd_pct": 0.17101992256860737,
    "micro": false
  },
  "optcarrot": {
    "mean": 15472.59098632882,
    "rsd_pct": 0.41359618290189243,
    "micro": false
  },
  "rubykon": {
    "mean": 24536.407144988578,
    "rsd_pct": 0.19855720510679195,
    "micro": false
  },
  "30k_ifelse": {
    "mean": 2362.5323291681707,
    "rsd_pct": 0.0757534059009593,
    "micro": true
  },
  "30k_methods": {
    "mean": 5191.531994286925,
    "rsd_pct": 0.1064219726098482,
    "micro": true
  },
  "cfunc_itself": {
    "mean": 122.41852074493504,
    "rsd_pct": 0.10464153442739181,
    "micro": true
  },
  "fib": {
    "mean": 225.6476311270216,
    "rsd_pct": 0.00842233313610853,
    "micro": true
  },
  "getivar": {
    "mean": 118.34575942861782,
    "rsd_pct": 0.006103991954906427,
    "micro": true
  },
  "keyword_args": {
    "mean": 155.43028619622936,
    "rsd_pct": 0.024372682128807832,
    "micro": true
  },
  "respond_to": {
    "mean": 113.86411500596765,
    "rsd_pct": 1.4156850627734534,
    "micro": true
  },
  "setivar": {
    "mean": 113.56761722037426,
    "rsd_pct": 0.005780841250520435,
    "micro": true
  },
  "str_concat": {
    "mean": 118.17152543207172,
    "rsd_pct": 0.8920151461902728,
    "micro": true
  }
}