{
  "activerecord": {
    "mean": 102.14818386149776,
    "rsd_pct": 0.7352325994955418,
    "micro": false
  },
  "hexapdf": {
    "mean": 2414.6600308517613,
    "rsd_pct": 2.0468414253099727,
    "micro": false
  },
  "liquid-render": {
    "mean": 124.29590363587651,
    "rsd_pct": 1.6680035449516213,
    "micro": false
  },
  "mail": {
    "mean": 156.90615350805868,
    "rsd_pct": 0.24653800199069076,
    "micro": false
  },
  "psych-load": {
    "mean": 1906.2382131814957,
    "rsd_pct": 0.04085526373261745,
    "micro": false
  },
  "railsbench": {
    "mean": 2121.0717245936394,
    "rsd_pct": 0.8733610660094907,
    "micro": false
  },
  "binarytrees": {
    "mean": 367.6633418848117,
    "rsd_pct": 0.07414477347661219,
    "micro": false
  },
  "chunky_png": {
    "mean": 660.2022558450699,
    "rsd_pct": 0.19753783620287338,
    "micro": false
  },
  "erubi": {
    "mean": 327.34564257164794,
    "rsd_pct": 0.6503429431710969,
    "micro": false
  },
  "erubi_rails": {
    "mean": 19.17271055889519,
    "rsd_pct": 3.6262875511217185,
    "micro": false
  },
  "fannkuchredux": {
    "mean": 2367.461872845888,
    "rsd_pct": 0.05475027159827484,
    "micro": false
  },
  "lee": {
    "mean": 944.5339851081371,
    "rsd_pct": 1.0459576384749651,
    "micro": false
  },
  "nbody": {
    "mean": 93.03336321401052,
    "rsd_pct": 0.09132030837171831,
    "micro": false
  },
  "optcarrot": {
    "mean": 3538.1493960817656,
    "rsd_pct": 0.6059433648505067,
    "micro": false
  },
  "rubykon": {
    "mean": 6710.194055736065,
    "rsd_pct": 0.619117858332565,
    "micro": false
  },
  "30k_ifelse": {
    "mean": 376.0962455223004,
    "rsd_pct": 0.08343626014114204,
    "micro": true
  },
  "30k_methods": {
    "mean": 784.97314453125,
    "rsd_pct": 0.020771226004496633,
    "micro": true
  },
  "cfunc_itself": {
    "mean": 44.75521034328267,
    "rsd_pct": 0.71270138741984,
    "micro": true
  },
  "fib": {
    "mean": 64.62406886675211,
    "rsd_pct": 0.058059653916568615,
    "micro": true
  },
  "getivar": {
    "mean": 42.631789748030684,
    "rsd_pct": 0.048913603553852825,
    "micro": true
  },
  "keyword_args": {
    "mean": 52.02561630768345,
    "rsd_pct": 0.12132061898652406,
    "micro": true
  },
  "respond_to": {
    "mean": 192.48315677619897,
    "rsd_pct": 0.10801553056922247,
    "micro": true
  },
  "setivar": {
    "mean": 52.69560545171785,
    "rsd_pct": 0.04038767176247838,
    "micro": true
  },
  "str_concat": {
    "mean": 47.47338803105445,
    "rsd_pct": 1.1658204015522802,
    "micro": true
  }
}