{
  "cfunc_itself.rb": {
    "mean": 40.70286162794641,
    "rsd_pct": 0.3048322847107012
  },
  "fib.rb": {
    "mean": 58.886412399200104,
    "rsd_pct": 0.07263157991801292
  },
  "getivar.rb": {
    "mean": 36.27955386058822,
    "rsd_pct": 0.05738035510650223
  },
  "respond_to.rb": {
    "mean": 158.97703871877607,
    "rsd_pct": 0.5369475926346454
  },
  "setivar.rb": {
    "mean": 44.501347226979235,
    "rsd_pct": 0.1894454075857921
  },
  "30k_methods.rb": {
    "mean": 729.7645460477927,
    "rsd_pct": 0.02345214303245622
  },
  "30k_ifelse.rb": {
    "mean": 338.7817485609605,
    "rsd_pct": 0.18079808397302563
  },
  "fannkuchredux": {
    "mean": 5529.574657278135,
    "rsd_pct": 0.059788301206136006
  },
  "nbody": {
    "mean": 71.66255272631706,
    "rsd_pct": 0.05782709053434811
  },
  "binarytrees": {
    "mean": 309.8466049160131,
    "rsd_pct": 0.24395801699294467
  },
  "psych-load": {
    "mean": 1652.5286074960604,
    "rsd_pct": 0.4859455267488842
  },
  "lee": {
    "mean": 810.8352054841816,
    "rsd_pct": 1.7705367413895934
  },
  "liquid-render": {
    "mean": 147.13993381952778,
    "rsd_pct": 2.8552138342341915
  },
  "activerecord": {
    "mean": 110.46454183517666,
    "rsd_pct": 2.0752390013652797
  },
  "optcarrot": {
    "mean": 3184.111277014017,
    "rsd_pct": 0.2451183962748089
  },
  "jekyll": {
    "mean": 7573.065601591952,
    "rsd_pct": 2.741347472374149
  },
  "mail": {
    "mean": 148.75833051008803,
    "rsd_pct": 1.4976523493932266
  },
  "railsbench": {
    "mean": 2691.6669806465507,
    "rsd_pct": 1.1978771651028832
  }
}