{
  "activerecord": {
    "mean": 115.5291058605017,
    "rsd_pct": 0.5527636548318564,
    "micro": false
  },
  "hexapdf": {
    "mean": 2383.8519991375506,
    "rsd_pct": 1.2817460665986757,
    "micro": false
  },
  "liquid-render": {
    "mean": 133.47895410873627,
    "rsd_pct": 1.8832895568709842,
    "micro": false
  },
  "mail": {
    "mean": 162.75011483424655,
    "rsd_pct": 0.339045684347471,
    "micro": false
  },
  "psych-load": {
    "mean": 1942.0517564751208,
    "rsd_pct": 0.03622368171671093,
    "micro": false
  },
  "railsbench": {
    "mean": 2241.907173395157,
    "rsd_pct": 1.123969506940842,
    "micro": false
  },
  "binarytrees": {
    "mean": 346.0209612051646,
    "rsd_pct": 0.16299405689573604,
    "micro": false
  },
  "discourse": {
    "mean": 783.0712679116165,
    "rsd_pct": 15.077185757015297,
    "micro": false
  },
  "erubi": {
    "mean": 411.8550313772478,
    "rsd_pct": 0.8148802443528488,
    "micro": false
  },
  "erubi_rails": {
    "mean": 21.006703936643074,
    "rsd_pct": 3.33160411564572,
    "micro": false
  },
  "fannkuchredux": {
    "mean": 6949.655765791734,
    "rsd_pct": 0.1942139366766847,
    "micro": false
  },
  "lee": {
    "mean": 918.8166153173717,
    "rsd_pct": 1.527092565055973,
    "micro": false
  },
  "nbody": {
    "mean": 85.79154336623822,
    "rsd_pct": 0.4277053340692979,
    "micro": false
  },
  "optcarrot": {
    "mean": 3597.091108529518,
    "rsd_pct": 0.5690487072225916,
    "micro": false
  },
  "rubykon": {
    "mean": 6530.881562487532,
    "rsd_pct": 0.3295558078136016,
    "micro": false
  },
  "30k_ifelse": {
    "mean": 353.85868334976425,
    "rsd_pct": 0.15297921974233314,
    "micro": true
  },
  "30k_methods": {
    "mean": 886.8869089267471,
    "rsd_pct": 0.060588549611876395,
    "micro": true
  },
  "cfunc_itself": {
    "mean": 44.871142790229484,
    "rsd_pct": 0.8688376236325339,
    "micro": true
  },
  "fib": {
    "mean": 62.574264720024075,
    "rsd_pct": 0.5452834015632511,
    "micro": true
  },
  "getivar": {
    "mean": 42.544308726670955,
    "rsd_pct": 0.6043979787802131,
    "micro": true
  },
  "keyword_args": {
    "mean": 52.718790249268295,
    "rsd_pct": 0.7334598936593332,
    "micro": true
  },
  "respond_to": {
    "mean": 184.75441575389016,
    "rsd_pct": 0.28098432584683225,
    "micro": true
  },
  "setivar": {
    "mean": 49.70416218851348,
    "rsd_pct": 0.6153836040591677,
    "micro": true
  }
}