{
  "activerecord": {
    "mean": 102.92794021855418,
    "rsd_pct": 0.6175931599069384,
    "micro": false
  },
  "hexapdf": {
    "mean": 2308.8879726827145,
    "rsd_pct": 2.472151443895553,
    "micro": false
  },
  "liquid-render": {
    "mean": 114.19508467032307,
    "rsd_pct": 1.821874508664814,
    "micro": false
  },
  "mail": {
    "mean": 155.57169189560227,
    "rsd_pct": 0.18431152425360356,
    "micro": false
  },
  "psych-load": {
    "mean": 2008.0802043279011,
    "rsd_pct": 0.06297519436916457,
    "micro": false
  },
  "railsbench": {
    "mean": 2140.9191206097603,
    "rsd_pct": 1.2776872405299264,
    "micro": false
  },
  "binarytrees": {
    "mean": 229.4651034118777,
    "rsd_pct": 0.07186921390983773,
    "micro": false
  },
  "chunky_png": {
    "mean": 652.6190905521313,
    "rsd_pct": 0.19903957391340865,
    "micro": false
  },
  "erubi": {
    "mean": 300.3449592400681,
    "rsd_pct": 0.8841150598452236,
    "micro": false
  },
  "erubi_rails": {
    "mean": 19.786399728919736,
    "rsd_pct": 4.251272457155811,
    "micro": false
  },
  "fannkuchredux": {
    "mean": 2335.584213336309,
    "rsd_pct": 0.0751959389025423,
    "micro": false
  },
  "lee": {
    "mean": 962.5783569756009,
    "rsd_pct": 1.0354745836142356,
    "micro": false
  },
  "nbody": {
    "mean": 90.93428612278218,
    "rsd_pct": 0.06229581274282655,
    "micro": false
  },
  "optcarrot": {
    "mean": 3454.0852737923465,
    "rsd_pct": 0.4123515832325322,
    "micro": false
  },
  "rubykon": {
    "mean": 7159.7869619727135,
    "rsd_pct": 0.4897942351906385,
    "micro": false
  },
  "30k_ifelse": {
    "mean": 386.7713606783322,
    "rsd_pct": 0.11459147211416004,
    "micro": true
  },
  "30k_methods": {
    "mean": 822.0353494398296,
    "rsd_pct": 0.03347357628145512,
    "micro": true
  },
  "cfunc_itself": {
    "mean": 42.01695673605975,
    "rsd_pct": 0.15122976475290997,
    "micro": true
  },
  "fib": {
    "mean": 61.793089858883974,
    "rsd_pct": 0.1618991891843746,
    "micro": true
  },
  "getivar": {
    "mean": 42.74970253159709,
    "rsd_pct": 0.049911824414068884,
    "micro": true
  },
  "keyword_args": {
    "mean": 53.537518458787325,
    "rsd_pct": 0.10423619750929468,
    "micro": true
  },
  "respond_to": {
    "mean": 31.718276113914598,
    "rsd_pct": 0.5955768343845332,
    "micro": true
  },
  "setivar": {
    "mean": 40.603889884317624,
    "rsd_pct": 0.3373634423570501,
    "micro": true
  },
  "str_concat": {
    "mean": 47.85601595568957,
    "rsd_pct": 1.5996805511269556,
    "micro": true
  }
}