{
  "activerecord": {
    "mean": 106.01073392715894,
    "rsd_pct": 0.5320747231973708,
    "micro": false
  },
  "hexapdf": {
    "mean": 2284.460741902391,
    "rsd_pct": 2.9611741610349784,
    "micro": false
  },
  "liquid-render": {
    "mean": 126.28044716736174,
    "rsd_pct": 1.636021817395755,
    "micro": false
  },
  "mail": {
    "mean": 156.260713392238,
    "rsd_pct": 0.18893649877259558,
    "micro": false
  },
  "psych-load": {
    "mean": 1960.8021065592766,
    "rsd_pct": 0.05604613482559168,
    "micro": false
  },
  "railsbench": {
    "mean": 2127.642753099402,
    "rsd_pct": 1.1348679985408585,
    "micro": false
  },
  "binarytrees": {
    "mean": 375.2167314764053,
    "rsd_pct": 0.042575858174596685,
    "micro": false
  },
  "chunky_png": {
    "mean": 631.3383708437605,
    "rsd_pct": 0.04999800646916358,
    "micro": false
  },
  "erubi": {
    "mean": 319.29714803303045,
    "rsd_pct": 0.6779161143350421,
    "micro": false
  },
  "erubi_rails": {
    "mean": 19.425087741181446,
    "rsd_pct": 3.3696842504817996,
    "micro": false
  },
  "fannkuchredux": {
    "mean": 6932.717647900184,
    "rsd_pct": 0.19083727870094241,
    "micro": false
  },
  "lee": {
    "mean": 944.5307508465789,
    "rsd_pct": 0.7210218394243632,
    "micro": false
  },
  "nbody": {
    "mean": 94.9037870810059,
    "rsd_pct": 0.08368993546470611,
    "micro": false
  },
  "optcarrot": {
    "mean": 3599.4828632722297,
    "rsd_pct": 0.599005630495715,
    "micro": false
  },
  "rubykon": {
    "mean": 6841.759035736322,
    "rsd_pct": 0.49484033021513757,
    "micro": false
  },
  "30k_ifelse": {
    "mean": 352.23226946863264,
    "rsd_pct": 0.07791050844018461,
    "micro": true
  },
  "30k_methods": {
    "mean": 877.6930728080598,
    "rsd_pct": 0.017310259000367017,
    "micro": true
  },
  "cfunc_itself": {
    "mean": 47.52401211496053,
    "rsd_pct": 0.6337638688843384,
    "micro": true
  },
  "fib": {
    "mean": 63.304076970569675,
    "rsd_pct": 0.038102590638772235,
    "micro": true
  },
  "getivar": {
    "mean": 44.224682980903275,
    "rsd_pct": 0.10538861396803177,
    "micro": true
  },
  "keyword_args": {
    "mean": 53.01716904290379,
    "rsd_pct": 0.9380152554847923,
    "micro": true
  },
  "respond_to": {
    "mean": 183.27008606866002,
    "rsd_pct": 0.19035366070040458,
    "micro": true
  },
  "setivar": {
    "mean": 50.119281256481976,
    "rsd_pct": 0.29064017674972065,
    "micro": true
  },
  "str_concat": {
    "mean": 42.5496176562526,
    "rsd_pct": 1.829737213284776,
    "micro": true
  }
}