{
  "activerecord": {
    "mean": 102.3886654812556,
    "rsd_pct": 0.7006685932051926,
    "micro": false
  },
  "hexapdf": {
    "mean": 2369.380992402633,
    "rsd_pct": 1.9866828568851298,
    "micro": false
  },
  "liquid-render": {
    "mean": 123.9605733881826,
    "rsd_pct": 1.6311912602065683,
    "micro": false
  },
  "mail": {
    "mean": 160.03277542905545,
    "rsd_pct": 0.30653900107653104,
    "micro": false
  },
  "psych-load": {
    "mean": 1927.773164709409,
    "rsd_pct": 0.02313914074821544,
    "micro": false
  },
  "railsbench": {
    "mean": 2091.32450123628,
    "rsd_pct": 1.0304005439875787,
    "micro": false
  },
  "binarytrees": {
    "mean": 365.1287042750762,
    "rsd_pct": 0.04728987364210787,
    "micro": false
  },
  "chunky_png": {
    "mean": 651.9076283378847,
    "rsd_pct": 0.2330810778149917,
    "micro": false
  },
  "erubi": {
    "mean": 295.315495011077,
    "rsd_pct": 0.8042206650290724,
    "micro": false
  },
  "erubi_rails": {
    "mean": 19.16042250716163,
    "rsd_pct": 3.6929793056534135,
    "micro": false
  },
  "fannkuchredux": {
    "mean": 2333.5937621692815,
    "rsd_pct": 0.265040309986502,
    "micro": false
  },
  "lee": {
    "mean": 947.1788920816921,
    "rsd_pct": 0.9249751379027296,
    "micro": false
  },
  "nbody": {
    "mean": 92.96738761092038,
    "rsd_pct": 0.09712872072757261,
    "micro": false
  },
  "optcarrot": {
    "mean": 3470.1202591260276,
    "rsd_pct": 0.6169584249649329,
    "micro": false
  },
  "rubykon": {
    "mean": 6878.179079542558,
    "rsd_pct": 0.6497011643772452,
    "micro": false
  },
  "30k_ifelse": {
    "mean": 360.862519253384,
    "rsd_pct": 0.08794251377168484,
    "micro": true
  },
  "30k_methods": {
    "mean": 785.6834232807159,
    "rsd_pct": 0.019964692492038916,
    "micro": true
  },
  "cfunc_itself": {
    "mean": 45.18003245441424,
    "rsd_pct": 0.6614659828691135,
    "micro": true
  },
  "fib": {
    "mean": 62.731508036735676,
    "rsd_pct": 0.041757205814381165,
    "micro": true
  },
  "getivar": {
    "mean": 42.74915341423461,
    "rsd_pct": 0.04697238343160314,
    "micro": true
  },
  "keyword_args": {
    "mean": 53.75199266954472,
    "rsd_pct": 0.1861325466553374,
    "micro": true
  },
  "respond_to": {
    "mean": 185.43195338031956,
    "rsd_pct": 0.2095616749074287,
    "micro": true
  },
  "setivar": {
    "mean": 46.8006512030549,
    "rsd_pct": 0.3971433314598302,
    "micro": true
  },
  "str_concat": {
    "mean": 46.42128485356462,
    "rsd_pct": 1.569846939598368,
    "micro": true
  }
}