{
  "activerecord": {
    "mean": 108.81500016542275,
    "rsd_pct": 0.5984278425504155,
    "micro": false
  },
  "hexapdf": {
    "mean": 2054.4774458821244,
    "rsd_pct": 1.9172805144866039,
    "micro": false
  },
  "liquid-c": {
    "mean": 59.860351610117355,
    "rsd_pct": 1.9472726423368212,
    "micro": false
  },
  "liquid-render": {
    "mean": 113.50428144611546,
    "rsd_pct": 2.5264342541331675,
    "micro": false
  },
  "mail": {
    "mean": 137.94467773954642,
    "rsd_pct": 0.21521308099696349,
    "micro": false
  },
  "psych-load": {
    "mean": 1796.5249365583684,
    "rsd_pct": 0.022048941670422813,
    "micro": false
  },
  "railsbench": {
    "mean": 1897.236867621541,
    "rsd_pct": 1.100811286689008,
    "micro": false
  },
  "ruby-lsp": {
    "mean": 66.63785380391003,
    "rsd_pct": 18.195488271863088,
    "micro": false
  },
  "sequel": {
    "mean": 147.40907427778384,
    "rsd_pct": 1.9338799374785087,
    "micro": false
  },
  "binarytrees": {
    "mean": 240.82436854249787,
    "rsd_pct": 0.07891691562828114,
    "micro": false
  },
  "chunky_png": {
    "mean": 639.1673127504727,
    "rsd_pct": 0.06886748303393468,
    "micro": false
  },
  "erubi": {
    "mean": 255.1454113170432,
    "rsd_pct": 0.8496442516305827,
    "micro": false
  },
  "erubi_rails": {
    "mean": 16.53289502334573,
    "rsd_pct": 3.8969450055517485,
    "micro": false
  },
  "etanni": {
    "mean": 408.3943745164125,
    "rsd_pct": 0.4524113672484418,
    "micro": false
  },
  "fannkuchredux": {
    "mean": 925.2339868606733,
    "rsd_pct": 0.0693683260163489,
    "micro": false
  },
  "lee": {
    "mean": 910.8685077600447,
    "rsd_pct": 0.11237640131369227,
    "micro": false
  },
  "nbody": {
    "mean": 72.22547689755363,
    "rsd_pct": 0.09623801759178216,
    "micro": false
  },
  "optcarrot": {
    "mean": 2622.6131721322113,
    "rsd_pct": 0.6558564014917719,
    "micro": false
  },
  "rubykon": {
    "mean": 6700.193615156847,
    "rsd_pct": 0.3856190129413686,
    "micro": false
  },
  "30k_ifelse": {
    "mean": 429.85347061134553,
    "rsd_pct": 0.06088872866929328,
    "micro": true
  },
  "30k_methods": {
    "mean": 980.6207782588899,
    "rsd_pct": 0.028511860105841568,
    "micro": true
  },
  "cfunc_itself": {
    "mean": 42.92398144275174,
    "rsd_pct": 0.3431073896582731,
    "micro": true
  },
  "fib": {
    "mean": 62.83019971191801,
    "rsd_pct": 0.06001029212276332,
    "micro": true
  },
  "getivar": {
    "mean": 45.60555534072637,
    "rsd_pct": 0.043714067146454615,
    "micro": true
  },
  "keyword_args": {
    "mean": 53.834922534835364,
    "rsd_pct": 0.2189709540133168,
    "micro": true
  },
  "respond_to": {
    "mean": 31.194418950114386,
    "rsd_pct": 0.289252584335865,
    "micro": true
  },
  "setivar": {
    "mean": 14.901284761549759,
    "rsd_pct": 0.09537493661183803,
    "micro": true
  },
  "setivar_object": {
    "mean": 47.0096884900704,
    "rsd_pct": 0.891911555495555,
    "micro": true
  },
  "str_concat": {
    "mean": 43.58042506160475,
    "rsd_pct": 1.4294405992981818,
    "micro": true
  }
}