{
  "activerecord": {
    "mean": 108.74761218825977,
    "rsd_pct": 1.4390116242851865,
    "micro": false
  },
  "hexapdf": {
    "mean": 2212.6866561050215,
    "rsd_pct": 1.9326070505119697,
    "micro": false
  },
  "jekyll": {
    "mean": 7499.209011780719,
    "rsd_pct": 3.1452142353092594,
    "micro": false
  },
  "liquid-render": {
    "mean": 114.78062830865383,
    "rsd_pct": 2.571179629558123,
    "micro": false
  },
  "mail": {
    "mean": 153.4339721004168,
    "rsd_pct": 1.376324351805336,
    "micro": false
  },
  "psych-load": {
    "mean": 1675.845333126684,
    "rsd_pct": 0.7195273678093135,
    "micro": false
  },
  "railsbench": {
    "mean": 2507.1537390972176,
    "rsd_pct": 1.3854873707710638,
    "micro": false
  },
  "binarytrees": {
    "mean": 283.17717406898737,
    "rsd_pct": 2.8998799187945363,
    "micro": false
  },
  "erubi": {
    "mean": 425.74928142130375,
    "rsd_pct": 1.8934068663595778,
    "micro": false
  },
  "erubi_rails": {
    "mean": 33.052173691491284,
    "rsd_pct": 4.467305376356982,
    "micro": false
  },
  "fannkuchredux": {
    "mean": 5487.6810524612665,
    "rsd_pct": 0.09544074450350107,
    "micro": false
  },
  "lee": {
    "mean": 899.4204722344875,
    "rsd_pct": 1.0827037394842811,
    "micro": false
  },
  "nbody": {
    "mean": 74.76296704262495,
    "rsd_pct": 0.05110792633844231,
    "micro": false
  },
  "optcarrot": {
    "mean": 3157.58494840314,
    "rsd_pct": 0.7088033938286725,
    "micro": false
  },
  "rubykon": {
    "mean": 5726.058173427979,
    "rsd_pct": 0.8230668888513272,
    "micro": false
  },
  "30k_ifelse": {
    "mean": 320.73604334145784,
    "rsd_pct": 0.08930358701518201,
    "micro": true
  },
  "30k_methods": {
    "mean": 739.1659851496419,
    "rsd_pct": 0.047293692925659325,
    "micro": true
  },
  "cfunc_itself": {
    "mean": 39.048945531249046,
    "rsd_pct": 0.32433643955808605,
    "micro": true
  },
  "fib": {
    "mean": 52.06615719944239,
    "rsd_pct": 0.014688808282970806,
    "micro": true
  },
  "getivar": {
    "mean": 35.47365193565687,
    "rsd_pct": 0.03165602799809699,
    "micro": true
  },
  "keyword_args": {
    "mean": 45.807078294456005,
    "rsd_pct": 0.11469875177040909,
    "micro": true
  },
  "respond_to": {
    "mean": 153.90504704167446,
    "rsd_pct": 0.12374083564454136,
    "micro": true
  },
  "setivar": {
    "mean": 41.499471478164196,
    "rsd_pct": 0.02292239560365001,
    "micro": true
  }
}