{
  "activerecord": {
    "mean": 42.68143839767199,
    "rsd_pct": 3.7603777129315317,
    "micro": false
  },
  "erubi_rails": {
    "mean": 15.743423518764851,
    "rsd_pct": 19.587329192535428,
    "micro": false
  },
  "hexapdf": {
    "mean": 2079.2996188004813,
    "rsd_pct": 2.7675638433816308,
    "micro": false
  },
  "liquid-c": {
    "mean": 59.55358124824602,
    "rsd_pct": 0.7180503393427007,
    "micro": false
  },
  "liquid-compile": {
    "mean": 57.21762188227265,
    "rsd_pct": 1.4712789757879965,
    "micro": false
  },
  "liquid-render": {
    "mean": 104.04879627943349,
    "rsd_pct": 0.44143138067077736,
    "micro": false
  },
  "mail": {
    "mean": 132.8647192567587,
    "rsd_pct": 0.17978522671841385,
    "micro": false
  },
  "psych-load": {
    "mean": 1849.79499814411,
    "rsd_pct": 0.0904771926686096,
    "micro": false
  },
  "railsbench": {
    "mean": 1814.237841963768,
    "rsd_pct": 1.1601500966227896,
    "micro": false
  },
  "ruby-lsp": {
    "mean": 55.2116045934143,
    "rsd_pct": 7.350477914390922,
    "micro": false
  },
  "sequel": {
    "mean": 69.75920574570245,
    "rsd_pct": 1.123175231810332,
    "micro": false
  },
  "binarytrees": {
    "mean": 227.78850288569242,
    "rsd_pct": 0.07023283381239319,
    "micro": false
  },
  "chunky_png": {
    "mean": 663.4814993167917,
    "rsd_pct": 0.38030427298982156,
    "micro": false
  },
  "erubi": {
    "mean": 255.71302047524696,
    "rsd_pct": 0.0714973611946856,
    "micro": false
  },
  "etanni": {
    "mean": 407.6676648490283,
    "rsd_pct": 0.03733625512003361,
    "micro": false
  },
  "fannkuchredux": {
    "mean": 757.0322182459327,
    "rsd_pct": 0.053269418965692705,
    "micro": false
  },
  "lee": {
    "mean": 937.8606326700676,
    "rsd_pct": 0.42281264650571965,
    "micro": false
  },
  "nbody": {
    "mean": 70.74202690934035,
    "rsd_pct": 0.09716262476991046,
    "micro": false
  },
  "optcarrot": {
    "mean": 2308.689463759462,
    "rsd_pct": 0.6038025412661777,
    "micro": false
  },
  "ruby-json": {
    "mean": 3201.7007450262704,
    "rsd_pct": 0.14179149295586962,
    "micro": false
  },
  "rubykon": {
    "mean": 6587.932680671413,
    "rsd_pct": 0.369292035883114,
    "micro": false
  },
  "30k_ifelse": {
    "mean": 360.146139934659,
    "rsd_pct": 0.05929879192083938,
    "micro": true
  },
  "30k_methods": {
    "mean": 856.1998966109494,
    "rsd_pct": 0.025379578693660195,
    "micro": true
  },
  "cfunc_itself": {
    "mean": 38.435067103889125,
    "rsd_pct": 0.2529128020314641,
    "micro": true
  },
  "fib": {
    "mean": 44.59918173129803,
    "rsd_pct": 0.05359224585524402,
    "micro": true
  },
  "getivar": {
    "mean": 21.1652204709709,
    "rsd_pct": 0.1870801922604463,
    "micro": true
  },
  "keyword_args": {
    "mean": 48.237155961732455,
    "rsd_pct": 0.40276674528270506,
    "micro": true
  },
  "respond_to": {
    "mean": 25.72626490361672,
    "rsd_pct": 0.5296261167545728,
    "micro": true
  },
  "setivar": {
    "mean": 11.995647480263278,
    "rsd_pct": 0.09379016013818192,
    "micro": true
  },
  "setivar_object": {
    "mean": 42.10538897075151,
    "rsd_pct": 0.04359795683738301,
    "micro": true
  },
  "setivar_young": {
    "mean": 42.21032400385144,
    "rsd_pct": 1.1881102574791045,
    "micro": true
  },
  "str_concat": {
    "mean": 44.29100143412749,
    "rsd_pct": 0.4187748108933191,
    "micro": true
  },
  "throw": {
    "mean": 24.764151507446165,
    "rsd_pct": 0.2577259733079247,
    "micro": true
  }
}