{
  "activerecord": {
    "mean": 325.7088574923967,
    "rsd_pct": 0.20805509008372933,
    "micro": false
  },
  "hexapdf": {
    "mean": 6235.844617212812,
    "rsd_pct": 2.171262886496335,
    "micro": false
  },
  "liquid-c": {
    "mean": 189.2557117945987,
    "rsd_pct": 1.6969244405265382,
    "micro": false
  },
  "liquid-render": {
    "mean": 375.9542223948397,
    "rsd_pct": 2.1197427432177802,
    "micro": false
  },
  "mail": {
    "mean": 372.9786727504403,
    "rsd_pct": 0.29884337278227135,
    "micro": false
  },
  "psych-load": {
    "mean": 5400.251553580165,
    "rsd_pct": 0.11281759171267462,
    "micro": false
  },
  "railsbench": {
    "mean": 5603.337261949976,
    "rsd_pct": 0.706513138627387,
    "micro": false
  },
  "ruby-lsp": {
    "mean": 187.79191787728817,
    "rsd_pct": 11.593227353490139,
    "micro": false
  },
  "sequel": {
    "mean": 439.75852912051545,
    "rsd_pct": 2.4676668839129,
    "micro": false
  },
  "binarytrees": {
    "mean": 540.3706166016705,
    "rsd_pct": 0.15401584447871847,
    "micro": false
  },
  "chunky_png": {
    "mean": 1558.9181792456657,
    "rsd_pct": 0.153281432662476,
    "micro": false
  },
  "erubi": {
    "mean": 580.8868042659014,
    "rsd_pct": 0.8083181788202726,
    "micro": false
  },
  "erubi_rails": {
    "mean": 45.84715269454476,
    "rsd_pct": 2.1139317111692955,
    "micro": false
  },
  "etanni": {
    "mean": 968.2335877905086,
    "rsd_pct": 0.444660464707641,
    "micro": false
  },
  "fannkuchredux": {
    "mean": 2021.6432154664526,
    "rsd_pct": 0.09403658303251611,
    "micro": false
  },
  "lee": {
    "mean": 2298.278281287778,
    "rsd_pct": 0.22246869348813736,
    "micro": false
  },
  "nbody": {
    "mean": 180.18041228706187,
    "rsd_pct": 0.07870187604277423,
    "micro": false
  },
  "optcarrot": {
    "mean": 10568.783608451486,
    "rsd_pct": 0.6801730173380175,
    "micro": false
  },
  "ruby-json": {
    "mean": 8211.602771033844,
    "rsd_pct": 0.4052015076770616,
    "micro": false
  },
  "rubykon": {
    "mean": 21418.63799393177,
    "rsd_pct": 0.38990411061986074,
    "micro": false
  },
  "30k_ifelse": {
    "mean": 1936.4135767454686,
    "rsd_pct": 0.03302286827265519,
    "micro": true
  },
  "30k_methods": {
    "mean": 3870.855520386249,
    "rsd_pct": 0.08113275169264635,
    "micro": true
  },
  "cfunc_itself": {
    "mean": 102.69941090908735,
    "rsd_pct": 0.01198449048153938,
    "micro": true
  },
  "fib": {
    "mean": 191.0912968483595,
    "rsd_pct": 0.005741957928850164,
    "micro": true
  },
  "getivar": {
    "mean": 107.469142713678,
    "rsd_pct": 0.00871297694640571,
    "micro": true
  },
  "keyword_args": {
    "mean": 190.44361198921837,
    "rsd_pct": 0.006767785401924894,
    "micro": true
  },
  "respond_to": {
    "mean": 99.34054371962543,
    "rsd_pct": 1.4422690454484135,
    "micro": true
  },
  "setivar": {
    "mean": 50.03783015741242,
    "rsd_pct": 0.012348851545824076,
    "micro": true
  },
  "setivar_object": {
    "mean": 127.916931397753,
    "rsd_pct": 0.007142509463640616,
    "micro": true
  },
  "str_concat": {
    "mean": 96.73825015686843,
    "rsd_pct": 0.8729586156315051,
    "micro": true
  },
  "throw": {
    "mean": 51.384092619021736,
    "rsd_pct": 0.26035884850198737,
    "micro": true
  }
}