{
  "activerecord": {
    "mean": 331.848269358357,
    "rsd_pct": 0.24016645142616955,
    "micro": false
  },
  "hexapdf": {
    "mean": 6506.428629284103,
    "rsd_pct": 1.1408578489713674,
    "micro": false
  },
  "liquid-c": {
    "mean": 191.88810570182096,
    "rsd_pct": 1.8504172883345429,
    "micro": false
  },
  "liquid-render": {
    "mean": 369.99512406893905,
    "rsd_pct": 2.2753540234821212,
    "micro": false
  },
  "mail": {
    "mean": 382.48029435374616,
    "rsd_pct": 0.30924996574038444,
    "micro": false
  },
  "psych-load": {
    "mean": 5752.270786215861,
    "rsd_pct": 0.08414361238647619,
    "micro": false
  },
  "railsbench": {
    "mean": 5635.830062193175,
    "rsd_pct": 0.7382331273457792,
    "micro": false
  },
  "ruby-lsp": {
    "mean": 194.0138542865354,
    "rsd_pct": 10.279576788641991,
    "micro": false
  },
  "sequel": {
    "mean": 388.1168959349611,
    "rsd_pct": 2.181081045081787,
    "micro": false
  },
  "binarytrees": {
    "mean": 529.3720547952468,
    "rsd_pct": 0.10890238606057447,
    "micro": false
  },
  "chunky_png": {
    "mean": 1538.6156527383719,
    "rsd_pct": 0.0801825705916156,
    "micro": false
  },
  "erubi": {
    "mean": 555.2107124374463,
    "rsd_pct": 1.005170512882729,
    "micro": false
  },
  "erubi_rails": {
    "mean": 47.312698791906556,
    "rsd_pct": 2.3336671854344715,
    "micro": false
  },
  "etanni": {
    "mean": 894.5388826256503,
    "rsd_pct": 0.4758894291768481,
    "micro": false
  },
  "fannkuchredux": {
    "mean": 2028.9246217303332,
    "rsd_pct": 0.07309043007489567,
    "micro": false
  },
  "lee": {
    "mean": 2292.4282663840463,
    "rsd_pct": 0.1057931044275265,
    "micro": false
  },
  "nbody": {
    "mean": 175.89448368855977,
    "rsd_pct": 0.05673817079843914,
    "micro": false
  },
  "optcarrot": {
    "mean": 14388.173460712036,
    "rsd_pct": 0.48754687146628517,
    "micro": false
  },
  "rubykon": {
    "mean": 20843.694608161848,
    "rsd_pct": 0.457825208780508,
    "micro": false
  },
  "30k_ifelse": {
    "mean": 1930.9912523294383,
    "rsd_pct": 0.033445332229103,
    "micro": true
  },
  "30k_methods": {
    "mean": 3884.5581573434174,
    "rsd_pct": 0.07855516131164675,
    "micro": true
  },
  "cfunc_itself": {
    "mean": 103.36492362537427,
    "rsd_pct": 0.012136139993196432,
    "micro": true
  },
  "fib": {
    "mean": 191.10028846392473,
    "rsd_pct": 0.006320268428348075,
    "micro": true
  },
  "getivar": {
    "mean": 107.46913862525733,
    "rsd_pct": 0.00763372703761885,
    "micro": true
  },
  "keyword_args": {
    "mean": 191.020051285251,
    "rsd_pct": 0.00713004146493389,
    "micro": true
  },
  "respond_to": {
    "mean": 99.8213382045972,
    "rsd_pct": 0.8996522731248735,
    "micro": true
  },
  "setivar": {
    "mean": 50.03942135763146,
    "rsd_pct": 0.012270694686989195,
    "micro": true
  },
  "setivar_object": {
    "mean": 127.49357718416886,
    "rsd_pct": 0.9527687963553939,
    "micro": true
  },
  "str_concat": {
    "mean": 106.46845900868892,
    "rsd_pct": 0.7206370569888754,
    "micro": true
  }
}