{
  "activerecord": {
    "mean": 109.279581918204,
    "rsd_pct": 0.5713248247157764,
    "micro": false
  },
  "hexapdf": {
    "mean": 2040.3771113371477,
    "rsd_pct": 2.071732805549324,
    "micro": false
  },
  "liquid-c": {
    "mean": 60.111233288794196,
    "rsd_pct": 2.0638441524206095,
    "micro": false
  },
  "liquid-render": {
    "mean": 114.09147643346593,
    "rsd_pct": 2.5497725383801506,
    "micro": false
  },
  "mail": {
    "mean": 138.63414052725096,
    "rsd_pct": 0.30596147907391624,
    "micro": false
  },
  "psych-load": {
    "mean": 1801.6290717292577,
    "rsd_pct": 0.026493792287210046,
    "micro": false
  },
  "railsbench": {
    "mean": 1891.1444114676367,
    "rsd_pct": 1.181152497869622,
    "micro": false
  },
  "ruby-lsp": {
    "mean": 67.35662259460376,
    "rsd_pct": 20.01428842958498,
    "micro": false
  },
  "sequel": {
    "mean": 148.3447790491645,
    "rsd_pct": 1.8089361193050348,
    "micro": false
  },
  "binarytrees": {
    "mean": 234.331354971454,
    "rsd_pct": 0.07863562484818497,
    "micro": false
  },
  "chunky_png": {
    "mean": 624.8708782124243,
    "rsd_pct": 0.04622949566576923,
    "micro": false
  },
  "erubi": {
    "mean": 251.50104357192342,
    "rsd_pct": 0.8831094645869275,
    "micro": false
  },
  "erubi_rails": {
    "mean": 16.538215648053427,
    "rsd_pct": 3.3990468034996724,
    "micro": false
  },
  "etanni": {
    "mean": 403.1958157286922,
    "rsd_pct": 0.4568016556358111,
    "micro": false
  },
  "fannkuchredux": {
    "mean": 922.366295902369,
    "rsd_pct": 0.058795360717971965,
    "micro": false
  },
  "lee": {
    "mean": 923.9106504191157,
    "rsd_pct": 0.11143727016543714,
    "micro": false
  },
  "nbody": {
    "mean": 71.93004191199162,
    "rsd_pct": 0.10012915318653026,
    "micro": false
  },
  "optcarrot": {
    "mean": 2658.0308567810184,
    "rsd_pct": 0.6366020295404008,
    "micro": false
  },
  "rubykon": {
    "mean": 6704.095775114062,
    "rsd_pct": 0.33648846085504447,
    "micro": false
  },
  "30k_ifelse": {
    "mean": 429.8310042662627,
    "rsd_pct": 0.06590250280016124,
    "micro": true
  },
  "30k_methods": {
    "mean": 977.3622832435649,
    "rsd_pct": 0.02865407213812966,
    "micro": true
  },
  "cfunc_itself": {
    "mean": 42.6737969287504,
    "rsd_pct": 0.189609146816393,
    "micro": true
  },
  "fib": {
    "mean": 62.872558566390204,
    "rsd_pct": 0.10137257593857497,
    "micro": true
  },
  "getivar": {
    "mean": 45.60774831063025,
    "rsd_pct": 0.04579036077811271,
    "micro": true
  },
  "keyword_args": {
    "mean": 52.577397853315354,
    "rsd_pct": 0.11021200703081428,
    "micro": true
  },
  "respond_to": {
    "mean": 29.066701771448045,
    "rsd_pct": 0.39764332445586326,
    "micro": true
  },
  "setivar": {
    "mean": 14.901697755882852,
    "rsd_pct": 0.09815001613124891,
    "micro": true
  },
  "setivar_object": {
    "mean": 47.01584171777701,
    "rsd_pct": 0.8899643219108943,
    "micro": true
  },
  "str_concat": {
    "mean": 42.196529850966236,
    "rsd_pct": 1.4550005788924554,
    "micro": true
  }
}