{
  "activerecord": {
    "mean": 139.66333242909363,
    "rsd_pct": 0.2192293988906182,
    "micro": false
  },
  "erubi_rails": {
    "mean": 43.442568824243345,
    "rsd_pct": 2.216096758118358,
    "micro": false
  },
  "hexapdf": {
    "mean": 5624.391471718748,
    "rsd_pct": 1.6016520556073337,
    "micro": false
  },
  "liquid-c": {
    "mean": 184.25165037113118,
    "rsd_pct": 1.8174030556011902,
    "micro": false
  },
  "liquid-compile": {
    "mean": 162.35449655979707,
    "rsd_pct": 0.5979126514647802,
    "micro": false
  },
  "liquid-render": {
    "mean": 329.50332681529034,
    "rsd_pct": 2.4303594036744944,
    "micro": false
  },
  "mail": {
    "mean": 357.62651891519243,
    "rsd_pct": 0.3500017614218286,
    "micro": false
  },
  "psych-load": {
    "mean": 4982.879523808758,
    "rsd_pct": 0.03228407614063864,
    "micro": false
  },
  "railsbench": {
    "mean": 5185.450116420786,
    "rsd_pct": 0.7819320742074858,
    "micro": false
  },
  "ruby-lsp": {
    "mean": 169.26809908655775,
    "rsd_pct": 12.452830469398124,
    "micro": false
  },
  "sequel": {
    "mean": 196.35190819717172,
    "rsd_pct": 0.19096523056750359,
    "micro": false
  },
  "binarytrees": {
    "mean": 492.7112916484475,
    "rsd_pct": 0.10560748337639178,
    "micro": false
  },
  "chunky_png": {
    "mean": 1367.7585399286313,
    "rsd_pct": 0.0905037328591992,
    "micro": false
  },
  "erubi": {
    "mean": 554.284330829978,
    "rsd_pct": 0.849113068557484,
    "micro": false
  },
  "etanni": {
    "mean": 903.5076184616405,
    "rsd_pct": 0.45594753488934564,
    "micro": false
  },
  "fannkuchredux": {
    "mean": 1523.1671860069036,
    "rsd_pct": 0.20290927554331534,
    "micro": false
  },
  "lee": {
    "mean": 2122.364132543621,
    "rsd_pct": 0.2575990845437594,
    "micro": false
  },
  "nbody": {
    "mean": 159.55740926930537,
    "rsd_pct": 0.10489082881193457,
    "micro": false
  },
  "optcarrot": {
    "mean": 8037.3983189463615,
    "rsd_pct": 0.5691681671800234,
    "micro": false
  },
  "ruby-json": {
    "mean": 8003.795302907626,
    "rsd_pct": 0.47074669025117993,
    "micro": false
  },
  "rubykon": {
    "mean": 18512.74089626968,
    "rsd_pct": 0.39997708101915674,
    "micro": false
  },
  "30k_ifelse": {
    "mean": 1596.852328797633,
    "rsd_pct": 0.0445442887635293,
    "micro": true
  },
  "30k_methods": {
    "mean": 3462.106265289628,
    "rsd_pct": 0.0652219322439128,
    "micro": true
  },
  "cfunc_itself": {
    "mean": 84.81097753768361,
    "rsd_pct": 0.33405558270565683,
    "micro": true
  },
  "fib": {
    "mean": 123.62765507446811,
    "rsd_pct": 0.08109173806022016,
    "micro": true
  },
  "getivar": {
    "mean": 40.467340428354625,
    "rsd_pct": 0.015263898158470847,
    "micro": true
  },
  "keyword_args": {
    "mean": 121.84724419295503,
    "rsd_pct": 0.03125110090589265,
    "micro": true
  },
  "respond_to": {
    "mean": 68.41433970992894,
    "rsd_pct": 2.6397198011787193,
    "micro": true
  },
  "setivar": {
    "mean": 30.89454519240064,
    "rsd_pct": 0.017455257343505927,
    "micro": true
  },
  "setivar_object": {
    "mean": 116.16099723745312,
    "rsd_pct": 1.4159191230370591,
    "micro": true
  },
  "setivar_young": {
    "mean": 113.12952087729461,
    "rsd_pct": 0.011026950273225873,
    "micro": true
  },
  "str_concat": {
    "mean": 83.33989861519528,
    "rsd_pct": 0.9525267798159703,
    "micro": true
  },
  "throw": {
    "mean": 49.25556485996824,
    "rsd_pct": 0.16805926860116122,
    "micro": true
  }
}