{
  "activerecord": {
    "mean": 324.8004693512205,
    "rsd_pct": 0.4419121390193714,
    "micro": false
  },
  "hexapdf": {
    "mean": 7254.438034794293,
    "rsd_pct": 1.1903549328933456,
    "micro": false
  },
  "liquid-render": {
    "mean": 471.7415220054266,
    "rsd_pct": 1.0605865007312656,
    "micro": false
  },
  "mail": {
    "mean": 577.8457353173611,
    "rsd_pct": 0.11964046737305484,
    "micro": false
  },
  "psych-load": {
    "mean": 6000.213832609977,
    "rsd_pct": 0.03401659776675941,
    "micro": false
  },
  "railsbench": {
    "mean": 6351.230004802346,
    "rsd_pct": 0.6960698266369449,
    "micro": false
  },
  "ruby-lsp": {
    "mean": 218.77262193964376,
    "rsd_pct": 9.8911834297061,
    "micro": false
  },
  "binarytrees": {
    "mean": 573.9047109423803,
    "rsd_pct": 0.24095442216175186,
    "micro": false
  },
  "chunky_png": {
    "mean": 1597.3049474596337,
    "rsd_pct": 0.15858643354629973,
    "micro": false
  },
  "erubi": {
    "mean": 753.8326269106022,
    "rsd_pct": 0.8244153075566452,
    "micro": false
  },
  "erubi_rails": {
    "mean": 52.62820947946552,
    "rsd_pct": 2.433376894668472,
    "micro": false
  },
  "etanni": {
    "mean": 1227.171980260339,
    "rsd_pct": 0.8504032225074727,
    "micro": false
  },
  "fannkuchredux": {
    "mean": 5970.280665943089,
    "rsd_pct": 0.31992611940469273,
    "micro": false
  },
  "lee": {
    "mean": 2364.4692363714885,
    "rsd_pct": 1.5975287840333925,
    "micro": false
  },
  "nbody": {
    "mean": 224.42885255542743,
    "rsd_pct": 0.14265416138788195,
    "micro": false
  },
  "optcarrot": {
    "mean": 13407.02525814219,
    "rsd_pct": 0.4314004055786081,
    "micro": false
  },
  "rubykon": {
    "mean": 23768.019701346446,
    "rsd_pct": 0.4788654252878184,
    "micro": false
  },
  "30k_ifelse": {
    "mean": 2373.3100175357204,
    "rsd_pct": 0.035915798408776234,
    "micro": true
  },
  "30k_methods": {
    "mean": 5253.246384992963,
    "rsd_pct": 0.05017227700021246,
    "micro": true
  },
  "cfunc_itself": {
    "mean": 115.30809428905668,
    "rsd_pct": 0.05076933795991895,
    "micro": true
  },
  "fib": {
    "mean": 226.45281376603705,
    "rsd_pct": 0.006810078186092255,
    "micro": true
  },
  "getivar": {
    "mean": 112.25545093574206,
    "rsd_pct": 0.006753439865606333,
    "micro": true
  },
  "keyword_args": {
    "mean": 184.46013529168127,
    "rsd_pct": 2.96003890964057,
    "micro": true
  },
  "respond_to": {
    "mean": 111.78712700071839,
    "rsd_pct": 1.5168246959051355,
    "micro": true
  },
  "setivar": {
    "mean": 113.56702230889634,
    "rsd_pct": 0.005997186662304509,
    "micro": true
  },
  "str_concat": {
    "mean": 118.51927698636845,
    "rsd_pct": 0.8092599828486957,
    "micro": true
  }
}