{
  "activerecord": {
    "mean": 105.08054758978899,
    "rsd_pct": 0.42448935018931977,
    "micro": false
  },
  "hexapdf": {
    "mean": 2185.05439174672,
    "rsd_pct": 0.996610945941924,
    "micro": false
  },
  "jekyll": {
    "mean": 7359.453807274501,
    "rsd_pct": 2.374548259318399,
    "micro": false
  },
  "liquid-render": {
    "mean": 115.31761270125358,
    "rsd_pct": 1.8529444774014225,
    "micro": false
  },
  "mail": {
    "mean": 142.093033362314,
    "rsd_pct": 0.17997323871868812,
    "micro": false
  },
  "psych-load": {
    "mean": 1621.9296137491863,
    "rsd_pct": 0.24334184721614674,
    "micro": false
  },
  "railsbench": {
    "mean": 2093.5295714686313,
    "rsd_pct": 1.4645031650079416,
    "micro": false
  },
  "binarytrees": {
    "mean": 289.04615353200245,
    "rsd_pct": 0.09430454189786243,
    "micro": false
  },
  "erubi": {
    "mean": 412.28211879291956,
    "rsd_pct": 0.757735852847737,
    "micro": false
  },
  "erubi_rails": {
    "mean": 33.514338441681666,
    "rsd_pct": 3.872920116829133,
    "micro": false
  },
  "fannkuchredux": {
    "mean": 5783.91701815029,
    "rsd_pct": 0.11426919314729721,
    "micro": false
  },
  "lee": {
    "mean": 769.1243292333988,
    "rsd_pct": 0.062445853012572015,
    "micro": false
  },
  "nbody": {
    "mean": 72.21894697951419,
    "rsd_pct": 0.06903665339071217,
    "micro": false
  },
  "optcarrot": {
    "mean": 3061.2025993565717,
    "rsd_pct": 0.5771818872791162,
    "micro": false
  },
  "rubykon": {
    "mean": 5527.472234765689,
    "rsd_pct": 0.3880653217232957,
    "micro": false
  },
  "30k_ifelse": {
    "mean": 306.8602932016215,
    "rsd_pct": 0.07141854372628642,
    "micro": true
  },
  "30k_methods": {
    "mean": 742.119825588396,
    "rsd_pct": 0.02326289513964358,
    "micro": true
  },
  "cfunc_itself": {
    "mean": 38.9816688314787,
    "rsd_pct": 0.2522216692549694,
    "micro": true
  },
  "fib": {
    "mean": 52.05821043108991,
    "rsd_pct": 0.01518059253604933,
    "micro": true
  },
  "getivar": {
    "mean": 35.5468542179179,
    "rsd_pct": 0.2889330190402268,
    "micro": true
  },
  "keyword_args": {
    "mean": 46.407160569085846,
    "rsd_pct": 0.08478025324717657,
    "micro": true
  },
  "respond_to": {
    "mean": 151.56315845785704,
    "rsd_pct": 0.28065636253271,
    "micro": true
  },
  "setivar": {
    "mean": 39.17810798063874,
    "rsd_pct": 0.32831801064383265,
    "micro": true
  }
}