{
  "activerecord": {
    "mean": 144.3471419693035,
    "rsd_pct": 0.22830332170909493,
    "micro": false
  },
  "erubi_rails": {
    "mean": 44.28909115615895,
    "rsd_pct": 2.2452020706503752,
    "micro": false
  },
  "hexapdf": {
    "mean": 5797.846930474043,
    "rsd_pct": 1.6284084210223855,
    "micro": false
  },
  "liquid-c": {
    "mean": 186.4731195870094,
    "rsd_pct": 1.8614467454223098,
    "micro": false
  },
  "liquid-compile": {
    "mean": 165.7001504581936,
    "rsd_pct": 0.6318889937052314,
    "micro": false
  },
  "liquid-render": {
    "mean": 336.75065205838433,
    "rsd_pct": 2.3627437414820114,
    "micro": false
  },
  "mail": {
    "mean": 366.6023269746524,
    "rsd_pct": 0.13737222652947442,
    "micro": false
  },
  "psych-load": {
    "mean": 5448.778566221396,
    "rsd_pct": 0.04135029522415765,
    "micro": false
  },
  "railsbench": {
    "mean": 5259.250944977005,
    "rsd_pct": 0.7603081758205882,
    "micro": false
  },
  "ruby-lsp": {
    "mean": 174.59569019172605,
    "rsd_pct": 12.845568183847414,
    "micro": false
  },
  "sequel": {
    "mean": 196.6170909735611,
    "rsd_pct": 0.20550816887455156,
    "micro": false
  },
  "binarytrees": {
    "mean": 495.1698529872705,
    "rsd_pct": 0.30425389526528107,
    "micro": false
  },
  "chunky_png": {
    "mean": 1370.5563675612211,
    "rsd_pct": 0.11434436138700257,
    "micro": false
  },
  "erubi": {
    "mean": 550.6297253118253,
    "rsd_pct": 0.8279554917734987,
    "micro": false
  },
  "etanni": {
    "mean": 911.8983421702774,
    "rsd_pct": 0.320021553612747,
    "micro": false
  },
  "fannkuchredux": {
    "mean": 1516.2507533453977,
    "rsd_pct": 0.2143410101340526,
    "micro": false
  },
  "lee": {
    "mean": 2177.9292536560783,
    "rsd_pct": 0.2746810853898472,
    "micro": false
  },
  "nbody": {
    "mean": 159.9045447121883,
    "rsd_pct": 0.09603211344517869,
    "micro": false
  },
  "optcarrot": {
    "mean": 8463.398278628787,
    "rsd_pct": 0.6158264057065338,
    "micro": false
  },
  "ruby-json": {
    "mean": 8431.22033427159,
    "rsd_pct": 0.015377753892231377,
    "micro": false
  },
  "rubykon": {
    "mean": 20168.127319465082,
    "rsd_pct": 0.4058267591972974,
    "micro": false
  },
  "30k_ifelse": {
    "mean": 1717.053710635413,
    "rsd_pct": 0.02485243489574216,
    "micro": true
  },
  "30k_methods": {
    "mean": 3667.587505734485,
    "rsd_pct": 0.08590973303178283,
    "micro": true
  },
  "cfunc_itself": {
    "mean": 81.92556443284711,
    "rsd_pct": 0.14103232909342528,
    "micro": true
  },
  "fib": {
    "mean": 137.52703661664148,
    "rsd_pct": 0.007447142003392353,
    "micro": true
  },
  "getivar": {
    "mean": 52.34451968060543,
    "rsd_pct": 0.03351502200267721,
    "micro": true
  },
  "keyword_args": {
    "mean": 131.4310455325865,
    "rsd_pct": 0.13190993265709908,
    "micro": true
  },
  "respond_to": {
    "mean": 83.18353897107603,
    "rsd_pct": 0.7672987181527283,
    "micro": true
  },
  "setivar": {
    "mean": 32.85186545477524,
    "rsd_pct": 0.017194297500100496,
    "micro": true
  },
  "setivar_object": {
    "mean": 120.62425346525966,
    "rsd_pct": 1.2075536487752685,
    "micro": true
  },
  "setivar_young": {
    "mean": 117.94316540944911,
    "rsd_pct": 0.007383023032317698,
    "micro": true
  },
  "str_concat": {
    "mean": 85.08624168287994,
    "rsd_pct": 0.929618975457188,
    "micro": true
  },
  "throw": {
    "mean": 50.56294540601244,
    "rsd_pct": 0.17012280423976944,
    "micro": true
  }
}