{
  "activerecord": {
    "mean": 144.60949296820016,
    "rsd_pct": 0.23257119151240138,
    "micro": false
  },
  "erubi_rails": {
    "mean": 43.90573798749602,
    "rsd_pct": 2.152578442660867,
    "micro": false
  },
  "hexapdf": {
    "mean": 5776.949059466521,
    "rsd_pct": 2.3700198527663674,
    "micro": false
  },
  "liquid-c": {
    "mean": 191.66205685864063,
    "rsd_pct": 1.7337957915006803,
    "micro": false
  },
  "liquid-compile": {
    "mean": 168.24704283618763,
    "rsd_pct": 0.5749278795641833,
    "micro": false
  },
  "liquid-render": {
    "mean": 345.28821410269154,
    "rsd_pct": 2.309515777071302,
    "micro": false
  },
  "mail": {
    "mean": 363.4410190876502,
    "rsd_pct": 0.24010692987030835,
    "micro": false
  },
  "psych-load": {
    "mean": 5116.07347552975,
    "rsd_pct": 0.06910972639623421,
    "micro": false
  },
  "railsbench": {
    "mean": 5289.143485327561,
    "rsd_pct": 0.7729904631619768,
    "micro": false
  },
  "ruby-lsp": {
    "mean": 174.94009119383563,
    "rsd_pct": 12.796734996721373,
    "micro": false
  },
  "sequel": {
    "mean": 203.32468947104837,
    "rsd_pct": 0.17063212952513857,
    "micro": false
  },
  "binarytrees": {
    "mean": 492.1176115628974,
    "rsd_pct": 0.1603730038947068,
    "micro": false
  },
  "chunky_png": {
    "mean": 1461.547172628343,
    "rsd_pct": 0.08199695326358146,
    "micro": false
  },
  "erubi": {
    "mean": 592.0989633537829,
    "rsd_pct": 0.7982991993603188,
    "micro": false
  },
  "etanni": {
    "mean": 911.0378541660552,
    "rsd_pct": 0.45263582484660925,
    "micro": false
  },
  "fannkuchredux": {
    "mean": 1471.2581451122578,
    "rsd_pct": 0.29559043697925996,
    "micro": false
  },
  "lee": {
    "mean": 2307.7304224767113,
    "rsd_pct": 0.2136252195775141,
    "micro": false
  },
  "nbody": {
    "mean": 158.7717270406966,
    "rsd_pct": 0.07929402075763303,
    "micro": false
  },
  "optcarrot": {
    "mean": 9407.696953043342,
    "rsd_pct": 0.4529919543483567,
    "micro": false
  },
  "ruby-json": {
    "mean": 8028.424684082468,
    "rsd_pct": 0.5163272590204162,
    "micro": false
  },
  "rubykon": {
    "mean": 19495.235599949956,
    "rsd_pct": 0.3931306425036127,
    "micro": false
  },
  "30k_ifelse": {
    "mean": 1597.385162860155,
    "rsd_pct": 0.036505832550758566,
    "micro": true
  },
  "30k_methods": {
    "mean": 3435.2987423215222,
    "rsd_pct": 0.08822189024567938,
    "micro": true
  },
  "cfunc_itself": {
    "mean": 86.82678724151282,
    "rsd_pct": 0.01286044266851238,
    "micro": true
  },
  "fib": {
    "mean": 123.6595279764798,
    "rsd_pct": 0.05377681727413535,
    "micro": true
  },
  "getivar": {
    "mean": 40.465894228210516,
    "rsd_pct": 0.01736175929358495,
    "micro": true
  },
  "keyword_args": {
    "mean": 127.64647092949825,
    "rsd_pct": 0.05720148678293327,
    "micro": true
  },
  "respond_to": {
    "mean": 73.21717613407033,
    "rsd_pct": 2.5343720604378723,
    "micro": true
  },
  "setivar": {
    "mean": 30.89427281043704,
    "rsd_pct": 0.016790711122258644,
    "micro": true
  },
  "setivar_object": {
    "mean": 116.15276897639454,
    "rsd_pct": 1.4130249264697665,
    "micro": true
  },
  "setivar_young": {
    "mean": 113.13746043643864,
    "rsd_pct": 0.019482209147041872,
    "micro": true
  },
  "str_concat": {
    "mean": 83.52841363905948,
    "rsd_pct": 0.9491045461421131,
    "micro": true
  },
  "throw": {
    "mean": 51.29969343150458,
    "rsd_pct": 0.15078498542005944,
    "micro": true
  }
}