{
  "activerecord": {
    "mean": 95.52099266577335,
    "rsd_pct": 0.7480750530498163,
    "micro": false
  },
  "hexapdf": {
    "mean": 2282.5309216976166,
    "rsd_pct": 1.2724299473021583,
    "micro": false
  },
  "liquid-render": {
    "mean": 127.84152983554772,
    "rsd_pct": 1.5792721862576848,
    "micro": false
  },
  "mail": {
    "mean": 161.20444556638117,
    "rsd_pct": 0.16775613031484132,
    "micro": false
  },
  "psych-load": {
    "mean": 1881.439323971669,
    "rsd_pct": 0.03581689194513066,
    "micro": false
  },
  "railsbench": {
    "mean": 2041.5314314266045,
    "rsd_pct": 1.5900673287940874,
    "micro": false
  },
  "ruby-lsp": {
    "mean": 72.07159809370482,
    "rsd_pct": 17.405090670456918,
    "micro": false
  },
  "binarytrees": {
    "mean": 238.12892938773317,
    "rsd_pct": 0.05817016949212222,
    "micro": false
  },
  "chunky_png": {
    "mean": 621.579320200028,
    "rsd_pct": 0.08816947622465371,
    "micro": false
  },
  "erubi": {
    "mean": 284.1444667698681,
    "rsd_pct": 1.0083518528795068,
    "micro": false
  },
  "erubi_rails": {
    "mean": 17.760214811663623,
    "rsd_pct": 3.967457267319961,
    "micro": false
  },
  "etanni": {
    "mean": 476.62452776871976,
    "rsd_pct": 0.5324640432545105,
    "micro": false
  },
  "fannkuchredux": {
    "mean": 2256.635114302238,
    "rsd_pct": 0.0635467134539779,
    "micro": false
  },
  "lee": {
    "mean": 902.5131330958435,
    "rsd_pct": 1.8020165539771278,
    "micro": false
  },
  "nbody": {
    "mean": 79.31537380019032,
    "rsd_pct": 0.07905173477077042,
    "micro": false
  },
  "optcarrot": {
    "mean": 2905.541102339824,
    "rsd_pct": 0.4112990386410461,
    "micro": false
  },
  "rubykon": {
    "mean": 6656.697684029738,
    "rsd_pct": 1.4923809855898569,
    "micro": false
  },
  "30k_ifelse": {
    "mean": 399.680952206254,
    "rsd_pct": 0.11289043686097197,
    "micro": true
  },
  "30k_methods": {
    "mean": 964.8600416257977,
    "rsd_pct": 0.042831046555265054,
    "micro": true
  },
  "cfunc_itself": {
    "mean": 41.3303001092059,
    "rsd_pct": 0.22132368456159673,
    "micro": true
  },
  "fib": {
    "mean": 61.296074702604415,
    "rsd_pct": 0.19672564972935158,
    "micro": true
  },
  "getivar": {
    "mean": 46.927405617466555,
    "rsd_pct": 0.1661962075804037,
    "micro": true
  },
  "keyword_args": {
    "mean": 51.96534669050923,
    "rsd_pct": 0.22029364826984535,
    "micro": true
  },
  "respond_to": {
    "mean": 31.952992383692717,
    "rsd_pct": 0.3351096010702822,
    "micro": true
  },
  "setivar": {
    "mean": 49.69904805705728,
    "rsd_pct": 0.08557367033678592,
    "micro": true
  },
  "str_concat": {
    "mean": 39.75966680250149,
    "rsd_pct": 2.002491948255297,
    "micro": true
  }
}