{
  "activerecord": {
    "mean": 43.24656244616249,
    "rsd_pct": 0.764532103894575,
    "micro": false
  },
  "erubi_rails": {
    "mean": 15.398486333238033,
    "rsd_pct": 3.626415408361408,
    "micro": false
  },
  "hexapdf": {
    "mean": 2077.3684199278555,
    "rsd_pct": 2.3703076917276396,
    "micro": false
  },
  "liquid-c": {
    "mean": 60.060255642470324,
    "rsd_pct": 2.0647187836661516,
    "micro": false
  },
  "liquid-compile": {
    "mean": 52.39590866799195,
    "rsd_pct": 4.8702486724594864,
    "micro": false
  },
  "liquid-render": {
    "mean": 109.56490021689157,
    "rsd_pct": 2.553566862064441,
    "micro": false
  },
  "mail": {
    "mean": 129.15947376568982,
    "rsd_pct": 0.23341785436349682,
    "micro": false
  },
  "psych-load": {
    "mean": 1819.8208515221875,
    "rsd_pct": 0.11929045012492709,
    "micro": false
  },
  "railsbench": {
    "mean": 1817.4461459740996,
    "rsd_pct": 1.1784783841548359,
    "micro": false
  },
  "ruby-lsp": {
    "mean": 58.745984442751194,
    "rsd_pct": 20.016838645187622,
    "micro": false
  },
  "sequel": {
    "mean": 69.34056264380443,
    "rsd_pct": 0.4445970055424873,
    "micro": false
  },
  "binarytrees": {
    "mean": 223.7830442700828,
    "rsd_pct": 0.08963306073114169,
    "micro": false
  },
  "chunky_png": {
    "mean": 647.0479093802472,
    "rsd_pct": 0.03665017941702552,
    "micro": false
  },
  "erubi": {
    "mean": 262.936680859543,
    "rsd_pct": 0.8117519943147566,
    "micro": false
  },
  "etanni": {
    "mean": 419.4038539054863,
    "rsd_pct": 0.4467739019363281,
    "micro": false
  },
  "fannkuchredux": {
    "mean": 771.5385364368558,
    "rsd_pct": 7.309107414232133,
    "micro": false
  },
  "lee": {
    "mean": 896.2168159725314,
    "rsd_pct": 0.36242005512845327,
    "micro": false
  },
  "nbody": {
    "mean": 76.84329150316233,
    "rsd_pct": 0.06853163555985307,
    "micro": false
  },
  "optcarrot": {
    "mean": 2282.805328691999,
    "rsd_pct": 0.6113816811226677,
    "micro": false
  },
  "ruby-json": {
    "mean": 3069.299052283168,
    "rsd_pct": 0.05697230575659796,
    "micro": false
  },
  "rubykon": {
    "mean": 6619.147828159233,
    "rsd_pct": 0.3812274262663718,
    "micro": false
  },
  "30k_ifelse": {
    "mean": 360.6323538348079,
    "rsd_pct": 0.07100137102446245,
    "micro": true
  },
  "30k_methods": {
    "mean": 858.9098847916592,
    "rsd_pct": 0.01725266141459983,
    "micro": true
  },
  "cfunc_itself": {
    "mean": 39.1020999342903,
    "rsd_pct": 0.23370548053759488,
    "micro": true
  },
  "fib": {
    "mean": 44.59147420129739,
    "rsd_pct": 0.05568944839260349,
    "micro": true
  },
  "getivar": {
    "mean": 21.142704120933633,
    "rsd_pct": 0.2000141356132157,
    "micro": true
  },
  "keyword_args": {
    "mean": 48.83000843481942,
    "rsd_pct": 0.19355162150433045,
    "micro": true
  },
  "respond_to": {
    "mean": 27.219242493720973,
    "rsd_pct": 0.6532012343248023,
    "micro": true
  },
  "setivar": {
    "mean": 11.994898641603788,
    "rsd_pct": 0.10324979170934158,
    "micro": true
  },
  "setivar_object": {
    "mean": 43.70041933579114,
    "rsd_pct": 1.8719601156499703,
    "micro": true
  },
  "setivar_young": {
    "mean": 42.30448808442107,
    "rsd_pct": 1.8629954272217844,
    "micro": true
  },
  "str_concat": {
    "mean": 42.8605896971559,
    "rsd_pct": 1.4716212769557395,
    "micro": true
  },
  "throw": {
    "mean": 23.585428814750074,
    "rsd_pct": 0.22574376933946907,
    "micro": true
  }
}