{
  "activerecord": {
    "mean": 41.9072432236539,
    "rsd_pct": 0.9054144830444221,
    "micro": false
  },
  "erubi_rails": {
    "mean": 15.036131219079573,
    "rsd_pct": 3.6885747652778034,
    "micro": false
  },
  "hexapdf": {
    "mean": 1973.8933680579066,
    "rsd_pct": 2.2386438868244176,
    "micro": false
  },
  "liquid-c": {
    "mean": 57.960935779497284,
    "rsd_pct": 1.9887174908823844,
    "micro": false
  },
  "liquid-compile": {
    "mean": 55.2331340879984,
    "rsd_pct": 0.7360362980697162,
    "micro": false
  },
  "liquid-render": {
    "mean": 102.28884549926697,
    "rsd_pct": 2.769379354440376,
    "micro": false
  },
  "mail": {
    "mean": 127.29541685693204,
    "rsd_pct": 0.22106585889296898,
    "micro": false
  },
  "psych-load": {
    "mean": 1798.2875972365339,
    "rsd_pct": 0.07645080186669788,
    "micro": false
  },
  "railsbench": {
    "mean": 1794.0175500387948,
    "rsd_pct": 1.1731025693725017,
    "micro": false
  },
  "ruby-lsp": {
    "mean": 57.499016763578204,
    "rsd_pct": 20.59359633707106,
    "micro": false
  },
  "sequel": {
    "mean": 67.58341761746419,
    "rsd_pct": 0.23007949952110343,
    "micro": false
  },
  "binarytrees": {
    "mean": 228.725238949403,
    "rsd_pct": 0.28357921999126073,
    "micro": false
  },
  "chunky_png": {
    "mean": 602.9440737188314,
    "rsd_pct": 0.05637519226771841,
    "micro": false
  },
  "erubi": {
    "mean": 245.10190863576202,
    "rsd_pct": 0.9149298883719849,
    "micro": false
  },
  "etanni": {
    "mean": 401.78228709466606,
    "rsd_pct": 0.44549846590159403,
    "micro": false
  },
  "fannkuchredux": {
    "mean": 771.7173102870584,
    "rsd_pct": 0.28686280827193034,
    "micro": false
  },
  "lee": {
    "mean": 857.4954460415503,
    "rsd_pct": 0.33599521295201806,
    "micro": false
  },
  "nbody": {
    "mean": 76.63924866355956,
    "rsd_pct": 0.06519149617491639,
    "micro": false
  },
  "optcarrot": {
    "mean": 2242.1317275613546,
    "rsd_pct": 0.6197121198893091,
    "micro": false
  },
  "ruby-json": {
    "mean": 3059.4332243005433,
    "rsd_pct": 0.48479559415819795,
    "micro": false
  },
  "rubykon": {
    "mean": 6389.607665625711,
    "rsd_pct": 0.37046215957112283,
    "micro": false
  },
  "30k_ifelse": {
    "mean": 360.9026204963977,
    "rsd_pct": 0.0612552373432832,
    "micro": true
  },
  "30k_methods": {
    "mean": 858.3651119033279,
    "rsd_pct": 0.030141186116246048,
    "micro": true
  },
  "cfunc_itself": {
    "mean": 39.18335795373252,
    "rsd_pct": 0.49091136144509423,
    "micro": true
  },
  "fib": {
    "mean": 44.362808329363666,
    "rsd_pct": 0.05113650290291997,
    "micro": true
  },
  "getivar": {
    "mean": 21.149629984228383,
    "rsd_pct": 0.14571645709720632,
    "micro": true
  },
  "keyword_args": {
    "mean": 47.66658889818803,
    "rsd_pct": 0.11019737513857263,
    "micro": true
  },
  "respond_to": {
    "mean": 26.14186425739777,
    "rsd_pct": 0.998422088937694,
    "micro": true
  },
  "setivar": {
    "mean": 11.994903841814061,
    "rsd_pct": 0.08555516757538131,
    "micro": true
  },
  "setivar_object": {
    "mean": 46.66182716925428,
    "rsd_pct": 4.359161675946894,
    "micro": true
  },
  "setivar_young": {
    "mean": 43.14471341138525,
    "rsd_pct": 2.1873195487872295,
    "micro": true
  },
  "str_concat": {
    "mean": 42.23020877452847,
    "rsd_pct": 1.733321763988425,
    "micro": true
  },
  "throw": {
    "mean": 24.306642917977285,
    "rsd_pct": 0.22895555047320934,
    "micro": true
  }
}