{
  "activerecord": {
    "mean": 109.48265475306617,
    "rsd_pct": 1.9134161539940309
  },
  "hexapdf": {
    "mean": 2242.7470047958195,
    "rsd_pct": 0.7519544054638863
  },
  "jekyll": {
    "mean": 7497.008645813912,
    "rsd_pct": 1.4933283489940212
  },
  "liquid-render": {
    "mean": 125.82048166543245,
    "rsd_pct": 2.001469542238092
  },
  "mail": {
    "mean": 139.72929492942933,
    "rsd_pct": 0.3567234868624029
  },
  "psych-load": {
    "mean": 1651.7530389130116,
    "rsd_pct": 0.11585226630291212
  },
  "railsbench": {
    "mean": 2470.751168578863,
    "rsd_pct": 1.3950537894453774
  },
  "binarytrees": {
    "mean": 293.89717273603554,
    "rsd_pct": 2.6658617026029137
  },
  "fannkuchredux": {
    "mean": 5416.353428317234,
    "rsd_pct": 0.19861736289979745
  },
  "lee": {
    "mean": 801.072216561685,
    "rsd_pct": 1.426459648941259
  },
  "nbody": {
    "mean": 74.82448187223527,
    "rsd_pct": 0.03273619584710848
  },
  "optcarrot": {
    "mean": 3164.228725573048,
    "rsd_pct": 0.29738703300110136
  },
  "30k_ifelse": {
    "mean": 330.88261370236677,
    "rsd_pct": 0.17733468001847044
  },
  "30k_methods": {
    "mean": 750.4137832780971,
    "rsd_pct": 0.02628586399146913
  },
  "cfunc_itself": {
    "mean": 38.724719054438545,
    "rsd_pct": 0.34474796512728495
  },
  "fib": {
    "mean": 52.05890500669678,
    "rsd_pct": 0.26884163197129785
  },
  "getivar": {
    "mean": 36.25881538016894,
    "rsd_pct": 0.024811360366598183
  },
  "keyword_args": {
    "mean": 45.71113485525249,
    "rsd_pct": 0.12631755822059848
  },
  "respond_to": {
    "mean": 166.2089248011644,
    "rsd_pct": 0.254176672718729
  },
  "setivar": {
    "mean": 37.35850651987141,
    "rsd_pct": 0.23634368347107088
  }
}