{
  "activerecord": {
    "mean": 101.34832615343232,
    "rsd_pct": 0.6346916248290875,
    "micro": false
  },
  "hexapdf": {
    "mean": 2307.8839811185994,
    "rsd_pct": 1.9252180343147336,
    "micro": false
  },
  "liquid-render": {
    "mean": 117.06787622288654,
    "rsd_pct": 1.8752305298651497,
    "micro": false
  },
  "mail": {
    "mean": 154.99200992053375,
    "rsd_pct": 0.15888088517421045,
    "micro": false
  },
  "psych-load": {
    "mean": 1945.0952688852947,
    "rsd_pct": 0.021837976764024363,
    "micro": false
  },
  "railsbench": {
    "mean": 2067.662778745095,
    "rsd_pct": 0.8779381073337554,
    "micro": false
  },
  "binarytrees": {
    "mean": 234.62879631136144,
    "rsd_pct": 0.057241947151421196,
    "micro": false
  },
  "chunky_png": {
    "mean": 652.5435307373604,
    "rsd_pct": 0.04399917351681463,
    "micro": false
  },
  "erubi": {
    "mean": 296.9649283410008,
    "rsd_pct": 0.6909188170615347,
    "micro": false
  },
  "erubi_rails": {
    "mean": 19.02248826986961,
    "rsd_pct": 3.6040113291484994,
    "micro": false
  },
  "fannkuchredux": {
    "mean": 2296.6635855535665,
    "rsd_pct": 0.0853437642845871,
    "micro": false
  },
  "lee": {
    "mean": 957.6348006725311,
    "rsd_pct": 0.3609815252405649,
    "micro": false
  },
  "nbody": {
    "mean": 92.17050842319925,
    "rsd_pct": 0.071454900968774,
    "micro": false
  },
  "optcarrot": {
    "mean": 3524.044497559468,
    "rsd_pct": 0.60310891530735,
    "micro": false
  },
  "rubykon": {
    "mean": 6772.119337071975,
    "rsd_pct": 0.5413512375298801,
    "micro": false
  },
  "30k_ifelse": {
    "mean": 360.78043871305204,
    "rsd_pct": 0.09819807396903861,
    "micro": true
  },
  "30k_methods": {
    "mean": 794.9294671416283,
    "rsd_pct": 0.020601170581384456,
    "micro": true
  },
  "cfunc_itself": {
    "mean": 46.474435130060414,
    "rsd_pct": 0.7242466055428626,
    "micro": true
  },
  "fib": {
    "mean": 62.71624458007538,
    "rsd_pct": 0.041935628503332135,
    "micro": true
  },
  "getivar": {
    "mean": 42.74306163127979,
    "rsd_pct": 0.049911289941894664,
    "micro": true
  },
  "keyword_args": {
    "mean": 55.60126750054707,
    "rsd_pct": 0.16815450542243826,
    "micro": true
  },
  "respond_to": {
    "mean": 30.006372302904456,
    "rsd_pct": 0.46768530601778574,
    "micro": true
  },
  "setivar": {
    "mean": 50.45983098447323,
    "rsd_pct": 0.5610192390071318,
    "micro": true
  },
  "str_concat": {
    "mean": 47.59631283915917,
    "rsd_pct": 1.4232618978986584,
    "micro": true
  }
}