{
  "activerecord": {
    "mean": 324.31072778019467,
    "rsd_pct": 0.2220712459778736,
    "micro": false
  },
  "hexapdf": {
    "mean": 6238.402573143442,
    "rsd_pct": 1.6401317866121379,
    "micro": false
  },
  "liquid-c": {
    "mean": 188.36234039875,
    "rsd_pct": 1.784910711965191,
    "micro": false
  },
  "liquid-render": {
    "mean": 356.1918787342846,
    "rsd_pct": 2.18576703404022,
    "micro": false
  },
  "mail": {
    "mean": 374.6743583684101,
    "rsd_pct": 0.2789507862577202,
    "micro": false
  },
  "psych-load": {
    "mean": 5382.072400550048,
    "rsd_pct": 0.06173262656080022,
    "micro": false
  },
  "railsbench": {
    "mean": 5569.075456261635,
    "rsd_pct": 0.6703409584557711,
    "micro": false
  },
  "ruby-lsp": {
    "mean": 185.38767831329028,
    "rsd_pct": 11.693893669118077,
    "micro": false
  },
  "sequel": {
    "mean": 440.8530777530564,
    "rsd_pct": 2.4385960913098548,
    "micro": false
  },
  "binarytrees": {
    "mean": 531.7111251182681,
    "rsd_pct": 0.6992330566080459,
    "micro": false
  },
  "chunky_png": {
    "mean": 1519.918396428693,
    "rsd_pct": 0.12313958609747142,
    "micro": false
  },
  "erubi": {
    "mean": 599.7957415878773,
    "rsd_pct": 0.8000642271795796,
    "micro": false
  },
  "erubi_rails": {
    "mean": 46.095758682318035,
    "rsd_pct": 2.1389254492804524,
    "micro": false
  },
  "etanni": {
    "mean": 962.7845287703129,
    "rsd_pct": 0.4505340313528449,
    "micro": false
  },
  "fannkuchredux": {
    "mean": 2039.943262691731,
    "rsd_pct": 0.06732343676174635,
    "micro": false
  },
  "lee": {
    "mean": 2296.7985144683294,
    "rsd_pct": 0.354986082952789,
    "micro": false
  },
  "nbody": {
    "mean": 177.11387945790634,
    "rsd_pct": 0.06933727559850772,
    "micro": false
  },
  "optcarrot": {
    "mean": 9839.522583285967,
    "rsd_pct": 0.6676051814795093,
    "micro": false
  },
  "ruby-json": {
    "mean": 8240.845667695006,
    "rsd_pct": 0.060594893759786175,
    "micro": false
  },
  "rubykon": {
    "mean": 21345.686734840274,
    "rsd_pct": 0.3743083260979644,
    "micro": false
  },
  "30k_ifelse": {
    "mean": 1930.0649673380751,
    "rsd_pct": 0.039279929899094984,
    "micro": true
  },
  "30k_methods": {
    "mean": 3892.4631070168243,
    "rsd_pct": 0.05559418596898404,
    "micro": true
  },
  "cfunc_itself": {
    "mean": 102.53633160839166,
    "rsd_pct": 0.07517655527171133,
    "micro": true
  },
  "fib": {
    "mean": 191.09382821771752,
    "rsd_pct": 0.0063152350779679504,
    "micro": true
  },
  "getivar": {
    "mean": 107.47277288091018,
    "rsd_pct": 0.008055091632619416,
    "micro": true
  },
  "keyword_args": {
    "mean": 197.14587070774235,
    "rsd_pct": 0.011419303476800377,
    "micro": true
  },
  "respond_to": {
    "mean": 99.07030108058753,
    "rsd_pct": 1.7946370920447263,
    "micro": true
  },
  "setivar": {
    "mean": 50.03805461581106,
    "rsd_pct": 0.014087785901466318,
    "micro": true
  },
  "setivar_object": {
    "mean": 127.92075805274057,
    "rsd_pct": 0.007193163575145996,
    "micro": true
  },
  "str_concat": {
    "mean": 96.85240942005292,
    "rsd_pct": 0.8946368417218101,
    "micro": true
  },
  "throw": {
    "mean": 50.20125396549702,
    "rsd_pct": 0.3968481078341663,
    "micro": true
  }
}