{
  "activerecord": {
    "mean": 109.37205993744371,
    "rsd_pct": 0.5357533134899198,
    "micro": false
  },
  "hexapdf": {
    "mean": 2421.0682241866984,
    "rsd_pct": 2.1892823292538193,
    "micro": false
  },
  "liquid-render": {
    "mean": 127.838187690848,
    "rsd_pct": 1.8805038843477997,
    "micro": false
  },
  "mail": {
    "mean": 162.26261723938026,
    "rsd_pct": 0.37628582862223514,
    "micro": false
  },
  "psych-load": {
    "mean": 1955.3403203686078,
    "rsd_pct": 0.12470503402011057,
    "micro": false
  },
  "railsbench": {
    "mean": 2181.7923663184047,
    "rsd_pct": 1.5038646336750654,
    "micro": false
  },
  "binarytrees": {
    "mean": 359.02053765379463,
    "rsd_pct": 1.476530113652141,
    "micro": false
  },
  "chunky_png": {
    "mean": 663.3747904251019,
    "rsd_pct": 0.14947212187750697,
    "micro": false
  },
  "discourse": {
    "mean": 498.79155499306887,
    "rsd_pct": 8.920971458964525,
    "micro": false
  },
  "erubi": {
    "mean": 426.55504182524356,
    "rsd_pct": 0.8542718710583411,
    "micro": false
  },
  "erubi_rails": {
    "mean": 20.309335566367405,
    "rsd_pct": 3.482693158226365,
    "micro": false
  },
  "fannkuchredux": {
    "mean": 7010.350635461509,
    "rsd_pct": 0.0935983397464007,
    "micro": false
  },
  "lee": {
    "mean": 925.8707810104603,
    "rsd_pct": 0.3021612737620177,
    "micro": false
  },
  "nbody": {
    "mean": 89.24020154156933,
    "rsd_pct": 0.4574022892439822,
    "micro": false
  },
  "optcarrot": {
    "mean": 3578.963745571673,
    "rsd_pct": 0.5724273998975882,
    "micro": false
  },
  "rubykon": {
    "mean": 7900.708948634565,
    "rsd_pct": 0.6666986178250222,
    "micro": false
  },
  "30k_ifelse": {
    "mean": 356.7912353710695,
    "rsd_pct": 0.18542260328783172,
    "micro": true
  },
  "30k_methods": {
    "mean": 879.4480260800232,
    "rsd_pct": 0.05661565366968917,
    "micro": true
  },
  "cfunc_itself": {
    "mean": 45.33116817306559,
    "rsd_pct": 0.9256888900973477,
    "micro": true
  },
  "fib": {
    "mean": 62.483878555940464,
    "rsd_pct": 0.6114365165597782,
    "micro": true
  },
  "getivar": {
    "mean": 42.55787699269155,
    "rsd_pct": 0.7016967746515286,
    "micro": true
  },
  "keyword_args": {
    "mean": 53.01554534967625,
    "rsd_pct": 0.6751113124607633,
    "micro": true
  },
  "respond_to": {
    "mean": 192.97933598192265,
    "rsd_pct": 0.3650785950825047,
    "micro": true
  },
  "setivar": {
    "mean": 49.15732637139726,
    "rsd_pct": 0.583941156933373,
    "micro": true
  }
}