{
  "activerecord": {
    "mean": 110.27065585138368,
    "rsd_pct": 0.42808605785158577,
    "micro": false
  },
  "hexapdf": {
    "mean": 2425.679703677694,
    "rsd_pct": 2.1690634559205866,
    "micro": false
  },
  "liquid-render": {
    "mean": 126.73307364830413,
    "rsd_pct": 1.9796096019068798,
    "micro": false
  },
  "mail": {
    "mean": 161.80838426178107,
    "rsd_pct": 0.35431647305052194,
    "micro": false
  },
  "psych-load": {
    "mean": 1966.5355537707608,
    "rsd_pct": 0.055699957292419826,
    "micro": false
  },
  "railsbench": {
    "mean": 2148.1714511290193,
    "rsd_pct": 1.2577951334671087,
    "micro": false
  },
  "binarytrees": {
    "mean": 361.9342974416213,
    "rsd_pct": 1.2991693311283907,
    "micro": false
  },
  "chunky_png": {
    "mean": 661.6683931089938,
    "rsd_pct": 0.08978259586592763,
    "micro": false
  },
  "discourse": {
    "mean": 584.1455339012962,
    "rsd_pct": 19.572829894067233,
    "micro": false
  },
  "erubi": {
    "mean": 413.2822619830357,
    "rsd_pct": 0.7965895028936614,
    "micro": false
  },
  "erubi_rails": {
    "mean": 20.35338482352884,
    "rsd_pct": 3.2477516021765873,
    "micro": false
  },
  "fannkuchredux": {
    "mean": 6914.669111557305,
    "rsd_pct": 0.04124178826618492,
    "micro": false
  },
  "lee": {
    "mean": 914.9507472646378,
    "rsd_pct": 0.366059630898563,
    "micro": false
  },
  "nbody": {
    "mean": 90.37994324483655,
    "rsd_pct": 0.43129130011874184,
    "micro": false
  },
  "optcarrot": {
    "mean": 3490.6287853916488,
    "rsd_pct": 0.59295555877414,
    "micro": false
  },
  "rubykon": {
    "mean": 7888.158589663605,
    "rsd_pct": 0.42470690914241416,
    "micro": false
  },
  "30k_ifelse": {
    "mean": 360.3209241378036,
    "rsd_pct": 0.16711716265579077,
    "micro": true
  },
  "30k_methods": {
    "mean": 888.6158660646867,
    "rsd_pct": 0.05793417809082751,
    "micro": true
  },
  "cfunc_itself": {
    "mean": 45.633829698152,
    "rsd_pct": 1.0077447770348786,
    "micro": true
  },
  "fib": {
    "mean": 62.490129889920354,
    "rsd_pct": 0.5910180909965046,
    "micro": true
  },
  "getivar": {
    "mean": 42.55579086079608,
    "rsd_pct": 0.6985815959519606,
    "micro": true
  },
  "keyword_args": {
    "mean": 53.31015019413252,
    "rsd_pct": 0.6340204615586685,
    "micro": true
  },
  "respond_to": {
    "mean": 179.92743704881934,
    "rsd_pct": 0.3064652514292891,
    "micro": true
  },
  "setivar": {
    "mean": 52.59979047679774,
    "rsd_pct": 0.6373530946249748,
    "micro": true
  }
}