{
  "activerecord": {
    "mean": 105.99244539871027,
    "rsd_pct": 0.468924968952023,
    "micro": false
  },
  "hexapdf": {
    "mean": 2371.770865470171,
    "rsd_pct": 1.7444440068499576,
    "micro": false
  },
  "liquid-render": {
    "mean": 146.23393293769254,
    "rsd_pct": 1.7631496146433077,
    "micro": false
  },
  "mail": {
    "mean": 187.14480421874882,
    "rsd_pct": 2.628060733429099,
    "micro": false
  },
  "psych-load": {
    "mean": 2236.5699656307697,
    "rsd_pct": 0.07214693028561235,
    "micro": false
  },
  "railsbench": {
    "mean": 2424.483865002791,
    "rsd_pct": 0.3253245885212906,
    "micro": false
  },
  "binarytrees": {
    "mean": 367.9438680410385,
    "rsd_pct": 0.15743001743267548,
    "micro": false
  },
  "chunky_png": {
    "mean": 675.731585842782,
    "rsd_pct": 0.1993660455814496,
    "micro": false
  },
  "discourse": {
    "mean": 616.0795173114714,
    "rsd_pct": 18.84603550664491,
    "micro": false
  },
  "erubi": {
    "mean": 438.9071285803901,
    "rsd_pct": 0.5602739338490128,
    "micro": false
  },
  "erubi_rails": {
    "mean": 25.336074000028283,
    "rsd_pct": 54.963572493250105,
    "micro": false
  },
  "fannkuchredux": {
    "mean": 6929.589842880766,
    "rsd_pct": 0.09861979202066834,
    "micro": false
  },
  "lee": {
    "mean": 916.2519153376871,
    "rsd_pct": 1.225916907518236,
    "micro": false
  },
  "nbody": {
    "mean": 89.61127695034851,
    "rsd_pct": 0.4583167322943025,
    "micro": false
  },
  "optcarrot": {
    "mean": 3451.1846079180636,
    "rsd_pct": 0.6202773649988574,
    "micro": false
  },
  "rubykon": {
    "mean": 8041.485242297252,
    "rsd_pct": 3.198014554970808,
    "micro": false
  },
  "30k_ifelse": {
    "mean": 364.80658059870757,
    "rsd_pct": 0.20059610799903746,
    "micro": true
  },
  "30k_methods": {
    "mean": 926.5188104049726,
    "rsd_pct": 0.05634406063517839,
    "micro": true
  },
  "cfunc_itself": {
    "mean": 45.03157503103421,
    "rsd_pct": 0.9859454740374821,
    "micro": true
  },
  "fib": {
    "mean": 62.48474039603025,
    "rsd_pct": 0.6071841741001974,
    "micro": true
  },
  "getivar": {
    "mean": 42.60432618695598,
    "rsd_pct": 0.7048957108142166,
    "micro": true
  },
  "keyword_args": {
    "mean": 53.45796641301025,
    "rsd_pct": 0.6875800518051873,
    "micro": true
  },
  "respond_to": {
    "mean": 193.0833851140969,
    "rsd_pct": 0.28851269813598807,
    "micro": true
  },
  "setivar": {
    "mean": 53.860000912880345,
    "rsd_pct": 0.6186357449230593,
    "micro": true
  },
  "str_concat": {
    "mean": 107.98046618775668,
    "rsd_pct": 1.4288841250661886,
    "micro": true
  }
}