{
  "activerecord": {
    "mean": 109.30194318355932,
    "rsd_pct": 0.5133842561073461,
    "micro": false
  },
  "hexapdf": {
    "mean": 2430.504277845224,
    "rsd_pct": 1.2079671481635055,
    "micro": false
  },
  "liquid-render": {
    "mean": 128.54415632617207,
    "rsd_pct": 2.0486694849099236,
    "micro": false
  },
  "mail": {
    "mean": 163.44402882180387,
    "rsd_pct": 0.3797700959034982,
    "micro": false
  },
  "psych-load": {
    "mean": 1964.0457285568118,
    "rsd_pct": 0.10799218314959841,
    "micro": false
  },
  "railsbench": {
    "mean": 2148.510229215026,
    "rsd_pct": 1.1790779854901574,
    "micro": false
  },
  "binarytrees": {
    "mean": 354.8304542563245,
    "rsd_pct": 1.6840376809943067,
    "micro": false
  },
  "chunky_png": {
    "mean": 663.6052708762387,
    "rsd_pct": 0.11288431501143598,
    "micro": false
  },
  "discourse": {
    "mean": 508.1161087235579,
    "rsd_pct": 8.888391162455742,
    "micro": false
  },
  "erubi": {
    "mean": 419.68807441360775,
    "rsd_pct": 0.8202269080253358,
    "micro": false
  },
  "erubi_rails": {
    "mean": 20.35656855087842,
    "rsd_pct": 3.223789890829456,
    "micro": false
  },
  "fannkuchredux": {
    "mean": 6984.548749277989,
    "rsd_pct": 0.03761647975648581,
    "micro": false
  },
  "lee": {
    "mean": 909.7804840033253,
    "rsd_pct": 0.30695404504601376,
    "micro": false
  },
  "nbody": {
    "mean": 91.28989419137889,
    "rsd_pct": 0.45134929157546,
    "micro": false
  },
  "optcarrot": {
    "mean": 3506.053835029403,
    "rsd_pct": 0.5695672975885211,
    "micro": false
  },
  "rubykon": {
    "mean": 7892.294512254496,
    "rsd_pct": 0.6007834616403878,
    "micro": false
  },
  "30k_ifelse": {
    "mean": 355.68393936211413,
    "rsd_pct": 0.1745416667133361,
    "micro": true
  },
  "30k_methods": {
    "mean": 884.9670354446226,
    "rsd_pct": 0.06054640599894745,
    "micro": true
  },
  "cfunc_itself": {
    "mean": 45.84780460016595,
    "rsd_pct": 0.9221414272592926,
    "micro": true
  },
  "fib": {
    "mean": 62.47697280487046,
    "rsd_pct": 0.5931217151005328,
    "micro": true
  },
  "getivar": {
    "mean": 52.8893604989705,
    "rsd_pct": 14.996064644433746,
    "micro": true
  },
  "keyword_args": {
    "mean": 53.46818445894392,
    "rsd_pct": 0.6964201700345288,
    "micro": true
  },
  "respond_to": {
    "mean": 182.91817683968003,
    "rsd_pct": 0.3417594849817781,
    "micro": true
  },
  "setivar": {
    "mean": 52.65545183419001,
    "rsd_pct": 0.6295160376477726,
    "micro": true
  }
}