{
  "activerecord": {
    "mean": 104.43785234697555,
    "rsd_pct": 0.5420572795557438,
    "micro": false
  },
  "hexapdf": {
    "mean": 2343.816485380133,
    "rsd_pct": 1.5144509173698542,
    "micro": false
  },
  "liquid-render": {
    "mean": 127.02292443897862,
    "rsd_pct": 1.7215092674430583,
    "micro": false
  },
  "mail": {
    "mean": 158.60555082559586,
    "rsd_pct": 0.10197116157797216,
    "micro": false
  },
  "psych-load": {
    "mean": 2021.7696414639552,
    "rsd_pct": 0.156857129954796,
    "micro": false
  },
  "railsbench": {
    "mean": 2107.2550671796002,
    "rsd_pct": 0.8283090152367465,
    "micro": false
  },
  "binarytrees": {
    "mean": 357.7562984587117,
    "rsd_pct": 0.045662434914218654,
    "micro": false
  },
  "chunky_png": {
    "mean": 660.1337510471543,
    "rsd_pct": 0.04980271246446191,
    "micro": false
  },
  "erubi": {
    "mean": 375.1567286210802,
    "rsd_pct": 0.6455022806144797,
    "micro": false
  },
  "erubi_rails": {
    "mean": 20.08733081318453,
    "rsd_pct": 3.1715387504536636,
    "micro": false
  },
  "fannkuchredux": {
    "mean": 8283.287658666572,
    "rsd_pct": 0.1842731695259934,
    "micro": false
  },
  "lee": {
    "mean": 927.3052033746526,
    "rsd_pct": 1.157164176319975,
    "micro": false
  },
  "nbody": {
    "mean": 91.38674021444537,
    "rsd_pct": 0.06246328027781256,
    "micro": false
  },
  "optcarrot": {
    "mean": 3467.9271891713142,
    "rsd_pct": 0.5988429679328042,
    "micro": false
  },
  "rubykon": {
    "mean": 7649.081224078934,
    "rsd_pct": 4.228409292971049,
    "micro": false
  },
  "30k_ifelse": {
    "mean": 357.4224208904938,
    "rsd_pct": 0.07907773177463266,
    "micro": true
  },
  "30k_methods": {
    "mean": 879.141717641191,
    "rsd_pct": 0.016896513954579882,
    "micro": true
  },
  "cfunc_itself": {
    "mean": 46.34539901043277,
    "rsd_pct": 0.8903721876509791,
    "micro": true
  },
  "fib": {
    "mean": 63.61613597625949,
    "rsd_pct": 0.08410930168175132,
    "micro": true
  },
  "getivar": {
    "mean": 42.53575163061647,
    "rsd_pct": 0.06451665025831593,
    "micro": true
  },
  "keyword_args": {
    "mean": 53.204380759804565,
    "rsd_pct": 0.12551634350501925,
    "micro": true
  },
  "respond_to": {
    "mean": 189.606752465753,
    "rsd_pct": 0.10863810135662334,
    "micro": true
  },
  "setivar": {
    "mean": 53.616382635972705,
    "rsd_pct": 0.04134377482812408,
    "micro": true
  },
  "str_concat": {
    "mean": 54.550353818991056,
    "rsd_pct": 1.378591430952557,
    "micro": true
  }
}