{
  "activerecord": {
    "mean": 94.93309954324594,
    "rsd_pct": 0.7674028357009467,
    "micro": false
  },
  "hexapdf": {
    "mean": 2284.4113759696484,
    "rsd_pct": 2.1380177803283567,
    "micro": false
  },
  "liquid-render": {
    "mean": 132.95616281147187,
    "rsd_pct": 0.9313348582693272,
    "micro": false
  },
  "mail": {
    "mean": 158.7022949430731,
    "rsd_pct": 0.140091987195535,
    "micro": false
  },
  "psych-load": {
    "mean": 1885.8800570170085,
    "rsd_pct": 0.016163335363581766,
    "micro": false
  },
  "railsbench": {
    "mean": 2073.7161171933017,
    "rsd_pct": 1.5142542179224228,
    "micro": false
  },
  "ruby-lsp": {
    "mean": 72.26545483791742,
    "rsd_pct": 17.415029694929657,
    "micro": false
  },
  "binarytrees": {
    "mean": 232.26867090253268,
    "rsd_pct": 0.07338857035157119,
    "micro": false
  },
  "chunky_png": {
    "mean": 615.2834892272949,
    "rsd_pct": 0.05695746811662661,
    "micro": false
  },
  "erubi": {
    "mean": 287.96483822824325,
    "rsd_pct": 0.9517272311868483,
    "micro": false
  },
  "erubi_rails": {
    "mean": 17.66955323736262,
    "rsd_pct": 3.8056316586703374,
    "micro": false
  },
  "etanni": {
    "mean": 478.9195563644171,
    "rsd_pct": 0.5011586167962574,
    "micro": false
  },
  "fannkuchredux": {
    "mean": 2279.746525734663,
    "rsd_pct": 0.05978980740227896,
    "micro": false
  },
  "lee": {
    "mean": 914.0797449009759,
    "rsd_pct": 1.8227767000053292,
    "micro": false
  },
  "nbody": {
    "mean": 81.86437790187038,
    "rsd_pct": 0.07931275755985623,
    "micro": false
  },
  "optcarrot": {
    "mean": 2933.17329933246,
    "rsd_pct": 0.39886895251782367,
    "micro": false
  },
  "rubykon": {
    "mean": 7091.758744170268,
    "rsd_pct": 1.054507305686033,
    "micro": false
  },
  "30k_ifelse": {
    "mean": 391.45753936881715,
    "rsd_pct": 0.11408839620919498,
    "micro": true
  },
  "30k_methods": {
    "mean": 962.3262468725443,
    "rsd_pct": 0.052773544123321206,
    "micro": true
  },
  "cfunc_itself": {
    "mean": 40.51500387264021,
    "rsd_pct": 0.1379857619746736,
    "micro": true
  },
  "fib": {
    "mean": 60.74471949437343,
    "rsd_pct": 0.49488233106427937,
    "micro": true
  },
  "getivar": {
    "mean": 47.00770674382939,
    "rsd_pct": 0.10657523708987211,
    "micro": true
  },
  "keyword_args": {
    "mean": 52.562647040721046,
    "rsd_pct": 0.15998540679884593,
    "micro": true
  },
  "respond_to": {
    "mean": 29.03567015135524,
    "rsd_pct": 0.8797722195974281,
    "micro": true
  },
  "setivar": {
    "mean": 52.27362523764608,
    "rsd_pct": 0.452658644078587,
    "micro": true
  },
  "str_concat": {
    "mean": 41.22211662970022,
    "rsd_pct": 1.884654966834934,
    "micro": true
  }
}