{
  "activerecord": {
    "mean": 42.359333258504286,
    "rsd_pct": 3.7930444016946727,
    "micro": false
  },
  "erubi_rails": {
    "mean": 15.633727989973515,
    "rsd_pct": 19.80159849896335,
    "micro": false
  },
  "hexapdf": {
    "mean": 2062.612766151627,
    "rsd_pct": 1.49176853037872,
    "micro": false
  },
  "liquid-c": {
    "mean": 59.54116304863745,
    "rsd_pct": 0.7237919452229892,
    "micro": false
  },
  "liquid-compile": {
    "mean": 57.065796672785524,
    "rsd_pct": 1.4378055670379988,
    "micro": false
  },
  "liquid-render": {
    "mean": 104.89286186445194,
    "rsd_pct": 0.44357642786687695,
    "micro": false
  },
  "mail": {
    "mean": 132.8950366998712,
    "rsd_pct": 0.3491772912143773,
    "micro": false
  },
  "psych-load": {
    "mean": 1849.4416271646817,
    "rsd_pct": 0.09204411971684698,
    "micro": false
  },
  "railsbench": {
    "mean": 1807.5928509235382,
    "rsd_pct": 1.1796146361202255,
    "micro": false
  },
  "ruby-lsp": {
    "mean": 55.9563117142952,
    "rsd_pct": 7.057594176921945,
    "micro": false
  },
  "sequel": {
    "mean": 69.82653971657261,
    "rsd_pct": 1.1946205250191297,
    "micro": false
  },
  "binarytrees": {
    "mean": 227.7991805953541,
    "rsd_pct": 0.07247762029599583,
    "micro": false
  },
  "chunky_png": {
    "mean": 663.9863767971596,
    "rsd_pct": 0.365262272560677,
    "micro": false
  },
  "erubi": {
    "mean": 253.2972780127938,
    "rsd_pct": 0.06734105043636547,
    "micro": false
  },
  "etanni": {
    "mean": 408.4118341989055,
    "rsd_pct": 0.04563209546440862,
    "micro": false
  },
  "fannkuchredux": {
    "mean": 757.126694974991,
    "rsd_pct": 0.05864498669933733,
    "micro": false
  },
  "lee": {
    "mean": 941.0702602139542,
    "rsd_pct": 0.4146228935296099,
    "micro": false
  },
  "nbody": {
    "mean": 70.73688550013388,
    "rsd_pct": 0.08615770414530838,
    "micro": false
  },
  "optcarrot": {
    "mean": 2305.3179872532687,
    "rsd_pct": 0.5876457869905611,
    "micro": false
  },
  "ruby-json": {
    "mean": 3194.2161520322165,
    "rsd_pct": 0.16768526955242646,
    "micro": false
  },
  "rubykon": {
    "mean": 6797.041322911779,
    "rsd_pct": 0.39767969573555073,
    "micro": false
  },
  "30k_ifelse": {
    "mean": 359.9222084338015,
    "rsd_pct": 0.07778291866745357,
    "micro": true
  },
  "30k_methods": {
    "mean": 856.303354077365,
    "rsd_pct": 0.02129613073460517,
    "micro": true
  },
  "cfunc_itself": {
    "mean": 38.40584485934904,
    "rsd_pct": 0.2606288824677564,
    "micro": true
  },
  "fib": {
    "mean": 44.59714104554483,
    "rsd_pct": 0.055121949532953254,
    "micro": true
  },
  "getivar": {
    "mean": 21.116698511986662,
    "rsd_pct": 0.24683393176256835,
    "micro": true
  },
  "keyword_args": {
    "mean": 48.71496731406393,
    "rsd_pct": 0.23194774719217115,
    "micro": true
  },
  "respond_to": {
    "mean": 25.708596944866493,
    "rsd_pct": 0.4932180816268229,
    "micro": true
  },
  "setivar": {
    "mean": 11.995506784071376,
    "rsd_pct": 0.08770788585680653,
    "micro": true
  },
  "setivar_object": {
    "mean": 42.10588038910793,
    "rsd_pct": 0.07404548970309002,
    "micro": true
  },
  "setivar_young": {
    "mean": 42.20557071063786,
    "rsd_pct": 1.0844710424969615,
    "micro": true
  },
  "str_concat": {
    "mean": 44.23617119353653,
    "rsd_pct": 0.45349525627283077,
    "micro": true
  },
  "throw": {
    "mean": 24.640472474262175,
    "rsd_pct": 0.26902224190711616,
    "micro": true
  }
}