{
  "activerecord": {
    "mean": 104.01314419129345,
    "rsd_pct": 0.628568172689176
  },
  "hexapdf": {
    "mean": 2145.811185799539,
    "rsd_pct": 1.3482405511977322
  },
  "jekyll": {
    "mean": 7473.920281790197,
    "rsd_pct": 1.9637299531016779
  },
  "liquid-render": {
    "mean": 115.1379429019715,
    "rsd_pct": 2.046225198352294
  },
  "mail": {
    "mean": 142.88998443203477,
    "rsd_pct": 0.17293068573177262
  },
  "psych-load": {
    "mean": 1664.5968796685338,
    "rsd_pct": 0.10369707273136505
  },
  "railsbench": {
    "mean": 2353.8135156966746,
    "rsd_pct": 1.6682836303567292
  },
  "binarytrees": {
    "mean": 282.1363767334184,
    "rsd_pct": 0.07329789389467896
  },
  "fannkuchredux": {
    "mean": 5718.465346377343,
    "rsd_pct": 0.03960503109653794
  },
  "lee": {
    "mean": 805.4107535630465,
    "rsd_pct": 1.2846390940777848
  },
  "nbody": {
    "mean": 72.91664045374348,
    "rsd_pct": 0.14548492784259812
  },
  "optcarrot": {
    "mean": 3068.7080020084977,
    "rsd_pct": 0.460133115929366
  },
  "rubykon": {
    "mean": 5628.487921971828,
    "rsd_pct": 0.8277965455072593
  },
  "30k_ifelse": {
    "mean": 324.55929470821644,
    "rsd_pct": 0.14494827605797173
  },
  "30k_methods": {
    "mean": 759.7093555857153,
    "rsd_pct": 0.07748391485020371
  },
  "cfunc_itself": {
    "mean": 39.46690504969486,
    "rsd_pct": 0.37401669698901935
  },
  "fib": {
    "mean": 52.10286656514129,
    "rsd_pct": 0.1965040842205274
  },
  "getivar": {
    "mean": 35.46034230879902,
    "rsd_pct": 0.024035446520501377
  },
  "keyword_args": {
    "mean": 45.75837985830051,
    "rsd_pct": 0.13399465550261458
  },
  "respond_to": {
    "mean": 156.68949427998672,
    "rsd_pct": 0.3613943985140403
  },
  "setivar": {
    "mean": 38.89894984984194,
    "rsd_pct": 0.19161414874107033
  }
}