{
  "activerecord": {
    "mean": 105.33512510127663,
    "rsd_pct": 0.40092607646872824,
    "micro": false
  },
  "hexapdf": {
    "mean": 2380.1599153627953,
    "rsd_pct": 1.9052200521594818,
    "micro": false
  },
  "liquid-render": {
    "mean": 148.24752221730623,
    "rsd_pct": 1.7863459657674843,
    "micro": false
  },
  "mail": {
    "mean": 186.36701238790044,
    "rsd_pct": 2.6733510546997783,
    "micro": false
  },
  "psych-load": {
    "mean": 2235.1546003172793,
    "rsd_pct": 0.0510926646112997,
    "micro": false
  },
  "railsbench": {
    "mean": 2362.8207409133515,
    "rsd_pct": 0.7646841844871108,
    "micro": false
  },
  "binarytrees": {
    "mean": 368.3005381552946,
    "rsd_pct": 0.1579671751036412,
    "micro": false
  },
  "chunky_png": {
    "mean": 672.713369452234,
    "rsd_pct": 0.49052402588202,
    "micro": false
  },
  "discourse": {
    "mean": 538.1065439432859,
    "rsd_pct": 18.17074986451717,
    "micro": false
  },
  "erubi": {
    "mean": 425.357986590825,
    "rsd_pct": 0.8026453861959397,
    "micro": false
  },
  "erubi_rails": {
    "mean": 25.359171363400836,
    "rsd_pct": 54.3281883765125,
    "micro": false
  },
  "fannkuchredux": {
    "mean": 8852.182341863712,
    "rsd_pct": 0.20307793975398328,
    "micro": false
  },
  "lee": {
    "mean": 904.1220474649559,
    "rsd_pct": 0.11961312759741338,
    "micro": false
  },
  "nbody": {
    "mean": 89.30240010665933,
    "rsd_pct": 0.501083730233575,
    "micro": false
  },
  "optcarrot": {
    "mean": 3443.861918648084,
    "rsd_pct": 0.5868976912196585,
    "micro": false
  },
  "rubykon": {
    "mean": 8077.829206734896,
    "rsd_pct": 3.515912654867411,
    "micro": false
  },
  "30k_ifelse": {
    "mean": 354.2124029315476,
    "rsd_pct": 0.17651497412231743,
    "micro": true
  },
  "30k_methods": {
    "mean": 874.06116258353,
    "rsd_pct": 0.06117462406293274,
    "micro": true
  },
  "cfunc_itself": {
    "mean": 44.567057442951146,
    "rsd_pct": 0.8952387818160642,
    "micro": true
  },
  "fib": {
    "mean": 62.48209155164659,
    "rsd_pct": 0.5968125542158258,
    "micro": true
  },
  "getivar": {
    "mean": 42.608601970025916,
    "rsd_pct": 0.7173221697682904,
    "micro": true
  },
  "keyword_args": {
    "mean": 53.40893571976282,
    "rsd_pct": 0.6942459030418183,
    "micro": true
  },
  "respond_to": {
    "mean": 188.68645296414505,
    "rsd_pct": 0.31818265684510405,
    "micro": true
  },
  "setivar": {
    "mean": 54.408439656999114,
    "rsd_pct": 0.6660925191743402,
    "micro": true
  },
  "str_concat": {
    "mean": 108.0784980812805,
    "rsd_pct": 1.3960287960435265,
    "micro": true
  }
}