{
  "activerecord": {
    "mean": 142.07762489999146,
    "rsd_pct": 2.6849189059286784,
    "micro": false
  },
  "erubi_rails": {
    "mean": 44.77194549223244,
    "rsd_pct": 13.067370529379435,
    "micro": false
  },
  "hexapdf": {
    "mean": 5747.286201640964,
    "rsd_pct": 1.4481208743975806,
    "micro": false
  },
  "liquid-c": {
    "mean": 191.14254204378952,
    "rsd_pct": 1.4743102432846549,
    "micro": false
  },
  "liquid-compile": {
    "mean": 162.52505644994378,
    "rsd_pct": 0.5265783291797892,
    "micro": false
  },
  "liquid-render": {
    "mean": 357.32351790141803,
    "rsd_pct": 2.045627702683658,
    "micro": false
  },
  "mail": {
    "mean": 364.456012433806,
    "rsd_pct": 0.30251828969944977,
    "micro": false
  },
  "psych-load": {
    "mean": 5304.509024818738,
    "rsd_pct": 0.10353413307482368,
    "micro": false
  },
  "railsbench": {
    "mean": 5316.373340040445,
    "rsd_pct": 0.6571731414737378,
    "micro": false
  },
  "ruby-lsp": {
    "mean": 174.75831451282298,
    "rsd_pct": 11.175136053889952,
    "micro": false
  },
  "sequel": {
    "mean": 202.36941396261906,
    "rsd_pct": 1.2783704275763808,
    "micro": false
  },
  "binarytrees": {
    "mean": 488.63170329820025,
    "rsd_pct": 0.14674910588871667,
    "micro": false
  },
  "chunky_png": {
    "mean": 1482.920763653613,
    "rsd_pct": 0.4305092017900551,
    "micro": false
  },
  "erubi": {
    "mean": 565.2128692426078,
    "rsd_pct": 0.8639026600010229,
    "micro": false
  },
  "etanni": {
    "mean": 951.8718148799653,
    "rsd_pct": 0.5754473848786684,
    "micro": false
  },
  "fannkuchredux": {
    "mean": 1476.681867390871,
    "rsd_pct": 0.1504781848145633,
    "micro": false
  },
  "lee": {
    "mean": 2354.8735742945046,
    "rsd_pct": 0.29122998518413684,
    "micro": false
  },
  "nbody": {
    "mean": 157.51830866813452,
    "rsd_pct": 0.07466941837870768,
    "micro": false
  },
  "optcarrot": {
    "mean": 8778.598392133912,
    "rsd_pct": 0.4928434369153336,
    "micro": false
  },
  "ruby-json": {
    "mean": 8026.131005336841,
    "rsd_pct": 0.27939524870513166,
    "micro": false
  },
  "rubykon": {
    "mean": 19271.29803771774,
    "rsd_pct": 0.35902873065567575,
    "micro": false
  },
  "30k_ifelse": {
    "mean": 1603.7789826027372,
    "rsd_pct": 0.03358676752560288,
    "micro": true
  },
  "30k_methods": {
    "mean": 3435.8056449209867,
    "rsd_pct": 0.06844070776512104,
    "micro": true
  },
  "cfunc_itself": {
    "mean": 86.84219131085328,
    "rsd_pct": 0.032562097009601096,
    "micro": true
  },
  "fib": {
    "mean": 123.65264798531176,
    "rsd_pct": 0.08048038063318859,
    "micro": true
  },
  "getivar": {
    "mean": 40.46636078321821,
    "rsd_pct": 0.014139534906569608,
    "micro": true
  },
  "keyword_args": {
    "mean": 121.67731669406143,
    "rsd_pct": 0.030401872247811802,
    "micro": true
  },
  "respond_to": {
    "mean": 88.29275572043696,
    "rsd_pct": 2.3627366143332407,
    "micro": true
  },
  "setivar": {
    "mean": 30.894219068599163,
    "rsd_pct": 0.017333105585592784,
    "micro": true
  },
  "setivar_object": {
    "mean": 115.6387684915686,
    "rsd_pct": 1.6250321400201926,
    "micro": true
  },
  "setivar_young": {
    "mean": 113.13747746700591,
    "rsd_pct": 0.019170253093258375,
    "micro": true
  },
  "str_concat": {
    "mean": 83.50014741580677,
    "rsd_pct": 1.0532352373415144,
    "micro": true
  },
  "throw": {
    "mean": 50.05927767210039,
    "rsd_pct": 2.6498751008218187,
    "micro": true
  }
}