{
  "activerecord": {
    "mean": 146.52904700091545,
    "rsd_pct": 0.2242051825846471,
    "micro": false
  },
  "erubi_rails": {
    "mean": 44.858501090860095,
    "rsd_pct": 2.110408863577529,
    "micro": false
  },
  "hexapdf": {
    "mean": 6039.761519307892,
    "rsd_pct": 1.5952376185544748,
    "micro": false
  },
  "liquid-c": {
    "mean": 188.92436575111563,
    "rsd_pct": 1.8554747033919936,
    "micro": false
  },
  "liquid-render": {
    "mean": 355.1209345262833,
    "rsd_pct": 2.272419189779926,
    "micro": false
  },
  "mail": {
    "mean": 373.24944503751453,
    "rsd_pct": 0.13350169479310633,
    "micro": false
  },
  "psych-load": {
    "mean": 5005.658298482497,
    "rsd_pct": 0.1279018923756568,
    "micro": false
  },
  "railsbench": {
    "mean": 5437.009604771932,
    "rsd_pct": 0.7643905855076131,
    "micro": false
  },
  "ruby-lsp": {
    "mean": 183.85581275486666,
    "rsd_pct": 12.206315933355917,
    "micro": false
  },
  "sequel": {
    "mean": 201.69342800873477,
    "rsd_pct": 0.19923838980051428,
    "micro": false
  },
  "binarytrees": {
    "mean": 531.7185481462409,
    "rsd_pct": 0.12990335360810581,
    "micro": false
  },
  "chunky_png": {
    "mean": 1529.7047900817086,
    "rsd_pct": 0.0948354459096984,
    "micro": false
  },
  "erubi": {
    "mean": 571.9674150578869,
    "rsd_pct": 0.7806397894065665,
    "micro": false
  },
  "etanni": {
    "mean": 938.494662774053,
    "rsd_pct": 0.4254115570196266,
    "micro": false
  },
  "fannkuchredux": {
    "mean": 2021.630794295798,
    "rsd_pct": 0.054862707809504516,
    "micro": false
  },
  "lee": {
    "mean": 2292.6068844362385,
    "rsd_pct": 0.21060652351003767,
    "micro": false
  },
  "nbody": {
    "mean": 178.09506597836594,
    "rsd_pct": 0.06938028636631785,
    "micro": false
  },
  "optcarrot": {
    "mean": 9840.634981418649,
    "rsd_pct": 0.645225165291407,
    "micro": false
  },
  "ruby-json": {
    "mean": 8823.92641492188,
    "rsd_pct": 0.10310214217784153,
    "micro": false
  },
  "rubykon": {
    "mean": 20805.01754482587,
    "rsd_pct": 0.3565448137934975,
    "micro": false
  },
  "30k_ifelse": {
    "mean": 1931.4524101767133,
    "rsd_pct": 0.02693963022162476,
    "micro": true
  },
  "30k_methods": {
    "mean": 3879.9128321309886,
    "rsd_pct": 0.08735528655960201,
    "micro": true
  },
  "cfunc_itself": {
    "mean": 106.44956112557807,
    "rsd_pct": 0.03995912111847678,
    "micro": true
  },
  "fib": {
    "mean": 191.09385653282516,
    "rsd_pct": 0.008478202071029244,
    "micro": true
  },
  "getivar": {
    "mean": 107.47562849668262,
    "rsd_pct": 0.0118755764239056,
    "micro": true
  },
  "keyword_args": {
    "mean": 196.7136188592492,
    "rsd_pct": 0.15065817416216845,
    "micro": true
  },
  "respond_to": {
    "mean": 99.18162397083022,
    "rsd_pct": 0.9734798158947273,
    "micro": true
  },
  "setivar": {
    "mean": 50.0380386461226,
    "rsd_pct": 0.01510650688799151,
    "micro": true
  },
  "setivar_object": {
    "mean": 127.01769756175668,
    "rsd_pct": 1.301212921032711,
    "micro": true
  },
  "setivar_young": {
    "mean": 124.02141399486898,
    "rsd_pct": 0.008639339275860058,
    "micro": true
  },
  "str_concat": {
    "mean": 116.2424473569984,
    "rsd_pct": 0.6355031524407894,
    "micro": true
  },
  "throw": {
    "mean": 50.333949470512785,
    "rsd_pct": 0.16039129122640408,
    "micro": true
  }
}