{
  "activerecord": {
    "mean": 103.16184158317553,
    "rsd_pct": 0.7446271498099337,
    "micro": false
  },
  "hexapdf": {
    "mean": 2272.9743187626204,
    "rsd_pct": 2.527810814995643,
    "micro": false
  },
  "liquid-render": {
    "mean": 125.66025862823936,
    "rsd_pct": 1.696846795682902,
    "micro": false
  },
  "mail": {
    "mean": 157.06763620532695,
    "rsd_pct": 0.1749457036838194,
    "micro": false
  },
  "psych-load": {
    "mean": 1934.7420740872622,
    "rsd_pct": 0.013869790673073635,
    "micro": false
  },
  "railsbench": {
    "mean": 2084.3344507118068,
    "rsd_pct": 1.1773240256542699,
    "micro": false
  },
  "binarytrees": {
    "mean": 363.04713209661156,
    "rsd_pct": 0.05708283831847972,
    "micro": false
  },
  "chunky_png": {
    "mean": 632.2083377069042,
    "rsd_pct": 0.07727397182724806,
    "micro": false
  },
  "erubi": {
    "mean": 318.09215375878773,
    "rsd_pct": 0.602935784415182,
    "micro": false
  },
  "erubi_rails": {
    "mean": 19.092658378978285,
    "rsd_pct": 3.506832351509949,
    "micro": false
  },
  "fannkuchredux": {
    "mean": 6894.270112365484,
    "rsd_pct": 0.061342131798561184,
    "micro": false
  },
  "lee": {
    "mean": 938.200638939937,
    "rsd_pct": 1.8109974472915857,
    "micro": false
  },
  "nbody": {
    "mean": 89.29563059660667,
    "rsd_pct": 0.11239486687809638,
    "micro": false
  },
  "optcarrot": {
    "mean": 3562.74935019513,
    "rsd_pct": 0.6088686148504434,
    "micro": false
  },
  "rubykon": {
    "mean": 6786.825013160706,
    "rsd_pct": 1.0863647686554863,
    "micro": false
  },
  "30k_ifelse": {
    "mean": 364.47653819673826,
    "rsd_pct": 0.07998820629605355,
    "micro": true
  },
  "30k_methods": {
    "mean": 865.956667133353,
    "rsd_pct": 0.018261169059731717,
    "micro": true
  },
  "cfunc_itself": {
    "mean": 45.188778759091754,
    "rsd_pct": 0.8239711912997075,
    "micro": true
  },
  "fib": {
    "mean": 63.32288177476989,
    "rsd_pct": 0.03930203757802335,
    "micro": true
  },
  "getivar": {
    "mean": 44.25101196059672,
    "rsd_pct": 0.1313170287993508,
    "micro": true
  },
  "keyword_args": {
    "mean": 53.97993841124748,
    "rsd_pct": 0.1364959627659795,
    "micro": true
  },
  "respond_to": {
    "mean": 198.44014861501088,
    "rsd_pct": 0.0770244696072877,
    "micro": true
  },
  "setivar": {
    "mean": 40.46220430765993,
    "rsd_pct": 0.30994688439680845,
    "micro": true
  },
  "str_concat": {
    "mean": 44.12391448641005,
    "rsd_pct": 1.5470481667320288,
    "micro": true
  }
}