{
  "cfunc_itself.rb": {
    "mean": 41.144124546822404,
    "rsd_pct": 0.3217524103284925
  },
  "fib.rb": {
    "mean": 58.384226112802686,
    "rsd_pct": 0.05768600333841244
  },
  "getivar.rb": {
    "mean": 36.25944145186672,
    "rsd_pct": 0.0347111061300032
  },
  "respond_to.rb": {
    "mean": 159.68820356647484,
    "rsd_pct": 0.6163714062269976
  },
  "setivar.rb": {
    "mean": 42.04632138742296,
    "rsd_pct": 0.02906868832854313
  },
  "30k_methods.rb": {
    "mean": 714.4350839921067,
    "rsd_pct": 0.026760491569499324
  },
  "30k_ifelse.rb": {
    "mean": 329.5753791416977,
    "rsd_pct": 0.24831998060688407
  },
  "fannkuchredux": {
    "mean": 5487.888527696487,
    "rsd_pct": 0.0424815894404437
  },
  "nbody": {
    "mean": 114.92993101816286,
    "rsd_pct": 0.021289805071312767
  },
  "binarytrees": {
    "mean": 299.2553408359782,
    "rsd_pct": 0.6292413456700175
  },
  "psych-load": {
    "mean": 1863.1943577784114,
    "rsd_pct": 0.4421813006135687
  },
  "lee": {
    "mean": 807.6665639411658,
    "rsd_pct": 1.5101889882390906
  },
  "liquid-render": {
    "mean": 148.65863047074527,
    "rsd_pct": 1.6118860821644019
  },
  "activerecord": {
    "mean": 111.45665543359321,
    "rsd_pct": 2.0581154457794897
  },
  "optcarrot": {
    "mean": 3142.942788696382,
    "rsd_pct": 0.16400196108321535
  },
  "jekyll": {
    "mean": 7607.664647093043,
    "rsd_pct": 1.9088583647744963
  },
  "railsbench": {
    "mean": 2730.814467894379,
    "rsd_pct": 1.1760826287591892
  }
}