{
  "activerecord": {
    "mean": 112.77200102354288,
    "rsd_pct": 2.0528116562221466
  },
  "jekyll": {
    "mean": 7634.143572801258,
    "rsd_pct": 2.159430345277872
  },
  "liquid-render": {
    "mean": 153.43001062697,
    "rsd_pct": 3.146814682491498
  },
  "psych-load": {
    "mean": 1849.5064217830077,
    "rsd_pct": 0.5619150400605234
  },
  "railsbench": {
    "mean": 2702.531049575191,
    "rsd_pct": 1.2637196283305172
  },
  "binarytrees": {
    "mean": 299.7763728755608,
    "rsd_pct": 0.6106571350381548
  },
  "fannkuchredux": {
    "mean": 5504.332155012526,
    "rsd_pct": 0.14186267190331706
  },
  "lee": {
    "mean": 804.9523257339994,
    "rsd_pct": 1.6775220283689458
  },
  "nbody": {
    "mean": 114.54630556417573,
    "rsd_pct": 0.0626979535914501
  },
  "optcarrot": {
    "mean": 3143.4821952017955,
    "rsd_pct": 0.18101754664907918
  },
  "30k_ifelse": {
    "mean": 329.3643472579253,
    "rsd_pct": 0.1731983736490494
  },
  "30k_methods": {
    "mean": 720.5617038352001,
    "rsd_pct": 0.018451519531423755
  },
  "cfunc_itself": {
    "mean": 41.58819188989675,
    "rsd_pct": 0.3373890281424213
  },
  "fib": {
    "mean": 58.30592430798995,
    "rsd_pct": 0.03696868131461403
  },
  "getivar": {
    "mean": 36.28632913706965,
    "rsd_pct": 0.05193066305702515
  },
  "respond_to": {
    "mean": 157.68692574889647,
    "rsd_pct": 0.6696716181619082
  },
  "setivar": {
    "mean": 41.780695631460446,
    "rsd_pct": 0.28915646911649817
  }
}