{
  "activerecord": {
    "mean": 107.44741642952891,
    "rsd_pct": 0.4054755654150198,
    "micro": false
  },
  "hexapdf": {
    "mean": 2188.799670757726,
    "rsd_pct": 1.2192446793637128,
    "micro": false
  },
  "jekyll": {
    "mean": 7382.461343286559,
    "rsd_pct": 1.6771631873163482,
    "micro": false
  },
  "liquid-render": {
    "mean": 145.59910540629062,
    "rsd_pct": 0.788254834904658,
    "micro": false
  },
  "mail": {
    "mean": 134.2055651144855,
    "rsd_pct": 0.21224983675750453,
    "micro": false
  },
  "psych-load": {
    "mean": 1640.0983212515712,
    "rsd_pct": 0.09243593255673316,
    "micro": false
  },
  "railsbench": {
    "mean": 2466.159510612488,
    "rsd_pct": 1.4683966521344172,
    "micro": false
  },
  "binarytrees": {
    "mean": 292.9825773304802,
    "rsd_pct": 2.6071145957941804,
    "micro": false
  },
  "fannkuchredux": {
    "mean": 5734.053605236113,
    "rsd_pct": 3.168884957016466,
    "micro": false
  },
  "lee": {
    "mean": 802.8097577703496,
    "rsd_pct": 1.571234962709014,
    "micro": false
  },
  "nbody": {
    "mean": 73.57261018145061,
    "rsd_pct": 0.06492424261408285,
    "micro": false
  },
  "optcarrot": {
    "mean": 3180.1123808603734,
    "rsd_pct": 0.26142107457374414,
    "micro": false
  },
  "30k_ifelse": {
    "mean": 318.62534478060763,
    "rsd_pct": 0.17374698619298745,
    "micro": true
  },
  "30k_methods": {
    "mean": 751.9611848025199,
    "rsd_pct": 0.03114971037210456,
    "micro": true
  },
  "cfunc_itself": {
    "mean": 39.406334765322775,
    "rsd_pct": 0.23717167593282484,
    "micro": true
  },
  "fib": {
    "mean": 52.026991521318756,
    "rsd_pct": 0.0792968313917271,
    "micro": true
  },
  "getivar": {
    "mean": 36.2500044688639,
    "rsd_pct": 0.0823436200455822,
    "micro": true
  },
  "keyword_args": {
    "mean": 243.30064872509405,
    "rsd_pct": 0.10058449887480546,
    "micro": true
  },
  "respond_to": {
    "mean": 163.7738261256466,
    "rsd_pct": 0.5699452568811636,
    "micro": true
  },
  "setivar": {
    "mean": 42.167768138460815,
    "rsd_pct": 0.1524489561215238,
    "micro": true
  }
}