{
  "activerecord": {
    "mean": 111.95738410598106,
    "rsd_pct": 0.6318086719469388,
    "micro": false
  },
  "hexapdf": {
    "mean": 2188.6738248790302,
    "rsd_pct": 2.4244480664629267,
    "micro": false
  },
  "liquid-c": {
    "mean": 60.98815947828739,
    "rsd_pct": 2.4830641830324627,
    "micro": false
  },
  "liquid-render": {
    "mean": 110.89569264444086,
    "rsd_pct": 2.036178858068903,
    "micro": false
  },
  "mail": {
    "mean": 144.27442107615727,
    "rsd_pct": 0.18743864708838406,
    "micro": false
  },
  "psych-load": {
    "mean": 1769.563528522849,
    "rsd_pct": 0.05691757329306606,
    "micro": false
  },
  "railsbench": {
    "mean": 2012.0739051451285,
    "rsd_pct": 2.0813426145840084,
    "micro": false
  },
  "ruby-lsp": {
    "mean": 71.06281839995629,
    "rsd_pct": 19.621513128312383,
    "micro": false
  },
  "sequel": {
    "mean": 149.53673465149194,
    "rsd_pct": 2.419511618686502,
    "micro": false
  },
  "binarytrees": {
    "mean": 239.21067924016998,
    "rsd_pct": 0.06781079875586336,
    "micro": false
  },
  "chunky_png": {
    "mean": 630.4608135833405,
    "rsd_pct": 0.09603082127715326,
    "micro": false
  },
  "erubi": {
    "mean": 246.24148504808545,
    "rsd_pct": 1.2032817346371976,
    "micro": false
  },
  "erubi_rails": {
    "mean": 17.504358575573715,
    "rsd_pct": 3.3986515566003015,
    "micro": false
  },
  "etanni": {
    "mean": 412.2252891926716,
    "rsd_pct": 0.5953515852010139,
    "micro": false
  },
  "fannkuchredux": {
    "mean": 925.0226319279699,
    "rsd_pct": 5.701242996683552,
    "micro": false
  },
  "lee": {
    "mean": 936.9669649749994,
    "rsd_pct": 0.26603923584751,
    "micro": false
  },
  "nbody": {
    "mean": 74.97954681731653,
    "rsd_pct": 0.03367268875218809,
    "micro": false
  },
  "optcarrot": {
    "mean": 2686.166392763456,
    "rsd_pct": 0.447029188377511,
    "micro": false
  },
  "rubykon": {
    "mean": 6751.2867432708545,
    "rsd_pct": 0.29597701446018015,
    "micro": false
  },
  "30k_ifelse": {
    "mean": 398.85648377239704,
    "rsd_pct": 0.16576075377423785,
    "micro": true
  },
  "30k_methods": {
    "mean": 952.1027515642345,
    "rsd_pct": 0.03992172097419372,
    "micro": true
  },
  "cfunc_itself": {
    "mean": 42.0566177199657,
    "rsd_pct": 0.12616656066868395,
    "micro": true
  },
  "fib": {
    "mean": 61.399961162645084,
    "rsd_pct": 0.1522619905746595,
    "micro": true
  },
  "getivar": {
    "mean": 45.76779407549232,
    "rsd_pct": 0.30444994247433166,
    "micro": true
  },
  "keyword_args": {
    "mean": 52.82386626398269,
    "rsd_pct": 1.4500924372813375,
    "micro": true
  },
  "respond_to": {
    "mean": 29.765924839104745,
    "rsd_pct": 0.454529725781551,
    "micro": true
  },
  "setivar": {
    "mean": 14.706060462220407,
    "rsd_pct": 0.10472544508106645,
    "micro": true
  },
  "setivar_object": {
    "mean": 47.42795845164972,
    "rsd_pct": 1.3383202074140652,
    "micro": true
  },
  "str_concat": {
    "mean": 42.297659547617904,
    "rsd_pct": 1.6239100922852092,
    "micro": true
  }
}