{
  "activerecord": {
    "mean": 106.02546720429487,
    "rsd_pct": 0.619909975519047,
    "micro": false
  },
  "hexapdf": {
    "mean": 2323.716920490066,
    "rsd_pct": 2.3448555195442022,
    "micro": false
  },
  "liquid-render": {
    "mean": 126.21677539144189,
    "rsd_pct": 1.5560285935403297,
    "micro": false
  },
  "mail": {
    "mean": 159.95587319916774,
    "rsd_pct": 0.17877602833779366,
    "micro": false
  },
  "psych-load": {
    "mean": 1906.4443737268448,
    "rsd_pct": 0.03282557066398638,
    "micro": false
  },
  "railsbench": {
    "mean": 2105.8576721698046,
    "rsd_pct": 1.047552112581454,
    "micro": false
  },
  "binarytrees": {
    "mean": 355.97736469935626,
    "rsd_pct": 0.06130342450941146,
    "micro": false
  },
  "chunky_png": {
    "mean": 660.0344207758704,
    "rsd_pct": 0.04711572728265346,
    "micro": false
  },
  "erubi": {
    "mean": 376.4546894169641,
    "rsd_pct": 0.5892875392972535,
    "micro": false
  },
  "erubi_rails": {
    "mean": 19.97396340830072,
    "rsd_pct": 3.3283013231038945,
    "micro": false
  },
  "fannkuchredux": {
    "mean": 8258.899033566317,
    "rsd_pct": 0.1851955339889193,
    "micro": false
  },
  "lee": {
    "mean": 914.257747875083,
    "rsd_pct": 0.2274255847514486,
    "micro": false
  },
  "nbody": {
    "mean": 91.12154053401773,
    "rsd_pct": 0.06278445658188403,
    "micro": false
  },
  "optcarrot": {
    "mean": 3487.7045705914497,
    "rsd_pct": 0.612668658956084,
    "micro": false
  },
  "rubykon": {
    "mean": 7733.644204835097,
    "rsd_pct": 3.6106478294009,
    "micro": false
  },
  "30k_ifelse": {
    "mean": 354.4488171623512,
    "rsd_pct": 0.08177037543467257,
    "micro": true
  },
  "30k_methods": {
    "mean": 879.3712674894116,
    "rsd_pct": 0.015629633218511064,
    "micro": true
  },
  "cfunc_itself": {
    "mean": 44.824416871944614,
    "rsd_pct": 0.7548282548230223,
    "micro": true
  },
  "fib": {
    "mean": 63.63427170380285,
    "rsd_pct": 0.1436707880077614,
    "micro": true
  },
  "getivar": {
    "mean": 42.522420878418885,
    "rsd_pct": 0.06305709900869733,
    "micro": true
  },
  "keyword_args": {
    "mean": 52.487880900738105,
    "rsd_pct": 0.13233203281034323,
    "micro": true
  },
  "respond_to": {
    "mean": 197.80712662678627,
    "rsd_pct": 0.06530000964194073,
    "micro": true
  },
  "setivar": {
    "mean": 53.69222522141987,
    "rsd_pct": 0.19973452718293083,
    "micro": true
  },
  "str_concat": {
    "mean": 54.999088083960764,
    "rsd_pct": 1.3058484029073343,
    "micro": true
  }
}