{
  "activerecord": {
    "mean": 110.64711852174108,
    "rsd_pct": 0.48820227086794177,
    "micro": false
  },
  "hexapdf": {
    "mean": 2411.078485970696,
    "rsd_pct": 1.669350304400426,
    "micro": false
  },
  "liquid-render": {
    "mean": 127.82157427233875,
    "rsd_pct": 1.7483809040117162,
    "micro": false
  },
  "mail": {
    "mean": 161.14702789733806,
    "rsd_pct": 0.33252706800008847,
    "micro": false
  },
  "psych-load": {
    "mean": 1925.7244830330212,
    "rsd_pct": 0.027397110194722123,
    "micro": false
  },
  "railsbench": {
    "mean": 2180.315689307948,
    "rsd_pct": 1.2608525985602002,
    "micro": false
  },
  "binarytrees": {
    "mean": 349.579517024033,
    "rsd_pct": 0.16733974022888057,
    "micro": false
  },
  "chunky_png": {
    "mean": 657.9053890891373,
    "rsd_pct": 0.12762341665909285,
    "micro": false
  },
  "discourse": {
    "mean": 570.5319704153599,
    "rsd_pct": 1.6944208555104099,
    "micro": false
  },
  "erubi": {
    "mean": 417.29572577837934,
    "rsd_pct": 0.6416524892146148,
    "micro": false
  },
  "erubi_rails": {
    "mean": 20.497916795785684,
    "rsd_pct": 3.523869944316712,
    "micro": false
  },
  "fannkuchredux": {
    "mean": 6973.010994183521,
    "rsd_pct": 0.0879527262753987,
    "micro": false
  },
  "lee": {
    "mean": 893.9485396258533,
    "rsd_pct": 1.8060917120365534,
    "micro": false
  },
  "nbody": {
    "mean": 90.16829269514842,
    "rsd_pct": 0.4486445953488681,
    "micro": false
  },
  "optcarrot": {
    "mean": 3507.571504202982,
    "rsd_pct": 0.5951526169782559,
    "micro": false
  },
  "rubykon": {
    "mean": 10775.57150044789,
    "rsd_pct": 0.2842526579874142,
    "micro": false
  },
  "30k_ifelse": {
    "mean": 358.66861610927367,
    "rsd_pct": 0.20501674315309837,
    "micro": true
  },
  "30k_methods": {
    "mean": 878.0593726445328,
    "rsd_pct": 0.06348325878126977,
    "micro": true
  },
  "cfunc_itself": {
    "mean": 45.231353625187424,
    "rsd_pct": 0.9007208632498958,
    "micro": true
  },
  "fib": {
    "mean": 62.494603169034235,
    "rsd_pct": 0.6106598748725081,
    "micro": true
  },
  "getivar": {
    "mean": 42.575965558865846,
    "rsd_pct": 0.7618286430393475,
    "micro": true
  },
  "keyword_args": {
    "mean": 54.712964025249896,
    "rsd_pct": 0.6323346872332085,
    "micro": true
  },
  "respond_to": {
    "mean": 193.65047042875892,
    "rsd_pct": 0.28580184397409175,
    "micro": true
  },
  "setivar": {
    "mean": 52.479637075921964,
    "rsd_pct": 0.6114058432527828,
    "micro": true
  }
}