{
  "activerecord": {
    "mean": 103.13357023707547,
    "rsd_pct": 0.5577717128036302,
    "micro": false
  },
  "hexapdf": {
    "mean": 2342.3817786077657,
    "rsd_pct": 2.178485648444594,
    "micro": false
  },
  "liquid-render": {
    "mean": 129.84116643426879,
    "rsd_pct": 2.0695763984045974,
    "micro": false
  },
  "mail": {
    "mean": 158.87105186283588,
    "rsd_pct": 0.14597885561231594,
    "micro": false
  },
  "psych-load": {
    "mean": 2063.1721038371325,
    "rsd_pct": 0.06971226912770956,
    "micro": false
  },
  "railsbench": {
    "mean": 2097.3407884438834,
    "rsd_pct": 1.5345874743391685,
    "micro": false
  },
  "binarytrees": {
    "mean": 357.58938092851275,
    "rsd_pct": 0.049817955303479225,
    "micro": false
  },
  "chunky_png": {
    "mean": 658.0580518891414,
    "rsd_pct": 0.10005731680700779,
    "micro": false
  },
  "discourse": {
    "mean": 478.35518601350486,
    "rsd_pct": 2.3909004263370512,
    "micro": false
  },
  "erubi": {
    "mean": 392.8773892568607,
    "rsd_pct": 0.6521208924445141,
    "micro": false
  },
  "erubi_rails": {
    "mean": 19.90895224772846,
    "rsd_pct": 3.706165094870331,
    "micro": false
  },
  "fannkuchredux": {
    "mean": 9147.106445704898,
    "rsd_pct": 0.17932446897059326,
    "micro": false
  },
  "lee": {
    "mean": 942.8255851602271,
    "rsd_pct": 0.040107551166763476,
    "micro": false
  },
  "nbody": {
    "mean": 90.91031073077477,
    "rsd_pct": 0.08134246788742762,
    "micro": false
  },
  "optcarrot": {
    "mean": 3422.2170827289424,
    "rsd_pct": 0.6047564340691209,
    "micro": false
  },
  "rubykon": {
    "mean": 7572.757872690757,
    "rsd_pct": 3.8796876057449454,
    "micro": false
  },
  "30k_ifelse": {
    "mean": 356.1039673763194,
    "rsd_pct": 0.08448921979317686,
    "micro": true
  },
  "30k_methods": {
    "mean": 878.5553670234301,
    "rsd_pct": 0.0239432649556441,
    "micro": true
  },
  "cfunc_itself": {
    "mean": 45.18462745996004,
    "rsd_pct": 0.8300876302192006,
    "micro": true
  },
  "fib": {
    "mean": 64.12511749991349,
    "rsd_pct": 0.04008757783437818,
    "micro": true
  },
  "getivar": {
    "mean": 42.52972484424414,
    "rsd_pct": 0.0590619020764195,
    "micro": true
  },
  "keyword_args": {
    "mean": 52.942399923697074,
    "rsd_pct": 0.33473706107375256,
    "micro": true
  },
  "respond_to": {
    "mean": 187.3758745809587,
    "rsd_pct": 0.22141770673925668,
    "micro": true
  },
  "setivar": {
    "mean": 53.9835673423486,
    "rsd_pct": 0.2593068606056728,
    "micro": true
  },
  "str_concat": {
    "mean": 109.43980875177955,
    "rsd_pct": 0.8025207963124956,
    "micro": true
  }
}