{
  "activerecord": {
    "mean": 103.87414329401825,
    "rsd_pct": 0.6414800870433105,
    "micro": false
  },
  "hexapdf": {
    "mean": 2376.294588794311,
    "rsd_pct": 1.5687979889460242,
    "micro": false
  },
  "liquid-render": {
    "mean": 126.30168022587895,
    "rsd_pct": 1.5731099637864387,
    "micro": false
  },
  "mail": {
    "mean": 158.21345109078618,
    "rsd_pct": 0.24602511607464425,
    "micro": false
  },
  "psych-load": {
    "mean": 1879.7193219264348,
    "rsd_pct": 0.014518781235556819,
    "micro": false
  },
  "railsbench": {
    "mean": 2100.198928763469,
    "rsd_pct": 0.7754084059835864,
    "micro": false
  },
  "binarytrees": {
    "mean": 359.81648421058287,
    "rsd_pct": 0.10976208819730662,
    "micro": false
  },
  "chunky_png": {
    "mean": 668.8160509641829,
    "rsd_pct": 0.035672097347462614,
    "micro": false
  },
  "erubi": {
    "mean": 328.318107003967,
    "rsd_pct": 0.7754791708179288,
    "micro": false
  },
  "erubi_rails": {
    "mean": 19.9554649819843,
    "rsd_pct": 3.6091936176060275,
    "micro": false
  },
  "fannkuchredux": {
    "mean": 2487.859417001406,
    "rsd_pct": 0.01565450281917071,
    "micro": false
  },
  "lee": {
    "mean": 979.8629743978381,
    "rsd_pct": 1.7906934684395908,
    "micro": false
  },
  "nbody": {
    "mean": 99.73231992148524,
    "rsd_pct": 0.06665839809887673,
    "micro": false
  },
  "optcarrot": {
    "mean": 3705.246863514185,
    "rsd_pct": 0.5908588073110814,
    "micro": false
  },
  "rubykon": {
    "mean": 7030.5216781795025,
    "rsd_pct": 0.4047350077149025,
    "micro": false
  },
  "30k_ifelse": {
    "mean": 388.2859356555284,
    "rsd_pct": 0.0984991151069929,
    "micro": true
  },
  "30k_methods": {
    "mean": 819.5079850653807,
    "rsd_pct": 0.01993121223556241,
    "micro": true
  },
  "cfunc_itself": {
    "mean": 46.874130372080444,
    "rsd_pct": 0.703077205192523,
    "micro": true
  },
  "fib": {
    "mean": 66.44594439141378,
    "rsd_pct": 0.13677432268486694,
    "micro": true
  },
  "getivar": {
    "mean": 43.98995565219981,
    "rsd_pct": 0.050399328561906244,
    "micro": true
  },
  "keyword_args": {
    "mean": 55.88064078294055,
    "rsd_pct": 0.29150977957698354,
    "micro": true
  },
  "respond_to": {
    "mean": 200.48824407988124,
    "rsd_pct": 0.14899281375747392,
    "micro": true
  },
  "setivar": {
    "mean": 45.14124870011981,
    "rsd_pct": 0.5871411242159468,
    "micro": true
  },
  "str_concat": {
    "mean": 47.84184510269797,
    "rsd_pct": 1.2151768957568807,
    "micro": true
  }
}