{
  "activerecord": {
    "mean": 370.49884787847986,
    "rsd_pct": 0.2571318387174298,
    "micro": false
  },
  "hexapdf": {
    "mean": 7831.6139102603,
    "rsd_pct": 1.4225006204823836,
    "micro": false
  },
  "liquid-render": {
    "mean": 457.89259696113214,
    "rsd_pct": 1.278821350002928,
    "micro": false
  },
  "mail": {
    "mean": 489.07710623732487,
    "rsd_pct": 0.12912385510379912,
    "micro": false
  },
  "psych-load": {
    "mean": 6889.2363497366505,
    "rsd_pct": 0.06480302471744064,
    "micro": false
  },
  "railsbench": {
    "mean": 7138.785752405723,
    "rsd_pct": 0.5109829736984265,
    "micro": false
  },
  "binarytrees": {
    "mean": 542.1807125399243,
    "rsd_pct": 0.09953525447749062,
    "micro": false
  },
  "chunky_png": {
    "mean": 1652.9890554656665,
    "rsd_pct": 0.07281483041913232,
    "micro": false
  },
  "erubi": {
    "mean": 723.7417340528832,
    "rsd_pct": 1.247476942791747,
    "micro": false
  },
  "erubi_rails": {
    "mean": 58.86159624208199,
    "rsd_pct": 2.328098904504197,
    "micro": false
  },
  "fannkuchredux": {
    "mean": 5809.550568647683,
    "rsd_pct": 0.16850097782363488,
    "micro": false
  },
  "lee": {
    "mean": 2479.105624346994,
    "rsd_pct": 1.9732520805180753,
    "micro": false
  },
  "nbody": {
    "mean": 199.17835699703355,
    "rsd_pct": 0.14870748884877433,
    "micro": false
  },
  "optcarrot": {
    "mean": 13442.564343878379,
    "rsd_pct": 0.4573469635761757,
    "micro": false
  },
  "rubykon": {
    "mean": 25283.49260839944,
    "rsd_pct": 0.4708881201965979,
    "micro": false
  },
  "30k_ifelse": {
    "mean": 2684.629021661781,
    "rsd_pct": 0.037867677336331486,
    "micro": true
  },
  "30k_methods": {
    "mean": 6069.413788965903,
    "rsd_pct": 0.034110652648891765,
    "micro": true
  },
  "cfunc_itself": {
    "mean": 106.6160358921543,
    "rsd_pct": 0.3480787242371276,
    "micro": true
  },
  "fib": {
    "mean": 199.68941166887726,
    "rsd_pct": 0.3151513631903857,
    "micro": true
  },
  "getivar": {
    "mean": 127.49699809702165,
    "rsd_pct": 0.004445142097356076,
    "micro": true
  },
  "keyword_args": {
    "mean": 150.7361329558696,
    "rsd_pct": 0.06783459340258487,
    "micro": true
  },
  "respond_to": {
    "mean": 98.37365400640037,
    "rsd_pct": 0.29547674443430366,
    "micro": true
  },
  "setivar": {
    "mean": 123.2884652158689,
    "rsd_pct": 0.0439532699560199,
    "micro": true
  },
  "str_concat": {
    "mean": 103.48868194614043,
    "rsd_pct": 0.9584396534740462,
    "micro": true
  }
}