{
  "activerecord": {
    "mean": 337.1906714346358,
    "rsd_pct": 0.2943272664605535,
    "micro": false
  },
  "hexapdf": {
    "mean": 7624.705230382581,
    "rsd_pct": 1.716558709260196,
    "micro": false
  },
  "liquid-render": {
    "mean": 439.67147342328514,
    "rsd_pct": 1.5275906588704284,
    "micro": false
  },
  "mail": {
    "mean": 585.680042111943,
    "rsd_pct": 0.1295117695274452,
    "micro": false
  },
  "psych-load": {
    "mean": 6414.499155121545,
    "rsd_pct": 0.08241069281377664,
    "micro": false
  },
  "railsbench": {
    "mean": 6451.403218880296,
    "rsd_pct": 2.3295174312836804,
    "micro": false
  },
  "binarytrees": {
    "mean": 559.2810691109505,
    "rsd_pct": 3.487845185876924,
    "micro": false
  },
  "chunky_png": {
    "mean": 1646.7190721887164,
    "rsd_pct": 0.11720991065108906,
    "micro": false
  },
  "erubi": {
    "mean": 781.8561717726742,
    "rsd_pct": 1.455435762317151,
    "micro": false
  },
  "erubi_rails": {
    "mean": 53.26934669230003,
    "rsd_pct": 2.3564799091106856,
    "micro": false
  },
  "etanni": {
    "mean": 1242.9695129394531,
    "rsd_pct": 0.5781577695859,
    "micro": false
  },
  "fannkuchredux": {
    "mean": 6171.853073003392,
    "rsd_pct": 0.15020941435376337,
    "micro": false
  },
  "lee": {
    "mean": 2426.2375202961266,
    "rsd_pct": 1.5606532141719327,
    "micro": false
  },
  "nbody": {
    "mean": 218.093930374907,
    "rsd_pct": 0.1579973829805783,
    "micro": false
  },
  "optcarrot": {
    "mean": 15114.28306804349,
    "rsd_pct": 0.3981512193799043,
    "micro": false
  },
  "ruby-lsp": {
    "mean": 235.8378398377204,
    "rsd_pct": 14.689026762272954,
    "micro": false
  },
  "rubykon": {
    "mean": 24936.380665004253,
    "rsd_pct": 0.29860096450778634,
    "micro": false
  },
  "30k_ifelse": {
    "mean": 2330.8827735111117,
    "rsd_pct": 1.8611080449606907,
    "micro": true
  },
  "30k_methods": {
    "mean": 5232.9122172202915,
    "rsd_pct": 0.04362544882711425,
    "micro": true
  },
  "cfunc_itself": {
    "mean": 118.45457355697728,
    "rsd_pct": 0.016930740747573333,
    "micro": true
  },
  "fib": {
    "mean": 234.07695800968747,
    "rsd_pct": 0.0036079243027406917,
    "micro": true
  },
  "getivar": {
    "mean": 118.8116401276538,
    "rsd_pct": 0.006798780842743172,
    "micro": true
  },
  "keyword_args": {
    "mean": 155.2276331126807,
    "rsd_pct": 0.035385041353322974,
    "micro": true
  },
  "respond_to": {
    "mean": 115.07077373121635,
    "rsd_pct": 0.6647340628283902,
    "micro": true
  },
  "setivar": {
    "mean": 112.69532526872284,
    "rsd_pct": 0.2566461612527156,
    "micro": true
  },
  "str_concat": {
    "mean": 118.95928067216741,
    "rsd_pct": 0.7445081995167675,
    "micro": true
  }
}