{
  "activerecord": {
    "mean": 106.10978142980905,
    "rsd_pct": 0.5490442681084933,
    "micro": false
  },
  "hexapdf": {
    "mean": 2023.3838121406734,
    "rsd_pct": 2.3325624134785006,
    "micro": false
  },
  "liquid-c": {
    "mean": 58.77186509902183,
    "rsd_pct": 2.1821581622627977,
    "micro": false
  },
  "liquid-render": {
    "mean": 109.63690083525661,
    "rsd_pct": 2.6856038194135117,
    "micro": false
  },
  "mail": {
    "mean": 130.91252322051804,
    "rsd_pct": 0.17644081632145373,
    "micro": false
  },
  "psych-load": {
    "mean": 1808.9997207590689,
    "rsd_pct": 0.029339407761976334,
    "micro": false
  },
  "railsbench": {
    "mean": 1847.7391314071913,
    "rsd_pct": 1.2352332348444715,
    "micro": false
  },
  "ruby-lsp": {
    "mean": 64.60325710481573,
    "rsd_pct": 21.341047078334583,
    "micro": false
  },
  "sequel": {
    "mean": 144.42156566592465,
    "rsd_pct": 1.9222265620042651,
    "micro": false
  },
  "binarytrees": {
    "mean": 233.46008358445638,
    "rsd_pct": 0.06169893367723602,
    "micro": false
  },
  "chunky_png": {
    "mean": 612.5090285568149,
    "rsd_pct": 0.0713505981099459,
    "micro": false
  },
  "erubi": {
    "mean": 250.74262561527297,
    "rsd_pct": 0.8966728667740687,
    "micro": false
  },
  "erubi_rails": {
    "mean": 15.809563693907993,
    "rsd_pct": 3.3862748537085405,
    "micro": false
  },
  "etanni": {
    "mean": 407.63205405780855,
    "rsd_pct": 0.46661586717900894,
    "micro": false
  },
  "fannkuchredux": {
    "mean": 848.377389766808,
    "rsd_pct": 0.07465402996695833,
    "micro": false
  },
  "lee": {
    "mean": 881.8184104853902,
    "rsd_pct": 0.11106927492770617,
    "micro": false
  },
  "nbody": {
    "mean": 75.24353143211037,
    "rsd_pct": 0.06043177966604375,
    "micro": false
  },
  "optcarrot": {
    "mean": 5984.932267914216,
    "rsd_pct": 0.27349868899071667,
    "micro": false
  },
  "rubykon": {
    "mean": 6454.791879700497,
    "rsd_pct": 2.263565451166736,
    "micro": false
  },
  "30k_ifelse": {
    "mean": 422.31137512073394,
    "rsd_pct": 0.07708276672816208,
    "micro": true
  },
  "30k_methods": {
    "mean": 954.1290886932984,
    "rsd_pct": 0.05216119684258599,
    "micro": true
  },
  "cfunc_itself": {
    "mean": 42.5497676163459,
    "rsd_pct": 0.1377366874379156,
    "micro": true
  },
  "fib": {
    "mean": 62.16636048905505,
    "rsd_pct": 0.08906390416183424,
    "micro": true
  },
  "getivar": {
    "mean": 45.82214040186154,
    "rsd_pct": 0.1413938421808163,
    "micro": true
  },
  "keyword_args": {
    "mean": 52.55833458300375,
    "rsd_pct": 0.10011348357652856,
    "micro": true
  },
  "respond_to": {
    "mean": 28.83657360830551,
    "rsd_pct": 0.31240065599820904,
    "micro": true
  },
  "setivar": {
    "mean": 14.91349243833475,
    "rsd_pct": 0.07436745483772898,
    "micro": true
  },
  "setivar_object": {
    "mean": 47.1271705828085,
    "rsd_pct": 0.9031580675851112,
    "micro": true
  },
  "str_concat": {
    "mean": 42.09832000159114,
    "rsd_pct": 1.4749430688365412,
    "micro": true
  }
}