{
  "activerecord": {
    "mean": 104.78997906348157,
    "rsd_pct": 0.5539517863567387,
    "micro": false
  },
  "hexapdf": {
    "mean": 2330.8295909315348,
    "rsd_pct": 1.7224018368168674,
    "micro": false
  },
  "liquid-render": {
    "mean": 127.24183809860975,
    "rsd_pct": 1.726440068920692,
    "micro": false
  },
  "mail": {
    "mean": 160.89022795856,
    "rsd_pct": 0.16478122870771741,
    "micro": false
  },
  "psych-load": {
    "mean": 1898.0717634161313,
    "rsd_pct": 0.04928358987469173,
    "micro": false
  },
  "railsbench": {
    "mean": 2093.3797790358462,
    "rsd_pct": 1.0821602615807293,
    "micro": false
  },
  "binarytrees": {
    "mean": 358.5112775461032,
    "rsd_pct": 0.06423947601851127,
    "micro": false
  },
  "chunky_png": {
    "mean": 655.8146025364598,
    "rsd_pct": 0.05680531853392349,
    "micro": false
  },
  "erubi": {
    "mean": 375.3893724284493,
    "rsd_pct": 0.6357409199586922,
    "micro": false
  },
  "erubi_rails": {
    "mean": 20.381365035563377,
    "rsd_pct": 3.2651838005895306,
    "micro": false
  },
  "fannkuchredux": {
    "mean": 8339.119724556804,
    "rsd_pct": 0.16601639015282604,
    "micro": false
  },
  "lee": {
    "mean": 912.3491617363123,
    "rsd_pct": 0.4873167739217906,
    "micro": false
  },
  "nbody": {
    "mean": 90.4700428847865,
    "rsd_pct": 0.06944453639837879,
    "micro": false
  },
  "optcarrot": {
    "mean": 3435.6096006929874,
    "rsd_pct": 0.6133129154852744,
    "micro": false
  },
  "rubykon": {
    "mean": 7595.211615289251,
    "rsd_pct": 4.502013188907172,
    "micro": false
  },
  "30k_ifelse": {
    "mean": 365.0649392379905,
    "rsd_pct": 0.13642468400559918,
    "micro": true
  },
  "30k_methods": {
    "mean": 887.1146013790911,
    "rsd_pct": 0.025186712868731764,
    "micro": true
  },
  "cfunc_itself": {
    "mean": 44.6605147831392,
    "rsd_pct": 0.6259674777438732,
    "micro": true
  },
  "fib": {
    "mean": 64.15248927734201,
    "rsd_pct": 0.08118782516109926,
    "micro": true
  },
  "getivar": {
    "mean": 42.53083177872242,
    "rsd_pct": 0.06127897108431886,
    "micro": true
  },
  "keyword_args": {
    "mean": 53.61362233777683,
    "rsd_pct": 0.2310275003438096,
    "micro": true
  },
  "respond_to": {
    "mean": 183.85264851631374,
    "rsd_pct": 0.32863809447135445,
    "micro": true
  },
  "setivar": {
    "mean": 53.61755001996649,
    "rsd_pct": 0.04832863860437134,
    "micro": true
  },
  "str_concat": {
    "mean": 52.72265722126705,
    "rsd_pct": 1.3453226187749543,
    "micro": true
  }
}