{
  "activerecord": {
    "mean": 326.3663966835548,
    "rsd_pct": 0.4347220080041277,
    "micro": false
  },
  "hexapdf": {
    "mean": 7749.539888712267,
    "rsd_pct": 1.4148224610074596,
    "micro": false
  },
  "liquid-render": {
    "mean": 451.12263299199907,
    "rsd_pct": 1.368869400536154,
    "micro": false
  },
  "mail": {
    "mean": 580.8039580006152,
    "rsd_pct": 0.3681408386345478,
    "micro": false
  },
  "psych-load": {
    "mean": 6699.421809489529,
    "rsd_pct": 0.0746762064449764,
    "micro": false
  },
  "railsbench": {
    "mean": 6510.808719135821,
    "rsd_pct": 0.5031117173259237,
    "micro": false
  },
  "ruby-lsp": {
    "mean": 226.33284110481773,
    "rsd_pct": 9.41207135891974,
    "micro": false
  },
  "binarytrees": {
    "mean": 573.3601330521416,
    "rsd_pct": 3.3673657096219474,
    "micro": false
  },
  "chunky_png": {
    "mean": 1648.598779473574,
    "rsd_pct": 0.12307538481403718,
    "micro": false
  },
  "erubi": {
    "mean": 783.664551563561,
    "rsd_pct": 1.3977672005297326,
    "micro": false
  },
  "erubi_rails": {
    "mean": 53.08021476280508,
    "rsd_pct": 2.2617962163559655,
    "micro": false
  },
  "etanni": {
    "mean": 1221.096145698712,
    "rsd_pct": 0.5041723211856463,
    "micro": false
  },
  "fannkuchredux": {
    "mean": 5855.470762153466,
    "rsd_pct": 0.2694445781155504,
    "micro": false
  },
  "lee": {
    "mean": 2494.522064081615,
    "rsd_pct": 0.0442905404984623,
    "micro": false
  },
  "nbody": {
    "mean": 225.36483391896527,
    "rsd_pct": 0.09221460163330966,
    "micro": false
  },
  "optcarrot": {
    "mean": 15519.391180512806,
    "rsd_pct": 0.3883329404950813,
    "micro": false
  },
  "rubykon": {
    "mean": 24705.62045859794,
    "rsd_pct": 0.4553801110449849,
    "micro": false
  },
  "30k_ifelse": {
    "mean": 2363.145684711635,
    "rsd_pct": 0.05372454338739738,
    "micro": true
  },
  "30k_methods": {
    "mean": 5169.08913301304,
    "rsd_pct": 0.06489044427895084,
    "micro": true
  },
  "cfunc_itself": {
    "mean": 117.27073576487601,
    "rsd_pct": 0.03618175746045556,
    "micro": true
  },
  "fib": {
    "mean": 233.84109651242647,
    "rsd_pct": 0.004277307468339123,
    "micro": true
  },
  "getivar": {
    "mean": 118.34516331108519,
    "rsd_pct": 0.004815870476928298,
    "micro": true
  },
  "keyword_args": {
    "mean": 156.7964988240561,
    "rsd_pct": 0.035480068195390034,
    "micro": true
  },
  "respond_to": {
    "mean": 115.29475040733814,
    "rsd_pct": 0.19148049200182812,
    "micro": true
  },
  "setivar": {
    "mean": 112.7911491580573,
    "rsd_pct": 0.05312265417028777,
    "micro": true
  },
  "str_concat": {
    "mean": 118.80931655797282,
    "rsd_pct": 1.114391819510565,
    "micro": true
  }
}