{
  "activerecord": {
    "mean": 42.270916321068114,
    "rsd_pct": 0.8058594843314854,
    "micro": false
  },
  "hexapdf": {
    "mean": 2021.5496292337775,
    "rsd_pct": 2.2514689493612634,
    "micro": false
  },
  "liquid-c": {
    "mean": 58.211305540882876,
    "rsd_pct": 2.0445898629029977,
    "micro": false
  },
  "liquid-render": {
    "mean": 103.673939690657,
    "rsd_pct": 2.808660005978996,
    "micro": false
  },
  "mail": {
    "mean": 130.04493741802386,
    "rsd_pct": 0.3856290147871558,
    "micro": false
  },
  "psych-load": {
    "mean": 1809.5749642079074,
    "rsd_pct": 0.2223884948778032,
    "micro": false
  },
  "railsbench": {
    "mean": 1801.4952076599002,
    "rsd_pct": 1.241301553681802,
    "micro": false
  },
  "ruby-lsp": {
    "mean": 58.064306531166444,
    "rsd_pct": 19.495490436528225,
    "micro": false
  },
  "sequel": {
    "mean": 68.07832801808613,
    "rsd_pct": 0.2511905751236915,
    "micro": false
  },
  "binarytrees": {
    "mean": 237.04566173255444,
    "rsd_pct": 0.06639555543746962,
    "micro": false
  },
  "chunky_png": {
    "mean": 616.4534625713713,
    "rsd_pct": 0.0597523829362746,
    "micro": false
  },
  "erubi": {
    "mean": 244.80968740874832,
    "rsd_pct": 0.8531016151777945,
    "micro": false
  },
  "erubi_rails": {
    "mean": 15.2311392077898,
    "rsd_pct": 3.308717770684289,
    "micro": false
  },
  "etanni": {
    "mean": 410.2762362260061,
    "rsd_pct": 0.46648513088855653,
    "micro": false
  },
  "fannkuchredux": {
    "mean": 836.7646730545422,
    "rsd_pct": 0.0694203493806386,
    "micro": false
  },
  "lee": {
    "mean": 907.6807686466385,
    "rsd_pct": 0.32230631294541084,
    "micro": false
  },
  "nbody": {
    "mean": 73.72325034181874,
    "rsd_pct": 0.09947645488199823,
    "micro": false
  },
  "optcarrot": {
    "mean": 2566.6961112370095,
    "rsd_pct": 0.6823013802742078,
    "micro": false
  },
  "ruby-json": {
    "mean": 3105.919339197377,
    "rsd_pct": 0.15523587431521294,
    "micro": false
  },
  "rubykon": {
    "mean": 6688.8295559212565,
    "rsd_pct": 0.3757683680877728,
    "micro": false
  },
  "30k_ifelse": {
    "mean": 420.91885377514234,
    "rsd_pct": 0.09366641120032505,
    "micro": true
  },
  "30k_methods": {
    "mean": 945.9360201532642,
    "rsd_pct": 0.057067322223416095,
    "micro": true
  },
  "cfunc_itself": {
    "mean": 43.0795042209629,
    "rsd_pct": 0.19063811766494987,
    "micro": true
  },
  "fib": {
    "mean": 61.696246522191316,
    "rsd_pct": 0.0747259281969174,
    "micro": true
  },
  "getivar": {
    "mean": 45.7981463837856,
    "rsd_pct": 0.07045578841863336,
    "micro": true
  },
  "keyword_args": {
    "mean": 53.67139024959435,
    "rsd_pct": 0.13114196092194977,
    "micro": true
  },
  "respond_to": {
    "mean": 32.24965487319378,
    "rsd_pct": 0.23217387650840002,
    "micro": true
  },
  "setivar": {
    "mean": 14.805993382577542,
    "rsd_pct": 0.1313795994886701,
    "micro": true
  },
  "setivar_object": {
    "mean": 48.56765695287012,
    "rsd_pct": 2.554792363921113,
    "micro": true
  },
  "setivar_young_object": {
    "mean": 113.50053201119105,
    "rsd_pct": 16.099899837017638,
    "micro": true
  },
  "str_concat": {
    "mean": 43.843761213462464,
    "rsd_pct": 1.3623032499042727,
    "micro": true
  },
  "throw": {
    "mean": 23.886345931423637,
    "rsd_pct": 0.2264875481004649,
    "micro": true
  }
}