{
  "activerecord": {
    "mean": 110.15486573870835,
    "rsd_pct": 1.9524769532536086,
    "micro": false
  },
  "jekyll": {
    "mean": 7655.900417291559,
    "rsd_pct": 2.6941055275553656,
    "micro": false
  },
  "liquid-render": {
    "mean": 150.29630680167216,
    "rsd_pct": 1.6493279410613628,
    "micro": false
  },
  "mail": {
    "mean": 140.39248844721553,
    "rsd_pct": 1.4624429548370967,
    "micro": false
  },
  "psych-load": {
    "mean": 1773.0951289413497,
    "rsd_pct": 0.4854125273571632,
    "micro": false
  },
  "railsbench": {
    "mean": 2670.648750453256,
    "rsd_pct": 1.268042860874956,
    "micro": false
  },
  "binarytrees": {
    "mean": 301.8574879153452,
    "rsd_pct": 0.9627260670415624,
    "micro": false
  },
  "fannkuchredux": {
    "mean": 5665.270074876025,
    "rsd_pct": 0.15405145785210228,
    "micro": false
  },
  "lee": {
    "mean": 799.0884614409879,
    "rsd_pct": 1.44452155485481,
    "micro": false
  },
  "nbody": {
    "mean": 113.39498957072546,
    "rsd_pct": 0.498393254342743,
    "micro": false
  },
  "optcarrot": {
    "mean": 3146.021890710108,
    "rsd_pct": 0.15879760339375584,
    "micro": false
  },
  "30k_ifelse": {
    "mean": 328.96336179920564,
    "rsd_pct": 0.26329403617128555,
    "micro": true
  },
  "30k_methods": {
    "mean": 717.8953210047135,
    "rsd_pct": 0.041159960645825854,
    "micro": true
  },
  "cfunc_itself": {
    "mean": 41.010357513069074,
    "rsd_pct": 0.31873938113128153,
    "micro": true
  },
  "fib": {
    "mean": 58.38563997234154,
    "rsd_pct": 0.07103871949401926,
    "micro": true
  },
  "getivar": {
    "mean": 36.28490288577847,
    "rsd_pct": 0.062067854494533684,
    "micro": true
  },
  "respond_to": {
    "mean": 151.58506922736825,
    "rsd_pct": 0.4076491005014872,
    "micro": true
  },
  "setivar": {
    "mean": 41.850469913232864,
    "rsd_pct": 0.28427766319394304,
    "micro": true
  }
}