{
  "activerecord": {
    "mean": 43.07814553460997,
    "rsd_pct": 3.7412070803505144,
    "micro": false
  },
  "erubi_rails": {
    "mean": 15.772131735149012,
    "rsd_pct": 19.2609178757623,
    "micro": false
  },
  "hexapdf": {
    "mean": 2036.5453415860732,
    "rsd_pct": 0.9839959741878589,
    "micro": false
  },
  "liquid-c": {
    "mean": 59.40391317874725,
    "rsd_pct": 0.643871710622349,
    "micro": false
  },
  "liquid-compile": {
    "mean": 55.713752847901006,
    "rsd_pct": 3.7415466732757485,
    "micro": false
  },
  "liquid-render": {
    "mean": 104.64053155737929,
    "rsd_pct": 0.4307270712519444,
    "micro": false
  },
  "mail": {
    "mean": 132.21767714867988,
    "rsd_pct": 0.13822035460142382,
    "micro": false
  },
  "psych-load": {
    "mean": 1849.2405150085688,
    "rsd_pct": 0.10303121340767399,
    "micro": false
  },
  "railsbench": {
    "mean": 1812.79426664114,
    "rsd_pct": 1.1694994107127061,
    "micro": false
  },
  "ruby-lsp": {
    "mean": 54.818616596633916,
    "rsd_pct": 7.195865778266337,
    "micro": false
  },
  "sequel": {
    "mean": 69.3225027883754,
    "rsd_pct": 1.3008571463159615,
    "micro": false
  },
  "binarytrees": {
    "mean": 230.27200930505649,
    "rsd_pct": 0.06457581796247171,
    "micro": false
  },
  "chunky_png": {
    "mean": 654.1740919773778,
    "rsd_pct": 0.38375411076148414,
    "micro": false
  },
  "erubi": {
    "mean": 256.6136151261918,
    "rsd_pct": 0.07175291903797504,
    "micro": false
  },
  "etanni": {
    "mean": 412.8120825237905,
    "rsd_pct": 0.04041106557859555,
    "micro": false
  },
  "fannkuchredux": {
    "mean": 778.7944273306773,
    "rsd_pct": 0.18799060669904571,
    "micro": false
  },
  "lee": {
    "mean": 944.3026916123927,
    "rsd_pct": 0.3848067559128641,
    "micro": false
  },
  "nbody": {
    "mean": 71.8242183460721,
    "rsd_pct": 0.05925208642996013,
    "micro": false
  },
  "optcarrot": {
    "mean": 2297.8360852847495,
    "rsd_pct": 0.5957313580284436,
    "micro": false
  },
  "ruby-json": {
    "mean": 3230.415236825744,
    "rsd_pct": 0.18243872413611442,
    "micro": false
  },
  "rubykon": {
    "mean": 6714.904057358702,
    "rsd_pct": 0.36343552278856067,
    "micro": false
  },
  "30k_ifelse": {
    "mean": 359.6924427896738,
    "rsd_pct": 0.055099963382555635,
    "micro": true
  },
  "30k_methods": {
    "mean": 855.7908360076988,
    "rsd_pct": 0.025777343434541775,
    "micro": true
  },
  "cfunc_itself": {
    "mean": 38.67892499898046,
    "rsd_pct": 0.296602751854037,
    "micro": true
  },
  "fib": {
    "mean": 44.567176989013596,
    "rsd_pct": 0.07133954402084769,
    "micro": true
  },
  "getivar": {
    "mean": 21.12352704121308,
    "rsd_pct": 0.17878338429628252,
    "micro": true
  },
  "keyword_args": {
    "mean": 48.83948676555493,
    "rsd_pct": 0.12838313795831394,
    "micro": true
  },
  "respond_to": {
    "mean": 25.429510596559467,
    "rsd_pct": 0.42452041142940156,
    "micro": true
  },
  "setivar": {
    "mean": 11.99480493558011,
    "rsd_pct": 0.08710836592768921,
    "micro": true
  },
  "setivar_object": {
    "mean": 42.105013661809615,
    "rsd_pct": 0.04509839550476818,
    "micro": true
  },
  "setivar_young": {
    "mean": 42.29216497730125,
    "rsd_pct": 1.7851171305162699,
    "micro": true
  },
  "str_concat": {
    "mean": 45.81983866559904,
    "rsd_pct": 0.42011218608178036,
    "micro": true
  },
  "throw": {
    "mean": 25.168080986047773,
    "rsd_pct": 0.3400922722195661,
    "micro": true
  }
}