{
  "activerecord": {
    "mean": 113.89279879800729,
    "rsd_pct": 2.0311440701701815
  },
  "jekyll": {
    "mean": 7681.577500503045,
    "rsd_pct": 1.9006125050693876
  },
  "liquid-render": {
    "mean": 150.2946650333006,
    "rsd_pct": 1.7627025584842773
  },
  "psych-load": {
    "mean": 1832.341318228282,
    "rsd_pct": 0.6376695916590591
  },
  "railsbench": {
    "mean": 2682.9277965822257,
    "rsd_pct": 1.3919289875929088
  },
  "binarytrees": {
    "mean": 299.8574684402628,
    "rsd_pct": 0.6166074333530346
  },
  "fannkuchredux": {
    "mean": 5513.81572909886,
    "rsd_pct": 0.11869972696642546
  },
  "lee": {
    "mean": 801.8558868750309,
    "rsd_pct": 1.7203110427514323
  },
  "nbody": {
    "mean": 114.48225871532817,
    "rsd_pct": 0.15929050101898137
  },
  "optcarrot": {
    "mean": 3119.071738817729,
    "rsd_pct": 0.14227231289286907
  },
  "30k_ifelse": {
    "mean": 329.4311016866499,
    "rsd_pct": 0.2032750066613058
  },
  "30k_methods": {
    "mean": 714.9585200628886,
    "rsd_pct": 0.4121796848438857
  },
  "cfunc_itself": {
    "mean": 42.24327460818539,
    "rsd_pct": 0.34695593974019023
  },
  "fib": {
    "mean": 58.32968507935335,
    "rsd_pct": 0.04210395124648551
  },
  "getivar": {
    "mean": 36.28058044264573,
    "rsd_pct": 0.050692945271821735
  },
  "respond_to": {
    "mean": 154.0024509119879,
    "rsd_pct": 0.2054643526348159
  },
  "setivar": {
    "mean": 41.88050767250593,
    "rsd_pct": 0.21310226398621213
  }
}