{
  "activerecord": {
    "mean": 340.54582658657097,
    "rsd_pct": 0.19959004477563802,
    "micro": false
  },
  "hexapdf": {
    "mean": 6301.294293440878,
    "rsd_pct": 1.5792555484434612,
    "micro": false
  },
  "liquid-c": {
    "mean": 194.78783539001682,
    "rsd_pct": 1.830404744773357,
    "micro": false
  },
  "liquid-render": {
    "mean": 383.5638241221507,
    "rsd_pct": 2.20168021716812,
    "micro": false
  },
  "mail": {
    "mean": 381.53446930749664,
    "rsd_pct": 0.3313600796434982,
    "micro": false
  },
  "psych-load": {
    "mean": 5412.635268333058,
    "rsd_pct": 0.052628923105303094,
    "micro": false
  },
  "railsbench": {
    "mean": 5670.415453612804,
    "rsd_pct": 0.7495026408270701,
    "micro": false
  },
  "ruby-lsp": {
    "mean": 197.58567521287324,
    "rsd_pct": 11.140725050700924,
    "micro": false
  },
  "sequel": {
    "mean": 391.63492280092555,
    "rsd_pct": 2.17596495813061,
    "micro": false
  },
  "binarytrees": {
    "mean": 526.7755111479865,
    "rsd_pct": 0.13251149272527096,
    "micro": false
  },
  "chunky_png": {
    "mean": 1533.630922640441,
    "rsd_pct": 0.0969085163262917,
    "micro": false
  },
  "erubi": {
    "mean": 578.9453339500305,
    "rsd_pct": 0.9983623067492572,
    "micro": false
  },
  "erubi_rails": {
    "mean": 47.59883360411565,
    "rsd_pct": 2.438359879932233,
    "micro": false
  },
  "etanni": {
    "mean": 895.1087457184889,
    "rsd_pct": 0.5307033919586175,
    "micro": false
  },
  "fannkuchredux": {
    "mean": 2079.5988806390337,
    "rsd_pct": 0.10294901850811296,
    "micro": false
  },
  "lee": {
    "mean": 2267.4590455029497,
    "rsd_pct": 0.07439775128999052,
    "micro": false
  },
  "nbody": {
    "mean": 175.93778226363207,
    "rsd_pct": 0.06855987567791381,
    "micro": false
  },
  "optcarrot": {
    "mean": 14835.877323088547,
    "rsd_pct": 0.5296562950546142,
    "micro": false
  },
  "rubykon": {
    "mean": 21192.68846853326,
    "rsd_pct": 0.5486105232027632,
    "micro": false
  },
  "30k_ifelse": {
    "mean": 1927.9785718610312,
    "rsd_pct": 0.28003603054041154,
    "micro": true
  },
  "30k_methods": {
    "mean": 3868.4135049581528,
    "rsd_pct": 0.07959026632856199,
    "micro": true
  },
  "cfunc_itself": {
    "mean": 103.38420968359785,
    "rsd_pct": 0.014555072051972928,
    "micro": true
  },
  "fib": {
    "mean": 191.10063667412024,
    "rsd_pct": 0.005882088588559056,
    "micro": true
  },
  "getivar": {
    "mean": 107.47376781751598,
    "rsd_pct": 0.008055145443243773,
    "micro": true
  },
  "keyword_args": {
    "mean": 191.04518825655168,
    "rsd_pct": 0.009385523724619834,
    "micro": true
  },
  "respond_to": {
    "mean": 99.77622275705039,
    "rsd_pct": 0.22327368670670597,
    "micro": true
  },
  "setivar": {
    "mean": 50.039055798925574,
    "rsd_pct": 0.01166842944346517,
    "micro": true
  },
  "setivar_object": {
    "mean": 127.5051569017513,
    "rsd_pct": 0.9439530871695224,
    "micro": true
  },
  "str_concat": {
    "mean": 106.53585893630142,
    "rsd_pct": 0.7325823541244308,
    "micro": true
  }
}