{
  "activerecord": {
    "mean": 111.53051004854633,
    "rsd_pct": 1.907053865093978,
    "micro": false
  },
  "jekyll": {
    "mean": 7495.311689563096,
    "rsd_pct": 1.9067164825106622,
    "micro": false
  },
  "liquid-render": {
    "mean": 147.62485825220153,
    "rsd_pct": 2.8060173781287667,
    "micro": false
  },
  "mail": {
    "mean": 148.99936831751538,
    "rsd_pct": 1.792185232949764,
    "micro": false
  },
  "psych-load": {
    "mean": 1686.0249128192663,
    "rsd_pct": 0.43122062583161624,
    "micro": false
  },
  "railsbench": {
    "mean": 2712.807115819305,
    "rsd_pct": 1.0567380869733323,
    "micro": false
  },
  "binarytrees": {
    "mean": 293.13291355146697,
    "rsd_pct": 0.202043230155934,
    "micro": false
  },
  "fannkuchredux": {
    "mean": 5550.191698037088,
    "rsd_pct": 0.06198146367007714,
    "micro": false
  },
  "lee": {
    "mean": 803.239588563641,
    "rsd_pct": 1.7798040332239211,
    "micro": false
  },
  "nbody": {
    "mean": 72.43682469733143,
    "rsd_pct": 0.04583115116230321,
    "micro": false
  },
  "optcarrot": {
    "mean": 3129.0286716539413,
    "rsd_pct": 0.13000632674459586,
    "micro": false
  },
  "30k_ifelse": {
    "mean": 328.427555678668,
    "rsd_pct": 0.39956624507693117,
    "micro": true
  },
  "30k_methods": {
    "mean": 723.9535176195204,
    "rsd_pct": 0.017851987528499785,
    "micro": true
  },
  "cfunc_itself": {
    "mean": 41.141143894561054,
    "rsd_pct": 0.41033218013195266,
    "micro": true
  },
  "fib": {
    "mean": 57.21392773557454,
    "rsd_pct": 0.030938642020747652,
    "micro": true
  },
  "getivar": {
    "mean": 36.28220580103931,
    "rsd_pct": 0.3644600712857567,
    "micro": true
  },
  "respond_to": {
    "mean": 163.33464104517373,
    "rsd_pct": 0.1733265387415944,
    "micro": true
  },
  "setivar": {
    "mean": 43.62187195288202,
    "rsd_pct": 0.1354751171940025,
    "micro": true
  }
}