{
  "activerecord": {
    "mean": 103.4355221866326,
    "rsd_pct": 0.6061781982278404,
    "micro": false
  },
  "hexapdf": {
    "mean": 2321.4301706602178,
    "rsd_pct": 1.8681036297814635,
    "micro": false
  },
  "liquid-render": {
    "mean": 125.59408925233349,
    "rsd_pct": 1.8175689146010199,
    "micro": false
  },
  "mail": {
    "mean": 162.14715123176575,
    "rsd_pct": 0.1660376908052106,
    "micro": false
  },
  "psych-load": {
    "mean": 1893.0292305847008,
    "rsd_pct": 0.044135127734300415,
    "micro": false
  },
  "railsbench": {
    "mean": 2095.996493846178,
    "rsd_pct": 1.090919183095992,
    "micro": false
  },
  "binarytrees": {
    "mean": 363.6862301196043,
    "rsd_pct": 0.048036104569808835,
    "micro": false
  },
  "chunky_png": {
    "mean": 678.1642594342602,
    "rsd_pct": 0.048791124325395056,
    "micro": false
  },
  "erubi": {
    "mean": 376.2395841745185,
    "rsd_pct": 0.5996780090080247,
    "micro": false
  },
  "erubi_rails": {
    "mean": 19.987909231894456,
    "rsd_pct": 3.2616628543509028,
    "micro": false
  },
  "fannkuchredux": {
    "mean": 8405.74412085116,
    "rsd_pct": 0.14311802918578984,
    "micro": false
  },
  "lee": {
    "mean": 916.1727258137295,
    "rsd_pct": 0.16629739763352147,
    "micro": false
  },
  "nbody": {
    "mean": 87.49464026401404,
    "rsd_pct": 0.07506209784035013,
    "micro": false
  },
  "optcarrot": {
    "mean": 3472.5915629416704,
    "rsd_pct": 0.6131166233520003,
    "micro": false
  },
  "rubykon": {
    "mean": 7632.458692913254,
    "rsd_pct": 3.327293382986491,
    "micro": false
  },
  "30k_ifelse": {
    "mean": 355.8330687609586,
    "rsd_pct": 0.07941665600477084,
    "micro": true
  },
  "30k_methods": {
    "mean": 877.2115502506495,
    "rsd_pct": 0.015582698182801094,
    "micro": true
  },
  "cfunc_itself": {
    "mean": 44.709364909234395,
    "rsd_pct": 0.6102637630808153,
    "micro": true
  },
  "fib": {
    "mean": 63.587493061497334,
    "rsd_pct": 0.12689156350610767,
    "micro": true
  },
  "getivar": {
    "mean": 42.527971983772964,
    "rsd_pct": 0.059706119976678934,
    "micro": true
  },
  "keyword_args": {
    "mean": 55.34436314877483,
    "rsd_pct": 0.5483715163274865,
    "micro": true
  },
  "respond_to": {
    "mean": 192.77496872469783,
    "rsd_pct": 0.17796623728102243,
    "micro": true
  },
  "setivar": {
    "mean": 54.443846241478624,
    "rsd_pct": 2.888626224991193,
    "micro": true
  },
  "str_concat": {
    "mean": 51.294096195443,
    "rsd_pct": 1.3943747488341778,
    "micro": true
  }
}