{
  "activerecord": {
    "mean": 107.3815962109897,
    "rsd_pct": 0.5556074296613767,
    "micro": false
  },
  "hexapdf": {
    "mean": 2027.9233907038968,
    "rsd_pct": 2.067397730904791,
    "micro": false
  },
  "liquid-c": {
    "mean": 59.678199425529876,
    "rsd_pct": 2.104772085944243,
    "micro": false
  },
  "liquid-render": {
    "mean": 111.34857618922575,
    "rsd_pct": 2.636547502788985,
    "micro": false
  },
  "mail": {
    "mean": 137.41647607821506,
    "rsd_pct": 0.16342828740040477,
    "micro": false
  },
  "psych-load": {
    "mean": 1802.7828510229785,
    "rsd_pct": 0.0906153678433301,
    "micro": false
  },
  "railsbench": {
    "mean": 1851.372610218823,
    "rsd_pct": 1.1807352360321628,
    "micro": false
  },
  "ruby-lsp": {
    "mean": 65.72300395928323,
    "rsd_pct": 18.824102251358752,
    "micro": false
  },
  "sequel": {
    "mean": 145.13752183428267,
    "rsd_pct": 2.013214092732344,
    "micro": false
  },
  "binarytrees": {
    "mean": 233.54916980890775,
    "rsd_pct": 0.0849078948969134,
    "micro": false
  },
  "chunky_png": {
    "mean": 628.775181088713,
    "rsd_pct": 0.07325406812673885,
    "micro": false
  },
  "erubi": {
    "mean": 256.5938100242653,
    "rsd_pct": 0.9211466588258328,
    "micro": false
  },
  "erubi_rails": {
    "mean": 16.268061740355755,
    "rsd_pct": 3.570080043659599,
    "micro": false
  },
  "etanni": {
    "mean": 411.64298634491087,
    "rsd_pct": 0.46968764858717904,
    "micro": false
  },
  "fannkuchredux": {
    "mean": 908.7286103250725,
    "rsd_pct": 0.07276985806101027,
    "micro": false
  },
  "lee": {
    "mean": 900.8912977185987,
    "rsd_pct": 0.11765645409878406,
    "micro": false
  },
  "nbody": {
    "mean": 71.88585357713625,
    "rsd_pct": 0.06286267326758659,
    "micro": false
  },
  "optcarrot": {
    "mean": 8381.269971545165,
    "rsd_pct": 0.21643264308343976,
    "micro": false
  },
  "rubykon": {
    "mean": 6599.018268659711,
    "rsd_pct": 0.4669090273025358,
    "micro": false
  },
  "30k_ifelse": {
    "mean": 423.6284902349035,
    "rsd_pct": 0.06946951286568692,
    "micro": true
  },
  "30k_methods": {
    "mean": 955.853484745603,
    "rsd_pct": 0.02967045564907888,
    "micro": true
  },
  "cfunc_itself": {
    "mean": 42.5374512565588,
    "rsd_pct": 0.10774684669617472,
    "micro": true
  },
  "fib": {
    "mean": 62.47459131661466,
    "rsd_pct": 0.05080676946900618,
    "micro": true
  },
  "getivar": {
    "mean": 45.78492630309417,
    "rsd_pct": 0.10318747133673743,
    "micro": true
  },
  "keyword_args": {
    "mean": 52.97627379518189,
    "rsd_pct": 2.044532605587751,
    "micro": true
  },
  "respond_to": {
    "mean": 29.201678859269418,
    "rsd_pct": 0.49285005271960364,
    "micro": true
  },
  "setivar": {
    "mean": 14.913287200415638,
    "rsd_pct": 0.07797891814455617,
    "micro": true
  },
  "setivar_object": {
    "mean": 47.4843333703145,
    "rsd_pct": 1.1836490354835434,
    "micro": true
  },
  "str_concat": {
    "mean": 43.219138921606486,
    "rsd_pct": 1.337501575861708,
    "micro": true
  }
}