{
  "activerecord": {
    "mean": 328.7233748529671,
    "rsd_pct": 0.24942892044319248,
    "micro": false
  },
  "hexapdf": {
    "mean": 6851.651646724592,
    "rsd_pct": 1.4797574874304193,
    "micro": false
  },
  "liquid-render": {
    "mean": 405.0733710146444,
    "rsd_pct": 1.1102956813183464,
    "micro": false
  },
  "mail": {
    "mean": 415.7325212354604,
    "rsd_pct": 0.46445467168506377,
    "micro": false
  },
  "psych-load": {
    "mean": 5093.467811650286,
    "rsd_pct": 0.03903132989129939,
    "micro": false
  },
  "railsbench": {
    "mean": 6090.796197671443,
    "rsd_pct": 0.8616955437540107,
    "micro": false
  },
  "ruby-lsp": {
    "mean": 207.60856370119504,
    "rsd_pct": 11.164956277853857,
    "micro": false
  },
  "binarytrees": {
    "mean": 526.2017346939992,
    "rsd_pct": 0.11255977457588201,
    "micro": false
  },
  "chunky_png": {
    "mean": 1532.895560550969,
    "rsd_pct": 0.10442113520415644,
    "micro": false
  },
  "erubi": {
    "mean": 749.3441548309664,
    "rsd_pct": 1.8149187184250113,
    "micro": false
  },
  "erubi_rails": {
    "mean": 49.62914425833847,
    "rsd_pct": 2.353244935803629,
    "micro": false
  },
  "etanni": {
    "mean": 1138.0584201598097,
    "rsd_pct": 0.5738235224958177,
    "micro": false
  },
  "fannkuchredux": {
    "mean": 2312.536404955955,
    "rsd_pct": 0.2176378752118388,
    "micro": false
  },
  "lee": {
    "mean": 2276.6434191091157,
    "rsd_pct": 1.6112136405494975,
    "micro": false
  },
  "nbody": {
    "mean": 177.27746321357412,
    "rsd_pct": 0.06737592782326017,
    "micro": false
  },
  "optcarrot": {
    "mean": 10712.33926579977,
    "rsd_pct": 0.4032220649011256,
    "micro": false
  },
  "rubykon": {
    "mean": 21204.145032384742,
    "rsd_pct": 0.5650369433077262,
    "micro": false
  },
  "30k_ifelse": {
    "mean": 1921.0175685584545,
    "rsd_pct": 0.06316198646370758,
    "micro": true
  },
  "30k_methods": {
    "mean": 3990.2583819459237,
    "rsd_pct": 0.13672726316257255,
    "micro": true
  },
  "cfunc_itself": {
    "mean": 103.18319073407845,
    "rsd_pct": 0.07584864212707859,
    "micro": true
  },
  "fib": {
    "mean": 178.62448990114333,
    "rsd_pct": 0.008825586501031888,
    "micro": true
  },
  "getivar": {
    "mean": 107.46771459187036,
    "rsd_pct": 0.007268231073204743,
    "micro": true
  },
  "keyword_args": {
    "mean": 144.50994476246896,
    "rsd_pct": 0.009955151870236356,
    "micro": true
  },
  "respond_to": {
    "mean": 99.78369913851778,
    "rsd_pct": 0.7368943073232929,
    "micro": true
  },
  "setivar": {
    "mean": 50.05335895210296,
    "rsd_pct": 0.023045414752213816,
    "micro": true
  },
  "setivar_object": {
    "mean": 147.8948412183245,
    "rsd_pct": 26.113697922120384,
    "micro": true
  },
  "str_concat": {
    "mean": 106.70524532953371,
    "rsd_pct": 1.003814086148276,
    "micro": true
  }
}