{
  "activerecord": {
    "mean": 372.9665808956876,
    "rsd_pct": 0.24586382763630824,
    "micro": false
  },
  "hexapdf": {
    "mean": 7641.183917969465,
    "rsd_pct": 1.7988361882410282,
    "micro": false
  },
  "liquid-render": {
    "mean": 463.71484086206505,
    "rsd_pct": 1.2034738397194433,
    "micro": false
  },
  "mail": {
    "mean": 484.9490752530983,
    "rsd_pct": 0.5923100957777434,
    "micro": false
  },
  "psych-load": {
    "mean": 7159.478999612232,
    "rsd_pct": 0.04466137647472885,
    "micro": false
  },
  "railsbench": {
    "mean": 7104.401937530686,
    "rsd_pct": 0.5073729423686028,
    "micro": false
  },
  "binarytrees": {
    "mean": 544.1530197911726,
    "rsd_pct": 0.09110625626050026,
    "micro": false
  },
  "chunky_png": {
    "mean": 1589.8083572275937,
    "rsd_pct": 0.07638125140809489,
    "micro": false
  },
  "erubi": {
    "mean": 743.6878939272102,
    "rsd_pct": 1.3615865819132458,
    "micro": false
  },
  "erubi_rails": {
    "mean": 58.67913288263539,
    "rsd_pct": 2.3515039110219784,
    "micro": false
  },
  "fannkuchredux": {
    "mean": 6560.932540117453,
    "rsd_pct": 32.11891389900829,
    "micro": false
  },
  "lee": {
    "mean": 2444.9671360087536,
    "rsd_pct": 0.908751819260833,
    "micro": false
  },
  "nbody": {
    "mean": 210.43850784802711,
    "rsd_pct": 1.7697409622793145,
    "micro": false
  },
  "optcarrot": {
    "mean": 13642.822695150971,
    "rsd_pct": 0.45182406171137807,
    "micro": false
  },
  "rubykon": {
    "mean": 25451.297535126407,
    "rsd_pct": 0.4677035291359761,
    "micro": false
  },
  "30k_ifelse": {
    "mean": 2621.5707353881694,
    "rsd_pct": 1.0504833290053213,
    "micro": true
  },
  "30k_methods": {
    "mean": 5970.903385120134,
    "rsd_pct": 1.4368268436817717,
    "micro": true
  },
  "cfunc_itself": {
    "mean": 109.54866604683842,
    "rsd_pct": 0.22177681007650898,
    "micro": true
  },
  "fib": {
    "mean": 199.41498803231735,
    "rsd_pct": 0.2924642102735492,
    "micro": true
  },
  "getivar": {
    "mean": 127.5740488934903,
    "rsd_pct": 0.006122267869266409,
    "micro": true
  },
  "keyword_args": {
    "mean": 150.68429143788077,
    "rsd_pct": 0.006492033108791555,
    "micro": true
  },
  "respond_to": {
    "mean": 98.46161555237666,
    "rsd_pct": 0.6618847607000174,
    "micro": true
  },
  "setivar": {
    "mean": 123.15811831613674,
    "rsd_pct": 0.005415327190765995,
    "micro": true
  },
  "str_concat": {
    "mean": 103.46854664678187,
    "rsd_pct": 1.0441913102667513,
    "micro": true
  }
}