{
  "activerecord": {
    "mean": 103.17031119484454,
    "rsd_pct": 0.6614100463270726,
    "micro": false
  },
  "hexapdf": {
    "mean": 2313.73968248566,
    "rsd_pct": 1.8675412356906678,
    "micro": false
  },
  "liquid-render": {
    "mean": 114.98334963406835,
    "rsd_pct": 1.804259468392574,
    "micro": false
  },
  "mail": {
    "mean": 155.20656934773274,
    "rsd_pct": 0.15603142934814654,
    "micro": false
  },
  "psych-load": {
    "mean": 2010.8487635850906,
    "rsd_pct": 0.03630902978496668,
    "micro": false
  },
  "railsbench": {
    "mean": 2117.390804241101,
    "rsd_pct": 1.1611763270632884,
    "micro": false
  },
  "binarytrees": {
    "mean": 235.48181115516596,
    "rsd_pct": 0.06404503732529589,
    "micro": false
  },
  "chunky_png": {
    "mean": 650.3073713712154,
    "rsd_pct": 0.20218766124591162,
    "micro": false
  },
  "erubi": {
    "mean": 301.06568931421236,
    "rsd_pct": 0.9181618906786678,
    "micro": false
  },
  "erubi_rails": {
    "mean": 19.86875885425235,
    "rsd_pct": 4.042957343274199,
    "micro": false
  },
  "fannkuchredux": {
    "mean": 2297.454441090425,
    "rsd_pct": 0.19921850596866003,
    "micro": false
  },
  "lee": {
    "mean": 962.2208407148719,
    "rsd_pct": 1.0534009770911072,
    "micro": false
  },
  "nbody": {
    "mean": 92.09280660212863,
    "rsd_pct": 0.05611846547285863,
    "micro": false
  },
  "optcarrot": {
    "mean": 3448.3083933591843,
    "rsd_pct": 0.41092277199484245,
    "micro": false
  },
  "rubykon": {
    "mean": 7179.6787502865,
    "rsd_pct": 0.3888676048467072,
    "micro": false
  },
  "30k_ifelse": {
    "mean": 349.2332300203934,
    "rsd_pct": 0.16772155556724044,
    "micro": true
  },
  "30k_methods": {
    "mean": 820.453351829201,
    "rsd_pct": 0.037073438628056295,
    "micro": true
  },
  "cfunc_itself": {
    "mean": 42.42991637275146,
    "rsd_pct": 0.20558444169644727,
    "micro": true
  },
  "fib": {
    "mean": 61.58794765073208,
    "rsd_pct": 0.053658274647766686,
    "micro": true
  },
  "getivar": {
    "mean": 42.74876974921921,
    "rsd_pct": 0.052304646363469307,
    "micro": true
  },
  "keyword_args": {
    "mean": 54.37437577113028,
    "rsd_pct": 0.1601168304375322,
    "micro": true
  },
  "respond_to": {
    "mean": 30.378917120620162,
    "rsd_pct": 0.4180081694394668,
    "micro": true
  },
  "setivar": {
    "mean": 40.99026215040968,
    "rsd_pct": 0.6423318651806934,
    "micro": true
  },
  "str_concat": {
    "mean": 47.12590189980291,
    "rsd_pct": 1.6923265213919518,
    "micro": true
  }
}