{
  "activerecord": {
    "mean": 149.09835807361443,
    "rsd_pct": 0.1983185653271036,
    "micro": false
  },
  "hexapdf": {
    "mean": 6164.295764391621,
    "rsd_pct": 1.5713808431418164,
    "micro": false
  },
  "liquid-c": {
    "mean": 188.27229267415257,
    "rsd_pct": 1.7427620451828185,
    "micro": false
  },
  "liquid-render": {
    "mean": 359.77393372256,
    "rsd_pct": 2.221151403300859,
    "micro": false
  },
  "mail": {
    "mean": 372.28151819869584,
    "rsd_pct": 0.1312013683941949,
    "micro": false
  },
  "psych-load": {
    "mean": 5194.587520758311,
    "rsd_pct": 0.05215416940019048,
    "micro": false
  },
  "railsbench": {
    "mean": 5482.2606566051645,
    "rsd_pct": 0.7762546695920662,
    "micro": false
  },
  "ruby-lsp": {
    "mean": 184.2585018684351,
    "rsd_pct": 11.962122467181846,
    "micro": false
  },
  "sequel": {
    "mean": 199.53674514119217,
    "rsd_pct": 0.22485971277385206,
    "micro": false
  },
  "binarytrees": {
    "mean": 530.4384048118494,
    "rsd_pct": 0.580434858310705,
    "micro": false
  },
  "chunky_png": {
    "mean": 1524.6849412158613,
    "rsd_pct": 0.1360297938653339,
    "micro": false
  },
  "erubi": {
    "mean": 570.5223292578012,
    "rsd_pct": 0.8758607380095202,
    "micro": false
  },
  "erubi_rails": {
    "mean": 44.79592143454485,
    "rsd_pct": 2.129919829028995,
    "micro": false
  },
  "etanni": {
    "mean": 897.2609179715315,
    "rsd_pct": 0.45723357259370084,
    "micro": false
  },
  "fannkuchredux": {
    "mean": 2049.8678472570396,
    "rsd_pct": 0.052931573707763184,
    "micro": false
  },
  "lee": {
    "mean": 2238.2149404253473,
    "rsd_pct": 0.2698557760006558,
    "micro": false
  },
  "nbody": {
    "mean": 177.53280195078455,
    "rsd_pct": 0.06423093526630293,
    "micro": false
  },
  "optcarrot": {
    "mean": 10680.429303025207,
    "rsd_pct": 0.5992020522918853,
    "micro": false
  },
  "ruby-json": {
    "mean": 8191.604729865988,
    "rsd_pct": 0.044516518863435925,
    "micro": false
  },
  "rubykon": {
    "mean": 20977.979149421055,
    "rsd_pct": 0.3715900149837084,
    "micro": false
  },
  "30k_ifelse": {
    "mean": 1936.7853239416443,
    "rsd_pct": 0.029842153631805826,
    "micro": true
  },
  "30k_methods": {
    "mean": 3877.429442568904,
    "rsd_pct": 0.11530700001138432,
    "micro": true
  },
  "cfunc_itself": {
    "mean": 111.60282376173295,
    "rsd_pct": 0.11098289260995232,
    "micro": true
  },
  "fib": {
    "mean": 191.09283140458075,
    "rsd_pct": 0.0065510421926551765,
    "micro": true
  },
  "getivar": {
    "mean": 107.4689407918363,
    "rsd_pct": 0.008197100229007269,
    "micro": true
  },
  "keyword_args": {
    "mean": 190.34939638867573,
    "rsd_pct": 0.026248814421207613,
    "micro": true
  },
  "respond_to": {
    "mean": 99.0468476805114,
    "rsd_pct": 1.4527953574645844,
    "micro": true
  },
  "setivar": {
    "mean": 50.038438866134484,
    "rsd_pct": 0.012804792816106044,
    "micro": true
  },
  "setivar_object": {
    "mean": 126.82381306744017,
    "rsd_pct": 1.3871116622272421,
    "micro": true
  },
  "str_concat": {
    "mean": 116.23162667803358,
    "rsd_pct": 0.7146537483945492,
    "micro": true
  },
  "throw": {
    "mean": 50.55784721882335,
    "rsd_pct": 0.16601774640046013,
    "micro": true
  }
}