{
  "activerecord": {
    "mean": 111.16658908386643,
    "rsd_pct": 0.5509797837768452,
    "micro": false
  },
  "hexapdf": {
    "mean": 2187.4663366004825,
    "rsd_pct": 2.0477843550186154,
    "micro": false
  },
  "liquid-c": {
    "mean": 61.35416608537102,
    "rsd_pct": 2.4598223414045965,
    "micro": false
  },
  "liquid-render": {
    "mean": 111.83600534157928,
    "rsd_pct": 2.0539633799250816,
    "micro": false
  },
  "mail": {
    "mean": 142.51974554985162,
    "rsd_pct": 0.19504437658987825,
    "micro": false
  },
  "psych-load": {
    "mean": 1763.9834866859019,
    "rsd_pct": 0.060395269640325974,
    "micro": false
  },
  "railsbench": {
    "mean": 1996.9909069128335,
    "rsd_pct": 0.6807235246652279,
    "micro": false
  },
  "ruby-lsp": {
    "mean": 71.39879307699933,
    "rsd_pct": 19.6773704569111,
    "micro": false
  },
  "sequel": {
    "mean": 149.61763610331957,
    "rsd_pct": 2.2308260641611426,
    "micro": false
  },
  "binarytrees": {
    "mean": 235.03476610975497,
    "rsd_pct": 0.06981911566931043,
    "micro": false
  },
  "chunky_png": {
    "mean": 622.2891512637337,
    "rsd_pct": 0.046453108826744076,
    "micro": false
  },
  "erubi": {
    "mean": 251.09951624816114,
    "rsd_pct": 1.186017909742016,
    "micro": false
  },
  "erubi_rails": {
    "mean": 17.554568848229263,
    "rsd_pct": 3.3032043586712287,
    "micro": false
  },
  "etanni": {
    "mean": 407.83895521599334,
    "rsd_pct": 0.5469206227517257,
    "micro": false
  },
  "fannkuchredux": {
    "mean": 948.127611794255,
    "rsd_pct": 0.12164527801628336,
    "micro": false
  },
  "lee": {
    "mean": 918.161971008648,
    "rsd_pct": 0.23311752105167935,
    "micro": false
  },
  "nbody": {
    "mean": 71.87302663977094,
    "rsd_pct": 0.055944395261280665,
    "micro": false
  },
  "optcarrot": {
    "mean": 2630.8398556895554,
    "rsd_pct": 0.49515288372387417,
    "micro": false
  },
  "rubykon": {
    "mean": 6716.8806676752865,
    "rsd_pct": 0.4361063717993846,
    "micro": false
  },
  "30k_ifelse": {
    "mean": 395.05766647926066,
    "rsd_pct": 0.13322484647253605,
    "micro": true
  },
  "30k_methods": {
    "mean": 945.6033808687193,
    "rsd_pct": 0.030176931968002772,
    "micro": true
  },
  "cfunc_itself": {
    "mean": 40.80895146550021,
    "rsd_pct": 0.3739883701671563,
    "micro": true
  },
  "fib": {
    "mean": 61.39208446013778,
    "rsd_pct": 0.04363936517913545,
    "micro": true
  },
  "getivar": {
    "mean": 45.71966572565356,
    "rsd_pct": 0.22936713405643921,
    "micro": true
  },
  "keyword_args": {
    "mean": 51.98412990643525,
    "rsd_pct": 0.04746189535031922,
    "micro": true
  },
  "respond_to": {
    "mean": 30.45230713714922,
    "rsd_pct": 0.26108555636770453,
    "micro": true
  },
  "setivar": {
    "mean": 14.707200807689006,
    "rsd_pct": 0.09862244943150504,
    "micro": true
  },
  "setivar_object": {
    "mean": 47.53614703816185,
    "rsd_pct": 1.1077289542475464,
    "micro": true
  },
  "str_concat": {
    "mean": 44.41759688149494,
    "rsd_pct": 1.3854300078728208,
    "micro": true
  }
}