{
  "activerecord": {
    "mean": 113.61944151514355,
    "rsd_pct": 0.6479213163412184,
    "micro": false
  },
  "hexapdf": {
    "mean": 2218.508803844452,
    "rsd_pct": 1.098115619362905,
    "micro": false
  },
  "jekyll": {
    "mean": 7576.362845425804,
    "rsd_pct": 3.639978275492843,
    "micro": false
  },
  "liquid-render": {
    "mean": 122.20781854189494,
    "rsd_pct": 2.30867633608084,
    "micro": false
  },
  "mail": {
    "mean": 148.53689905336435,
    "rsd_pct": 0.573085340073387,
    "micro": false
  },
  "psych-load": {
    "mean": 1801.6000747680664,
    "rsd_pct": 0.18888247289288843,
    "micro": false
  },
  "railsbench": {
    "mean": 2512.7155281603336,
    "rsd_pct": 1.2139803188044462,
    "micro": false
  },
  "binarytrees": {
    "mean": 285.60206056995827,
    "rsd_pct": 0.5515633053831837,
    "micro": false
  },
  "erubi": {
    "mean": 450.65519330091774,
    "rsd_pct": 1.2358330435986293,
    "micro": false
  },
  "erubi_rails": {
    "mean": 37.98232164582331,
    "rsd_pct": 15.95592401288654,
    "micro": false
  },
  "fannkuchredux": {
    "mean": 5568.7741331756115,
    "rsd_pct": 0.06479612123340804,
    "micro": false
  },
  "lee": {
    "mean": 762.3254210473253,
    "rsd_pct": 0.07555525072455754,
    "micro": false
  },
  "nbody": {
    "mean": 74.01174228670993,
    "rsd_pct": 0.06029736151536847,
    "micro": false
  },
  "optcarrot": {
    "mean": 3112.0029819508395,
    "rsd_pct": 0.894549698846538,
    "micro": false
  },
  "rubykon": {
    "mean": 5682.392650594314,
    "rsd_pct": 0.4939170864919439,
    "micro": false
  },
  "30k_ifelse": {
    "mean": 321.37497895612165,
    "rsd_pct": 0.23763835664674196,
    "micro": true
  },
  "30k_methods": {
    "mean": 738.0055906596007,
    "rsd_pct": 0.04969011852343145,
    "micro": true
  },
  "cfunc_itself": {
    "mean": 42.261494279784316,
    "rsd_pct": 0.2472431708989639,
    "micro": true
  },
  "fib": {
    "mean": 52.11278474113593,
    "rsd_pct": 0.030367186043318364,
    "micro": true
  },
  "getivar": {
    "mean": 35.57700581278559,
    "rsd_pct": 0.2948900450108575,
    "micro": true
  },
  "keyword_args": {
    "mean": 46.70009890834859,
    "rsd_pct": 0.12923841308320974,
    "micro": true
  },
  "respond_to": {
    "mean": 161.17416904677475,
    "rsd_pct": 0.19473381739862228,
    "micro": true
  },
  "setivar": {
    "mean": 39.15034595388489,
    "rsd_pct": 0.23275590374755384,
    "micro": true
  }
}