{
  "activerecord": {
    "mean": 42.857686205579235,
    "rsd_pct": 0.8610046971754328,
    "micro": false
  },
  "erubi_rails": {
    "mean": 15.21170670116114,
    "rsd_pct": 3.459090770561312,
    "micro": false
  },
  "hexapdf": {
    "mean": 2048.170647149285,
    "rsd_pct": 1.9263804450069828,
    "micro": false
  },
  "liquid-c": {
    "mean": 59.19845028603006,
    "rsd_pct": 2.035288296978643,
    "micro": false
  },
  "liquid-compile": {
    "mean": 51.63706336603608,
    "rsd_pct": 4.921559232191598,
    "micro": false
  },
  "liquid-render": {
    "mean": 108.12114595192607,
    "rsd_pct": 2.6282718214429974,
    "micro": false
  },
  "mail": {
    "mean": 128.54967348037226,
    "rsd_pct": 0.411121997263877,
    "micro": false
  },
  "psych-load": {
    "mean": 1809.1630811492603,
    "rsd_pct": 0.08568192337428995,
    "micro": false
  },
  "railsbench": {
    "mean": 1800.6335501869519,
    "rsd_pct": 1.2292919573923256,
    "micro": false
  },
  "ruby-lsp": {
    "mean": 58.43858939221353,
    "rsd_pct": 20.45154448017968,
    "micro": false
  },
  "sequel": {
    "mean": 69.24488158388571,
    "rsd_pct": 0.30328657274345716,
    "micro": false
  },
  "binarytrees": {
    "mean": 226.49080695563487,
    "rsd_pct": 0.08657204941644045,
    "micro": false
  },
  "chunky_png": {
    "mean": 644.8646481599538,
    "rsd_pct": 0.055477362147401905,
    "micro": false
  },
  "erubi": {
    "mean": 254.3990752708755,
    "rsd_pct": 0.8623982375309425,
    "micro": false
  },
  "etanni": {
    "mean": 410.4366128907559,
    "rsd_pct": 0.4432059607427264,
    "micro": false
  },
  "fannkuchredux": {
    "mean": 781.3389769941568,
    "rsd_pct": 7.510762253031804,
    "micro": false
  },
  "lee": {
    "mean": 915.932224047455,
    "rsd_pct": 0.3348217471406785,
    "micro": false
  },
  "nbody": {
    "mean": 69.20413101235262,
    "rsd_pct": 0.09192140804680742,
    "micro": false
  },
  "optcarrot": {
    "mean": 2265.8040388176837,
    "rsd_pct": 0.6135199918800145,
    "micro": false
  },
  "ruby-json": {
    "mean": 3015.9210798641047,
    "rsd_pct": 0.08691657244012391,
    "micro": false
  },
  "rubykon": {
    "mean": 6554.8611377676325,
    "rsd_pct": 0.41859995963732105,
    "micro": false
  },
  "30k_ifelse": {
    "mean": 359.59162204103035,
    "rsd_pct": 0.06300265256598808,
    "micro": true
  },
  "30k_methods": {
    "mean": 857.9668085212293,
    "rsd_pct": 0.018960597315940717,
    "micro": true
  },
  "cfunc_itself": {
    "mean": 38.34536749702564,
    "rsd_pct": 0.22010632971107943,
    "micro": true
  },
  "fib": {
    "mean": 44.6423309781913,
    "rsd_pct": 0.05016181494140038,
    "micro": true
  },
  "getivar": {
    "mean": 21.142935021607965,
    "rsd_pct": 0.20123294695073546,
    "micro": true
  },
  "keyword_args": {
    "mean": 47.69255340501082,
    "rsd_pct": 0.14168169789206497,
    "micro": true
  },
  "respond_to": {
    "mean": 25.331348303078627,
    "rsd_pct": 0.9968613852907453,
    "micro": true
  },
  "setivar": {
    "mean": 11.994774270653009,
    "rsd_pct": 0.0887112319315795,
    "micro": true
  },
  "setivar_object": {
    "mean": 46.76343975853607,
    "rsd_pct": 4.942842845784945,
    "micro": true
  },
  "setivar_young": {
    "mean": 42.3225704462157,
    "rsd_pct": 1.5032916864510326,
    "micro": true
  },
  "str_concat": {
    "mean": 42.1332480262255,
    "rsd_pct": 1.4685398794662594,
    "micro": true
  },
  "throw": {
    "mean": 24.021884497263937,
    "rsd_pct": 0.2146515623157558,
    "micro": true
  }
}