{
  "cfunc_itself.rb": {
    "mean": 42.18860962678508,
    "rsd_pct": 0.3151316907096815
  },
  "fib.rb": {
    "mean": 58.31522464908816,
    "rsd_pct": 0.0838843770331752
  },
  "getivar.rb": {
    "mean": 36.2664373299622,
    "rsd_pct": 0.04778708315888558
  },
  "respond_to.rb": {
    "mean": 162.34677479594228,
    "rsd_pct": 0.3498912399767922
  },
  "setivar.rb": {
    "mean": 42.04850088951745,
    "rsd_pct": 0.06539664024638173
  },
  "30k_methods.rb": {
    "mean": 715.2210627035755,
    "rsd_pct": 0.021106923692623118
  },
  "30k_ifelse.rb": {
    "mean": 329.3562868436543,
    "rsd_pct": 0.19462724749898558
  },
  "fannkuchredux": {
    "mean": 5642.931053426582,
    "rsd_pct": 0.23830892894436648
  },
  "nbody": {
    "mean": 114.666760638074,
    "rsd_pct": 0.0413812733843502
  },
  "binarytrees": {
    "mean": 298.96848821367155,
    "rsd_pct": 0.6446544701161967
  },
  "psych-load": {
    "mean": 1850.6630518008024,
    "rsd_pct": 0.5387449698785246
  },
  "lee": {
    "mean": 805.1245787258571,
    "rsd_pct": 1.5914108947833256
  },
  "liquid-render": {
    "mean": 150.8059972647305,
    "rsd_pct": 1.727543042990694
  },
  "activerecord": {
    "mean": 109.09888259810799,
    "rsd_pct": 2.0540609678394106
  },
  "optcarrot": {
    "mean": 3132.0904262014665,
    "rsd_pct": 0.20583683615154577
  },
  "jekyll": {
    "mean": 7639.562463492621,
    "rsd_pct": 2.7330157726131454
  },
  "railsbench": {
    "mean": 2681.4361231285147,
    "rsd_pct": 1.2870953967473684
  }
}