{
  "activerecord": {
    "mean": 41.848549186640106,
    "rsd_pct": 0.8324998375170932,
    "micro": false
  },
  "erubi_rails": {
    "mean": 15.060494562423882,
    "rsd_pct": 3.5498106958199265,
    "micro": false
  },
  "hexapdf": {
    "mean": 2000.8602490027745,
    "rsd_pct": 2.180644772227147,
    "micro": false
  },
  "liquid-c": {
    "mean": 58.401257581246355,
    "rsd_pct": 2.010963104560123,
    "micro": false
  },
  "liquid-render": {
    "mean": 102.43317504058179,
    "rsd_pct": 2.7831512378456487,
    "micro": false
  },
  "mail": {
    "mean": 128.1932163804483,
    "rsd_pct": 0.2331132134569914,
    "micro": false
  },
  "psych-load": {
    "mean": 1804.5188365504146,
    "rsd_pct": 0.09780438311934456,
    "micro": false
  },
  "railsbench": {
    "mean": 1772.7140837659438,
    "rsd_pct": 1.3477072772360241,
    "micro": false
  },
  "ruby-lsp": {
    "mean": 56.95050800219178,
    "rsd_pct": 20.569791186945007,
    "micro": false
  },
  "sequel": {
    "mean": 67.21777158688653,
    "rsd_pct": 0.22992018054627886,
    "micro": false
  },
  "binarytrees": {
    "mean": 223.5458280179608,
    "rsd_pct": 0.08719183772482242,
    "micro": false
  },
  "chunky_png": {
    "mean": 606.5860153317,
    "rsd_pct": 0.08669898301785214,
    "micro": false
  },
  "erubi": {
    "mean": 251.2900536243297,
    "rsd_pct": 0.8127468804035949,
    "micro": false
  },
  "etanni": {
    "mean": 408.47333054989576,
    "rsd_pct": 0.4590692842173781,
    "micro": false
  },
  "fannkuchredux": {
    "mean": 755.2756513827122,
    "rsd_pct": 0.02405064121697058,
    "micro": false
  },
  "lee": {
    "mean": 885.391463059932,
    "rsd_pct": 0.3487689724198547,
    "micro": false
  },
  "nbody": {
    "mean": 76.90064692869782,
    "rsd_pct": 0.0583957752732206,
    "micro": false
  },
  "optcarrot": {
    "mean": 2245.268935834368,
    "rsd_pct": 0.6168232325658591,
    "micro": false
  },
  "ruby-json": {
    "mean": 3093.53207697471,
    "rsd_pct": 0.27223320597854883,
    "micro": false
  },
  "rubykon": {
    "mean": 6441.812192400296,
    "rsd_pct": 0.37135831940144254,
    "micro": false
  },
  "30k_ifelse": {
    "mean": 360.08209477771413,
    "rsd_pct": 0.05851774483895206,
    "micro": true
  },
  "30k_methods": {
    "mean": 857.4479898923765,
    "rsd_pct": 0.02576771511290452,
    "micro": true
  },
  "cfunc_itself": {
    "mean": 39.308901439882874,
    "rsd_pct": 0.2556381413943692,
    "micro": true
  },
  "fib": {
    "mean": 44.90432033126944,
    "rsd_pct": 0.07913646502370311,
    "micro": true
  },
  "getivar": {
    "mean": 21.300096161218246,
    "rsd_pct": 0.622168818655362,
    "micro": true
  },
  "keyword_args": {
    "mean": 48.77029332991054,
    "rsd_pct": 0.335514604106514,
    "micro": true
  },
  "respond_to": {
    "mean": 26.692245261263704,
    "rsd_pct": 0.19575092142117043,
    "micro": true
  },
  "setivar": {
    "mean": 11.992400390306631,
    "rsd_pct": 0.09342085111349255,
    "micro": true
  },
  "setivar_object": {
    "mean": 46.76564281426841,
    "rsd_pct": 2.9573302216648933,
    "micro": true
  },
  "setivar_young": {
    "mean": 45.36199862192345,
    "rsd_pct": 5.667057413848752,
    "micro": true
  },
  "str_concat": {
    "mean": 43.59091001852925,
    "rsd_pct": 1.441615311402727,
    "micro": true
  },
  "throw": {
    "mean": 22.469737483198987,
    "rsd_pct": 0.2172942844356661,
    "micro": true
  }
}