{
  "activerecord": {
    "mean": 329.2023138354582,
    "rsd_pct": 0.4476348141184809,
    "micro": false
  },
  "hexapdf": {
    "mean": 7444.254094536882,
    "rsd_pct": 1.3625518721357752,
    "micro": false
  },
  "liquid-render": {
    "mean": 426.19548055938344,
    "rsd_pct": 1.248851822110988,
    "micro": false
  },
  "mail": {
    "mean": 588.5654475803735,
    "rsd_pct": 0.10839235916325987,
    "micro": false
  },
  "psych-load": {
    "mean": 5895.373214338906,
    "rsd_pct": 0.07964014045298354,
    "micro": false
  },
  "railsbench": {
    "mean": 6486.694598325994,
    "rsd_pct": 0.512471202684642,
    "micro": false
  },
  "ruby-lsp": {
    "mean": 218.0616908899313,
    "rsd_pct": 9.703455067286962,
    "micro": false
  },
  "binarytrees": {
    "mean": 608.9841022436946,
    "rsd_pct": 0.41142640808612196,
    "micro": false
  },
  "chunky_png": {
    "mean": 1614.4196083459974,
    "rsd_pct": 0.12860747770668146,
    "micro": false
  },
  "erubi": {
    "mean": 751.0637427165882,
    "rsd_pct": 1.224199223348183,
    "micro": false
  },
  "erubi_rails": {
    "mean": 52.178439589703,
    "rsd_pct": 2.0100946411959244,
    "micro": false
  },
  "etanni": {
    "mean": 1216.2666244327002,
    "rsd_pct": 0.7349869991012712,
    "micro": false
  },
  "fannkuchredux": {
    "mean": 6379.665475268848,
    "rsd_pct": 0.29533191780028684,
    "micro": false
  },
  "lee": {
    "mean": 2418.3890412625096,
    "rsd_pct": 0.9407683889590956,
    "micro": false
  },
  "nbody": {
    "mean": 226.1687181905,
    "rsd_pct": 0.13770111525279793,
    "micro": false
  },
  "optcarrot": {
    "mean": 13624.771514337044,
    "rsd_pct": 0.4179264309850678,
    "micro": false
  },
  "rubykon": {
    "mean": 24174.4601755403,
    "rsd_pct": 0.3307888779515388,
    "micro": false
  },
  "30k_ifelse": {
    "mean": 2354.245596962488,
    "rsd_pct": 0.06736804811814882,
    "micro": true
  },
  "30k_methods": {
    "mean": 5182.570754334198,
    "rsd_pct": 0.04952857751628245,
    "micro": true
  },
  "cfunc_itself": {
    "mean": 114.31168075109845,
    "rsd_pct": 0.03866450419731913,
    "micro": true
  },
  "fib": {
    "mean": 233.84735253493554,
    "rsd_pct": 0.004785325954425166,
    "micro": true
  },
  "getivar": {
    "mean": 112.25315858173758,
    "rsd_pct": 0.007219382126492483,
    "micro": true
  },
  "keyword_args": {
    "mean": 152.99609694282174,
    "rsd_pct": 0.010223234831277373,
    "micro": true
  },
  "respond_to": {
    "mean": 111.61510168773087,
    "rsd_pct": 1.186674120816749,
    "micro": true
  },
  "setivar": {
    "mean": 113.66007061516471,
    "rsd_pct": 0.01087075193026239,
    "micro": true
  },
  "str_concat": {
    "mean": 118.24035129510911,
    "rsd_pct": 0.7283392391432489,
    "micro": true
  }
}