{
  "activerecord": {
    "mean": 102.57403022519105,
    "rsd_pct": 0.4660725596650851,
    "micro": false
  },
  "hexapdf": {
    "mean": 2116.690062933291,
    "rsd_pct": 1.7438185027976452,
    "micro": false
  },
  "liquid-render": {
    "mean": 111.48108817029755,
    "rsd_pct": 2.991406020860707,
    "micro": false
  },
  "mail": {
    "mean": 138.6012761301928,
    "rsd_pct": 0.2719746845195937,
    "micro": false
  },
  "psych-load": {
    "mean": 1648.9295731803093,
    "rsd_pct": 0.25895616718721426,
    "micro": false
  },
  "railsbench": {
    "mean": 2134.6394125915444,
    "rsd_pct": 1.5262678642725582,
    "micro": false
  },
  "binarytrees": {
    "mean": 293.4466029455084,
    "rsd_pct": 0.09158568902169945,
    "micro": false
  },
  "erubi": {
    "mean": 366.8774555443856,
    "rsd_pct": 1.7031614973584308,
    "micro": false
  },
  "erubi_rails": {
    "mean": 19.45583508105057,
    "rsd_pct": 3.8453039303514736,
    "micro": false
  },
  "fannkuchredux": {
    "mean": 5646.605726063717,
    "rsd_pct": 0.06535291962548197,
    "micro": false
  },
  "lee": {
    "mean": 761.6466451100467,
    "rsd_pct": 1.4095574663329908,
    "micro": false
  },
  "nbody": {
    "mean": 74.37830596203175,
    "rsd_pct": 0.04147760335306483,
    "micro": false
  },
  "optcarrot": {
    "mean": 3077.056194457691,
    "rsd_pct": 0.7234416347991642,
    "micro": false
  },
  "rubykon": {
    "mean": 5567.307899395625,
    "rsd_pct": 0.6541705801236645,
    "micro": false
  },
  "30k_ifelse": {
    "mean": 307.5674035693877,
    "rsd_pct": 0.130344654893708,
    "micro": true
  },
  "30k_methods": {
    "mean": 734.6097151099597,
    "rsd_pct": 0.0185940309868913,
    "micro": true
  },
  "cfunc_itself": {
    "mean": 39.55663130799428,
    "rsd_pct": 0.3277263745804677,
    "micro": true
  },
  "fib": {
    "mean": 52.06785074658253,
    "rsd_pct": 0.060807247567072883,
    "micro": true
  },
  "getivar": {
    "mean": 35.47934354665634,
    "rsd_pct": 0.11411086266734545,
    "micro": true
  },
  "keyword_args": {
    "mean": 43.84541373533376,
    "rsd_pct": 0.2208931989122315,
    "micro": true
  },
  "respond_to": {
    "mean": 163.3706900587816,
    "rsd_pct": 0.14598864267274292,
    "micro": true
  },
  "setivar": {
    "mean": 43.748786147504774,
    "rsd_pct": 0.0860042454944764,
    "micro": true
  }
}