{
  "activerecord": {
    "mean": 43.07497855522104,
    "rsd_pct": 3.6983222120480472,
    "micro": false
  },
  "erubi_rails": {
    "mean": 15.70404947972765,
    "rsd_pct": 19.45994228035857,
    "micro": false
  },
  "hexapdf": {
    "mean": 2064.4690688699484,
    "rsd_pct": 2.092185141029257,
    "micro": false
  },
  "liquid-c": {
    "mean": 59.05490466198343,
    "rsd_pct": 0.6865099827177098,
    "micro": false
  },
  "liquid-compile": {
    "mean": 57.251651418472285,
    "rsd_pct": 1.4393006847704959,
    "micro": false
  },
  "liquid-render": {
    "mean": 103.44826014644188,
    "rsd_pct": 0.454434803147088,
    "micro": false
  },
  "mail": {
    "mean": 132.61398298045,
    "rsd_pct": 0.10444433140845308,
    "micro": false
  },
  "psych-load": {
    "mean": 1844.589880729715,
    "rsd_pct": 0.060880538884355476,
    "micro": false
  },
  "railsbench": {
    "mean": 1805.0628217558067,
    "rsd_pct": 1.1278676226391828,
    "micro": false
  },
  "ruby-lsp": {
    "mean": 54.81130774364452,
    "rsd_pct": 7.233678489373489,
    "micro": false
  },
  "sequel": {
    "mean": 69.17823598645498,
    "rsd_pct": 1.4567730719771887,
    "micro": false
  },
  "binarytrees": {
    "mean": 227.92078428312965,
    "rsd_pct": 0.0815980004345041,
    "micro": false
  },
  "chunky_png": {
    "mean": 655.5294482658306,
    "rsd_pct": 0.4059538151713663,
    "micro": false
  },
  "erubi": {
    "mean": 256.94533117497576,
    "rsd_pct": 0.0713903944732928,
    "micro": false
  },
  "etanni": {
    "mean": 412.93828930550563,
    "rsd_pct": 0.03960015084549791,
    "micro": false
  },
  "fannkuchredux": {
    "mean": 752.0154972489064,
    "rsd_pct": 0.13082345302648818,
    "micro": false
  },
  "lee": {
    "mean": 952.5805567169473,
    "rsd_pct": 0.4034808503373371,
    "micro": false
  },
  "nbody": {
    "mean": 71.34531641245952,
    "rsd_pct": 0.05502628867923013,
    "micro": false
  },
  "optcarrot": {
    "mean": 2285.074362282952,
    "rsd_pct": 0.6132596009821731,
    "micro": false
  },
  "ruby-json": {
    "mean": 3235.2010122189918,
    "rsd_pct": 0.375882896901641,
    "micro": false
  },
  "rubykon": {
    "mean": 6809.874447559317,
    "rsd_pct": 0.3640574607462217,
    "micro": false
  },
  "30k_ifelse": {
    "mean": 360.97587492655623,
    "rsd_pct": 0.06726352201624952,
    "micro": true
  },
  "30k_methods": {
    "mean": 858.3592225837966,
    "rsd_pct": 0.025509606788219383,
    "micro": true
  },
  "cfunc_itself": {
    "mean": 38.92965173886565,
    "rsd_pct": 0.4996655440897234,
    "micro": true
  },
  "fib": {
    "mean": 44.595859358586104,
    "rsd_pct": 0.0579554078555497,
    "micro": true
  },
  "getivar": {
    "mean": 21.1630861482405,
    "rsd_pct": 0.21973574944223154,
    "micro": true
  },
  "keyword_args": {
    "mean": 47.83005029625761,
    "rsd_pct": 0.13047123159293736,
    "micro": true
  },
  "respond_to": {
    "mean": 25.762525436496645,
    "rsd_pct": 0.6808749789974162,
    "micro": true
  },
  "setivar": {
    "mean": 11.99454995208539,
    "rsd_pct": 0.08909073381118457,
    "micro": true
  },
  "setivar_object": {
    "mean": 42.10566216883277,
    "rsd_pct": 0.04421354807632994,
    "micro": true
  },
  "setivar_young": {
    "mean": 42.25106187259294,
    "rsd_pct": 1.587359432339291,
    "micro": true
  },
  "str_concat": {
    "mean": 46.485853181582065,
    "rsd_pct": 0.3813888813067813,
    "micro": true
  },
  "throw": {
    "mean": 24.649186823935135,
    "rsd_pct": 0.3054307702131648,
    "micro": true
  }
}