{
  "activerecord": {
    "mean": 108.65771495337997,
    "rsd_pct": 0.295579399861401,
    "micro": false
  },
  "hexapdf": {
    "mean": 2208.474864810705,
    "rsd_pct": 1.1966279247502227,
    "micro": false
  },
  "jekyll": {
    "mean": 7411.265803780407,
    "rsd_pct": 1.8061316676392247,
    "micro": false
  },
  "liquid-render": {
    "mean": 126.28882075816193,
    "rsd_pct": 1.8225914643616035,
    "micro": false
  },
  "mail": {
    "mean": 137.8527881577611,
    "rsd_pct": 0.3129206074192023,
    "micro": false
  },
  "psych-load": {
    "mean": 1634.4078063964844,
    "rsd_pct": 0.11101357781529884,
    "micro": false
  },
  "railsbench": {
    "mean": 2320.409372076392,
    "rsd_pct": 1.3983513392784679,
    "micro": false
  },
  "binarytrees": {
    "mean": 299.5638405381326,
    "rsd_pct": 2.6014989250971907,
    "micro": false
  },
  "fannkuchredux": {
    "mean": 5406.996677070856,
    "rsd_pct": 0.14780569891672643,
    "micro": false
  },
  "lee": {
    "mean": 799.3075551930815,
    "rsd_pct": 1.3034910588651931,
    "micro": false
  },
  "nbody": {
    "mean": 75.24625567020848,
    "rsd_pct": 0.04706254756781771,
    "micro": false
  },
  "optcarrot": {
    "mean": 3128.9484238252044,
    "rsd_pct": 0.4506721745420542,
    "micro": false
  },
  "rubykon": {
    "mean": 5498.031311761588,
    "rsd_pct": 0.44046172282909707,
    "micro": false
  },
  "30k_ifelse": {
    "mean": 317.44455637515716,
    "rsd_pct": 0.19636315117876216,
    "micro": true
  },
  "30k_methods": {
    "mean": 764.035682686988,
    "rsd_pct": 0.020987678305981194,
    "micro": true
  },
  "cfunc_itself": {
    "mean": 40.097234526873855,
    "rsd_pct": 0.3085476288699681,
    "micro": true
  },
  "fib": {
    "mean": 52.00319078812996,
    "rsd_pct": 0.04168767821783244,
    "micro": true
  },
  "getivar": {
    "mean": 36.2004002359025,
    "rsd_pct": 0.1363968078991859,
    "micro": true
  },
  "keyword_args": {
    "mean": 45.62947190299387,
    "rsd_pct": 0.12695025851238864,
    "micro": true
  },
  "respond_to": {
    "mean": 169.86299359619065,
    "rsd_pct": 0.566211208920163,
    "micro": true
  },
  "setivar": {
    "mean": 42.87281602274156,
    "rsd_pct": 0.16472844863577374,
    "micro": true
  }
}