{
  "activerecord": {
    "mean": 112.67303116203819,
    "rsd_pct": 1.9428736778903681,
    "micro": false
  },
  "jekyll": {
    "mean": 7632.6301275985315,
    "rsd_pct": 1.8343835693428796,
    "micro": false
  },
  "liquid-render": {
    "mean": 151.6554212468661,
    "rsd_pct": 1.661108073832021,
    "micro": false
  },
  "psych-load": {
    "mean": 1782.5543873128481,
    "rsd_pct": 0.5197991536553694,
    "micro": false
  },
  "railsbench": {
    "mean": 2769.8998310719617,
    "rsd_pct": 1.4428261090351133,
    "micro": false
  },
  "binarytrees": {
    "mean": 298.36984384159575,
    "rsd_pct": 0.08737435834218876,
    "micro": false
  },
  "fannkuchredux": {
    "mean": 5513.967013393994,
    "rsd_pct": 0.12232184052497376,
    "micro": false
  },
  "lee": {
    "mean": 803.5394494499391,
    "rsd_pct": 1.654685093771528,
    "micro": false
  },
  "nbody": {
    "mean": 114.7688259906841,
    "rsd_pct": 0.2414314609203801,
    "micro": false
  },
  "optcarrot": {
    "mean": 3138.973096536938,
    "rsd_pct": 0.25194493579104493,
    "micro": false
  },
  "30k_ifelse": {
    "mean": 328.85431699162604,
    "rsd_pct": 0.1806512961677485,
    "micro": true
  },
  "30k_methods": {
    "mean": 722.326453432389,
    "rsd_pct": 0.014702439098145734,
    "micro": true
  },
  "cfunc_itself": {
    "mean": 41.757638779417206,
    "rsd_pct": 0.34826442988698564,
    "micro": true
  },
  "fib": {
    "mean": 58.312648974775755,
    "rsd_pct": 0.027996992702527687,
    "micro": true
  },
  "getivar": {
    "mean": 36.27777289710304,
    "rsd_pct": 0.06685640080055565,
    "micro": true
  },
  "respond_to": {
    "mean": 160.6960829894018,
    "rsd_pct": 0.4279086568462919,
    "micro": true
  },
  "setivar": {
    "mean": 41.74894179478006,
    "rsd_pct": 0.32149932710906304,
    "micro": true
  }
}