{
  "activerecord": {
    "mean": 103.7402709480375,
    "rsd_pct": 0.5620118108109403,
    "micro": false
  },
  "hexapdf": {
    "mean": 2376.6435148815312,
    "rsd_pct": 1.6312127346971692,
    "micro": false
  },
  "liquid-render": {
    "mean": 127.40485004703456,
    "rsd_pct": 1.7939907456842534,
    "micro": false
  },
  "mail": {
    "mean": 156.02349689187005,
    "rsd_pct": 0.15213434097934514,
    "micro": false
  },
  "psych-load": {
    "mean": 1899.7280448675156,
    "rsd_pct": 0.027836659529770623,
    "micro": false
  },
  "railsbench": {
    "mean": 2067.6630879441896,
    "rsd_pct": 0.9955181576200702,
    "micro": false
  },
  "binarytrees": {
    "mean": 373.14020621124655,
    "rsd_pct": 0.09310408425390883,
    "micro": false
  },
  "chunky_png": {
    "mean": 649.6921526889006,
    "rsd_pct": 0.044616638774317055,
    "micro": false
  },
  "erubi": {
    "mean": 316.3994541091304,
    "rsd_pct": 0.9194608206174695,
    "micro": false
  },
  "erubi_rails": {
    "mean": 19.23527010146854,
    "rsd_pct": 3.5292160426775228,
    "micro": false
  },
  "fannkuchredux": {
    "mean": 2352.123119185368,
    "rsd_pct": 0.2786524356381056,
    "micro": false
  },
  "lee": {
    "mean": 974.864861369133,
    "rsd_pct": 1.9972568860560145,
    "micro": false
  },
  "nbody": {
    "mean": 94.83847417248973,
    "rsd_pct": 0.08879500481317555,
    "micro": false
  },
  "optcarrot": {
    "mean": 3538.3374251425266,
    "rsd_pct": 0.5366147768955439,
    "micro": false
  },
  "rubykon": {
    "mean": 6952.191874136527,
    "rsd_pct": 0.843450007644831,
    "micro": false
  },
  "30k_ifelse": {
    "mean": 353.2263106920502,
    "rsd_pct": 0.0785402724515534,
    "micro": true
  },
  "30k_methods": {
    "mean": 873.817231844772,
    "rsd_pct": 0.0158348521492838,
    "micro": true
  },
  "cfunc_itself": {
    "mean": 48.22356110581985,
    "rsd_pct": 0.7820771608970338,
    "micro": true
  },
  "fib": {
    "mean": 63.36161384270305,
    "rsd_pct": 0.07707551409809027,
    "micro": true
  },
  "getivar": {
    "mean": 46.37205065871642,
    "rsd_pct": 0.044419068275784665,
    "micro": true
  },
  "keyword_args": {
    "mean": 55.21698745356484,
    "rsd_pct": 0.18545107609240205,
    "micro": true
  },
  "respond_to": {
    "mean": 182.67220329831946,
    "rsd_pct": 0.511263590881829,
    "micro": true
  },
  "setivar": {
    "mean": 49.71624823732053,
    "rsd_pct": 0.09391550080053879,
    "micro": true
  },
  "str_concat": {
    "mean": 45.45393005627243,
    "rsd_pct": 1.405904853885647,
    "micro": true
  }
}