{
  "activerecord": {
    "mean": 102.99814394128396,
    "rsd_pct": 1.0540372738674397,
    "micro": false
  },
  "hexapdf": {
    "mean": 2124.7438903859197,
    "rsd_pct": 1.779361533938549,
    "micro": false
  },
  "liquid-render": {
    "mean": 110.96856688073379,
    "rsd_pct": 2.3140001176536464,
    "micro": false
  },
  "mail": {
    "mean": 139.16186578757737,
    "rsd_pct": 0.22599967529941292,
    "micro": false
  },
  "psych-load": {
    "mean": 1634.89644707491,
    "rsd_pct": 0.16318231838070837,
    "micro": false
  },
  "railsbench": {
    "mean": 2072.1103070653044,
    "rsd_pct": 1.639174466146979,
    "micro": false
  },
  "binarytrees": {
    "mean": 289.3090988522586,
    "rsd_pct": 0.17827002442579581,
    "micro": false
  },
  "erubi": {
    "mean": 363.3060828027997,
    "rsd_pct": 1.4941390347869723,
    "micro": false
  },
  "erubi_rails": {
    "mean": 19.541822268690655,
    "rsd_pct": 3.384382347808957,
    "micro": false
  },
  "fannkuchredux": {
    "mean": 5688.218824002736,
    "rsd_pct": 0.10348611404235881,
    "micro": false
  },
  "lee": {
    "mean": 757.273001914235,
    "rsd_pct": 1.4075065420727795,
    "micro": false
  },
  "nbody": {
    "mean": 71.46361776218792,
    "rsd_pct": 0.04880588116889355,
    "micro": false
  },
  "optcarrot": {
    "mean": 2965.195078274701,
    "rsd_pct": 0.6538418264379197,
    "micro": false
  },
  "rubykon": {
    "mean": 5625.519063944618,
    "rsd_pct": 0.8888111057362647,
    "micro": false
  },
  "30k_ifelse": {
    "mean": 306.25958010956134,
    "rsd_pct": 0.12448769033021756,
    "micro": true
  },
  "30k_methods": {
    "mean": 740.507697346262,
    "rsd_pct": 0.02617929061619451,
    "micro": true
  },
  "cfunc_itself": {
    "mean": 38.69757848819559,
    "rsd_pct": 0.23970655805930804,
    "micro": true
  },
  "fib": {
    "mean": 52.07644286991022,
    "rsd_pct": 0.036487885324131226,
    "micro": true
  },
  "getivar": {
    "mean": 35.47221077131616,
    "rsd_pct": 0.043696166334782384,
    "micro": true
  },
  "keyword_args": {
    "mean": 43.974256877925576,
    "rsd_pct": 0.30309312355214885,
    "micro": true
  },
  "respond_to": {
    "mean": 157.8887462213555,
    "rsd_pct": 0.44049857468008224,
    "micro": true
  },
  "setivar": {
    "mean": 40.97301580371383,
    "rsd_pct": 0.12598089246469774,
    "micro": true
  }
}