{
  "activerecord": {
    "mean": 108.2601358502039,
    "rsd_pct": 1.1221615442242043
  },
  "hexapdf": {
    "mean": 2247.7692631538957,
    "rsd_pct": 1.5078657772822597
  },
  "jekyll": {
    "mean": 7514.1544920858,
    "rsd_pct": 1.9340777395676507
  },
  "liquid-render": {
    "mean": 126.15836949256443,
    "rsd_pct": 1.8222589793858648
  },
  "mail": {
    "mean": 141.2972893800501,
    "rsd_pct": 1.3328982828398768
  },
  "psych-load": {
    "mean": 1620.5123513936996,
    "rsd_pct": 0.05996461030036151
  },
  "railsbench": {
    "mean": 2479.3334885966033,
    "rsd_pct": 1.7242526012909398
  },
  "binarytrees": {
    "mean": 294.43343011020073,
    "rsd_pct": 2.634044427754323
  },
  "fannkuchredux": {
    "mean": 5498.634172137827,
    "rsd_pct": 0.03497215043304638
  },
  "lee": {
    "mean": 790.4928836796898,
    "rsd_pct": 1.003971751518931
  },
  "nbody": {
    "mean": 75.25231081672246,
    "rsd_pct": 0.036693805518688526
  },
  "optcarrot": {
    "mean": 3040.0632857810706,
    "rsd_pct": 0.18612834766038314
  },
  "30k_ifelse": {
    "mean": 329.77658947564515,
    "rsd_pct": 0.231702133408044
  },
  "30k_methods": {
    "mean": 754.4542448321248,
    "rsd_pct": 0.027498106142262148
  },
  "cfunc_itself": {
    "mean": 38.68132326055289,
    "rsd_pct": 0.3074908786708225
  },
  "fib": {
    "mean": 51.98005693902572,
    "rsd_pct": 0.024649073831021447
  },
  "getivar": {
    "mean": 36.26319462041879,
    "rsd_pct": 0.0475112572694396
  },
  "keyword_args": {
    "mean": 45.61436328372651,
    "rsd_pct": 0.07629562560934539
  },
  "respond_to": {
    "mean": 169.85614841407235,
    "rsd_pct": 0.7383078426988847
  },
  "setivar": {
    "mean": 37.327360745828045,
    "rsd_pct": 0.1782528171762067
  }
}