{
  "activerecord": {
    "mean": 103.98995366738868,
    "rsd_pct": 0.5379648923354945,
    "micro": false
  },
  "hexapdf": {
    "mean": 2320.8170221497617,
    "rsd_pct": 2.2468080018290815,
    "micro": false
  },
  "liquid-render": {
    "mean": 127.93779591466212,
    "rsd_pct": 1.7309954298071966,
    "micro": false
  },
  "mail": {
    "mean": 161.30305981383688,
    "rsd_pct": 0.1658368008885473,
    "micro": false
  },
  "psych-load": {
    "mean": 1921.123479430874,
    "rsd_pct": 0.08410705350498582,
    "micro": false
  },
  "railsbench": {
    "mean": 2094.5463977754116,
    "rsd_pct": 1.3323570925402293,
    "micro": false
  },
  "binarytrees": {
    "mean": 355.80386066188413,
    "rsd_pct": 0.06953161914174943,
    "micro": false
  },
  "chunky_png": {
    "mean": 679.449467981855,
    "rsd_pct": 0.07129463676245065,
    "micro": false
  },
  "erubi": {
    "mean": 381.21679896172486,
    "rsd_pct": 0.6360945551540628,
    "micro": false
  },
  "erubi_rails": {
    "mean": 20.138572993678878,
    "rsd_pct": 3.1843571888106124,
    "micro": false
  },
  "fannkuchredux": {
    "mean": 8389.900926624736,
    "rsd_pct": 0.1221970207673808,
    "micro": false
  },
  "lee": {
    "mean": 918.7118029665379,
    "rsd_pct": 0.5792019227003564,
    "micro": false
  },
  "nbody": {
    "mean": 89.16506034587204,
    "rsd_pct": 0.06946442850429038,
    "micro": false
  },
  "optcarrot": {
    "mean": 3610.4672592133284,
    "rsd_pct": 0.7384138978863767,
    "micro": false
  },
  "rubykon": {
    "mean": 7601.748028521736,
    "rsd_pct": 5.229574045727923,
    "micro": false
  },
  "30k_ifelse": {
    "mean": 355.26820238340986,
    "rsd_pct": 0.07961051586949523,
    "micro": true
  },
  "30k_methods": {
    "mean": 877.0504234020005,
    "rsd_pct": 0.0189104688792592,
    "micro": true
  },
  "cfunc_itself": {
    "mean": 48.636814168424344,
    "rsd_pct": 0.7275787926325862,
    "micro": true
  },
  "fib": {
    "mean": 63.60105607244704,
    "rsd_pct": 0.076036458478917,
    "micro": true
  },
  "getivar": {
    "mean": 42.527125420747325,
    "rsd_pct": 0.058902286158527835,
    "micro": true
  },
  "keyword_args": {
    "mean": 53.9907192410419,
    "rsd_pct": 0.17217215471754457,
    "micro": true
  },
  "respond_to": {
    "mean": 189.2635431495451,
    "rsd_pct": 0.15218744111256322,
    "micro": true
  },
  "setivar": {
    "mean": 54.170131027730896,
    "rsd_pct": 0.41100952094972815,
    "micro": true
  },
  "str_concat": {
    "mean": 55.42282008302479,
    "rsd_pct": 1.3699809729507677,
    "micro": true
  }
}