{
  "activerecord": {
    "mean": 103.3664439946257,
    "rsd_pct": 0.6524097293992106,
    "micro": false
  },
  "hexapdf": {
    "mean": 2366.538512955109,
    "rsd_pct": 2.0735767950670843,
    "micro": false
  },
  "liquid-render": {
    "mean": 124.24875352578827,
    "rsd_pct": 1.5988879955136515,
    "micro": false
  },
  "mail": {
    "mean": 156.93038602278926,
    "rsd_pct": 0.1500332597508052,
    "micro": false
  },
  "psych-load": {
    "mean": 1913.692969828844,
    "rsd_pct": 0.04051409317265391,
    "micro": false
  },
  "railsbench": {
    "mean": 2087.083906928698,
    "rsd_pct": 1.2412663736863396,
    "micro": false
  },
  "binarytrees": {
    "mean": 361.2367989262566,
    "rsd_pct": 0.08359755660958583,
    "micro": false
  },
  "chunky_png": {
    "mean": 664.1448512673378,
    "rsd_pct": 0.132208213813013,
    "micro": false
  },
  "erubi": {
    "mean": 324.3535306925575,
    "rsd_pct": 0.6706533619452758,
    "micro": false
  },
  "erubi_rails": {
    "mean": 19.819449941659794,
    "rsd_pct": 3.7067152188796753,
    "micro": false
  },
  "fannkuchredux": {
    "mean": 2315.79062367479,
    "rsd_pct": 0.07815099680581025,
    "micro": false
  },
  "lee": {
    "mean": 973.9060981199145,
    "rsd_pct": 1.6436370746460929,
    "micro": false
  },
  "nbody": {
    "mean": 94.47755552259565,
    "rsd_pct": 0.12724202743264584,
    "micro": false
  },
  "optcarrot": {
    "mean": 3492.027271538973,
    "rsd_pct": 0.5946613119002743,
    "micro": false
  },
  "rubykon": {
    "mean": 6889.523388942082,
    "rsd_pct": 2.613593220647933,
    "micro": false
  },
  "30k_ifelse": {
    "mean": 359.621135416356,
    "rsd_pct": 0.0829188783389329,
    "micro": true
  },
  "30k_methods": {
    "mean": 864.2078643156724,
    "rsd_pct": 0.012098645730693742,
    "micro": true
  },
  "cfunc_itself": {
    "mean": 46.315337526936865,
    "rsd_pct": 0.5948630096738313,
    "micro": true
  },
  "fib": {
    "mean": 63.31328328639742,
    "rsd_pct": 0.04188829258201277,
    "micro": true
  },
  "getivar": {
    "mean": 44.22974106659781,
    "rsd_pct": 0.09084124352693346,
    "micro": true
  },
  "keyword_args": {
    "mean": 55.10317797954746,
    "rsd_pct": 0.2368897356761338,
    "micro": true
  },
  "respond_to": {
    "mean": 183.69433524034847,
    "rsd_pct": 0.15244883011114663,
    "micro": true
  },
  "setivar": {
    "mean": 49.727482261250216,
    "rsd_pct": 0.11607363245321864,
    "micro": true
  },
  "str_concat": {
    "mean": 46.982541895422045,
    "rsd_pct": 1.245043871502079,
    "micro": true
  }
}