{
  "activerecord": {
    "mean": 104.76027564657608,
    "rsd_pct": 0.4743467501837601,
    "micro": false
  },
  "hexapdf": {
    "mean": 2325.7845817754664,
    "rsd_pct": 2.7623352497471454,
    "micro": false
  },
  "liquid-render": {
    "mean": 123.83634694910879,
    "rsd_pct": 1.6995332970229102,
    "micro": false
  },
  "mail": {
    "mean": 157.392407188148,
    "rsd_pct": 1.3339508406317582,
    "micro": false
  },
  "psych-load": {
    "mean": 1923.459829390049,
    "rsd_pct": 0.023208096356949672,
    "micro": false
  },
  "railsbench": {
    "mean": 2090.7362261166177,
    "rsd_pct": 1.0590181397486527,
    "micro": false
  },
  "binarytrees": {
    "mean": 377.68507841974497,
    "rsd_pct": 0.0412412515032166,
    "micro": false
  },
  "chunky_png": {
    "mean": 644.496761697034,
    "rsd_pct": 0.10202877481595597,
    "micro": false
  },
  "erubi": {
    "mean": 315.07499332750035,
    "rsd_pct": 0.6614422404581205,
    "micro": false
  },
  "erubi_rails": {
    "mean": 19.65007760006154,
    "rsd_pct": 3.3751706668126604,
    "micro": false
  },
  "fannkuchredux": {
    "mean": 6950.92732720077,
    "rsd_pct": 0.7145425897351099,
    "micro": false
  },
  "lee": {
    "mean": 944.2535298211234,
    "rsd_pct": 0.6985755238628586,
    "micro": false
  },
  "nbody": {
    "mean": 95.01053245160087,
    "rsd_pct": 0.18460123135128556,
    "micro": false
  },
  "optcarrot": {
    "mean": 3464.684654896458,
    "rsd_pct": 0.5929966681755139,
    "micro": false
  },
  "rubykon": {
    "mean": 6791.046043361227,
    "rsd_pct": 0.4881617753718331,
    "micro": false
  },
  "30k_ifelse": {
    "mean": 357.26539002332305,
    "rsd_pct": 0.08008934797242374,
    "micro": true
  },
  "30k_methods": {
    "mean": 876.7807324133489,
    "rsd_pct": 0.01930208945278728,
    "micro": true
  },
  "cfunc_itself": {
    "mean": 44.44509959855193,
    "rsd_pct": 0.6297082992527021,
    "micro": true
  },
  "fib": {
    "mean": 63.30755843766152,
    "rsd_pct": 0.04081431373275418,
    "micro": true
  },
  "getivar": {
    "mean": 44.24965061527813,
    "rsd_pct": 0.1255062637251594,
    "micro": true
  },
  "keyword_args": {
    "mean": 53.396877480987854,
    "rsd_pct": 0.12735124228446926,
    "micro": true
  },
  "respond_to": {
    "mean": 183.95770199668522,
    "rsd_pct": 0.22660410724263008,
    "micro": true
  },
  "setivar": {
    "mean": 50.19482054453386,
    "rsd_pct": 0.3220215363101358,
    "micro": true
  },
  "str_concat": {
    "mean": 40.38452901608072,
    "rsd_pct": 1.8465645439574512,
    "micro": true
  }
}