{
  "activerecord": {
    "mean": 149.751327022309,
    "rsd_pct": 0.21314398858892789,
    "micro": false
  },
  "erubi_rails": {
    "mean": 45.63952390135366,
    "rsd_pct": 2.0433501832997614,
    "micro": false
  },
  "hexapdf": {
    "mean": 6141.480554516117,
    "rsd_pct": 2.262624713966402,
    "micro": false
  },
  "liquid-c": {
    "mean": 189.1335390674979,
    "rsd_pct": 1.8605654067747983,
    "micro": false
  },
  "liquid-render": {
    "mean": 357.40578215549755,
    "rsd_pct": 2.244736805280175,
    "micro": false
  },
  "mail": {
    "mean": 375.34874104159445,
    "rsd_pct": 0.21858520544629526,
    "micro": false
  },
  "psych-load": {
    "mean": 5025.057785088818,
    "rsd_pct": 0.059010330161416,
    "micro": false
  },
  "railsbench": {
    "mean": 5462.408623099327,
    "rsd_pct": 0.6945711193752718,
    "micro": false
  },
  "ruby-lsp": {
    "mean": 180.71566798250404,
    "rsd_pct": 11.256927962363712,
    "micro": false
  },
  "sequel": {
    "mean": 200.7706200419846,
    "rsd_pct": 0.17343805997159162,
    "micro": false
  },
  "binarytrees": {
    "mean": 531.7721353237365,
    "rsd_pct": 0.1239384713221102,
    "micro": false
  },
  "chunky_png": {
    "mean": 1546.0505298688076,
    "rsd_pct": 0.1450522597943767,
    "micro": false
  },
  "erubi": {
    "mean": 554.0007782416253,
    "rsd_pct": 0.8175008460149078,
    "micro": false
  },
  "etanni": {
    "mean": 939.7855156178897,
    "rsd_pct": 0.4094037221913177,
    "micro": false
  },
  "fannkuchredux": {
    "mean": 2010.0527005675046,
    "rsd_pct": 0.1476849422586777,
    "micro": false
  },
  "lee": {
    "mean": 2305.7540832530885,
    "rsd_pct": 0.2763324414043504,
    "micro": false
  },
  "nbody": {
    "mean": 175.8507931461701,
    "rsd_pct": 0.062223510385702584,
    "micro": false
  },
  "optcarrot": {
    "mean": 8740.93645301958,
    "rsd_pct": 0.6737062220843434,
    "micro": false
  },
  "ruby-json": {
    "mean": 8915.399945775667,
    "rsd_pct": 0.14018405666726827,
    "micro": false
  },
  "rubykon": {
    "mean": 20700.49988788863,
    "rsd_pct": 0.35483033235572564,
    "micro": false
  },
  "30k_ifelse": {
    "mean": 1938.4771991679643,
    "rsd_pct": 0.03167539887445535,
    "micro": true
  },
  "30k_methods": {
    "mean": 3887.4195264208884,
    "rsd_pct": 0.07345364041693914,
    "micro": true
  },
  "cfunc_itself": {
    "mean": 101.42499227837033,
    "rsd_pct": 0.03446114527626058,
    "micro": true
  },
  "fib": {
    "mean": 191.08884213607251,
    "rsd_pct": 0.00538319882049998,
    "micro": true
  },
  "getivar": {
    "mean": 107.47245909782862,
    "rsd_pct": 0.007597034356487175,
    "micro": true
  },
  "keyword_args": {
    "mean": 191.68000069830939,
    "rsd_pct": 0.14988741616335516,
    "micro": true
  },
  "respond_to": {
    "mean": 99.07130281763908,
    "rsd_pct": 1.4781133489859688,
    "micro": true
  },
  "setivar": {
    "mean": 50.03907387837668,
    "rsd_pct": 0.011881842339222213,
    "micro": true
  },
  "setivar_object": {
    "mean": 127.07373035533168,
    "rsd_pct": 1.4349403710162143,
    "micro": true
  },
  "setivar_young": {
    "mean": 124.01012673594609,
    "rsd_pct": 0.007521966975822556,
    "micro": true
  },
  "str_concat": {
    "mean": 116.21375295215859,
    "rsd_pct": 0.6046382865019412,
    "micro": true
  },
  "throw": {
    "mean": 50.06585084341704,
    "rsd_pct": 0.15403892748864384,
    "micro": true
  }
}