{
  "activerecord": {
    "mean": 105.18237762153149,
    "rsd_pct": 0.5661312648944705,
    "micro": false
  },
  "hexapdf": {
    "mean": 2381.717792650064,
    "rsd_pct": 1.5444692624586742,
    "micro": false
  },
  "liquid-render": {
    "mean": 124.66656489745725,
    "rsd_pct": 1.6129731337351003,
    "micro": false
  },
  "mail": {
    "mean": 160.168672305724,
    "rsd_pct": 0.11831697653018122,
    "micro": false
  },
  "psych-load": {
    "mean": 1915.4704826573532,
    "rsd_pct": 0.052469020852218294,
    "micro": false
  },
  "railsbench": {
    "mean": 2118.3365046977997,
    "rsd_pct": 1.0998779956061973,
    "micro": false
  },
  "binarytrees": {
    "mean": 348.13098062671,
    "rsd_pct": 0.04769600557959384,
    "micro": false
  },
  "chunky_png": {
    "mean": 679.0636678964927,
    "rsd_pct": 0.054362944236717656,
    "micro": false
  },
  "erubi": {
    "mean": 328.185211122036,
    "rsd_pct": 0.7512431770247429,
    "micro": false
  },
  "erubi_rails": {
    "mean": 19.45492851653856,
    "rsd_pct": 3.7770580556797295,
    "micro": false
  },
  "fannkuchredux": {
    "mean": 2491.4938862125077,
    "rsd_pct": 0.26936482780756166,
    "micro": false
  },
  "lee": {
    "mean": 975.7845960557461,
    "rsd_pct": 1.734084165219909,
    "micro": false
  },
  "nbody": {
    "mean": 98.43921301792948,
    "rsd_pct": 0.0643958410180469,
    "micro": false
  },
  "optcarrot": {
    "mean": 3694.7715923190117,
    "rsd_pct": 0.5858907083875913,
    "micro": false
  },
  "rubykon": {
    "mean": 7162.959502885739,
    "rsd_pct": 2.0360159482153968,
    "micro": false
  },
  "30k_ifelse": {
    "mean": 393.1032615695514,
    "rsd_pct": 0.09680853215413303,
    "micro": true
  },
  "30k_methods": {
    "mean": 819.7112195193768,
    "rsd_pct": 0.020911372677142447,
    "micro": true
  },
  "cfunc_itself": {
    "mean": 47.14358325155688,
    "rsd_pct": 0.6195176802385136,
    "micro": true
  },
  "fib": {
    "mean": 66.43385774145524,
    "rsd_pct": 0.13149491646399375,
    "micro": true
  },
  "getivar": {
    "mean": 49.22453363898528,
    "rsd_pct": 0.04413336482234354,
    "micro": true
  },
  "keyword_args": {
    "mean": 55.79622817181406,
    "rsd_pct": 0.30826866121960633,
    "micro": true
  },
  "respond_to": {
    "mean": 200.34297995946625,
    "rsd_pct": 0.08696871794424242,
    "micro": true
  },
  "setivar": {
    "mean": 45.39627339425373,
    "rsd_pct": 0.5537298860940507,
    "micro": true
  },
  "str_concat": {
    "mean": 48.23922806165435,
    "rsd_pct": 1.204229729733966,
    "micro": true
  }
}