{
  "activerecord": {
    "mean": 42.92271664748207,
    "rsd_pct": 0.9294080411015001,
    "micro": false
  },
  "erubi_rails": {
    "mean": 15.067592878497301,
    "rsd_pct": 3.321460131829839,
    "micro": false
  },
  "hexapdf": {
    "mean": 2051.1803117891154,
    "rsd_pct": 1.9824381490348004,
    "micro": false
  },
  "liquid-c": {
    "mean": 59.302596375346184,
    "rsd_pct": 2.031878924114781,
    "micro": false
  },
  "liquid-compile": {
    "mean": 51.74210198068371,
    "rsd_pct": 5.136081676666132,
    "micro": false
  },
  "liquid-render": {
    "mean": 108.05882107587937,
    "rsd_pct": 2.63589085449676,
    "micro": false
  },
  "mail": {
    "mean": 128.3376656520443,
    "rsd_pct": 0.4089979583295636,
    "micro": false
  },
  "psych-load": {
    "mean": 1812.94681938986,
    "rsd_pct": 0.12988018142202168,
    "micro": false
  },
  "railsbench": {
    "mean": 1809.5417696982622,
    "rsd_pct": 1.3527286506453478,
    "micro": false
  },
  "ruby-lsp": {
    "mean": 58.364772482922206,
    "rsd_pct": 19.93877865346536,
    "micro": false
  },
  "sequel": {
    "mean": 67.76016807133281,
    "rsd_pct": 0.7290249784764062,
    "micro": false
  },
  "binarytrees": {
    "mean": 226.3367205477235,
    "rsd_pct": 0.09913114528695557,
    "micro": false
  },
  "chunky_png": {
    "mean": 644.7499305630723,
    "rsd_pct": 0.04315683103828895,
    "micro": false
  },
  "erubi": {
    "mean": 256.18022737594754,
    "rsd_pct": 0.8710980615469858,
    "micro": false
  },
  "etanni": {
    "mean": 412.2492632595822,
    "rsd_pct": 0.4399709600537847,
    "micro": false
  },
  "fannkuchredux": {
    "mean": 781.0550727695227,
    "rsd_pct": 7.296160368951331,
    "micro": false
  },
  "lee": {
    "mean": 919.393236349736,
    "rsd_pct": 0.3756434284983535,
    "micro": false
  },
  "nbody": {
    "mean": 69.22655610186565,
    "rsd_pct": 0.07777886349079739,
    "micro": false
  },
  "optcarrot": {
    "mean": 2264.6737118562064,
    "rsd_pct": 0.6232301926095435,
    "micro": false
  },
  "ruby-json": {
    "mean": 3026.8026493489742,
    "rsd_pct": 0.1814250203171631,
    "micro": false
  },
  "rubykon": {
    "mean": 6761.121690024932,
    "rsd_pct": 0.3644341441588094,
    "micro": false
  },
  "30k_ifelse": {
    "mean": 360.55844185704535,
    "rsd_pct": 0.062224515363055524,
    "micro": true
  },
  "30k_methods": {
    "mean": 859.4230892865554,
    "rsd_pct": 0.017908906956831498,
    "micro": true
  },
  "cfunc_itself": {
    "mean": 38.382604532301315,
    "rsd_pct": 0.20490678531221193,
    "micro": true
  },
  "fib": {
    "mean": 44.64900821980747,
    "rsd_pct": 0.05298071029272005,
    "micro": true
  },
  "getivar": {
    "mean": 21.158770347634952,
    "rsd_pct": 0.2591839120311397,
    "micro": true
  },
  "keyword_args": {
    "mean": 47.760821763328266,
    "rsd_pct": 0.14315771228233173,
    "micro": true
  },
  "respond_to": {
    "mean": 25.205291798256084,
    "rsd_pct": 0.8569764871783977,
    "micro": true
  },
  "setivar": {
    "mean": 11.994916771387153,
    "rsd_pct": 0.08819966638661704,
    "micro": true
  },
  "setivar_object": {
    "mean": 46.65099877742267,
    "rsd_pct": 5.040495152286969,
    "micro": true
  },
  "setivar_young": {
    "mean": 42.323254573679826,
    "rsd_pct": 1.510098119215163,
    "micro": true
  },
  "str_concat": {
    "mean": 42.17676757068573,
    "rsd_pct": 1.437941940267797,
    "micro": true
  },
  "throw": {
    "mean": 24.16726584662261,
    "rsd_pct": 0.2121115951254528,
    "micro": true
  }
}