{
  "activerecord": {
    "mean": 41.617601041914405,
    "rsd_pct": 0.8084558310147011,
    "micro": false
  },
  "erubi_rails": {
    "mean": 15.040021306907404,
    "rsd_pct": 3.4849395948718125,
    "micro": false
  },
  "hexapdf": {
    "mean": 1988.2067040850718,
    "rsd_pct": 2.717549081903823,
    "micro": false
  },
  "liquid-c": {
    "mean": 58.408552230668,
    "rsd_pct": 2.054201593930485,
    "micro": false
  },
  "liquid-render": {
    "mean": 102.38108653575182,
    "rsd_pct": 2.7638867951228394,
    "micro": false
  },
  "mail": {
    "mean": 128.14037191968126,
    "rsd_pct": 0.2728357683189378,
    "micro": false
  },
  "psych-load": {
    "mean": 1803.9095706616838,
    "rsd_pct": 0.12151208367707421,
    "micro": false
  },
  "railsbench": {
    "mean": 1774.7156352425616,
    "rsd_pct": 1.2423394991458323,
    "micro": false
  },
  "ruby-lsp": {
    "mean": 57.057785756482694,
    "rsd_pct": 20.58037469956073,
    "micro": false
  },
  "sequel": {
    "mean": 67.36818512882849,
    "rsd_pct": 0.703943037012275,
    "micro": false
  },
  "binarytrees": {
    "mean": 223.50716383688234,
    "rsd_pct": 0.08709169733478443,
    "micro": false
  },
  "chunky_png": {
    "mean": 605.6044750439469,
    "rsd_pct": 0.055555679262510975,
    "micro": false
  },
  "erubi": {
    "mean": 249.43212901914043,
    "rsd_pct": 0.8081320484752997,
    "micro": false
  },
  "etanni": {
    "mean": 408.1435243521507,
    "rsd_pct": 0.4527951000841799,
    "micro": false
  },
  "fannkuchredux": {
    "mean": 755.3002643757142,
    "rsd_pct": 0.024816303168051525,
    "micro": false
  },
  "lee": {
    "mean": 886.9895471090621,
    "rsd_pct": 0.3531722456360907,
    "micro": false
  },
  "nbody": {
    "mean": 76.90099680509705,
    "rsd_pct": 0.06429798711638769,
    "micro": false
  },
  "optcarrot": {
    "mean": 2245.796068944037,
    "rsd_pct": 0.6162890121532445,
    "micro": false
  },
  "ruby-json": {
    "mean": 3086.410414427519,
    "rsd_pct": 0.09335354741860949,
    "micro": false
  },
  "rubykon": {
    "mean": 6372.654278762639,
    "rsd_pct": 0.7015850002930714,
    "micro": false
  },
  "30k_ifelse": {
    "mean": 361.1652264202183,
    "rsd_pct": 0.05341935069150526,
    "micro": true
  },
  "30k_methods": {
    "mean": 857.1019315201303,
    "rsd_pct": 0.030191772634909214,
    "micro": true
  },
  "cfunc_itself": {
    "mean": 39.319075083022746,
    "rsd_pct": 0.2594628643347394,
    "micro": true
  },
  "fib": {
    "mean": 44.895589479318495,
    "rsd_pct": 0.050769390061504736,
    "micro": true
  },
  "getivar": {
    "mean": 21.410368319386357,
    "rsd_pct": 0.6698581147149244,
    "micro": true
  },
  "keyword_args": {
    "mean": 48.75545952605402,
    "rsd_pct": 0.33252642576292635,
    "micro": true
  },
  "respond_to": {
    "mean": 26.69340237671726,
    "rsd_pct": 0.21630052546918718,
    "micro": true
  },
  "setivar": {
    "mean": 11.992619324298984,
    "rsd_pct": 0.08982292653199907,
    "micro": true
  },
  "setivar_object": {
    "mean": 46.76580084247877,
    "rsd_pct": 2.935626394628055,
    "micro": true
  },
  "setivar_young": {
    "mean": 45.27545764576644,
    "rsd_pct": 0.6711976648235427,
    "micro": true
  },
  "str_concat": {
    "mean": 43.54002437143542,
    "rsd_pct": 1.4698364450195855,
    "micro": true
  },
  "throw": {
    "mean": 22.471742600914133,
    "rsd_pct": 0.2240083052401851,
    "micro": true
  }
}