{
  "activerecord": {
    "mean": 104.14246631873087,
    "rsd_pct": 0.5971643715436615,
    "micro": false
  },
  "hexapdf": {
    "mean": 2364.6609095235667,
    "rsd_pct": 2.464159969347579,
    "micro": false
  },
  "liquid-render": {
    "mean": 125.90810588171965,
    "rsd_pct": 1.5738546787654117,
    "micro": false
  },
  "mail": {
    "mean": 157.62770906209,
    "rsd_pct": 0.15701747480695522,
    "micro": false
  },
  "psych-load": {
    "mean": 1880.4310202598572,
    "rsd_pct": 0.0789446811744756,
    "micro": false
  },
  "railsbench": {
    "mean": 2117.0344884196916,
    "rsd_pct": 0.8356505133769987,
    "micro": false
  },
  "binarytrees": {
    "mean": 364.4930989248678,
    "rsd_pct": 0.10727293470401185,
    "micro": false
  },
  "chunky_png": {
    "mean": 658.0445113281409,
    "rsd_pct": 0.06276485231041248,
    "micro": false
  },
  "erubi": {
    "mean": 323.7878900082385,
    "rsd_pct": 0.6725737632246807,
    "micro": false
  },
  "erubi_rails": {
    "mean": 19.407028275351653,
    "rsd_pct": 3.7356984948007326,
    "micro": false
  },
  "fannkuchredux": {
    "mean": 2354.5664755006633,
    "rsd_pct": 0.20013846491359305,
    "micro": false
  },
  "lee": {
    "mean": 984.5435736700892,
    "rsd_pct": 1.6732379055682765,
    "micro": false
  },
  "nbody": {
    "mean": 94.82444193879914,
    "rsd_pct": 0.16126938702620394,
    "micro": false
  },
  "optcarrot": {
    "mean": 3486.271741737922,
    "rsd_pct": 0.5872031818043533,
    "micro": false
  },
  "rubykon": {
    "mean": 6817.153071115415,
    "rsd_pct": 0.5206332807806575,
    "micro": false
  },
  "30k_ifelse": {
    "mean": 355.34037376887034,
    "rsd_pct": 0.08184878381601622,
    "micro": true
  },
  "30k_methods": {
    "mean": 875.0721524384888,
    "rsd_pct": 0.01857959189891641,
    "micro": true
  },
  "cfunc_itself": {
    "mean": 46.66526485627094,
    "rsd_pct": 0.645275939433817,
    "micro": true
  },
  "fib": {
    "mean": 63.311954954313855,
    "rsd_pct": 0.03911744571254988,
    "micro": true
  },
  "getivar": {
    "mean": 44.22494372943552,
    "rsd_pct": 0.09638805008955353,
    "micro": true
  },
  "keyword_args": {
    "mean": 54.33098179578124,
    "rsd_pct": 0.14554165427729224,
    "micro": true
  },
  "respond_to": {
    "mean": 191.03416152022504,
    "rsd_pct": 0.2860574635729914,
    "micro": true
  },
  "setivar": {
    "mean": 49.99151117265103,
    "rsd_pct": 0.1937580993386104,
    "micro": true
  },
  "str_concat": {
    "mean": 46.452474771757366,
    "rsd_pct": 1.2171832753521121,
    "micro": true
  }
}