{
  "activerecord": {
    "mean": 103.10780005977753,
    "rsd_pct": 0.7193016144609923,
    "micro": false
  },
  "hexapdf": {
    "mean": 2391.9739589095116,
    "rsd_pct": 2.3902949173510066,
    "micro": false
  },
  "liquid-render": {
    "mean": 125.89164431782285,
    "rsd_pct": 1.6517730043609267,
    "micro": false
  },
  "mail": {
    "mean": 154.14805791174717,
    "rsd_pct": 0.19859296532514126,
    "micro": false
  },
  "psych-load": {
    "mean": 1951.7583824694157,
    "rsd_pct": 0.027974061819753537,
    "micro": false
  },
  "railsbench": {
    "mean": 2061.765847106775,
    "rsd_pct": 0.7213454561707476,
    "micro": false
  },
  "binarytrees": {
    "mean": 369.3781461333856,
    "rsd_pct": 0.05442924794922548,
    "micro": false
  },
  "chunky_png": {
    "mean": 644.1877469901116,
    "rsd_pct": 0.05126796997536163,
    "micro": false
  },
  "erubi": {
    "mean": 323.1213874504214,
    "rsd_pct": 0.7075356475324348,
    "micro": false
  },
  "erubi_rails": {
    "mean": 19.241397371145272,
    "rsd_pct": 3.6876591298489556,
    "micro": false
  },
  "fannkuchredux": {
    "mean": 6906.170711417993,
    "rsd_pct": 0.09830880116903451,
    "micro": false
  },
  "lee": {
    "mean": 933.1649522341434,
    "rsd_pct": 0.27104083198156365,
    "micro": false
  },
  "nbody": {
    "mean": 91.11025239845723,
    "rsd_pct": 0.08152183248806856,
    "micro": false
  },
  "optcarrot": {
    "mean": 3434.93878642718,
    "rsd_pct": 0.5922295888346605,
    "micro": false
  },
  "rubykon": {
    "mean": 6795.142101496458,
    "rsd_pct": 0.5492035533509069,
    "micro": false
  },
  "30k_ifelse": {
    "mean": 352.5182849594525,
    "rsd_pct": 0.08835640556347271,
    "micro": true
  },
  "30k_methods": {
    "mean": 863.9028397473422,
    "rsd_pct": 0.020631333526107708,
    "micro": true
  },
  "cfunc_itself": {
    "mean": 45.415206127335466,
    "rsd_pct": 0.5877572519873465,
    "micro": true
  },
  "fib": {
    "mean": 63.31195817107246,
    "rsd_pct": 0.04134190210140638,
    "micro": true
  },
  "getivar": {
    "mean": 44.22158295511224,
    "rsd_pct": 0.09156051577868908,
    "micro": true
  },
  "keyword_args": {
    "mean": 53.17911903784269,
    "rsd_pct": 0.09256098390471393,
    "micro": true
  },
  "respond_to": {
    "mean": 186.85285701363716,
    "rsd_pct": 0.08937915370148297,
    "micro": true
  },
  "setivar": {
    "mean": 50.28023547080187,
    "rsd_pct": 0.30203112520619874,
    "micro": true
  },
  "str_concat": {
    "mean": 42.810992981295215,
    "rsd_pct": 1.7618180455808914,
    "micro": true
  }
}