{
  "activerecord": {
    "mean": 104.0816226617453,
    "rsd_pct": 0.5304115115343262,
    "micro": false
  },
  "hexapdf": {
    "mean": 2282.5630297263465,
    "rsd_pct": 3.0005528867408087,
    "micro": false
  },
  "liquid-render": {
    "mean": 124.49523828970858,
    "rsd_pct": 1.6128504737779161,
    "micro": false
  },
  "mail": {
    "mean": 157.99105123389424,
    "rsd_pct": 0.1575910999194009,
    "micro": false
  },
  "psych-load": {
    "mean": 1929.923453554511,
    "rsd_pct": 0.0258807215792298,
    "micro": false
  },
  "railsbench": {
    "mean": 2163.843392456571,
    "rsd_pct": 1.1877585809126274,
    "micro": false
  },
  "binarytrees": {
    "mean": 377.9358785481207,
    "rsd_pct": 0.04822278276491465,
    "micro": false
  },
  "chunky_png": {
    "mean": 635.9190522062202,
    "rsd_pct": 0.04566494728894658,
    "micro": false
  },
  "erubi": {
    "mean": 324.4895031976123,
    "rsd_pct": 0.7165562402294174,
    "micro": false
  },
  "erubi_rails": {
    "mean": 19.76110239534035,
    "rsd_pct": 3.4933060827787124,
    "micro": false
  },
  "fannkuchredux": {
    "mean": 6948.701195170482,
    "rsd_pct": 0.4093351763747412,
    "micro": false
  },
  "lee": {
    "mean": 927.3201693736371,
    "rsd_pct": 0.7509437525005925,
    "micro": false
  },
  "nbody": {
    "mean": 94.77393769662643,
    "rsd_pct": 0.11929412935340059,
    "micro": false
  },
  "optcarrot": {
    "mean": 3451.5290091435113,
    "rsd_pct": 0.598973735269105,
    "micro": false
  },
  "rubykon": {
    "mean": 6833.8937394320965,
    "rsd_pct": 0.4941187995634157,
    "micro": false
  },
  "30k_ifelse": {
    "mean": 354.53114196258997,
    "rsd_pct": 0.08840014300299541,
    "micro": true
  },
  "30k_methods": {
    "mean": 870.0730031864209,
    "rsd_pct": 0.023328140556260604,
    "micro": true
  },
  "cfunc_itself": {
    "mean": 47.80253963101478,
    "rsd_pct": 0.6941148224746371,
    "micro": true
  },
  "fib": {
    "mean": 63.3156093694861,
    "rsd_pct": 0.039643704433987514,
    "micro": true
  },
  "getivar": {
    "mean": 44.241270623761395,
    "rsd_pct": 0.12195627976531125,
    "micro": true
  },
  "keyword_args": {
    "mean": 53.4352175298515,
    "rsd_pct": 0.6772734227559287,
    "micro": true
  },
  "respond_to": {
    "mean": 185.10770720831297,
    "rsd_pct": 0.14854934935311373,
    "micro": true
  },
  "setivar": {
    "mean": 49.72541988253718,
    "rsd_pct": 0.1146541218904555,
    "micro": true
  },
  "str_concat": {
    "mean": 43.74382369854349,
    "rsd_pct": 1.6970813738061903,
    "micro": true
  }
}