{
  "activerecord": {
    "mean": 303.5078849399551,
    "rsd_pct": 0.5152115728792063,
    "micro": false
  },
  "hexapdf": {
    "mean": 6695.352448119472,
    "rsd_pct": 1.4502393588370586,
    "micro": false
  },
  "liquid-render": {
    "mean": 387.05001751455546,
    "rsd_pct": 1.680628434627092,
    "micro": false
  },
  "mail": {
    "mean": 410.24742990718795,
    "rsd_pct": 0.11717455295142343,
    "micro": false
  },
  "psych-load": {
    "mean": 5581.42228173092,
    "rsd_pct": 0.07465617047651532,
    "micro": false
  },
  "railsbench": {
    "mean": 5971.198046238472,
    "rsd_pct": 1.750115230105679,
    "micro": false
  },
  "ruby-lsp": {
    "mean": 217.4790607309159,
    "rsd_pct": 16.097830318740762,
    "micro": false
  },
  "binarytrees": {
    "mean": 535.1110649185584,
    "rsd_pct": 0.140313665588842,
    "micro": false
  },
  "chunky_png": {
    "mean": 1534.9215529713547,
    "rsd_pct": 0.08933276151738571,
    "micro": false
  },
  "erubi": {
    "mean": 743.0423911017201,
    "rsd_pct": 0.9989316494323887,
    "micro": false
  },
  "erubi_rails": {
    "mean": 49.23584015331246,
    "rsd_pct": 2.4591443519802123,
    "micro": false
  },
  "etanni": {
    "mean": 1142.8610668850265,
    "rsd_pct": 1.247367000044205,
    "micro": false
  },
  "fannkuchredux": {
    "mean": 2306.0898503643416,
    "rsd_pct": 0.12610208197441042,
    "micro": false
  },
  "lee": {
    "mean": 2382.7169853558935,
    "rsd_pct": 0.3367613090473851,
    "micro": false
  },
  "nbody": {
    "mean": 177.24512993331274,
    "rsd_pct": 0.06113764089058876,
    "micro": false
  },
  "optcarrot": {
    "mean": 10442.352325748652,
    "rsd_pct": 0.4544333975229889,
    "micro": false
  },
  "rubykon": {
    "mean": 21413.083546763908,
    "rsd_pct": 0.37130926935802905,
    "micro": false
  },
  "30k_ifelse": {
    "mean": 1923.4570600651205,
    "rsd_pct": 0.04860085425533617,
    "micro": true
  },
  "30k_methods": {
    "mean": 3924.430032504634,
    "rsd_pct": 0.11361170092489839,
    "micro": true
  },
  "cfunc_itself": {
    "mean": 103.21844583120189,
    "rsd_pct": 0.027179726396542862,
    "micro": true
  },
  "fib": {
    "mean": 175.3723592674803,
    "rsd_pct": 0.0075915419414622765,
    "micro": true
  },
  "getivar": {
    "mean": 107.90198177660574,
    "rsd_pct": 0.007826243764902195,
    "micro": true
  },
  "keyword_args": {
    "mean": 151.0623277282947,
    "rsd_pct": 0.011242586904584406,
    "micro": true
  },
  "respond_to": {
    "mean": 99.98496053208198,
    "rsd_pct": 1.3021544676872343,
    "micro": true
  },
  "setivar": {
    "mean": 50.03796872354611,
    "rsd_pct": 0.011713756310832154,
    "micro": true
  },
  "setivar_object": {
    "mean": 127.66221674661506,
    "rsd_pct": 1.246916635191604,
    "micro": true
  },
  "str_concat": {
    "mean": 106.58891927754587,
    "rsd_pct": 0.9893961864499473,
    "micro": true
  }
}