{
  "activerecord": {
    "mean": 104.02668928678747,
    "rsd_pct": 0.45745835302103505,
    "micro": false
  },
  "hexapdf": {
    "mean": 2375.992823454241,
    "rsd_pct": 2.1033308354186016,
    "micro": false
  },
  "liquid-render": {
    "mean": 125.43624287612641,
    "rsd_pct": 1.8704693005209485,
    "micro": false
  },
  "mail": {
    "mean": 160.3779340684414,
    "rsd_pct": 0.3698180479939838,
    "micro": false
  },
  "psych-load": {
    "mean": 1944.1217174753547,
    "rsd_pct": 0.03988034549587328,
    "micro": false
  },
  "railsbench": {
    "mean": 2102.955230884254,
    "rsd_pct": 1.492930082294405,
    "micro": false
  },
  "binarytrees": {
    "mean": 364.5629010134144,
    "rsd_pct": 1.4031754049607954,
    "micro": false
  },
  "chunky_png": {
    "mean": 661.2434381552573,
    "rsd_pct": 0.11812101337885667,
    "micro": false
  },
  "discourse": {
    "mean": 506.6052767680958,
    "rsd_pct": 14.309237961690526,
    "micro": false
  },
  "erubi": {
    "mean": 421.0770971914555,
    "rsd_pct": 0.7728975798507531,
    "micro": false
  },
  "erubi_rails": {
    "mean": 20.119278447260104,
    "rsd_pct": 3.1085107984751614,
    "micro": false
  },
  "fannkuchredux": {
    "mean": 7162.835146300495,
    "rsd_pct": 0.15329120515295666,
    "micro": false
  },
  "lee": {
    "mean": 891.2458379160274,
    "rsd_pct": 0.29676941402272267,
    "micro": false
  },
  "nbody": {
    "mean": 87.93229793613084,
    "rsd_pct": 0.48098369855258816,
    "micro": false
  },
  "optcarrot": {
    "mean": 3431.1952217792473,
    "rsd_pct": 0.619121384053139,
    "micro": false
  },
  "rubykon": {
    "mean": 7882.028946342568,
    "rsd_pct": 0.6300007775534988,
    "micro": false
  },
  "30k_ifelse": {
    "mean": 367.54566045211897,
    "rsd_pct": 0.20396120980573512,
    "micro": true
  },
  "30k_methods": {
    "mean": 886.8762598034333,
    "rsd_pct": 0.06596462058843117,
    "micro": true
  },
  "cfunc_itself": {
    "mean": 47.87649664191391,
    "rsd_pct": 0.9758313952283432,
    "micro": true
  },
  "fib": {
    "mean": 62.581712563980524,
    "rsd_pct": 0.6484892011856411,
    "micro": true
  },
  "getivar": {
    "mean": 42.60918366071446,
    "rsd_pct": 0.7007082719561126,
    "micro": true
  },
  "keyword_args": {
    "mean": 52.801295673898444,
    "rsd_pct": 0.7650802200432166,
    "micro": true
  },
  "respond_to": {
    "mean": 189.725501391177,
    "rsd_pct": 0.3309606454349552,
    "micro": true
  },
  "setivar": {
    "mean": 50.97575697768978,
    "rsd_pct": 0.8415454064877494,
    "micro": true
  },
  "str_concat": {
    "mean": 108.84081185183892,
    "rsd_pct": 1.5244547298158864,
    "micro": true
  }
}