{
  "activerecord": {
    "mean": 104.31544832193974,
    "rsd_pct": 0.4563801409760219,
    "micro": false
  },
  "hexapdf": {
    "mean": 2360.782751813531,
    "rsd_pct": 1.7131431678434503,
    "micro": false
  },
  "liquid-render": {
    "mean": 143.03532323176913,
    "rsd_pct": 1.9756718796362818,
    "micro": false
  },
  "mail": {
    "mean": 186.80504747424965,
    "rsd_pct": 2.718378883790646,
    "micro": false
  },
  "psych-load": {
    "mean": 1994.0039319296677,
    "rsd_pct": 0.16858075986429688,
    "micro": false
  },
  "railsbench": {
    "mean": 2424.9711050341525,
    "rsd_pct": 0.710398154337558,
    "micro": false
  },
  "binarytrees": {
    "mean": 367.8742021608811,
    "rsd_pct": 0.15332794663727956,
    "micro": false
  },
  "chunky_png": {
    "mean": 665.9551359841536,
    "rsd_pct": 0.271028293565002,
    "micro": false
  },
  "discourse": {
    "mean": 531.1663554024857,
    "rsd_pct": 17.518443258342167,
    "micro": false
  },
  "erubi": {
    "mean": 400.22367946043306,
    "rsd_pct": 0.8076971967825946,
    "micro": false
  },
  "erubi_rails": {
    "mean": 24.932591691329545,
    "rsd_pct": 54.804151698237916,
    "micro": false
  },
  "fannkuchredux": {
    "mean": 8974.362636730075,
    "rsd_pct": 0.21441070299425513,
    "micro": false
  },
  "lee": {
    "mean": 933.7361440570517,
    "rsd_pct": 0.215918202678953,
    "micro": false
  },
  "nbody": {
    "mean": 86.70742462304506,
    "rsd_pct": 0.5185684262089558,
    "micro": false
  },
  "optcarrot": {
    "mean": 3411.425755172968,
    "rsd_pct": 0.6115445632373443,
    "micro": false
  },
  "rubykon": {
    "mean": 7920.55602632463,
    "rsd_pct": 3.7933322123280515,
    "micro": false
  },
  "30k_ifelse": {
    "mean": 357.0012506774881,
    "rsd_pct": 0.18989295043450405,
    "micro": true
  },
  "30k_methods": {
    "mean": 878.1618004326116,
    "rsd_pct": 0.06324983167647742,
    "micro": true
  },
  "cfunc_itself": {
    "mean": 44.862191627983584,
    "rsd_pct": 0.9868940404849551,
    "micro": true
  },
  "fib": {
    "mean": 62.48322919127531,
    "rsd_pct": 0.5951928717950721,
    "micro": true
  },
  "getivar": {
    "mean": 42.60161626152694,
    "rsd_pct": 0.7030797302923434,
    "micro": true
  },
  "keyword_args": {
    "mean": 52.64163116178904,
    "rsd_pct": 0.6874026527717416,
    "micro": true
  },
  "respond_to": {
    "mean": 191.04784515757973,
    "rsd_pct": 0.26236958648594694,
    "micro": true
  },
  "setivar": {
    "mean": 51.16940590404428,
    "rsd_pct": 0.7299047995845421,
    "micro": true
  },
  "str_concat": {
    "mean": 107.64015919406607,
    "rsd_pct": 1.482291152001114,
    "micro": true
  }
}