{
  "activerecord": {
    "mean": 147.4857848042097,
    "rsd_pct": 2.2750117009162882,
    "micro": false
  },
  "erubi_rails": {
    "mean": 45.13034977603193,
    "rsd_pct": 11.930909779717274,
    "micro": false
  },
  "hexapdf": {
    "mean": 5953.66454149286,
    "rsd_pct": 2.548697759207336,
    "micro": false
  },
  "liquid-c": {
    "mean": 189.85747852517912,
    "rsd_pct": 0.5596733127985569,
    "micro": false
  },
  "liquid-compile": {
    "mean": 161.96845904884177,
    "rsd_pct": 2.20072293212605,
    "micro": false
  },
  "liquid-render": {
    "mean": 347.7024742211971,
    "rsd_pct": 0.3575832650012946,
    "micro": false
  },
  "mail": {
    "mean": 373.2795472443104,
    "rsd_pct": 0.0831614274482965,
    "micro": false
  },
  "psych-load": {
    "mean": 5384.620346625646,
    "rsd_pct": 0.11052792350194632,
    "micro": false
  },
  "railsbench": {
    "mean": 5335.626748452584,
    "rsd_pct": 0.5675026310731647,
    "micro": false
  },
  "ruby-lsp": {
    "mean": 169.91454508959077,
    "rsd_pct": 4.182629932403931,
    "micro": false
  },
  "sequel": {
    "mean": 206.42043194190288,
    "rsd_pct": 1.0351872204261212,
    "micro": false
  },
  "binarytrees": {
    "mean": 491.59859489092884,
    "rsd_pct": 0.11573406624142857,
    "micro": false
  },
  "chunky_png": {
    "mean": 1514.7799919048946,
    "rsd_pct": 0.35731943716328224,
    "micro": false
  },
  "erubi": {
    "mean": 566.3877269253135,
    "rsd_pct": 0.07679770546341533,
    "micro": false
  },
  "etanni": {
    "mean": 931.4596196446491,
    "rsd_pct": 0.16649561321579306,
    "micro": false
  },
  "fannkuchredux": {
    "mean": 1466.5867866575718,
    "rsd_pct": 0.22085802337796256,
    "micro": false
  },
  "lee": {
    "mean": 2328.4568917006254,
    "rsd_pct": 0.42758008899442934,
    "micro": false
  },
  "nbody": {
    "mean": 156.65260963659318,
    "rsd_pct": 0.08391312875030049,
    "micro": false
  },
  "optcarrot": {
    "mean": 8472.899445767203,
    "rsd_pct": 0.5274215541577656,
    "micro": false
  },
  "ruby-json": {
    "mean": 8097.450893744826,
    "rsd_pct": 0.0676063319473786,
    "micro": false
  },
  "rubykon": {
    "mean": 19329.386874039967,
    "rsd_pct": 0.3969796023788303,
    "micro": false
  },
  "30k_ifelse": {
    "mean": 1599.8893054032867,
    "rsd_pct": 0.030643269524099247,
    "micro": true
  },
  "30k_methods": {
    "mean": 3463.7574972179923,
    "rsd_pct": 0.0783746049316139,
    "micro": true
  },
  "cfunc_itself": {
    "mean": 86.82339500922423,
    "rsd_pct": 0.01232285811732654,
    "micro": true
  },
  "fib": {
    "mean": 123.65893132352669,
    "rsd_pct": 0.07566556806008413,
    "micro": true
  },
  "getivar": {
    "mean": 40.4660469837605,
    "rsd_pct": 0.013496396017168262,
    "micro": true
  },
  "keyword_args": {
    "mean": 121.67686861133777,
    "rsd_pct": 0.02965681051480076,
    "micro": true
  },
  "respond_to": {
    "mean": 73.07183895222275,
    "rsd_pct": 1.6375188551599562,
    "micro": true
  },
  "setivar": {
    "mean": 30.8944720430741,
    "rsd_pct": 0.017282229642659894,
    "micro": true
  },
  "setivar_object": {
    "mean": 113.1253634512676,
    "rsd_pct": 0.006988422335098146,
    "micro": true
  },
  "setivar_young": {
    "mean": 113.13919349323494,
    "rsd_pct": 0.01957430387617889,
    "micro": true
  },
  "str_concat": {
    "mean": 83.284032123629,
    "rsd_pct": 0.23590702308038547,
    "micro": true
  },
  "throw": {
    "mean": 51.88874129654442,
    "rsd_pct": 0.19857834104832356,
    "micro": true
  }
}