{
  "activerecord": {
    "mean": 110.30134393530356,
    "rsd_pct": 0.9456499508748659,
    "micro": false
  },
  "hexapdf": {
    "mean": 2253.2880844548345,
    "rsd_pct": 1.6571179823271327,
    "micro": false
  },
  "jekyll": {
    "mean": 7534.682368952781,
    "rsd_pct": 2.0172096561393533,
    "micro": false
  },
  "liquid-render": {
    "mean": 125.96481344693859,
    "rsd_pct": 1.9199462245847854,
    "micro": false
  },
  "mail": {
    "mean": 138.98703218229227,
    "rsd_pct": 1.0968612390844021,
    "micro": false
  },
  "psych-load": {
    "mean": 1616.391463112086,
    "rsd_pct": 0.2400016562663693,
    "micro": false
  },
  "railsbench": {
    "mean": 2546.4802597649395,
    "rsd_pct": 1.552770858134775,
    "micro": false
  },
  "binarytrees": {
    "mean": 301.9625684409811,
    "rsd_pct": 2.5233401413071137,
    "micro": false
  },
  "fannkuchredux": {
    "mean": 5417.566258274019,
    "rsd_pct": 0.024830215748348896,
    "micro": false
  },
  "lee": {
    "mean": 808.4281325961152,
    "rsd_pct": 1.2382985307425205,
    "micro": false
  },
  "nbody": {
    "mean": 75.418774078571,
    "rsd_pct": 0.04174573593714553,
    "micro": false
  },
  "optcarrot": {
    "mean": 3155.1805099472404,
    "rsd_pct": 0.4639691998300212,
    "micro": false
  },
  "30k_ifelse": {
    "mean": 319.7570563170989,
    "rsd_pct": 0.26686899115238993,
    "micro": true
  },
  "30k_methods": {
    "mean": 753.1215261448832,
    "rsd_pct": 0.05874225825680788,
    "micro": true
  },
  "cfunc_itself": {
    "mean": 38.94982221055894,
    "rsd_pct": 0.27688733574227553,
    "micro": true
  },
  "fib": {
    "mean": 52.02504054705302,
    "rsd_pct": 0.14621714304947506,
    "micro": true
  },
  "getivar": {
    "mean": 36.279187671783745,
    "rsd_pct": 0.08472973138241717,
    "micro": true
  },
  "keyword_args": {
    "mean": 45.581549959634984,
    "rsd_pct": 0.11686264073516979,
    "micro": true
  },
  "respond_to": {
    "mean": 169.37920796351696,
    "rsd_pct": 0.6235469687041824,
    "micro": true
  },
  "setivar": {
    "mean": 42.04780897125602,
    "rsd_pct": 0.14269249958677363,
    "micro": true
  }
}