{
  "activerecord": {
    "mean": 42.85664598621396,
    "rsd_pct": 0.7197131891925951,
    "micro": false
  },
  "erubi_rails": {
    "mean": 15.487428341609563,
    "rsd_pct": 3.99500151146671,
    "micro": false
  },
  "hexapdf": {
    "mean": 2057.658753544092,
    "rsd_pct": 2.6181306899522494,
    "micro": false
  },
  "liquid-c": {
    "mean": 59.41018357267042,
    "rsd_pct": 2.041998085219753,
    "micro": false
  },
  "liquid-compile": {
    "mean": 51.6104574152638,
    "rsd_pct": 5.073916908333728,
    "micro": false
  },
  "liquid-render": {
    "mean": 108.175092911134,
    "rsd_pct": 2.588265931408519,
    "micro": false
  },
  "mail": {
    "mean": 128.43056134395786,
    "rsd_pct": 0.17062406327669213,
    "micro": false
  },
  "psych-load": {
    "mean": 1833.1009606520336,
    "rsd_pct": 0.09197418184450391,
    "micro": false
  },
  "railsbench": {
    "mean": 1815.430332471927,
    "rsd_pct": 1.2527264029343266,
    "micro": false
  },
  "ruby-lsp": {
    "mean": 58.51480306728798,
    "rsd_pct": 19.980336041147,
    "micro": false
  },
  "sequel": {
    "mean": 69.89422990855846,
    "rsd_pct": 0.25791374408925033,
    "micro": false
  },
  "binarytrees": {
    "mean": 222.35839294918466,
    "rsd_pct": 0.08107611955235396,
    "micro": false
  },
  "chunky_png": {
    "mean": 644.3308290094137,
    "rsd_pct": 0.05632930717863681,
    "micro": false
  },
  "erubi": {
    "mean": 261.9838950371272,
    "rsd_pct": 0.846572698079512,
    "micro": false
  },
  "etanni": {
    "mean": 420.91658591137576,
    "rsd_pct": 0.43350898443919494,
    "micro": false
  },
  "fannkuchredux": {
    "mean": 769.9713708460331,
    "rsd_pct": 7.302124647945441,
    "micro": false
  },
  "lee": {
    "mean": 903.2945006408474,
    "rsd_pct": 0.38250663031019966,
    "micro": false
  },
  "nbody": {
    "mean": 76.83797103997607,
    "rsd_pct": 0.05932532693604184,
    "micro": false
  },
  "optcarrot": {
    "mean": 2301.3031193365655,
    "rsd_pct": 0.6198362627802099,
    "micro": false
  },
  "ruby-json": {
    "mean": 3102.48420573771,
    "rsd_pct": 0.11834212240776001,
    "micro": false
  },
  "rubykon": {
    "mean": 7078.560102606813,
    "rsd_pct": 0.37357252692734133,
    "micro": false
  },
  "30k_ifelse": {
    "mean": 359.62280289015985,
    "rsd_pct": 0.06743161204832149,
    "micro": true
  },
  "30k_methods": {
    "mean": 856.9335560921742,
    "rsd_pct": 0.019423124185636208,
    "micro": true
  },
  "cfunc_itself": {
    "mean": 38.94535764266038,
    "rsd_pct": 0.20398834997089377,
    "micro": true
  },
  "fib": {
    "mean": 44.86942926139039,
    "rsd_pct": 0.04602760501560942,
    "micro": true
  },
  "getivar": {
    "mean": 21.15855787059892,
    "rsd_pct": 0.24123262565273434,
    "micro": true
  },
  "keyword_args": {
    "mean": 48.97777412387299,
    "rsd_pct": 0.3173662723841236,
    "micro": true
  },
  "respond_to": {
    "mean": 27.351100895911046,
    "rsd_pct": 0.3740375316283395,
    "micro": true
  },
  "setivar": {
    "mean": 11.99496172404282,
    "rsd_pct": 0.085790088981347,
    "micro": true
  },
  "setivar_object": {
    "mean": 43.69820371938613,
    "rsd_pct": 1.8679135974247405,
    "micro": true
  },
  "setivar_young": {
    "mean": 42.284720723312034,
    "rsd_pct": 1.5204941595257844,
    "micro": true
  },
  "str_concat": {
    "mean": 42.76606879596199,
    "rsd_pct": 1.2580981766233075,
    "micro": true
  },
  "throw": {
    "mean": 23.74489053246185,
    "rsd_pct": 0.2511067872859596,
    "micro": true
  }
}