{
  "activerecord": {
    "mean": 103.32435352825804,
    "rsd_pct": 0.6096691693745564,
    "micro": false
  },
  "hexapdf": {
    "mean": 2298.3203625927367,
    "rsd_pct": 3.0124086196746065,
    "micro": false
  },
  "liquid-render": {
    "mean": 124.86209175816387,
    "rsd_pct": 1.7265323051375687,
    "micro": false
  },
  "mail": {
    "mean": 157.8153698646929,
    "rsd_pct": 0.13228057004353555,
    "micro": false
  },
  "psych-load": {
    "mean": 1922.4279545247555,
    "rsd_pct": 0.03424476545237934,
    "micro": false
  },
  "railsbench": {
    "mean": 2261.9113030532994,
    "rsd_pct": 0.7641106162188804,
    "micro": false
  },
  "binarytrees": {
    "mean": 368.9653341716621,
    "rsd_pct": 0.046539921584688136,
    "micro": false
  },
  "chunky_png": {
    "mean": 637.9547320927182,
    "rsd_pct": 0.11670783296374895,
    "micro": false
  },
  "erubi": {
    "mean": 316.64476492592405,
    "rsd_pct": 0.6088739969836169,
    "micro": false
  },
  "erubi_rails": {
    "mean": 19.333473291126005,
    "rsd_pct": 3.506596913311674,
    "micro": false
  },
  "fannkuchredux": {
    "mean": 6946.958368395765,
    "rsd_pct": 0.0882289565904926,
    "micro": false
  },
  "lee": {
    "mean": 938.8765379609097,
    "rsd_pct": 0.5794970632245895,
    "micro": false
  },
  "nbody": {
    "mean": 93.52291859544188,
    "rsd_pct": 0.08980110870824684,
    "micro": false
  },
  "optcarrot": {
    "mean": 3420.706463729342,
    "rsd_pct": 0.6120033889424034,
    "micro": false
  },
  "rubykon": {
    "mean": 6756.9156133880215,
    "rsd_pct": 0.5484883923620155,
    "micro": false
  },
  "30k_ifelse": {
    "mean": 353.3687071342553,
    "rsd_pct": 0.09350929958736706,
    "micro": true
  },
  "30k_methods": {
    "mean": 873.5788412900133,
    "rsd_pct": 0.017921140474375315,
    "micro": true
  },
  "cfunc_itself": {
    "mean": 44.72764200977814,
    "rsd_pct": 0.6562847566411827,
    "micro": true
  },
  "fib": {
    "mean": 63.30945061904097,
    "rsd_pct": 0.039132186817516484,
    "micro": true
  },
  "getivar": {
    "mean": 44.27749995575111,
    "rsd_pct": 0.1202709038186761,
    "micro": true
  },
  "keyword_args": {
    "mean": 52.678761796269875,
    "rsd_pct": 0.34895722939481094,
    "micro": true
  },
  "respond_to": {
    "mean": 193.82453613126506,
    "rsd_pct": 0.08703846746346643,
    "micro": true
  },
  "setivar": {
    "mean": 46.38014107617296,
    "rsd_pct": 0.11932294661214331,
    "micro": true
  },
  "str_concat": {
    "mean": 43.42523325689344,
    "rsd_pct": 1.6935800720525003,
    "micro": true
  }
}