{
  "activerecord": {
    "mean": 97.39423277122634,
    "rsd_pct": 0.8488367132875078,
    "micro": false
  },
  "hexapdf": {
    "mean": 2321.649614224831,
    "rsd_pct": 2.110234371709355,
    "micro": false
  },
  "liquid-render": {
    "mean": 112.85400832461757,
    "rsd_pct": 1.8665318881636754,
    "micro": false
  },
  "mail": {
    "mean": 153.73903019353747,
    "rsd_pct": 0.1396858048248956,
    "micro": false
  },
  "psych-load": {
    "mean": 1884.5186360180378,
    "rsd_pct": 0.021871120058494616,
    "micro": false
  },
  "railsbench": {
    "mean": 2049.6246322989464,
    "rsd_pct": 1.2310106116882005,
    "micro": false
  },
  "ruby-lsp": {
    "mean": 79.68795687202515,
    "rsd_pct": 16.271078662176944,
    "micro": false
  },
  "binarytrees": {
    "mean": 230.30293951260632,
    "rsd_pct": 3.6993737635491177,
    "micro": false
  },
  "chunky_png": {
    "mean": 618.3490584371611,
    "rsd_pct": 0.053681709782495486,
    "micro": false
  },
  "erubi": {
    "mean": 300.1393890151611,
    "rsd_pct": 0.7976967528690506,
    "micro": false
  },
  "erubi_rails": {
    "mean": 18.458028997048434,
    "rsd_pct": 3.659406950092946,
    "micro": false
  },
  "etanni": {
    "mean": 476.73755266317505,
    "rsd_pct": 0.4777413280275265,
    "micro": false
  },
  "fannkuchredux": {
    "mean": 2284.3425589303174,
    "rsd_pct": 0.029860218599251268,
    "micro": false
  },
  "lee": {
    "mean": 988.795343413949,
    "rsd_pct": 1.7034832295232827,
    "micro": false
  },
  "nbody": {
    "mean": 81.30442065243818,
    "rsd_pct": 0.07588361865608649,
    "micro": false
  },
  "optcarrot": {
    "mean": 3055.9490834673247,
    "rsd_pct": 0.3892726742552349,
    "micro": false
  },
  "rubykon": {
    "mean": 6827.716292440891,
    "rsd_pct": 0.25754670789978273,
    "micro": false
  },
  "30k_ifelse": {
    "mean": 398.3114745467901,
    "rsd_pct": 0.12255300483864598,
    "micro": true
  },
  "30k_methods": {
    "mean": 948.3584271743894,
    "rsd_pct": 0.04074360814714362,
    "micro": true
  },
  "cfunc_itself": {
    "mean": 40.35888616040892,
    "rsd_pct": 0.2452952853676638,
    "micro": true
  },
  "fib": {
    "mean": 61.11193629443099,
    "rsd_pct": 0.04042783408920348,
    "micro": true
  },
  "getivar": {
    "mean": 46.83691971614713,
    "rsd_pct": 0.05404976375000801,
    "micro": true
  },
  "keyword_args": {
    "mean": 52.76386171502153,
    "rsd_pct": 0.23139806633383225,
    "micro": true
  },
  "respond_to": {
    "mean": 30.13416075628849,
    "rsd_pct": 0.3537239086658682,
    "micro": true
  },
  "setivar": {
    "mean": 48.26765599464389,
    "rsd_pct": 0.39996505905659874,
    "micro": true
  },
  "str_concat": {
    "mean": 46.322792768478394,
    "rsd_pct": 1.561315491338055,
    "micro": true
  }
}