{
  "activerecord": {
    "mean": 103.82943645511803,
    "rsd_pct": 0.645417294504327,
    "micro": false
  },
  "hexapdf": {
    "mean": 2375.9073240061603,
    "rsd_pct": 2.4664973921539657,
    "micro": false
  },
  "liquid-render": {
    "mean": 128.05466325419724,
    "rsd_pct": 1.7463637356210244,
    "micro": false
  },
  "mail": {
    "mean": 156.80353756761178,
    "rsd_pct": 0.18313296371321247,
    "micro": false
  },
  "psych-load": {
    "mean": 1916.4044958849747,
    "rsd_pct": 0.01621676830482987,
    "micro": false
  },
  "railsbench": {
    "mean": 2081.5357779463134,
    "rsd_pct": 1.0563893970574063,
    "micro": false
  },
  "binarytrees": {
    "mean": 370.0050071236633,
    "rsd_pct": 0.10627216120420646,
    "micro": false
  },
  "chunky_png": {
    "mean": 657.4877248456081,
    "rsd_pct": 0.048833885742647756,
    "micro": false
  },
  "erubi": {
    "mean": 327.69780520532953,
    "rsd_pct": 0.8404934785994608,
    "micro": false
  },
  "erubi_rails": {
    "mean": 19.509673082282436,
    "rsd_pct": 3.5090192078314426,
    "micro": false
  },
  "fannkuchredux": {
    "mean": 2348.347618430853,
    "rsd_pct": 0.11494829864589068,
    "micro": false
  },
  "lee": {
    "mean": 971.5264523401856,
    "rsd_pct": 0.9961132527556332,
    "micro": false
  },
  "nbody": {
    "mean": 94.57955272495747,
    "rsd_pct": 0.10061351031836407,
    "micro": false
  },
  "optcarrot": {
    "mean": 3650.596021860838,
    "rsd_pct": 0.5800030728801322,
    "micro": false
  },
  "rubykon": {
    "mean": 6868.835387875636,
    "rsd_pct": 0.4331271223203499,
    "micro": false
  },
  "30k_ifelse": {
    "mean": 354.49595911936325,
    "rsd_pct": 0.08720980700276337,
    "micro": true
  },
  "30k_methods": {
    "mean": 868.0641678246585,
    "rsd_pct": 0.02016594372854217,
    "micro": true
  },
  "cfunc_itself": {
    "mean": 46.63047710569894,
    "rsd_pct": 0.6319768952543259,
    "micro": true
  },
  "fib": {
    "mean": 63.343099315488146,
    "rsd_pct": 0.0520131510894368,
    "micro": true
  },
  "getivar": {
    "mean": 44.237644983384804,
    "rsd_pct": 0.11382577937625872,
    "micro": true
  },
  "keyword_args": {
    "mean": 54.916878146668004,
    "rsd_pct": 0.17430851467123543,
    "micro": true
  },
  "respond_to": {
    "mean": 182.6773237866851,
    "rsd_pct": 0.2621074785913377,
    "micro": true
  },
  "setivar": {
    "mean": 49.7448383769402,
    "rsd_pct": 0.1316612318499028,
    "micro": true
  },
  "str_concat": {
    "mean": 44.56879389440771,
    "rsd_pct": 1.3817672687911562,
    "micro": true
  }
}