{
  "activerecord": {
    "mean": 104.42887817683456,
    "rsd_pct": 0.4496806564134291,
    "micro": false
  },
  "hexapdf": {
    "mean": 2195.2307764440775,
    "rsd_pct": 1.1157214217087035,
    "micro": false
  },
  "jekyll": {
    "mean": 7501.1541137471795,
    "rsd_pct": 2.482370996326298,
    "micro": false
  },
  "liquid-render": {
    "mean": 117.27576388150268,
    "rsd_pct": 1.9665054882999258,
    "micro": false
  },
  "mail": {
    "mean": 142.61093904765752,
    "rsd_pct": 0.6621532356540842,
    "micro": false
  },
  "psych-load": {
    "mean": 1712.432508636266,
    "rsd_pct": 0.6987285885172191,
    "micro": false
  },
  "railsbench": {
    "mean": 2413.7120398692787,
    "rsd_pct": 1.6371670782885244,
    "micro": false
  },
  "binarytrees": {
    "mean": 280.068228787352,
    "rsd_pct": 2.7414844559808538,
    "micro": false
  },
  "fannkuchredux": {
    "mean": 5464.92019649595,
    "rsd_pct": 0.020428054329651776,
    "micro": false
  },
  "lee": {
    "mean": 791.5040071238764,
    "rsd_pct": 1.3711988028416333,
    "micro": false
  },
  "nbody": {
    "mean": 74.92592536159411,
    "rsd_pct": 0.03803029189420369,
    "micro": false
  },
  "optcarrot": {
    "mean": 3303.554141614586,
    "rsd_pct": 0.45797257884130416,
    "micro": false
  },
  "rubykon": {
    "mean": 5704.169731866568,
    "rsd_pct": 0.7106625336508563,
    "micro": false
  },
  "30k_ifelse": {
    "mean": 311.112097636969,
    "rsd_pct": 0.21533000294214064,
    "micro": true
  },
  "30k_methods": {
    "mean": 757.2730189079748,
    "rsd_pct": 0.0389884056898294,
    "micro": true
  },
  "cfunc_itself": {
    "mean": 39.925572517274965,
    "rsd_pct": 0.3158455417392745,
    "micro": true
  },
  "fib": {
    "mean": 52.06281211475531,
    "rsd_pct": 0.03650249310945129,
    "micro": true
  },
  "getivar": {
    "mean": 35.47148017419709,
    "rsd_pct": 0.06649002871410048,
    "micro": true
  },
  "keyword_args": {
    "mean": 47.182466731552616,
    "rsd_pct": 0.16250234693386878,
    "micro": true
  },
  "respond_to": {
    "mean": 154.764869917805,
    "rsd_pct": 0.660858148486935,
    "micro": true
  },
  "setivar": {
    "mean": 41.984882987874414,
    "rsd_pct": 0.06119287865607418,
    "micro": true
  }
}