{
  "activerecord": {
    "mean": 106.34391606860869,
    "rsd_pct": 0.9190508434112458,
    "micro": false
  },
  "hexapdf": {
    "mean": 2171.058550104499,
    "rsd_pct": 1.3759114837900825,
    "micro": false
  },
  "jekyll": {
    "mean": 7502.006194988887,
    "rsd_pct": 2.7778550738387833,
    "micro": false
  },
  "liquid-render": {
    "mean": 120.61960973663827,
    "rsd_pct": 2.0603347889074035,
    "micro": false
  },
  "mail": {
    "mean": 145.77885707840323,
    "rsd_pct": 1.175308040245017,
    "micro": false
  },
  "psych-load": {
    "mean": 1694.3162211527426,
    "rsd_pct": 0.7745795922755185,
    "micro": false
  },
  "railsbench": {
    "mean": 2188.570171346267,
    "rsd_pct": 1.5428028643504117,
    "micro": false
  },
  "binarytrees": {
    "mean": 276.9932929083876,
    "rsd_pct": 0.18597787729555837,
    "micro": false
  },
  "erubi": {
    "mean": 437.7586499367859,
    "rsd_pct": 1.2158652637593572,
    "micro": false
  },
  "erubi_rails": {
    "mean": 36.65079832845639,
    "rsd_pct": 19.447415356124775,
    "micro": false
  },
  "fannkuchredux": {
    "mean": 5643.6511140316725,
    "rsd_pct": 0.051094202274809854,
    "micro": false
  },
  "lee": {
    "mean": 740.7444516817728,
    "rsd_pct": 1.6067158230241552,
    "micro": false
  },
  "nbody": {
    "mean": 74.46225458327083,
    "rsd_pct": 0.053504604043166176,
    "micro": false
  },
  "optcarrot": {
    "mean": 3281.9701297829547,
    "rsd_pct": 0.6577713636541558,
    "micro": false
  },
  "rubykon": {
    "mean": 5750.418499112129,
    "rsd_pct": 0.32483039900577565,
    "micro": false
  },
  "30k_ifelse": {
    "mean": 318.58078668323844,
    "rsd_pct": 0.09315585594836226,
    "micro": true
  },
  "30k_methods": {
    "mean": 744.4445030190624,
    "rsd_pct": 0.03650086621722872,
    "micro": true
  },
  "cfunc_itself": {
    "mean": 39.62888292223215,
    "rsd_pct": 0.25798513603316553,
    "micro": true
  },
  "fib": {
    "mean": 52.136960757930346,
    "rsd_pct": 0.3807376531430303,
    "micro": true
  },
  "getivar": {
    "mean": 35.5057011806732,
    "rsd_pct": 0.0579594622851131,
    "micro": true
  },
  "keyword_args": {
    "mean": 45.555284353360975,
    "rsd_pct": 0.143893196731357,
    "micro": true
  },
  "respond_to": {
    "mean": 156.20206207544967,
    "rsd_pct": 0.5176967699242483,
    "micro": true
  },
  "setivar": {
    "mean": 39.265519140560635,
    "rsd_pct": 0.16649770576048817,
    "micro": true
  }
}