{
  "activerecord": {
    "mean": 106.44053933315314,
    "rsd_pct": 0.3647499232070804,
    "micro": false
  },
  "hexapdf": {
    "mean": 2177.4311299901456,
    "rsd_pct": 1.1093904385427358,
    "micro": false
  },
  "jekyll": {
    "mean": 7445.221387036145,
    "rsd_pct": 1.901368421351483,
    "micro": false
  },
  "liquid-render": {
    "mean": 130.30390490247453,
    "rsd_pct": 3.544130550519367,
    "micro": false
  },
  "mail": {
    "mean": 139.39778902742984,
    "rsd_pct": 0.35195533418322894,
    "micro": false
  },
  "psych-load": {
    "mean": 1626.4666688162833,
    "rsd_pct": 0.05817589748418243,
    "micro": false
  },
  "railsbench": {
    "mean": 2363.7955327983946,
    "rsd_pct": 2.156557053006581,
    "micro": false
  },
  "binarytrees": {
    "mean": 289.543947702179,
    "rsd_pct": 2.6613139202137006,
    "micro": false
  },
  "fannkuchredux": {
    "mean": 5388.650936679915,
    "rsd_pct": 0.0804586049180639,
    "micro": false
  },
  "lee": {
    "mean": 801.8124605218569,
    "rsd_pct": 0.8058652275466552,
    "micro": false
  },
  "nbody": {
    "mean": 75.75598594677798,
    "rsd_pct": 0.04078086279513687,
    "micro": false
  },
  "optcarrot": {
    "mean": 3046.0012410301715,
    "rsd_pct": 0.2632538730836363,
    "micro": false
  },
  "30k_ifelse": {
    "mean": 317.634681213366,
    "rsd_pct": 0.29617697188925973,
    "micro": true
  },
  "30k_methods": {
    "mean": 756.3063340152012,
    "rsd_pct": 0.0664472467190785,
    "micro": true
  },
  "cfunc_itself": {
    "mean": 38.77330656999008,
    "rsd_pct": 0.31873549764016235,
    "micro": true
  },
  "fib": {
    "mean": 52.013241006682314,
    "rsd_pct": 0.057690901227006826,
    "micro": true
  },
  "getivar": {
    "mean": 36.22741159139684,
    "rsd_pct": 0.10585349514373588,
    "micro": true
  },
  "keyword_args": {
    "mean": 45.45428118841766,
    "rsd_pct": 0.06853514972976159,
    "micro": true
  },
  "respond_to": {
    "mean": 172.81447316273906,
    "rsd_pct": 1.371464268664229,
    "micro": true
  },
  "setivar": {
    "mean": 37.35179171724871,
    "rsd_pct": 0.3110333239472427,
    "micro": true
  }
}