{
  "activerecord": {
    "mean": 104.85034005921237,
    "rsd_pct": 0.4960692201917512,
    "micro": false
  },
  "hexapdf": {
    "mean": 2413.5062344372272,
    "rsd_pct": 1.5017721250745488,
    "micro": false
  },
  "liquid-render": {
    "mean": 128.01593479610258,
    "rsd_pct": 2.270875648822536,
    "micro": false
  },
  "mail": {
    "mean": 159.54742409409053,
    "rsd_pct": 0.39737949146731266,
    "micro": false
  },
  "psych-load": {
    "mean": 2039.6827864150207,
    "rsd_pct": 0.17139189293990215,
    "micro": false
  },
  "railsbench": {
    "mean": 2101.1588676522174,
    "rsd_pct": 1.3931633722796102,
    "micro": false
  },
  "binarytrees": {
    "mean": 366.07687728246674,
    "rsd_pct": 0.14504372368982016,
    "micro": false
  },
  "chunky_png": {
    "mean": 680.3142399495018,
    "rsd_pct": 0.11090930204480595,
    "micro": false
  },
  "discourse": {
    "mean": 479.9834457743499,
    "rsd_pct": 1.994709354641624,
    "micro": false
  },
  "erubi": {
    "mean": 401.0729400098932,
    "rsd_pct": 0.664871975527498,
    "micro": false
  },
  "erubi_rails": {
    "mean": 19.988795796355287,
    "rsd_pct": 3.780707765751525,
    "micro": false
  },
  "fannkuchredux": {
    "mean": 8804.894578953585,
    "rsd_pct": 0.12745890722620826,
    "micro": false
  },
  "lee": {
    "mean": 925.9672227892138,
    "rsd_pct": 1.3280142140225226,
    "micro": false
  },
  "nbody": {
    "mean": 91.04561095463706,
    "rsd_pct": 0.45749779714036415,
    "micro": false
  },
  "optcarrot": {
    "mean": 3456.0068544000387,
    "rsd_pct": 0.6150219233650293,
    "micro": false
  },
  "rubykon": {
    "mean": 7768.786993871133,
    "rsd_pct": 4.890806652215899,
    "micro": false
  },
  "30k_ifelse": {
    "mean": 357.6644375851309,
    "rsd_pct": 0.18436069997140506,
    "micro": true
  },
  "30k_methods": {
    "mean": 883.7798891419715,
    "rsd_pct": 0.06028437225729501,
    "micro": true
  },
  "cfunc_itself": {
    "mean": 47.958685067267375,
    "rsd_pct": 1.030969640254239,
    "micro": true
  },
  "fib": {
    "mean": 62.49358492786996,
    "rsd_pct": 0.611250020123419,
    "micro": true
  },
  "getivar": {
    "mean": 42.6162821394103,
    "rsd_pct": 0.7274351031781014,
    "micro": true
  },
  "keyword_args": {
    "mean": 52.96593128885857,
    "rsd_pct": 0.79268419704782,
    "micro": true
  },
  "respond_to": {
    "mean": 187.65182407029593,
    "rsd_pct": 0.29861668150716825,
    "micro": true
  },
  "setivar": {
    "mean": 53.95666632459692,
    "rsd_pct": 0.6224364994700792,
    "micro": true
  },
  "str_concat": {
    "mean": 112.86984570324421,
    "rsd_pct": 1.5931808701596684,
    "micro": true
  }
}