{
  "activerecord": {
    "mean": 102.33915698451874,
    "rsd_pct": 0.6462759290342551,
    "micro": false
  },
  "hexapdf": {
    "mean": 2351.9395937522254,
    "rsd_pct": 2.553410736461206,
    "micro": false
  },
  "liquid-render": {
    "mean": 123.58931452035904,
    "rsd_pct": 1.6779874878873162,
    "micro": false
  },
  "mail": {
    "mean": 156.71794137030136,
    "rsd_pct": 0.23709961901991425,
    "micro": false
  },
  "psych-load": {
    "mean": 1916.3915274043877,
    "rsd_pct": 0.027506878443340817,
    "micro": false
  },
  "railsbench": {
    "mean": 2048.9645617703595,
    "rsd_pct": 1.2320331461748149,
    "micro": false
  },
  "binarytrees": {
    "mean": 362.89255405691534,
    "rsd_pct": 0.05404901189625603,
    "micro": false
  },
  "chunky_png": {
    "mean": 671.2681658565998,
    "rsd_pct": 0.20439137840371374,
    "micro": false
  },
  "erubi": {
    "mean": 296.4902099599873,
    "rsd_pct": 0.7293237319719672,
    "micro": false
  },
  "erubi_rails": {
    "mean": 19.073744208867105,
    "rsd_pct": 3.5842119637746004,
    "micro": false
  },
  "fannkuchredux": {
    "mean": 2309.036530057589,
    "rsd_pct": 0.07169841509552626,
    "micro": false
  },
  "lee": {
    "mean": 951.9115228738103,
    "rsd_pct": 0.973214967489826,
    "micro": false
  },
  "nbody": {
    "mean": 92.72976658005912,
    "rsd_pct": 0.08729855699505489,
    "micro": false
  },
  "optcarrot": {
    "mean": 3453.971978276968,
    "rsd_pct": 0.6331237409901355,
    "micro": false
  },
  "rubykon": {
    "mean": 6739.573309818904,
    "rsd_pct": 0.6187764926531029,
    "micro": false
  },
  "30k_ifelse": {
    "mean": 362.2294893996282,
    "rsd_pct": 0.10947208554691198,
    "micro": true
  },
  "30k_methods": {
    "mean": 785.7097241282463,
    "rsd_pct": 0.020016746006343993,
    "micro": true
  },
  "cfunc_itself": {
    "mean": 45.06512232918858,
    "rsd_pct": 0.7370811320724014,
    "micro": true
  },
  "fib": {
    "mean": 62.73405941542964,
    "rsd_pct": 0.03955138128389551,
    "micro": true
  },
  "getivar": {
    "mean": 42.75126598464946,
    "rsd_pct": 0.048003752812205515,
    "micro": true
  },
  "keyword_args": {
    "mean": 52.55056003455728,
    "rsd_pct": 0.25913955766726643,
    "micro": true
  },
  "respond_to": {
    "mean": 186.36957967565172,
    "rsd_pct": 0.8645798838658428,
    "micro": true
  },
  "setivar": {
    "mean": 45.81601199172779,
    "rsd_pct": 0.38952052395192216,
    "micro": true
  },
  "str_concat": {
    "mean": 47.30609298200795,
    "rsd_pct": 1.1336384852624766,
    "micro": true
  }
}