{
  "activerecord": {
    "mean": 144.88536920242603,
    "rsd_pct": 2.5129856869822693,
    "micro": false
  },
  "erubi_rails": {
    "mean": 45.12714464568867,
    "rsd_pct": 13.127044115850977,
    "micro": false
  },
  "hexapdf": {
    "mean": 5840.118265524507,
    "rsd_pct": 2.5049426644779698,
    "micro": false
  },
  "liquid-c": {
    "mean": 191.61503222331274,
    "rsd_pct": 1.4940157620455778,
    "micro": false
  },
  "liquid-compile": {
    "mean": 163.39215325812498,
    "rsd_pct": 0.5572072867639771,
    "micro": false
  },
  "liquid-render": {
    "mean": 366.4345335849422,
    "rsd_pct": 1.9816452203753137,
    "micro": false
  },
  "mail": {
    "mean": 361.11691780388355,
    "rsd_pct": 0.11413336927778077,
    "micro": false
  },
  "psych-load": {
    "mean": 5209.485783427954,
    "rsd_pct": 0.09029706540997205,
    "micro": false
  },
  "railsbench": {
    "mean": 5350.3813572227955,
    "rsd_pct": 0.6854917076938342,
    "micro": false
  },
  "ruby-lsp": {
    "mean": 176.17070268500936,
    "rsd_pct": 11.666809081347752,
    "micro": false
  },
  "sequel": {
    "mean": 200.66843845922014,
    "rsd_pct": 1.2644058774903837,
    "micro": false
  },
  "binarytrees": {
    "mean": 490.6961198275288,
    "rsd_pct": 0.16162791061833573,
    "micro": false
  },
  "chunky_png": {
    "mean": 1541.178212935726,
    "rsd_pct": 0.392108933931278,
    "micro": false
  },
  "erubi": {
    "mean": 586.6846816637848,
    "rsd_pct": 0.8660747098704783,
    "micro": false
  },
  "etanni": {
    "mean": 934.5685730175096,
    "rsd_pct": 0.4026016009062551,
    "micro": false
  },
  "fannkuchredux": {
    "mean": 1497.6684286330756,
    "rsd_pct": 0.2299716089462453,
    "micro": false
  },
  "lee": {
    "mean": 2419.448635762646,
    "rsd_pct": 0.341812279909972,
    "micro": false
  },
  "nbody": {
    "mean": 153.5401271091521,
    "rsd_pct": 0.08626709403438898,
    "micro": false
  },
  "optcarrot": {
    "mean": 8804.710918540755,
    "rsd_pct": 0.4869475864472209,
    "micro": false
  },
  "ruby-json": {
    "mean": 8140.336906164885,
    "rsd_pct": 0.047484788432668644,
    "micro": false
  },
  "rubykon": {
    "mean": 19507.9554186513,
    "rsd_pct": 0.7655647333349788,
    "micro": false
  },
  "30k_ifelse": {
    "mean": 1598.890312490138,
    "rsd_pct": 0.040823158202823354,
    "micro": true
  },
  "30k_methods": {
    "mean": 3465.457291625764,
    "rsd_pct": 0.06320135499116737,
    "micro": true
  },
  "cfunc_itself": {
    "mean": 86.83544481173158,
    "rsd_pct": 0.020322167820863282,
    "micro": true
  },
  "fib": {
    "mean": 123.64002863510645,
    "rsd_pct": 0.06596158647586065,
    "micro": true
  },
  "getivar": {
    "mean": 40.46650085266743,
    "rsd_pct": 0.013811257944159081,
    "micro": true
  },
  "keyword_args": {
    "mean": 123.48502164603852,
    "rsd_pct": 1.28665096782674,
    "micro": true
  },
  "respond_to": {
    "mean": 82.82445266072732,
    "rsd_pct": 1.06190237116769,
    "micro": true
  },
  "setivar": {
    "mean": 30.89459636206747,
    "rsd_pct": 0.0179119722638033,
    "micro": true
  },
  "setivar_object": {
    "mean": 115.68056049573923,
    "rsd_pct": 1.6035662068883179,
    "micro": true
  },
  "setivar_young": {
    "mean": 113.13626370234888,
    "rsd_pct": 0.018940436296374038,
    "micro": true
  },
  "str_concat": {
    "mean": 83.59872570742439,
    "rsd_pct": 0.9794411379108915,
    "micro": true
  },
  "throw": {
    "mean": 48.93426403305599,
    "rsd_pct": 0.20175796274996965,
    "micro": true
  }
}