{
  "activerecord": {
    "mean": 103.86857466870232,
    "rsd_pct": 0.7197629928173971,
    "micro": false
  },
  "hexapdf": {
    "mean": 2402.1577580521503,
    "rsd_pct": 1.4586157923850005,
    "micro": false
  },
  "liquid-render": {
    "mean": 127.43718727568911,
    "rsd_pct": 2.0547471888529287,
    "micro": false
  },
  "mail": {
    "mean": 160.99944275112884,
    "rsd_pct": 0.3525845991717354,
    "micro": false
  },
  "psych-load": {
    "mean": 1924.1005825499694,
    "rsd_pct": 0.032900537441863185,
    "micro": false
  },
  "railsbench": {
    "mean": 2100.4988430688777,
    "rsd_pct": 1.3531023700300713,
    "micro": false
  },
  "binarytrees": {
    "mean": 363.8490966506421,
    "rsd_pct": 1.4773119968392443,
    "micro": false
  },
  "chunky_png": {
    "mean": 661.8310486705138,
    "rsd_pct": 0.13763576231916202,
    "micro": false
  },
  "discourse": {
    "mean": 521.7665132680318,
    "rsd_pct": 16.53306567492316,
    "micro": false
  },
  "erubi": {
    "mean": 426.9004424518727,
    "rsd_pct": 0.8506542957189008,
    "micro": false
  },
  "erubi_rails": {
    "mean": 19.80001488505127,
    "rsd_pct": 3.6757691222483,
    "micro": false
  },
  "fannkuchredux": {
    "mean": 6985.050649692615,
    "rsd_pct": 0.10394385672197609,
    "micro": false
  },
  "lee": {
    "mean": 913.9032849025997,
    "rsd_pct": 0.24658208373255358,
    "micro": false
  },
  "nbody": {
    "mean": 88.04888147522102,
    "rsd_pct": 0.8747549540265698,
    "micro": false
  },
  "optcarrot": {
    "mean": 3504.659622286757,
    "rsd_pct": 0.5645237588170879,
    "micro": false
  },
  "rubykon": {
    "mean": 7951.351219167312,
    "rsd_pct": 0.5176135175691507,
    "micro": false
  },
  "30k_ifelse": {
    "mean": 358.72122740203685,
    "rsd_pct": 0.1957369375903749,
    "micro": true
  },
  "30k_methods": {
    "mean": 883.9255253869025,
    "rsd_pct": 0.06147065867537311,
    "micro": true
  },
  "cfunc_itself": {
    "mean": 45.14482328232651,
    "rsd_pct": 0.9419505055865083,
    "micro": true
  },
  "fib": {
    "mean": 62.59176860268587,
    "rsd_pct": 0.6198959773121495,
    "micro": true
  },
  "getivar": {
    "mean": 42.61405922890176,
    "rsd_pct": 0.6939568657732927,
    "micro": true
  },
  "keyword_args": {
    "mean": 52.82998813055856,
    "rsd_pct": 0.7314524311425233,
    "micro": true
  },
  "respond_to": {
    "mean": 193.34430666196914,
    "rsd_pct": 0.2955272389616741,
    "micro": true
  },
  "setivar": {
    "mean": 54.24345600937935,
    "rsd_pct": 0.6660087840087953,
    "micro": true
  },
  "str_concat": {
    "mean": 108.8682620072274,
    "rsd_pct": 1.3941820524736555,
    "micro": true
  }
}