{
  "activerecord": {
    "mean": 42.68148322560035,
    "rsd_pct": 0.7870086964640319,
    "micro": false
  },
  "hexapdf": {
    "mean": 2001.7613237102826,
    "rsd_pct": 2.2912754936502315,
    "micro": false
  },
  "liquid-c": {
    "mean": 58.37765367444921,
    "rsd_pct": 2.0472454713195973,
    "micro": false
  },
  "liquid-render": {
    "mean": 104.54989762878732,
    "rsd_pct": 2.6395821975456912,
    "micro": false
  },
  "mail": {
    "mean": 129.4737527594454,
    "rsd_pct": 0.22367734870529302,
    "micro": false
  },
  "psych-load": {
    "mean": 1773.6508996536334,
    "rsd_pct": 0.058961065008904426,
    "micro": false
  },
  "railsbench": {
    "mean": 1806.7365708450477,
    "rsd_pct": 1.157608516046273,
    "micro": false
  },
  "ruby-lsp": {
    "mean": 58.03974927742436,
    "rsd_pct": 19.38969075542346,
    "micro": false
  },
  "sequel": {
    "mean": 67.17430110705101,
    "rsd_pct": 0.3835072801692831,
    "micro": false
  },
  "binarytrees": {
    "mean": 233.90008584551867,
    "rsd_pct": 0.09500358237567726,
    "micro": false
  },
  "chunky_png": {
    "mean": 623.1919391138945,
    "rsd_pct": 0.0430105976082605,
    "micro": false
  },
  "erubi": {
    "mean": 251.4568634590582,
    "rsd_pct": 0.8272068912034042,
    "micro": false
  },
  "erubi_rails": {
    "mean": 15.077367194070117,
    "rsd_pct": 3.7017161340198688,
    "micro": false
  },
  "etanni": {
    "mean": 414.1669565384897,
    "rsd_pct": 0.44717887512201837,
    "micro": false
  },
  "fannkuchredux": {
    "mean": 867.3440070984805,
    "rsd_pct": 0.06643678437804851,
    "micro": false
  },
  "lee": {
    "mean": 908.966381590636,
    "rsd_pct": 0.37030361784511384,
    "micro": false
  },
  "nbody": {
    "mean": 75.09078984183813,
    "rsd_pct": 0.08470840186247491,
    "micro": false
  },
  "optcarrot": {
    "mean": 2563.211621840795,
    "rsd_pct": 0.6678761099912157,
    "micro": false
  },
  "ruby-json": {
    "mean": 3085.3030178695917,
    "rsd_pct": 0.06496053047748801,
    "micro": false
  },
  "rubykon": {
    "mean": 6693.7975358217955,
    "rsd_pct": 0.3824384466608033,
    "micro": false
  },
  "30k_ifelse": {
    "mean": 420.73161725668194,
    "rsd_pct": 0.06415873291567971,
    "micro": true
  },
  "30k_methods": {
    "mean": 944.7608862870505,
    "rsd_pct": 0.05304263819392678,
    "micro": true
  },
  "cfunc_itself": {
    "mean": 42.574042669742724,
    "rsd_pct": 0.4781465619770144,
    "micro": true
  },
  "fib": {
    "mean": 61.701183457410444,
    "rsd_pct": 0.056115908750903554,
    "micro": true
  },
  "getivar": {
    "mean": 45.792569628480926,
    "rsd_pct": 0.06730189381537603,
    "micro": true
  },
  "keyword_args": {
    "mean": 54.49340290445936,
    "rsd_pct": 0.1427320206677908,
    "micro": true
  },
  "respond_to": {
    "mean": 30.83160882484646,
    "rsd_pct": 0.5144564012175612,
    "micro": true
  },
  "setivar": {
    "mean": 14.805676462473693,
    "rsd_pct": 0.1296831881900259,
    "micro": true
  },
  "setivar_object": {
    "mean": 47.33456440172842,
    "rsd_pct": 1.5175636946686057,
    "micro": true
  },
  "str_concat": {
    "mean": 45.40603407240611,
    "rsd_pct": 1.3833666528535555,
    "micro": true
  },
  "throw": {
    "mean": 23.928871763174435,
    "rsd_pct": 0.23031353935058932,
    "micro": true
  }
}