{
  "activerecord": {
    "mean": 320.92096502647587,
    "rsd_pct": 0.22578422366632955,
    "micro": false
  },
  "hexapdf": {
    "mean": 6219.021192193031,
    "rsd_pct": 2.077939967910859,
    "micro": false
  },
  "liquid-c": {
    "mean": 188.0733051190251,
    "rsd_pct": 1.7870204035270836,
    "micro": false
  },
  "liquid-render": {
    "mean": 361.27105404279735,
    "rsd_pct": 2.1518755704049473,
    "micro": false
  },
  "mail": {
    "mean": 375.69820235091214,
    "rsd_pct": 0.26281025679796305,
    "micro": false
  },
  "psych-load": {
    "mean": 5343.33041459322,
    "rsd_pct": 0.0635930627035337,
    "micro": false
  },
  "railsbench": {
    "mean": 5503.58590024213,
    "rsd_pct": 0.7588358129189684,
    "micro": false
  },
  "ruby-lsp": {
    "mean": 184.52850619755816,
    "rsd_pct": 12.069499406635037,
    "micro": false
  },
  "sequel": {
    "mean": 433.8338881610863,
    "rsd_pct": 2.5035951619467656,
    "micro": false
  },
  "binarytrees": {
    "mean": 529.0540805449937,
    "rsd_pct": 0.8905638899655891,
    "micro": false
  },
  "chunky_png": {
    "mean": 1517.6810873672366,
    "rsd_pct": 0.09814844507200494,
    "micro": false
  },
  "erubi": {
    "mean": 568.1878091068938,
    "rsd_pct": 0.8476518950944569,
    "micro": false
  },
  "erubi_rails": {
    "mean": 45.953141542918544,
    "rsd_pct": 2.1636601605808843,
    "micro": false
  },
  "etanni": {
    "mean": 921.5729718174165,
    "rsd_pct": 0.526772633135344,
    "micro": false
  },
  "fannkuchredux": {
    "mean": 2045.8686842542627,
    "rsd_pct": 0.10917687814119328,
    "micro": false
  },
  "lee": {
    "mean": 2241.702239960432,
    "rsd_pct": 0.2218256843061817,
    "micro": false
  },
  "nbody": {
    "mean": 177.10033077341706,
    "rsd_pct": 0.05038008355877843,
    "micro": false
  },
  "optcarrot": {
    "mean": 10555.489175145825,
    "rsd_pct": 0.6969901689926582,
    "micro": false
  },
  "ruby-json": {
    "mean": 8201.5108153224,
    "rsd_pct": 0.04646956770560872,
    "micro": false
  },
  "rubykon": {
    "mean": 21413.475553691387,
    "rsd_pct": 0.38369535414918887,
    "micro": false
  },
  "30k_ifelse": {
    "mean": 1931.7209756675552,
    "rsd_pct": 0.026768881489451026,
    "micro": true
  },
  "30k_methods": {
    "mean": 3902.929945449744,
    "rsd_pct": 0.05061995344705858,
    "micro": true
  },
  "cfunc_itself": {
    "mean": 102.49660566324208,
    "rsd_pct": 0.016761111768650413,
    "micro": true
  },
  "fib": {
    "mean": 191.0914026212305,
    "rsd_pct": 0.007699341490531474,
    "micro": true
  },
  "getivar": {
    "mean": 107.47508432100946,
    "rsd_pct": 0.009320974568777769,
    "micro": true
  },
  "keyword_args": {
    "mean": 197.3568562058677,
    "rsd_pct": 0.02060606554533317,
    "micro": true
  },
  "respond_to": {
    "mean": 105.07025374214591,
    "rsd_pct": 2.009100628154789,
    "micro": true
  },
  "setivar": {
    "mean": 50.039433831418,
    "rsd_pct": 0.012151714879667888,
    "micro": true
  },
  "setivar_object": {
    "mean": 126.74187811349995,
    "rsd_pct": 1.4185784073935697,
    "micro": true
  },
  "str_concat": {
    "mean": 96.7819955574078,
    "rsd_pct": 0.9638198101719759,
    "micro": true
  },
  "throw": {
    "mean": 49.69958529861786,
    "rsd_pct": 0.17524985439132146,
    "micro": true
  }
}