{
  "cfunc_itself.rb": {
    "mean": 41.17720747980908,
    "rsd_pct": 0.29290295263299476
  },
  "fib.rb": {
    "mean": 57.436700196041116,
    "rsd_pct": 0.04826362887050614
  },
  "getivar.rb": {
    "mean": 36.2223236725461,
    "rsd_pct": 0.053039044148859564
  },
  "respond_to.rb": {
    "mean": 162.53775632445726,
    "rsd_pct": 0.27389563330472655
  },
  "setivar.rb": {
    "mean": 43.661895086401486,
    "rsd_pct": 0.10405743818028262
  },
  "30k_methods.rb": {
    "mean": 722.6525983876652,
    "rsd_pct": 0.026154743406474255
  },
  "30k_ifelse.rb": {
    "mean": 339.19772324722487,
    "rsd_pct": 0.18710357268419245
  },
  "fannkuchredux": {
    "mean": 5445.113609964028,
    "rsd_pct": 0.15450749945130854
  },
  "nbody": {
    "mean": 72.30941111078897,
    "rsd_pct": 0.04601607282849412
  },
  "binarytrees": {
    "mean": 301.87911858471733,
    "rsd_pct": 0.28779064800962323
  },
  "psych-load": {
    "mean": 1758.1307139014825,
    "rsd_pct": 0.5331395900896292
  },
  "lee": {
    "mean": 792.4929237633478,
    "rsd_pct": 1.8040080327689494
  },
  "liquid-render": {
    "mean": 146.64356451019586,
    "rsd_pct": 2.7261302135434473
  },
  "activerecord": {
    "mean": 110.32234713283562,
    "rsd_pct": 1.8712678374094802
  },
  "optcarrot": {
    "mean": 3160.479241493158,
    "rsd_pct": 0.40129245486684795
  },
  "jekyll": {
    "mean": 7568.400579760782,
    "rsd_pct": 1.8739064278959332
  },
  "mail": {
    "mean": 149.74424572343506,
    "rsd_pct": 1.6830793960057486
  },
  "railsbench": {
    "mean": 2728.12060310971,
    "rsd_pct": 1.6013387445425051
  }
}