{
  "activerecord": {
    "mean": 147.98571644685612,
    "rsd_pct": 0.23348869854775195,
    "micro": false
  },
  "erubi_rails": {
    "mean": 45.39051700545394,
    "rsd_pct": 2.086475476620442,
    "micro": false
  },
  "hexapdf": {
    "mean": 6138.183918471138,
    "rsd_pct": 1.2937066086914202,
    "micro": false
  },
  "liquid-c": {
    "mean": 186.17978128826334,
    "rsd_pct": 1.910833964128639,
    "micro": false
  },
  "liquid-render": {
    "mean": 350.2411093740236,
    "rsd_pct": 2.296398722092174,
    "micro": false
  },
  "mail": {
    "mean": 370.9405602544154,
    "rsd_pct": 0.147903122629444,
    "micro": false
  },
  "psych-load": {
    "mean": 5487.284476930897,
    "rsd_pct": 0.031773781091155036,
    "micro": false
  },
  "railsbench": {
    "mean": 5447.628934805592,
    "rsd_pct": 0.6950894952408285,
    "micro": false
  },
  "ruby-lsp": {
    "mean": 202.056030198191,
    "rsd_pct": 18.555626427017327,
    "micro": false
  },
  "sequel": {
    "mean": 199.53947256294055,
    "rsd_pct": 0.16201042497777662,
    "micro": false
  },
  "binarytrees": {
    "mean": 506.1435661771718,
    "rsd_pct": 0.12734033959266247,
    "micro": false
  },
  "chunky_png": {
    "mean": 1464.5021655014716,
    "rsd_pct": 0.0701600593590021,
    "micro": false
  },
  "erubi": {
    "mean": 580.3364516020968,
    "rsd_pct": 0.817593243307873,
    "micro": false
  },
  "etanni": {
    "mean": 915.0190377172004,
    "rsd_pct": 0.51016267523273,
    "micro": false
  },
  "fannkuchredux": {
    "mean": 1791.8699846967406,
    "rsd_pct": 0.06031979088959399,
    "micro": false
  },
  "lee": {
    "mean": 2257.8594222487436,
    "rsd_pct": 0.2540113010606335,
    "micro": false
  },
  "nbody": {
    "mean": 174.62364586936684,
    "rsd_pct": 0.05880327103112369,
    "micro": false
  },
  "optcarrot": {
    "mean": 9739.687679832181,
    "rsd_pct": 0.7093038717322372,
    "micro": false
  },
  "ruby-json": {
    "mean": 7954.464910055201,
    "rsd_pct": 0.061807352168115635,
    "micro": false
  },
  "rubykon": {
    "mean": 20744.210143263143,
    "rsd_pct": 0.39044368840655697,
    "micro": false
  },
  "30k_ifelse": {
    "mean": 1907.2707500308752,
    "rsd_pct": 0.043254514861979704,
    "micro": true
  },
  "30k_methods": {
    "mean": 3879.102981338898,
    "rsd_pct": 0.0688748586200309,
    "micro": true
  },
  "cfunc_itself": {
    "mean": 96.54949753113637,
    "rsd_pct": 0.17422362118102466,
    "micro": true
  },
  "fib": {
    "mean": 157.94593250424958,
    "rsd_pct": 0.006855019686979418,
    "micro": true
  },
  "getivar": {
    "mean": 67.00903036281329,
    "rsd_pct": 0.009856501227901784,
    "micro": true
  },
  "keyword_args": {
    "mean": 149.56060568151133,
    "rsd_pct": 0.019242504030057228,
    "micro": true
  },
  "respond_to": {
    "mean": 104.5380325631003,
    "rsd_pct": 0.46612548696832395,
    "micro": true
  },
  "setivar": {
    "mean": 39.18288886232742,
    "rsd_pct": 0.01636252812863226,
    "micro": true
  },
  "setivar_object": {
    "mean": 124.17759529227833,
    "rsd_pct": 0.9819162058066939,
    "micro": true
  },
  "setivar_young": {
    "mean": 122.14289154184775,
    "rsd_pct": 0.028951679395430172,
    "micro": true
  },
  "str_concat": {
    "mean": 101.11498670499017,
    "rsd_pct": 0.7620886686954529,
    "micro": true
  },
  "throw": {
    "mean": 50.85350438466161,
    "rsd_pct": 0.15320125224261533,
    "micro": true
  }
}