{
  "activerecord": {
    "mean": 104.620890110403,
    "rsd_pct": 0.6545814021870493,
    "micro": false
  },
  "hexapdf": {
    "mean": 1992.492144399633,
    "rsd_pct": 1.7182942458422505,
    "micro": false
  },
  "liquid-c": {
    "mean": 58.079458786791896,
    "rsd_pct": 2.1428418860750313,
    "micro": false
  },
  "liquid-render": {
    "mean": 105.14245649670904,
    "rsd_pct": 2.8513800081481118,
    "micro": false
  },
  "mail": {
    "mean": 130.379939732444,
    "rsd_pct": 0.3198713994990161,
    "micro": false
  },
  "psych-load": {
    "mean": 1781.2918913550675,
    "rsd_pct": 0.03273946147014963,
    "micro": false
  },
  "railsbench": {
    "mean": 1840.2219312886398,
    "rsd_pct": 1.1720291831707665,
    "micro": false
  },
  "ruby-lsp": {
    "mean": 58.73003168509597,
    "rsd_pct": 20.51914153726114,
    "micro": false
  },
  "sequel": {
    "mean": 161.8742474615574,
    "rsd_pct": 2.421675167234331,
    "micro": false
  },
  "binarytrees": {
    "mean": 238.3278169534562,
    "rsd_pct": 0.07257673183410493,
    "micro": false
  },
  "chunky_png": {
    "mean": 626.097843181924,
    "rsd_pct": 0.04012004028968864,
    "micro": false
  },
  "erubi": {
    "mean": 246.90280347847596,
    "rsd_pct": 0.8636515148683226,
    "micro": false
  },
  "erubi_rails": {
    "mean": 15.601612690149649,
    "rsd_pct": 3.4753140380134613,
    "micro": false
  },
  "etanni": {
    "mean": 406.8727291014511,
    "rsd_pct": 0.4849846887399829,
    "micro": false
  },
  "fannkuchredux": {
    "mean": 840.628565410557,
    "rsd_pct": 0.07942537418583272,
    "micro": false
  },
  "lee": {
    "mean": 934.3966179823673,
    "rsd_pct": 0.33414156544974627,
    "micro": false
  },
  "nbody": {
    "mean": 72.40717077914339,
    "rsd_pct": 0.09230471433278539,
    "micro": false
  },
  "optcarrot": {
    "mean": 2578.4243412315845,
    "rsd_pct": 0.6927665951884028,
    "micro": false
  },
  "ruby-json": {
    "mean": 3000.840205575029,
    "rsd_pct": 0.047941017496871255,
    "micro": false
  },
  "rubykon": {
    "mean": 6800.389187720914,
    "rsd_pct": 0.3784680159017597,
    "micro": false
  },
  "30k_ifelse": {
    "mean": 426.3768709446911,
    "rsd_pct": 0.05757935236294816,
    "micro": true
  },
  "30k_methods": {
    "mean": 950.3794424901051,
    "rsd_pct": 0.03471987723941035,
    "micro": true
  },
  "cfunc_itself": {
    "mean": 42.147024388572106,
    "rsd_pct": 0.29333643142102656,
    "micro": true
  },
  "fib": {
    "mean": 61.88544583284864,
    "rsd_pct": 0.04747115714844346,
    "micro": true
  },
  "getivar": {
    "mean": 45.8001074917324,
    "rsd_pct": 0.07178072336417768,
    "micro": true
  },
  "keyword_args": {
    "mean": 53.824471715357035,
    "rsd_pct": 0.18451126514725774,
    "micro": true
  },
  "respond_to": {
    "mean": 30.642317492651557,
    "rsd_pct": 0.5677057992627149,
    "micro": true
  },
  "setivar": {
    "mean": 14.808126904967207,
    "rsd_pct": 0.16449586223858492,
    "micro": true
  },
  "setivar_object": {
    "mean": 47.78893837120107,
    "rsd_pct": 0.04884541509298723,
    "micro": true
  },
  "str_concat": {
    "mean": 41.6368980231064,
    "rsd_pct": 1.5398862108445468,
    "micro": true
  }
}