{
  "activerecord": {
    "mean": 111.49374746763316,
    "rsd_pct": 0.44606104883939485,
    "micro": false
  },
  "hexapdf": {
    "mean": 2371.5073777983584,
    "rsd_pct": 1.8953908952568888,
    "micro": false
  },
  "liquid-render": {
    "mean": 127.93986063308208,
    "rsd_pct": 1.9482887876215444,
    "micro": false
  },
  "mail": {
    "mean": 163.20538734335724,
    "rsd_pct": 0.3949750876114921,
    "micro": false
  },
  "psych-load": {
    "mean": 1960.7895778492093,
    "rsd_pct": 0.051164395698198605,
    "micro": false
  },
  "railsbench": {
    "mean": 2202.84645780921,
    "rsd_pct": 1.5251728587189664,
    "micro": false
  },
  "binarytrees": {
    "mean": 344.4752065492246,
    "rsd_pct": 0.16211986202916714,
    "micro": false
  },
  "chunky_png": {
    "mean": 664.5304482119778,
    "rsd_pct": 0.10042524119165507,
    "micro": false
  },
  "discourse": {
    "mean": 566.0171441405136,
    "rsd_pct": 1.4720738750860105,
    "micro": false
  },
  "erubi": {
    "mean": 420.9874304166685,
    "rsd_pct": 0.7138390518967416,
    "micro": false
  },
  "erubi_rails": {
    "mean": 20.262140159168162,
    "rsd_pct": 3.443599875681552,
    "micro": false
  },
  "fannkuchredux": {
    "mean": 7488.398980535567,
    "rsd_pct": 0.19511651768993934,
    "micro": false
  },
  "lee": {
    "mean": 893.9681804146279,
    "rsd_pct": 1.7748612113893398,
    "micro": false
  },
  "nbody": {
    "mean": 87.46325270220322,
    "rsd_pct": 0.5083766803531944,
    "micro": false
  },
  "optcarrot": {
    "mean": 3550.1577515775957,
    "rsd_pct": 0.5845873568568242,
    "micro": false
  },
  "rubykon": {
    "mean": 6434.827586822212,
    "rsd_pct": 0.3533146063978413,
    "micro": false
  },
  "30k_ifelse": {
    "mean": 354.4536029242656,
    "rsd_pct": 0.17466239394391883,
    "micro": true
  },
  "30k_methods": {
    "mean": 876.495311036706,
    "rsd_pct": 0.06401320514231194,
    "micro": true
  },
  "cfunc_itself": {
    "mean": 45.790104933744956,
    "rsd_pct": 0.8814786173872027,
    "micro": true
  },
  "fib": {
    "mean": 62.49071448401082,
    "rsd_pct": 0.614463648990595,
    "micro": true
  },
  "getivar": {
    "mean": 42.55765734501836,
    "rsd_pct": 0.7205218105667321,
    "micro": true
  },
  "keyword_args": {
    "mean": 55.30371984827582,
    "rsd_pct": 0.6783613261203816,
    "micro": true
  },
  "respond_to": {
    "mean": 193.8537767832624,
    "rsd_pct": 0.2865812227493383,
    "micro": true
  },
  "setivar": {
    "mean": 52.6914501810743,
    "rsd_pct": 0.6600500246433719,
    "micro": true
  }
}