{
  "activerecord": {
    "mean": 113.48412880834893,
    "rsd_pct": 0.497530332811005,
    "micro": false
  },
  "hexapdf": {
    "mean": 2385.089160129428,
    "rsd_pct": 1.3638549236229787,
    "micro": false
  },
  "liquid-render": {
    "mean": 129.3998245012269,
    "rsd_pct": 1.9147185268833844,
    "micro": false
  },
  "mail": {
    "mean": 163.47786501696532,
    "rsd_pct": 0.3271750618315817,
    "micro": false
  },
  "psych-load": {
    "mean": 1925.3293803330355,
    "rsd_pct": 0.04890850742374247,
    "micro": false
  },
  "railsbench": {
    "mean": 2214.9141337974775,
    "rsd_pct": 1.262665143461919,
    "micro": false
  },
  "binarytrees": {
    "mean": 347.0471721456852,
    "rsd_pct": 0.17325495268461355,
    "micro": false
  },
  "discourse": {
    "mean": 61.459966060095304,
    "rsd_pct": 36.57283479751415,
    "micro": false
  },
  "erubi": {
    "mean": 416.79104879040096,
    "rsd_pct": 0.673598786807492,
    "micro": false
  },
  "erubi_rails": {
    "mean": 20.851293902992378,
    "rsd_pct": 3.5884223398691915,
    "micro": false
  },
  "fannkuchredux": {
    "mean": 6787.891750932128,
    "rsd_pct": 0.3974269488401429,
    "micro": false
  },
  "lee": {
    "mean": 906.7271732307166,
    "rsd_pct": 1.5087743586829334,
    "micro": false
  },
  "nbody": {
    "mean": 89.6439000034059,
    "rsd_pct": 0.4316786816966162,
    "micro": false
  },
  "optcarrot": {
    "mean": 3613.20650553486,
    "rsd_pct": 0.5608299208567896,
    "micro": false
  },
  "rubykon": {
    "mean": 6324.88713573548,
    "rsd_pct": 0.3027854951227467,
    "micro": false
  },
  "30k_ifelse": {
    "mean": 355.03054641991514,
    "rsd_pct": 0.1670813532391154,
    "micro": true
  },
  "30k_methods": {
    "mean": 875.9128384977389,
    "rsd_pct": 0.05510201331051841,
    "micro": true
  },
  "cfunc_itself": {
    "mean": 44.55093824317575,
    "rsd_pct": 0.8686509135020607,
    "micro": true
  },
  "fib": {
    "mean": 62.52167048096453,
    "rsd_pct": 0.5738029033391641,
    "micro": true
  },
  "getivar": {
    "mean": 42.55383599656107,
    "rsd_pct": 0.6764592278786562,
    "micro": true
  },
  "keyword_args": {
    "mean": 52.62718579761369,
    "rsd_pct": 0.6161484386909436,
    "micro": true
  },
  "respond_to": {
    "mean": 192.07510437977146,
    "rsd_pct": 0.32246617420393625,
    "micro": true
  },
  "setivar": {
    "mean": 52.453374600973724,
    "rsd_pct": 0.5262123805179479,
    "micro": true
  }
}