{
  "activerecord": {
    "mean": 105.30567108408401,
    "rsd_pct": 0.31342493188746634,
    "micro": false
  },
  "hexapdf": {
    "mean": 2184.687182120979,
    "rsd_pct": 1.8100410802886817,
    "micro": false
  },
  "jekyll": {
    "mean": 7518.946103937924,
    "rsd_pct": 3.23986836419315,
    "micro": false
  },
  "liquid-render": {
    "mean": 114.88244212427718,
    "rsd_pct": 2.0866167469381747,
    "micro": false
  },
  "mail": {
    "mean": 147.8196970282999,
    "rsd_pct": 2.0313442493701537,
    "micro": false
  },
  "psych-load": {
    "mean": 1641.5376434102654,
    "rsd_pct": 0.3743039161308728,
    "micro": false
  },
  "railsbench": {
    "mean": 2397.3342069114246,
    "rsd_pct": 1.4461513433385433,
    "micro": false
  },
  "binarytrees": {
    "mean": 281.4230518950813,
    "rsd_pct": 2.8296547342845337,
    "micro": false
  },
  "erubi": {
    "mean": 439.09892035648227,
    "rsd_pct": 1.6829721696706172,
    "micro": false
  },
  "erubi_rails": {
    "mean": 33.68972157507823,
    "rsd_pct": 4.454751739914392,
    "micro": false
  },
  "fannkuchredux": {
    "mean": 5418.912993309398,
    "rsd_pct": 0.1021295797958969,
    "micro": false
  },
  "lee": {
    "mean": 743.3875128626823,
    "rsd_pct": 1.308190824162141,
    "micro": false
  },
  "nbody": {
    "mean": 73.27545132574899,
    "rsd_pct": 0.04826371235147697,
    "micro": false
  },
  "optcarrot": {
    "mean": 3248.241838874916,
    "rsd_pct": 0.6916591873433618,
    "micro": false
  },
  "rubykon": {
    "mean": 5541.481776162982,
    "rsd_pct": 0.4719517059740106,
    "micro": false
  },
  "30k_ifelse": {
    "mean": 307.87749246519525,
    "rsd_pct": 0.09698132685170437,
    "micro": true
  },
  "30k_methods": {
    "mean": 741.5833063065432,
    "rsd_pct": 0.18472883199000206,
    "micro": true
  },
  "cfunc_itself": {
    "mean": 40.1681467467908,
    "rsd_pct": 0.3234262962330742,
    "micro": true
  },
  "fib": {
    "mean": 52.088539993910814,
    "rsd_pct": 0.08000506677241073,
    "micro": true
  },
  "getivar": {
    "mean": 35.4808401862295,
    "rsd_pct": 0.04584188289259118,
    "micro": true
  },
  "keyword_args": {
    "mean": 46.58695246339187,
    "rsd_pct": 0.10016902483774394,
    "micro": true
  },
  "respond_to": {
    "mean": 157.06904454699418,
    "rsd_pct": 0.3534035185326819,
    "micro": true
  },
  "setivar": {
    "mean": 39.134653524837816,
    "rsd_pct": 0.18248105221584904,
    "micro": true
  }
}