{
  "activerecord": {
    "mean": 357.8845695145218,
    "rsd_pct": 0.797003194735471,
    "micro": false
  },
  "hexapdf": {
    "mean": 6851.47408892711,
    "rsd_pct": 1.5072449021332888,
    "micro": false
  },
  "liquid-render": {
    "mean": 403.1214701632659,
    "rsd_pct": 1.5741508860309765,
    "micro": false
  },
  "mail": {
    "mean": 409.63998007034695,
    "rsd_pct": 0.13169880373486076,
    "micro": false
  },
  "psych-load": {
    "mean": 5680.318420318265,
    "rsd_pct": 0.07549856669663223,
    "micro": false
  },
  "railsbench": {
    "mean": 6035.945542280872,
    "rsd_pct": 0.8516566262157627,
    "micro": false
  },
  "ruby-lsp": {
    "mean": 209.81088283934167,
    "rsd_pct": 9.797164093506701,
    "micro": false
  },
  "sequel": {
    "mean": 400.27930010666154,
    "rsd_pct": 2.2596299344652886,
    "micro": false
  },
  "binarytrees": {
    "mean": 526.2022351353676,
    "rsd_pct": 0.07265121075197355,
    "micro": false
  },
  "chunky_png": {
    "mean": 1545.69416254526,
    "rsd_pct": 0.1542128217465093,
    "micro": false
  },
  "erubi": {
    "mean": 600.6797797588715,
    "rsd_pct": 1.4948174227283813,
    "micro": false
  },
  "erubi_rails": {
    "mean": 50.602873932903066,
    "rsd_pct": 2.333605604660193,
    "micro": false
  },
  "etanni": {
    "mean": 917.5022985520108,
    "rsd_pct": 0.5538560676773016,
    "micro": false
  },
  "fannkuchredux": {
    "mean": 2526.899792253971,
    "rsd_pct": 0.06002067625366825,
    "micro": false
  },
  "lee": {
    "mean": 2422.431051110228,
    "rsd_pct": 0.3224066647448136,
    "micro": false
  },
  "nbody": {
    "mean": 178.83732705044426,
    "rsd_pct": 0.06789144366527751,
    "micro": false
  },
  "optcarrot": {
    "mean": 11424.4081415236,
    "rsd_pct": 0.3530317193992633,
    "micro": false
  },
  "rubykon": {
    "mean": 21485.49394980073,
    "rsd_pct": 0.44992828759304543,
    "micro": false
  },
  "30k_ifelse": {
    "mean": 1920.7417484745383,
    "rsd_pct": 0.019611777771273792,
    "micro": true
  },
  "30k_methods": {
    "mean": 3946.0211292884887,
    "rsd_pct": 0.04814297692052053,
    "micro": true
  },
  "cfunc_itself": {
    "mean": 102.838162547399,
    "rsd_pct": 0.09665449387130257,
    "micro": true
  },
  "fib": {
    "mean": 182.2811699629976,
    "rsd_pct": 0.00976037585265783,
    "micro": true
  },
  "getivar": {
    "mean": 107.46804183003763,
    "rsd_pct": 0.008505244422303285,
    "micro": true
  },
  "keyword_args": {
    "mean": 144.82855886308243,
    "rsd_pct": 0.010464404830210008,
    "micro": true
  },
  "respond_to": {
    "mean": 99.96156405095022,
    "rsd_pct": 0.6245304348604356,
    "micro": true
  },
  "setivar": {
    "mean": 50.04643084248528,
    "rsd_pct": 0.01587805599769466,
    "micro": true
  },
  "setivar_object": {
    "mean": 127.30091413806,
    "rsd_pct": 1.0427610639630678,
    "micro": true
  },
  "str_concat": {
    "mean": 106.65125707880809,
    "rsd_pct": 1.0079460802950502,
    "micro": true
  }
}