{
  "activerecord": {
    "mean": 110.23012966245085,
    "rsd_pct": 0.5196552224002327,
    "micro": false
  },
  "hexapdf": {
    "mean": 2439.651133492589,
    "rsd_pct": 1.5682385554225344,
    "micro": false
  },
  "liquid-render": {
    "mean": 127.59602401712084,
    "rsd_pct": 1.9369444965634894,
    "micro": false
  },
  "mail": {
    "mean": 162.3879564758085,
    "rsd_pct": 0.3455014560741422,
    "micro": false
  },
  "psych-load": {
    "mean": 1946.495306926469,
    "rsd_pct": 0.04140897861887771,
    "micro": false
  },
  "railsbench": {
    "mean": 2172.3401602357626,
    "rsd_pct": 1.2638285797796993,
    "micro": false
  },
  "binarytrees": {
    "mean": 369.9507507806023,
    "rsd_pct": 1.6669678505967225,
    "micro": false
  },
  "chunky_png": {
    "mean": 660.4491830803454,
    "rsd_pct": 0.12108963710064427,
    "micro": false
  },
  "discourse": {
    "mean": 508.0866079385343,
    "rsd_pct": 12.645688838544237,
    "micro": false
  },
  "erubi": {
    "mean": 420.20162052296575,
    "rsd_pct": 0.8480567668419949,
    "micro": false
  },
  "erubi_rails": {
    "mean": 20.728003425561816,
    "rsd_pct": 3.390926949435374,
    "micro": false
  },
  "fannkuchredux": {
    "mean": 7016.050385807951,
    "rsd_pct": 0.2126960552247041,
    "micro": false
  },
  "lee": {
    "mean": 908.3528404801407,
    "rsd_pct": 0.290672064961996,
    "micro": false
  },
  "nbody": {
    "mean": 88.80110870030794,
    "rsd_pct": 0.48649309762361787,
    "micro": false
  },
  "optcarrot": {
    "mean": 3537.867245140175,
    "rsd_pct": 0.547498550047855,
    "micro": false
  },
  "rubykon": {
    "mean": 7936.886092523734,
    "rsd_pct": 0.7575736400438283,
    "micro": false
  },
  "30k_ifelse": {
    "mean": 360.2620351335241,
    "rsd_pct": 0.18563571703612153,
    "micro": true
  },
  "30k_methods": {
    "mean": 887.4570047059519,
    "rsd_pct": 0.06258165929256071,
    "micro": true
  },
  "cfunc_itself": {
    "mean": 47.06512573677959,
    "rsd_pct": 0.8571596951106524,
    "micro": true
  },
  "fib": {
    "mean": 62.55872382090477,
    "rsd_pct": 0.6363802561361721,
    "micro": true
  },
  "getivar": {
    "mean": 42.560449040603714,
    "rsd_pct": 0.6643670790337205,
    "micro": true
  },
  "keyword_args": {
    "mean": 52.967326799580526,
    "rsd_pct": 0.6768849604181348,
    "micro": true
  },
  "respond_to": {
    "mean": 186.72027338056935,
    "rsd_pct": 0.324136238847674,
    "micro": true
  },
  "setivar": {
    "mean": 49.19506889890751,
    "rsd_pct": 0.6701612278231726,
    "micro": true
  }
}