{
  "activerecord": {
    "mean": 141.40286521874685,
    "rsd_pct": 2.4028690373853943,
    "micro": false
  },
  "erubi_rails": {
    "mean": 44.80151959287468,
    "rsd_pct": 11.910397393451754,
    "micro": false
  },
  "hexapdf": {
    "mean": 5678.264503180981,
    "rsd_pct": 1.3134162096999666,
    "micro": false
  },
  "liquid-c": {
    "mean": 188.13439764812014,
    "rsd_pct": 0.6332384144606581,
    "micro": false
  },
  "liquid-compile": {
    "mean": 156.6990310336742,
    "rsd_pct": 2.2267819117111265,
    "micro": false
  },
  "liquid-render": {
    "mean": 345.79987909334403,
    "rsd_pct": 0.36757973653682724,
    "micro": false
  },
  "mail": {
    "mean": 372.6942295084397,
    "rsd_pct": 0.41727789640837715,
    "micro": false
  },
  "psych-load": {
    "mean": 5239.666889359553,
    "rsd_pct": 0.12175907651558134,
    "micro": false
  },
  "railsbench": {
    "mean": 5295.121629287799,
    "rsd_pct": 0.5455449058787253,
    "micro": false
  },
  "ruby-lsp": {
    "mean": 170.2134465741343,
    "rsd_pct": 3.960120635825279,
    "micro": false
  },
  "sequel": {
    "mean": 203.0862742023072,
    "rsd_pct": 1.0323411174953192,
    "micro": false
  },
  "binarytrees": {
    "mean": 491.54335111379623,
    "rsd_pct": 0.1284238023520046,
    "micro": false
  },
  "chunky_png": {
    "mean": 1489.5812650521596,
    "rsd_pct": 0.3874880846377984,
    "micro": false
  },
  "erubi": {
    "mean": 565.8286047930068,
    "rsd_pct": 0.07649190971891862,
    "micro": false
  },
  "etanni": {
    "mean": 886.2366511796912,
    "rsd_pct": 0.10856340118646551,
    "micro": false
  },
  "fannkuchredux": {
    "mean": 1491.4324198663235,
    "rsd_pct": 0.22755649693084914,
    "micro": false
  },
  "lee": {
    "mean": 2353.372545114585,
    "rsd_pct": 0.40725975991315616,
    "micro": false
  },
  "nbody": {
    "mean": 155.78968442117858,
    "rsd_pct": 1.253618244402959,
    "micro": false
  },
  "optcarrot": {
    "mean": 9230.857016891241,
    "rsd_pct": 0.4549547912524727,
    "micro": false
  },
  "ruby-json": {
    "mean": 8209.204456458488,
    "rsd_pct": 0.09977556936118517,
    "micro": false
  },
  "rubykon": {
    "mean": 19623.930250604946,
    "rsd_pct": 0.3992709820784823,
    "micro": false
  },
  "30k_ifelse": {
    "mean": 1597.7741714905608,
    "rsd_pct": 0.08022382553573222,
    "micro": true
  },
  "30k_methods": {
    "mean": 3459.4125480431576,
    "rsd_pct": 0.0732277160064369,
    "micro": true
  },
  "cfunc_itself": {
    "mean": 86.83476786268508,
    "rsd_pct": 0.03527611934096527,
    "micro": true
  },
  "fib": {
    "mean": 123.70705214561895,
    "rsd_pct": 0.06946424582013414,
    "micro": true
  },
  "getivar": {
    "mean": 40.46666184263048,
    "rsd_pct": 0.013948419871676892,
    "micro": true
  },
  "keyword_args": {
    "mean": 123.88068670406938,
    "rsd_pct": 1.2034038479885856,
    "micro": true
  },
  "respond_to": {
    "mean": 79.41139905055881,
    "rsd_pct": 3.0462922915826818,
    "micro": true
  },
  "setivar": {
    "mean": 30.89484525257839,
    "rsd_pct": 0.01670709578882605,
    "micro": true
  },
  "setivar_object": {
    "mean": 113.12573675413506,
    "rsd_pct": 0.007926067304966302,
    "micro": true
  },
  "setivar_young": {
    "mean": 113.13836526725504,
    "rsd_pct": 0.019261102697430105,
    "micro": true
  },
  "str_concat": {
    "mean": 85.07412347951397,
    "rsd_pct": 0.25574612407294106,
    "micro": true
  },
  "throw": {
    "mean": 49.36658383506551,
    "rsd_pct": 0.2065387294290072,
    "micro": true
  }
}