{
  "activerecord": {
    "mean": 104.2538544210868,
    "rsd_pct": 0.4813044944463234,
    "micro": false
  },
  "hexapdf": {
    "mean": 2405.223443483313,
    "rsd_pct": 2.325819625734972,
    "micro": false
  },
  "liquid-render": {
    "mean": 126.2281160849105,
    "rsd_pct": 2.2249198825959673,
    "micro": false
  },
  "mail": {
    "mean": 161.15893150975066,
    "rsd_pct": 0.36719345726822267,
    "micro": false
  },
  "psych-load": {
    "mean": 2021.0233001659315,
    "rsd_pct": 0.029572163151951016,
    "micro": false
  },
  "railsbench": {
    "mean": 2085.492136205236,
    "rsd_pct": 1.5547524598723215,
    "micro": false
  },
  "binarytrees": {
    "mean": 362.2573404931105,
    "rsd_pct": 1.507121236797139,
    "micro": false
  },
  "chunky_png": {
    "mean": 669.145448692143,
    "rsd_pct": 0.10990640875998305,
    "micro": false
  },
  "discourse": {
    "mean": 537.6477766782045,
    "rsd_pct": 12.215388993924222,
    "micro": false
  },
  "erubi": {
    "mean": 424.1714640421436,
    "rsd_pct": 0.838136103544334,
    "micro": false
  },
  "erubi_rails": {
    "mean": 21.128540745344857,
    "rsd_pct": 3.548252822001682,
    "micro": false
  },
  "fannkuchredux": {
    "mean": 6987.769727657239,
    "rsd_pct": 0.039858947642625785,
    "micro": false
  },
  "lee": {
    "mean": 914.2368941313841,
    "rsd_pct": 0.22675008930785776,
    "micro": false
  },
  "nbody": {
    "mean": 87.61924432562382,
    "rsd_pct": 0.48732262566610807,
    "micro": false
  },
  "optcarrot": {
    "mean": 3425.0835981220007,
    "rsd_pct": 0.5910266402207727,
    "micro": false
  },
  "rubykon": {
    "mean": 7961.3818020870285,
    "rsd_pct": 0.5663489729153531,
    "micro": false
  },
  "30k_ifelse": {
    "mean": 353.81714400968383,
    "rsd_pct": 0.1790738330785854,
    "micro": true
  },
  "30k_methods": {
    "mean": 881.9840474223548,
    "rsd_pct": 0.06126339388818202,
    "micro": true
  },
  "cfunc_itself": {
    "mean": 44.848582774467836,
    "rsd_pct": 0.9423938185331541,
    "micro": true
  },
  "fib": {
    "mean": 62.583328560461815,
    "rsd_pct": 0.6072805452714477,
    "micro": true
  },
  "getivar": {
    "mean": 42.616454038417935,
    "rsd_pct": 0.6751441358256385,
    "micro": true
  },
  "keyword_args": {
    "mean": 53.674217377418266,
    "rsd_pct": 0.6561587096757057,
    "micro": true
  },
  "respond_to": {
    "mean": 191.1394489788503,
    "rsd_pct": 0.3076961867174088,
    "micro": true
  },
  "setivar": {
    "mean": 54.11979182953149,
    "rsd_pct": 0.6091742053859995,
    "micro": true
  },
  "str_concat": {
    "mean": 112.29427792131901,
    "rsd_pct": 1.4798300553533779,
    "micro": true
  }
}