{
  "activerecord": {
    "mean": 104.88357064120162,
    "rsd_pct": 0.5328964698169931,
    "micro": false
  },
  "hexapdf": {
    "mean": 2308.9202829947076,
    "rsd_pct": 2.0475657142158794,
    "micro": false
  },
  "liquid-render": {
    "mean": 126.87613730949741,
    "rsd_pct": 1.7404744387728008,
    "micro": false
  },
  "mail": {
    "mean": 159.62501268088818,
    "rsd_pct": 0.148790639706924,
    "micro": false
  },
  "psych-load": {
    "mean": 1890.663480758667,
    "rsd_pct": 0.023564715234174766,
    "micro": false
  },
  "railsbench": {
    "mean": 2074.5803703864417,
    "rsd_pct": 1.2086065158322439,
    "micro": false
  },
  "binarytrees": {
    "mean": 359.1096544987522,
    "rsd_pct": 0.05399335801304294,
    "micro": false
  },
  "chunky_png": {
    "mean": 680.2164725959301,
    "rsd_pct": 0.050800313665117905,
    "micro": false
  },
  "erubi": {
    "mean": 387.580423305432,
    "rsd_pct": 0.7135235698951755,
    "micro": false
  },
  "erubi_rails": {
    "mean": 20.1091114393761,
    "rsd_pct": 3.4151786083029005,
    "micro": false
  },
  "fannkuchredux": {
    "mean": 8358.673239250978,
    "rsd_pct": 0.13611680126191467,
    "micro": false
  },
  "lee": {
    "mean": 925.4946241243964,
    "rsd_pct": 0.5623179009963171,
    "micro": false
  },
  "nbody": {
    "mean": 90.94435852156938,
    "rsd_pct": 0.06687579262180685,
    "micro": false
  },
  "optcarrot": {
    "mean": 3424.9865986406803,
    "rsd_pct": 0.595018689529537,
    "micro": false
  },
  "rubykon": {
    "mean": 7705.519229049484,
    "rsd_pct": 4.791839562850012,
    "micro": false
  },
  "30k_ifelse": {
    "mean": 353.9920393044927,
    "rsd_pct": 0.07572745182387447,
    "micro": true
  },
  "30k_methods": {
    "mean": 881.4357169480486,
    "rsd_pct": 0.022794770448452323,
    "micro": true
  },
  "cfunc_itself": {
    "mean": 45.06043456494808,
    "rsd_pct": 0.6437202839124918,
    "micro": true
  },
  "fib": {
    "mean": 63.53200906797812,
    "rsd_pct": 0.2137699158988419,
    "micro": true
  },
  "getivar": {
    "mean": 42.528201958268994,
    "rsd_pct": 0.06466970064681171,
    "micro": true
  },
  "keyword_args": {
    "mean": 52.80656029467768,
    "rsd_pct": 0.1139863085915245,
    "micro": true
  },
  "respond_to": {
    "mean": 195.88892766778622,
    "rsd_pct": 0.3802593139084002,
    "micro": true
  },
  "setivar": {
    "mean": 53.74085360097808,
    "rsd_pct": 0.14945707750575413,
    "micro": true
  },
  "str_concat": {
    "mean": 53.75183919317903,
    "rsd_pct": 1.305422172844742,
    "micro": true
  }
}