{
  "activerecord": {
    "mean": 104.77321624057367,
    "rsd_pct": 0.48449511985706106,
    "micro": false
  },
  "hexapdf": {
    "mean": 2377.1051122496524,
    "rsd_pct": 1.8969575521453323,
    "micro": false
  },
  "liquid-render": {
    "mean": 127.22086919824672,
    "rsd_pct": 2.066348754412529,
    "micro": false
  },
  "mail": {
    "mean": 159.6625134497881,
    "rsd_pct": 0.358950010719931,
    "micro": false
  },
  "psych-load": {
    "mean": 1948.3503226190805,
    "rsd_pct": 0.032055081221100894,
    "micro": false
  },
  "railsbench": {
    "mean": 2126.7131169637046,
    "rsd_pct": 1.0527545135885776,
    "micro": false
  },
  "binarytrees": {
    "mean": 361.2187859817193,
    "rsd_pct": 1.5128822162709104,
    "micro": false
  },
  "chunky_png": {
    "mean": 664.4804293910662,
    "rsd_pct": 0.10098847527762551,
    "micro": false
  },
  "discourse": {
    "mean": 482.70312750614005,
    "rsd_pct": 2.016255417210579,
    "micro": false
  },
  "erubi": {
    "mean": 416.68883627875056,
    "rsd_pct": 1.2778069838867732,
    "micro": false
  },
  "erubi_rails": {
    "mean": 19.902866807783056,
    "rsd_pct": 3.45449045709187,
    "micro": false
  },
  "fannkuchredux": {
    "mean": 7051.656932880481,
    "rsd_pct": 0.25389576561833155,
    "micro": false
  },
  "lee": {
    "mean": 910.556390966204,
    "rsd_pct": 0.29221165482183153,
    "micro": false
  },
  "nbody": {
    "mean": 87.86314276131716,
    "rsd_pct": 0.47990933013560666,
    "micro": false
  },
  "optcarrot": {
    "mean": 3491.7501700421176,
    "rsd_pct": 0.5913970624317586,
    "micro": false
  },
  "rubykon": {
    "mean": 7948.1402065604925,
    "rsd_pct": 0.6675023827899774,
    "micro": false
  },
  "30k_ifelse": {
    "mean": 362.8259705103658,
    "rsd_pct": 0.17975897438707744,
    "micro": true
  },
  "30k_methods": {
    "mean": 882.648670876568,
    "rsd_pct": 0.05582315699206222,
    "micro": true
  },
  "cfunc_itself": {
    "mean": 44.942506811338234,
    "rsd_pct": 1.0564673931386415,
    "micro": true
  },
  "fib": {
    "mean": 62.570088446654125,
    "rsd_pct": 0.6184318823347275,
    "micro": true
  },
  "getivar": {
    "mean": 42.607081312861744,
    "rsd_pct": 0.7113090930807087,
    "micro": true
  },
  "keyword_args": {
    "mean": 53.03799097156968,
    "rsd_pct": 0.6704315972956799,
    "micro": true
  },
  "respond_to": {
    "mean": 189.085508421773,
    "rsd_pct": 0.2664677727772376,
    "micro": true
  },
  "setivar": {
    "mean": 54.222307714102534,
    "rsd_pct": 0.6539184143664167,
    "micro": true
  },
  "str_concat": {
    "mean": 106.17352835834026,
    "rsd_pct": 1.4834166716119053,
    "micro": true
  }
}