{
  "activerecord": {
    "mean": 41.52191373018118,
    "rsd_pct": 0.9494724884538662,
    "micro": false
  },
  "erubi_rails": {
    "mean": 15.156306432046494,
    "rsd_pct": 3.4644485407969725,
    "micro": false
  },
  "hexapdf": {
    "mean": 1982.265328305463,
    "rsd_pct": 2.341516150992565,
    "micro": false
  },
  "liquid-c": {
    "mean": 58.57809416257438,
    "rsd_pct": 2.2443449071004453,
    "micro": false
  },
  "liquid-render": {
    "mean": 103.27397458679935,
    "rsd_pct": 2.6896272137293047,
    "micro": false
  },
  "mail": {
    "mean": 127.51069356902288,
    "rsd_pct": 0.18238417268388046,
    "micro": false
  },
  "psych-load": {
    "mean": 1824.70905041943,
    "rsd_pct": 0.10376377511568928,
    "micro": false
  },
  "railsbench": {
    "mean": 1781.064292602241,
    "rsd_pct": 1.1635626804599586,
    "micro": false
  },
  "ruby-lsp": {
    "mean": 57.047346314149245,
    "rsd_pct": 20.504765192256706,
    "micro": false
  },
  "sequel": {
    "mean": 67.35386327856173,
    "rsd_pct": 0.3594962410752887,
    "micro": false
  },
  "binarytrees": {
    "mean": 226.6235670486335,
    "rsd_pct": 0.14763462208772332,
    "micro": false
  },
  "chunky_png": {
    "mean": 597.7876733875636,
    "rsd_pct": 0.03990526596321224,
    "micro": false
  },
  "erubi": {
    "mean": 253.54208160812655,
    "rsd_pct": 0.8466953919721378,
    "micro": false
  },
  "etanni": {
    "mean": 416.6994699019384,
    "rsd_pct": 0.4531775422640229,
    "micro": false
  },
  "fannkuchredux": {
    "mean": 760.0092620302278,
    "rsd_pct": 0.070060390137078,
    "micro": false
  },
  "lee": {
    "mean": 898.7597654234957,
    "rsd_pct": 0.4120005191150004,
    "micro": false
  },
  "nbody": {
    "mean": 69.40604021979703,
    "rsd_pct": 0.08519491690101726,
    "micro": false
  },
  "optcarrot": {
    "mean": 2236.9878069808087,
    "rsd_pct": 0.6182955818933868,
    "micro": false
  },
  "ruby-json": {
    "mean": 3079.8148897786937,
    "rsd_pct": 0.09409240114789257,
    "micro": false
  },
  "rubykon": {
    "mean": 6403.8040323803825,
    "rsd_pct": 0.689087356200413,
    "micro": false
  },
  "30k_ifelse": {
    "mean": 360.83249690180475,
    "rsd_pct": 0.06546789022124407,
    "micro": true
  },
  "30k_methods": {
    "mean": 855.0458790572441,
    "rsd_pct": 0.017439294555508134,
    "micro": true
  },
  "cfunc_itself": {
    "mean": 39.118433454815225,
    "rsd_pct": 0.20692408638892787,
    "micro": true
  },
  "fib": {
    "mean": 44.8905129006572,
    "rsd_pct": 0.05275595039850355,
    "micro": true
  },
  "getivar": {
    "mean": 21.198718198962304,
    "rsd_pct": 0.23464092617959362,
    "micro": true
  },
  "keyword_args": {
    "mean": 48.73463648319026,
    "rsd_pct": 0.4358552493256059,
    "micro": true
  },
  "respond_to": {
    "mean": 25.456240583399804,
    "rsd_pct": 0.7223413427490896,
    "micro": true
  },
  "setivar": {
    "mean": 11.99146056682962,
    "rsd_pct": 0.1175721721991911,
    "micro": true
  },
  "setivar_object": {
    "mean": 44.4132593439685,
    "rsd_pct": 1.8996672472228917,
    "micro": true
  },
  "setivar_young": {
    "mean": 43.06836245412906,
    "rsd_pct": 1.8459544457412862,
    "micro": true
  },
  "str_concat": {
    "mean": 44.131163639277545,
    "rsd_pct": 1.3088825663453763,
    "micro": true
  },
  "throw": {
    "mean": 23.914271988961534,
    "rsd_pct": 0.3021310449051975,
    "micro": true
  }
}