{
  "activerecord": {
    "mean": 104.52242995563306,
    "rsd_pct": 0.6046512254313238,
    "micro": false
  },
  "hexapdf": {
    "mean": 2307.5678822894893,
    "rsd_pct": 1.8626903678679858,
    "micro": false
  },
  "liquid-render": {
    "mean": 125.49569756028396,
    "rsd_pct": 1.8386369276284549,
    "micro": false
  },
  "mail": {
    "mean": 158.31678618269507,
    "rsd_pct": 0.15871047856638343,
    "micro": false
  },
  "psych-load": {
    "mean": 1966.240434596936,
    "rsd_pct": 0.016496920016032535,
    "micro": false
  },
  "railsbench": {
    "mean": 2116.609402745962,
    "rsd_pct": 0.9671234198511647,
    "micro": false
  },
  "binarytrees": {
    "mean": 362.188760045683,
    "rsd_pct": 0.061922459478245054,
    "micro": false
  },
  "chunky_png": {
    "mean": 639.4150067841814,
    "rsd_pct": 0.04294193983118467,
    "micro": false
  },
  "erubi": {
    "mean": 318.63787436797736,
    "rsd_pct": 0.7089228277201597,
    "micro": false
  },
  "erubi_rails": {
    "mean": 19.652033721165665,
    "rsd_pct": 3.3148324773193596,
    "micro": false
  },
  "fannkuchredux": {
    "mean": 7110.712706297636,
    "rsd_pct": 0.18721144776389562,
    "micro": false
  },
  "lee": {
    "mean": 934.7574663836332,
    "rsd_pct": 1.17722369642171,
    "micro": false
  },
  "nbody": {
    "mean": 89.10117984415238,
    "rsd_pct": 0.11445336474394517,
    "micro": false
  },
  "optcarrot": {
    "mean": 3419.7288063665233,
    "rsd_pct": 0.58478720747793,
    "micro": false
  },
  "rubykon": {
    "mean": 6755.702058101694,
    "rsd_pct": 1.0422930707413562,
    "micro": false
  },
  "30k_ifelse": {
    "mean": 355.3413154357778,
    "rsd_pct": 0.08010852662019351,
    "micro": true
  },
  "30k_methods": {
    "mean": 868.8350362784189,
    "rsd_pct": 0.015505805800536173,
    "micro": true
  },
  "cfunc_itself": {
    "mean": 45.20790313357768,
    "rsd_pct": 0.6444433606020539,
    "micro": true
  },
  "fib": {
    "mean": 63.304830360270685,
    "rsd_pct": 0.039373792693738634,
    "micro": true
  },
  "getivar": {
    "mean": 44.213602564042226,
    "rsd_pct": 0.09378157448961053,
    "micro": true
  },
  "keyword_args": {
    "mean": 52.98169114164949,
    "rsd_pct": 0.18813449172167135,
    "micro": true
  },
  "respond_to": {
    "mean": 196.95248136010306,
    "rsd_pct": 0.12364556383535188,
    "micro": true
  },
  "setivar": {
    "mean": 40.3558046451797,
    "rsd_pct": 0.4929372449871676,
    "micro": true
  },
  "str_concat": {
    "mean": 44.479156024674275,
    "rsd_pct": 1.6790509878623638,
    "micro": true
  }
}