{
  "activerecord": {
    "mean": 108.26493176498583,
    "rsd_pct": 2.0516199235490884
  },
  "hexapdf": {
    "mean": 2136.699861474335,
    "rsd_pct": 2.4380256984511712
  },
  "jekyll": {
    "mean": 7490.036392398179,
    "rsd_pct": 2.002487078690601
  },
  "liquid-render": {
    "mean": 115.4296123990562,
    "rsd_pct": 2.034561150745687
  },
  "mail": {
    "mean": 145.53513611835524,
    "rsd_pct": 1.2823758680738118
  },
  "psych-load": {
    "mean": 1726.3919048942626,
    "rsd_pct": 0.20744988118202778
  },
  "railsbench": {
    "mean": 2337.685680296272,
    "rsd_pct": 1.4225593456108618
  },
  "binarytrees": {
    "mean": 277.693230178087,
    "rsd_pct": 0.2885236860546771
  },
  "fannkuchredux": {
    "mean": 5492.472714651376,
    "rsd_pct": 0.1395743983196091
  },
  "lee": {
    "mean": 803.5615746552745,
    "rsd_pct": 1.390555430001359
  },
  "nbody": {
    "mean": 72.82557565859466,
    "rsd_pct": 0.057880948227881965
  },
  "optcarrot": {
    "mean": 3096.9827661290765,
    "rsd_pct": 0.44750548484488345
  },
  "rubykon": {
    "mean": 5787.381119746715,
    "rsd_pct": 0.9067303005887217
  },
  "30k_ifelse": {
    "mean": 311.1435501422319,
    "rsd_pct": 0.2350671749854042
  },
  "30k_methods": {
    "mean": 747.2394487875349,
    "rsd_pct": 0.052585633784868704
  },
  "cfunc_itself": {
    "mean": 38.65577921813985,
    "rsd_pct": 0.21952018579783353
  },
  "fib": {
    "mean": 52.04624269654354,
    "rsd_pct": 0.011941940529634907
  },
  "getivar": {
    "mean": 35.45781173073168,
    "rsd_pct": 0.07111465098872274
  },
  "keyword_args": {
    "mean": 45.46287110032037,
    "rsd_pct": 0.09261351109297632
  },
  "respond_to": {
    "mean": 156.39960952892395,
    "rsd_pct": 0.8755367347413705
  },
  "setivar": {
    "mean": 41.95527552356903,
    "rsd_pct": 0.09676287004589101
  }
}