{
  "activerecord": {
    "mean": 103.6580418926601,
    "rsd_pct": 0.565054497098164,
    "micro": false
  },
  "hexapdf": {
    "mean": 2377.109877144297,
    "rsd_pct": 2.2626438483847977,
    "micro": false
  },
  "liquid-render": {
    "mean": 125.28015803306913,
    "rsd_pct": 1.7121588889864174,
    "micro": false
  },
  "mail": {
    "mean": 157.06758700252976,
    "rsd_pct": 0.13898528914222785,
    "micro": false
  },
  "psych-load": {
    "mean": 1988.6772375553846,
    "rsd_pct": 0.03142915709122066,
    "micro": false
  },
  "railsbench": {
    "mean": 2065.449380253752,
    "rsd_pct": 0.7443202328092373,
    "micro": false
  },
  "binarytrees": {
    "mean": 356.5818938368466,
    "rsd_pct": 0.04663778451831152,
    "micro": false
  },
  "chunky_png": {
    "mean": 646.217612790004,
    "rsd_pct": 0.035196039095225076,
    "micro": false
  },
  "erubi": {
    "mean": 316.6099821307486,
    "rsd_pct": 0.666336520677203,
    "micro": false
  },
  "erubi_rails": {
    "mean": 19.845933367263612,
    "rsd_pct": 3.4973257799949464,
    "micro": false
  },
  "fannkuchredux": {
    "mean": 6964.109263320764,
    "rsd_pct": 0.11701528670898777,
    "micro": false
  },
  "lee": {
    "mean": 937.8394850840172,
    "rsd_pct": 0.5281278838999746,
    "micro": false
  },
  "nbody": {
    "mean": 90.28337544750893,
    "rsd_pct": 0.07666628728373626,
    "micro": false
  },
  "optcarrot": {
    "mean": 3426.381634796659,
    "rsd_pct": 0.585605139516631,
    "micro": false
  },
  "rubykon": {
    "mean": 6836.804797376196,
    "rsd_pct": 0.8143736543076147,
    "micro": false
  },
  "30k_ifelse": {
    "mean": 355.0376850180328,
    "rsd_pct": 0.09216369544312364,
    "micro": true
  },
  "30k_methods": {
    "mean": 878.5955057564107,
    "rsd_pct": 0.01866061653891617,
    "micro": true
  },
  "cfunc_itself": {
    "mean": 45.02285089950229,
    "rsd_pct": 0.7784106521840495,
    "micro": true
  },
  "fib": {
    "mean": 63.49991005103869,
    "rsd_pct": 0.07389975167300139,
    "micro": true
  },
  "getivar": {
    "mean": 44.25262795916195,
    "rsd_pct": 0.1281210477907414,
    "micro": true
  },
  "keyword_args": {
    "mean": 52.79303192207713,
    "rsd_pct": 0.14840111565837075,
    "micro": true
  },
  "respond_to": {
    "mean": 186.74949461594224,
    "rsd_pct": 0.17423415301557324,
    "micro": true
  },
  "setivar": {
    "mean": 46.37917503909807,
    "rsd_pct": 0.1304826302991746,
    "micro": true
  },
  "str_concat": {
    "mean": 43.52767831711672,
    "rsd_pct": 1.5893013776993121,
    "micro": true
  }
}