{
  "activerecord": {
    "mean": 113.78468059813656,
    "rsd_pct": 0.7358159895508956,
    "micro": false
  },
  "hexapdf": {
    "mean": 2170.897700575491,
    "rsd_pct": 1.9335577382531202,
    "micro": false
  },
  "liquid-render": {
    "mean": 111.15416141226888,
    "rsd_pct": 1.9923633081301286,
    "micro": false
  },
  "mail": {
    "mean": 141.78525147608656,
    "rsd_pct": 0.19506174542242194,
    "micro": false
  },
  "psych-load": {
    "mean": 1772.164717161407,
    "rsd_pct": 0.05872202861846628,
    "micro": false
  },
  "railsbench": {
    "mean": 2000.865262777855,
    "rsd_pct": 1.2141193987709138,
    "micro": false
  },
  "ruby-lsp": {
    "mean": 71.73683492660416,
    "rsd_pct": 17.915624656778252,
    "micro": false
  },
  "sequel": {
    "mean": 151.5752265946223,
    "rsd_pct": 2.374572309336575,
    "micro": false
  },
  "binarytrees": {
    "mean": 237.67474662213598,
    "rsd_pct": 0.06988614964396028,
    "micro": false
  },
  "chunky_png": {
    "mean": 618.8892812642734,
    "rsd_pct": 0.05045221880248587,
    "micro": false
  },
  "erubi": {
    "mean": 258.30581206947755,
    "rsd_pct": 1.0064496625993662,
    "micro": false
  },
  "erubi_rails": {
    "mean": 17.548399156566234,
    "rsd_pct": 3.426825105470073,
    "micro": false
  },
  "etanni": {
    "mean": 415.47286938293837,
    "rsd_pct": 0.5576720087750189,
    "micro": false
  },
  "fannkuchredux": {
    "mean": 1048.9038278659184,
    "rsd_pct": 0.08422340452032431,
    "micro": false
  },
  "lee": {
    "mean": 920.1754098536358,
    "rsd_pct": 0.29226424208548485,
    "micro": false
  },
  "nbody": {
    "mean": 74.32590866871456,
    "rsd_pct": 0.1384390069469648,
    "micro": false
  },
  "optcarrot": {
    "mean": 2585.525674186647,
    "rsd_pct": 0.41961983496614835,
    "micro": false
  },
  "rubykon": {
    "mean": 6859.504315505425,
    "rsd_pct": 0.3925289930358558,
    "micro": false
  },
  "30k_ifelse": {
    "mean": 397.53173655830324,
    "rsd_pct": 0.15926958373235447,
    "micro": true
  },
  "30k_methods": {
    "mean": 959.0896847192198,
    "rsd_pct": 0.025662629857393742,
    "micro": true
  },
  "cfunc_itself": {
    "mean": 40.47202680930041,
    "rsd_pct": 0.21984177541338432,
    "micro": true
  },
  "fib": {
    "mean": 61.39245883919872,
    "rsd_pct": 0.04383564664571351,
    "micro": true
  },
  "getivar": {
    "mean": 45.77019985513164,
    "rsd_pct": 0.19604098428865183,
    "micro": true
  },
  "keyword_args": {
    "mean": 52.0612734471797,
    "rsd_pct": 0.043107199828609756,
    "micro": true
  },
  "respond_to": {
    "mean": 29.355224621755006,
    "rsd_pct": 0.4629238527470821,
    "micro": true
  },
  "setivar": {
    "mean": 14.706742468360616,
    "rsd_pct": 0.1756994508525973,
    "micro": true
  },
  "setivar_object": {
    "mean": 47.52720569205635,
    "rsd_pct": 1.67879795947944,
    "micro": true
  },
  "str_concat": {
    "mean": 46.23322803657371,
    "rsd_pct": 1.3886995616716011,
    "micro": true
  }
}