{
  "activerecord": {
    "mean": 103.48463264238761,
    "rsd_pct": 0.6945971672109587,
    "micro": false
  },
  "hexapdf": {
    "mean": 2246.6522943461314,
    "rsd_pct": 1.9286222189242512,
    "micro": false
  },
  "liquid-render": {
    "mean": 128.16147558548332,
    "rsd_pct": 1.6104779802866085,
    "micro": false
  },
  "mail": {
    "mean": 143.3802945880286,
    "rsd_pct": 0.16722341563577584,
    "micro": false
  },
  "psych-load": {
    "mean": 1801.5138300601393,
    "rsd_pct": 0.0512341821944346,
    "micro": false
  },
  "railsbench": {
    "mean": 1991.800380940549,
    "rsd_pct": 1.6143366808150765,
    "micro": false
  },
  "ruby-lsp": {
    "mean": 72.16147765930242,
    "rsd_pct": 17.86154722899348,
    "micro": false
  },
  "binarytrees": {
    "mean": 237.55030652197698,
    "rsd_pct": 0.12682912700101864,
    "micro": false
  },
  "chunky_png": {
    "mean": 608.8593313033925,
    "rsd_pct": 0.043462404168148235,
    "micro": false
  },
  "erubi": {
    "mean": 289.09792995883447,
    "rsd_pct": 0.9026043029668263,
    "micro": false
  },
  "erubi_rails": {
    "mean": 17.64337058170875,
    "rsd_pct": 3.8253853611848183,
    "micro": false
  },
  "etanni": {
    "mean": 478.17533008942735,
    "rsd_pct": 0.5109109670009817,
    "micro": false
  },
  "fannkuchredux": {
    "mean": 940.9192740983729,
    "rsd_pct": 0.3851063382824417,
    "micro": false
  },
  "lee": {
    "mean": 890.4255235948684,
    "rsd_pct": 1.868587356688632,
    "micro": false
  },
  "nbody": {
    "mean": 73.9994625166784,
    "rsd_pct": 0.035099254947807114,
    "micro": false
  },
  "optcarrot": {
    "mean": 2589.886371527488,
    "rsd_pct": 0.4413971056561358,
    "micro": false
  },
  "rubykon": {
    "mean": 6578.2401976098,
    "rsd_pct": 0.2589608030251222,
    "micro": false
  },
  "30k_ifelse": {
    "mean": 400.49728062935174,
    "rsd_pct": 0.16897364982501548,
    "micro": true
  },
  "30k_methods": {
    "mean": 954.769831156591,
    "rsd_pct": 0.03499227286226056,
    "micro": true
  },
  "cfunc_itself": {
    "mean": 40.85859710943293,
    "rsd_pct": 0.6093394110708407,
    "micro": true
  },
  "fib": {
    "mean": 61.06767953480952,
    "rsd_pct": 0.07756840359484361,
    "micro": true
  },
  "getivar": {
    "mean": 45.889842946178696,
    "rsd_pct": 0.10855640471260461,
    "micro": true
  },
  "keyword_args": {
    "mean": 52.132409663762076,
    "rsd_pct": 0.04430676045008344,
    "micro": true
  },
  "respond_to": {
    "mean": 28.66041464833247,
    "rsd_pct": 0.31888017450032247,
    "micro": true
  },
  "setivar": {
    "mean": 14.701747082753206,
    "rsd_pct": 0.08610284376423635,
    "micro": true
  },
  "str_concat": {
    "mean": 40.208603719215226,
    "rsd_pct": 1.8799326790780286,
    "micro": true
  }
}