{
  "activerecord": {
    "mean": 324.03728173907916,
    "rsd_pct": 0.4465032398622741,
    "micro": false
  },
  "hexapdf": {
    "mean": 7584.399630133218,
    "rsd_pct": 1.4306022814454,
    "micro": false
  },
  "liquid-render": {
    "mean": 425.07847974452903,
    "rsd_pct": 1.4704452070581946,
    "micro": false
  },
  "mail": {
    "mean": 585.8731685243143,
    "rsd_pct": 0.11942970165037714,
    "micro": false
  },
  "psych-load": {
    "mean": 6293.530600999657,
    "rsd_pct": 0.046531036565617016,
    "micro": false
  },
  "railsbench": {
    "mean": 6261.248823397909,
    "rsd_pct": 2.376646258661044,
    "micro": false
  },
  "ruby-lsp": {
    "mean": 221.42053913767086,
    "rsd_pct": 9.330949709388745,
    "micro": false
  },
  "binarytrees": {
    "mean": 606.1402793809629,
    "rsd_pct": 0.12790592470408516,
    "micro": false
  },
  "chunky_png": {
    "mean": 1635.3676037808782,
    "rsd_pct": 0.08754878296400657,
    "micro": false
  },
  "erubi": {
    "mean": 746.7296110148511,
    "rsd_pct": 1.5618996922742443,
    "micro": false
  },
  "erubi_rails": {
    "mean": 52.397636781710446,
    "rsd_pct": 2.303638949861767,
    "micro": false
  },
  "etanni": {
    "mean": 1173.7538727857532,
    "rsd_pct": 0.5876949479728331,
    "micro": false
  },
  "fannkuchredux": {
    "mean": 5928.867663999942,
    "rsd_pct": 0.057799557009326936,
    "micro": false
  },
  "lee": {
    "mean": 2490.9210723819256,
    "rsd_pct": 1.1512008522206978,
    "micro": false
  },
  "nbody": {
    "mean": 222.56575424117935,
    "rsd_pct": 0.07965453090226611,
    "micro": false
  },
  "optcarrot": {
    "mean": 15389.078145333528,
    "rsd_pct": 0.4186220749213459,
    "micro": false
  },
  "rubykon": {
    "mean": 24379.372121733224,
    "rsd_pct": 0.3820008331512136,
    "micro": false
  },
  "30k_ifelse": {
    "mean": 2355.9135970802163,
    "rsd_pct": 0.03793113469257904,
    "micro": true
  },
  "30k_methods": {
    "mean": 5180.397609250213,
    "rsd_pct": 1.4624292024555454,
    "micro": true
  },
  "cfunc_itself": {
    "mean": 118.38569772884264,
    "rsd_pct": 0.048320224457375244,
    "micro": true
  },
  "fib": {
    "mean": 233.83783701251352,
    "rsd_pct": 0.005234408195857174,
    "micro": true
  },
  "getivar": {
    "mean": 118.34530869954263,
    "rsd_pct": 0.007886575649417108,
    "micro": true
  },
  "keyword_args": {
    "mean": 161.3071561371877,
    "rsd_pct": 0.039541462852871356,
    "micro": true
  },
  "respond_to": {
    "mean": 113.83094759829203,
    "rsd_pct": 0.11134158768062503,
    "micro": true
  },
  "setivar": {
    "mean": 112.69672022366876,
    "rsd_pct": 0.0105221182993686,
    "micro": true
  },
  "str_concat": {
    "mean": 118.69478604195935,
    "rsd_pct": 0.7434345190065658,
    "micro": true
  }
}