{
  "activerecord": {
    "mean": 361.808726885356,
    "rsd_pct": 0.14745480610730874,
    "micro": false
  },
  "hexapdf": {
    "mean": 7522.471953680118,
    "rsd_pct": 1.027745006533334,
    "micro": false
  },
  "liquid-render": {
    "mean": 430.80120779615777,
    "rsd_pct": 1.3658894502731855,
    "micro": false
  },
  "mail": {
    "mean": 490.11720959606464,
    "rsd_pct": 0.5091107852503829,
    "micro": false
  },
  "psych-load": {
    "mean": 6101.453193618606,
    "rsd_pct": 0.08465186290367073,
    "micro": false
  },
  "railsbench": {
    "mean": 6909.255223348737,
    "rsd_pct": 0.41972933222808967,
    "micro": false
  },
  "binarytrees": {
    "mean": 545.7035333437975,
    "rsd_pct": 0.10724652240447168,
    "micro": false
  },
  "chunky_png": {
    "mean": 1596.3171178535108,
    "rsd_pct": 0.06637677138176802,
    "micro": false
  },
  "erubi": {
    "mean": 724.7445471161468,
    "rsd_pct": 1.0631599603930606,
    "micro": false
  },
  "erubi_rails": {
    "mean": 56.31930407891431,
    "rsd_pct": 2.4443509778431856,
    "micro": false
  },
  "etanni": {
    "mean": 1195.6682173380007,
    "rsd_pct": 0.6456779630496267,
    "micro": false
  },
  "fannkuchredux": {
    "mean": 5708.115467894822,
    "rsd_pct": 0.18753481822682172,
    "micro": false
  },
  "lee": {
    "mean": 2530.152926314622,
    "rsd_pct": 0.15272151202658016,
    "micro": false
  },
  "nbody": {
    "mean": 187.74662083053016,
    "rsd_pct": 0.13136404906895963,
    "micro": false
  },
  "optcarrot": {
    "mean": 11375.143986009061,
    "rsd_pct": 0.4482923438930035,
    "micro": false
  },
  "rubykon": {
    "mean": 23771.561332264293,
    "rsd_pct": 0.5776587524802039,
    "micro": false
  },
  "30k_ifelse": {
    "mean": 2588.4437556378543,
    "rsd_pct": 1.327970974050312,
    "micro": true
  },
  "30k_methods": {
    "mean": 6040.5399284209125,
    "rsd_pct": 0.0161601306673413,
    "micro": true
  },
  "cfunc_itself": {
    "mean": 105.99710668095636,
    "rsd_pct": 0.08074740515035583,
    "micro": true
  },
  "fib": {
    "mean": 199.63259893876787,
    "rsd_pct": 0.3171170020319118,
    "micro": true
  },
  "getivar": {
    "mean": 97.9035548970487,
    "rsd_pct": 0.007957553335435132,
    "micro": true
  },
  "keyword_args": {
    "mean": 150.7035698441635,
    "rsd_pct": 0.01371151806740996,
    "micro": true
  },
  "respond_to": {
    "mean": 98.51723419324983,
    "rsd_pct": 0.5746760151729319,
    "micro": true
  },
  "setivar": {
    "mean": 113.1272654443541,
    "rsd_pct": 0.021783052759219216,
    "micro": true
  },
  "str_concat": {
    "mean": 104.91406579671617,
    "rsd_pct": 0.7882686244627387,
    "micro": true
  }
}