{
  "activerecord": {
    "mean": 105.28377764313383,
    "rsd_pct": 0.6090181874314821,
    "micro": false
  },
  "hexapdf": {
    "mean": 2028.6711294203997,
    "rsd_pct": 1.7879691801582116,
    "micro": false
  },
  "liquid-c": {
    "mean": 58.84741189939207,
    "rsd_pct": 2.248066262357745,
    "micro": false
  },
  "liquid-render": {
    "mean": 108.14894920306118,
    "rsd_pct": 2.6705656884044138,
    "micro": false
  },
  "mail": {
    "mean": 131.07420503480458,
    "rsd_pct": 0.2737639170912301,
    "micro": false
  },
  "psych-load": {
    "mean": 1793.2879708396893,
    "rsd_pct": 0.06824790662896875,
    "micro": false
  },
  "railsbench": {
    "mean": 1822.1081513911486,
    "rsd_pct": 1.201312211370856,
    "micro": false
  },
  "ruby-lsp": {
    "mean": 62.62328172519756,
    "rsd_pct": 19.94103636304522,
    "micro": false
  },
  "sequel": {
    "mean": 142.27144669849372,
    "rsd_pct": 1.8448586828598197,
    "micro": false
  },
  "binarytrees": {
    "mean": 237.4102218087674,
    "rsd_pct": 0.07517045233602773,
    "micro": false
  },
  "chunky_png": {
    "mean": 623.1508521933949,
    "rsd_pct": 0.04294378180810914,
    "micro": false
  },
  "erubi": {
    "mean": 253.3112922152858,
    "rsd_pct": 0.9548796487118381,
    "micro": false
  },
  "erubi_rails": {
    "mean": 15.726526101909654,
    "rsd_pct": 3.3585482610163555,
    "micro": false
  },
  "etanni": {
    "mean": 408.0977098686465,
    "rsd_pct": 0.4732747974267621,
    "micro": false
  },
  "fannkuchredux": {
    "mean": 860.2040776901919,
    "rsd_pct": 0.061652340415547874,
    "micro": false
  },
  "lee": {
    "mean": 904.8185641454024,
    "rsd_pct": 0.16413101098694496,
    "micro": false
  },
  "nbody": {
    "mean": 76.61575969786765,
    "rsd_pct": 0.08889250664873126,
    "micro": false
  },
  "optcarrot": {
    "mean": 2608.855287792782,
    "rsd_pct": 0.7268147631498827,
    "micro": false
  },
  "rubykon": {
    "mean": 6744.127411985149,
    "rsd_pct": 0.3492451725388318,
    "micro": false
  },
  "30k_ifelse": {
    "mean": 428.96739605497174,
    "rsd_pct": 0.07135360646481366,
    "micro": true
  },
  "30k_methods": {
    "mean": 960.4461482726038,
    "rsd_pct": 0.03619049816845961,
    "micro": true
  },
  "cfunc_itself": {
    "mean": 40.78707591702466,
    "rsd_pct": 0.33417296653461354,
    "micro": true
  },
  "fib": {
    "mean": 62.472210354804076,
    "rsd_pct": 0.04953134600060627,
    "micro": true
  },
  "getivar": {
    "mean": 45.862769088579704,
    "rsd_pct": 0.17764869929604593,
    "micro": true
  },
  "keyword_args": {
    "mean": 53.67019493378561,
    "rsd_pct": 0.32717297585940314,
    "micro": true
  },
  "respond_to": {
    "mean": 29.88763766034561,
    "rsd_pct": 0.3975748067850097,
    "micro": true
  },
  "setivar": {
    "mean": 14.914874298224403,
    "rsd_pct": 0.07673841927636497,
    "micro": true
  },
  "setivar_object": {
    "mean": 47.15263141749673,
    "rsd_pct": 0.7722336629020463,
    "micro": true
  },
  "str_concat": {
    "mean": 42.223966778932954,
    "rsd_pct": 1.4759648092460418,
    "micro": true
  }
}