{
  "activerecord": {
    "mean": 320.5917363986373,
    "rsd_pct": 0.20004854575932257,
    "micro": false
  },
  "hexapdf": {
    "mean": 6327.925080060959,
    "rsd_pct": 1.4661679289778935,
    "micro": false
  },
  "liquid-c": {
    "mean": 188.54883785920535,
    "rsd_pct": 1.8194982055736446,
    "micro": false
  },
  "liquid-render": {
    "mean": 361.5419702506379,
    "rsd_pct": 2.172661704190405,
    "micro": false
  },
  "mail": {
    "mean": 374.3604643785052,
    "rsd_pct": 0.13217405295081797,
    "micro": false
  },
  "psych-load": {
    "mean": 5596.481879428029,
    "rsd_pct": 0.0391734712192097,
    "micro": false
  },
  "railsbench": {
    "mean": 5525.370969623327,
    "rsd_pct": 0.7436248416369697,
    "micro": false
  },
  "ruby-lsp": {
    "mean": 184.91877116567906,
    "rsd_pct": 10.85881378940414,
    "micro": false
  },
  "sequel": {
    "mean": 437.8559905735235,
    "rsd_pct": 2.5140341069004624,
    "micro": false
  },
  "binarytrees": {
    "mean": 533.5694638467053,
    "rsd_pct": 0.5435999871288201,
    "micro": false
  },
  "chunky_png": {
    "mean": 1516.3999857613817,
    "rsd_pct": 0.08615874836361423,
    "micro": false
  },
  "erubi": {
    "mean": 584.8749775905162,
    "rsd_pct": 0.9386942865029004,
    "micro": false
  },
  "erubi_rails": {
    "mean": 46.23191093551178,
    "rsd_pct": 1.9983464864631162,
    "micro": false
  },
  "etanni": {
    "mean": 924.4112338637933,
    "rsd_pct": 0.4200712776637097,
    "micro": false
  },
  "fannkuchredux": {
    "mean": 2021.0681894551153,
    "rsd_pct": 0.06100921997052907,
    "micro": false
  },
  "lee": {
    "mean": 2253.051875328476,
    "rsd_pct": 0.27136344805237517,
    "micro": false
  },
  "nbody": {
    "mean": 181.6479398841983,
    "rsd_pct": 0.05659637317152888,
    "micro": false
  },
  "optcarrot": {
    "mean": 10075.102786098918,
    "rsd_pct": 0.7327924141214069,
    "micro": false
  },
  "ruby-json": {
    "mean": 8776.806754370531,
    "rsd_pct": 0.09392427251041946,
    "micro": false
  },
  "rubykon": {
    "mean": 20418.452648942668,
    "rsd_pct": 0.3709666469409816,
    "micro": false
  },
  "30k_ifelse": {
    "mean": 1937.386018560922,
    "rsd_pct": 0.03385580006480314,
    "micro": true
  },
  "30k_methods": {
    "mean": 3864.793496472495,
    "rsd_pct": 0.05718558076132135,
    "micro": true
  },
  "cfunc_itself": {
    "mean": 107.93593994476511,
    "rsd_pct": 0.1476828236382381,
    "micro": true
  },
  "fib": {
    "mean": 191.091868530486,
    "rsd_pct": 0.006583948078503685,
    "micro": true
  },
  "getivar": {
    "mean": 107.46850912809509,
    "rsd_pct": 0.007801896862578624,
    "micro": true
  },
  "keyword_args": {
    "mean": 199.89526456586478,
    "rsd_pct": 0.07230926974897715,
    "micro": true
  },
  "respond_to": {
    "mean": 99.30371832861393,
    "rsd_pct": 1.7888509144187328,
    "micro": true
  },
  "setivar": {
    "mean": 50.03850277789213,
    "rsd_pct": 0.01317089925714511,
    "micro": true
  },
  "setivar_object": {
    "mean": 126.73672033322342,
    "rsd_pct": 1.4209014367013202,
    "micro": true
  },
  "str_concat": {
    "mean": 96.75056696670433,
    "rsd_pct": 0.9328707119558635,
    "micro": true
  },
  "throw": {
    "mean": 50.19131937237327,
    "rsd_pct": 0.17256548133875482,
    "micro": true
  }
}