{
  "activerecord": {
    "mean": 41.558186586984654,
    "rsd_pct": 0.8533402575150653,
    "micro": false
  },
  "erubi_rails": {
    "mean": 15.124435362688358,
    "rsd_pct": 3.3941339074673134,
    "micro": false
  },
  "hexapdf": {
    "mean": 1975.3427278871338,
    "rsd_pct": 2.556718801869728,
    "micro": false
  },
  "liquid-c": {
    "mean": 58.02634467605,
    "rsd_pct": 2.1513308435248772,
    "micro": false
  },
  "liquid-compile": {
    "mean": 55.56893473742216,
    "rsd_pct": 0.7980555800956206,
    "micro": false
  },
  "liquid-render": {
    "mean": 102.18713523306864,
    "rsd_pct": 2.773567646971119,
    "micro": false
  },
  "mail": {
    "mean": 126.4283613711121,
    "rsd_pct": 0.17400202516367355,
    "micro": false
  },
  "psych-load": {
    "mean": 1816.726082873841,
    "rsd_pct": 0.060588155548991836,
    "micro": false
  },
  "railsbench": {
    "mean": 1806.4635664224625,
    "rsd_pct": 1.2030635251849808,
    "micro": false
  },
  "ruby-lsp": {
    "mean": 57.24300728326284,
    "rsd_pct": 20.520534335769753,
    "micro": false
  },
  "sequel": {
    "mean": 67.7269314428424,
    "rsd_pct": 0.2151547881006728,
    "micro": false
  },
  "binarytrees": {
    "mean": 221.7251303072056,
    "rsd_pct": 0.21014699963587288,
    "micro": false
  },
  "chunky_png": {
    "mean": 602.2117953239517,
    "rsd_pct": 0.04390650977827103,
    "micro": false
  },
  "erubi": {
    "mean": 253.92413480828205,
    "rsd_pct": 0.8547440519244908,
    "micro": false
  },
  "etanni": {
    "mean": 412.8796350560151,
    "rsd_pct": 0.4554886805802773,
    "micro": false
  },
  "fannkuchredux": {
    "mean": 771.6722109913826,
    "rsd_pct": 0.28336922927492025,
    "micro": false
  },
  "lee": {
    "mean": 894.0554562617432,
    "rsd_pct": 0.37743770587785325,
    "micro": false
  },
  "nbody": {
    "mean": 76.62115076920767,
    "rsd_pct": 0.0922854964645502,
    "micro": false
  },
  "optcarrot": {
    "mean": 2231.105632148683,
    "rsd_pct": 0.6292568472284172,
    "micro": false
  },
  "ruby-json": {
    "mean": 3078.332383247713,
    "rsd_pct": 0.03374495395637901,
    "micro": false
  },
  "rubykon": {
    "mean": 6426.711028628051,
    "rsd_pct": 0.389739526062583,
    "micro": false
  },
  "30k_ifelse": {
    "mean": 360.2730358019471,
    "rsd_pct": 0.061634534400387436,
    "micro": true
  },
  "30k_methods": {
    "mean": 854.6271789414079,
    "rsd_pct": 0.02164089167307189,
    "micro": true
  },
  "cfunc_itself": {
    "mean": 39.034292922440564,
    "rsd_pct": 0.15156253336576958,
    "micro": true
  },
  "fib": {
    "mean": 45.484016006917095,
    "rsd_pct": 0.0802741614237099,
    "micro": true
  },
  "getivar": {
    "mean": 21.29783401503525,
    "rsd_pct": 0.4501105255941318,
    "micro": true
  },
  "keyword_args": {
    "mean": 47.86103133740554,
    "rsd_pct": 0.15975019001877944,
    "micro": true
  },
  "respond_to": {
    "mean": 25.32072220715143,
    "rsd_pct": 1.5060632079594758,
    "micro": true
  },
  "setivar": {
    "mean": 11.99125668484255,
    "rsd_pct": 0.08965411589639061,
    "micro": true
  },
  "setivar_object": {
    "mean": 44.45560929882858,
    "rsd_pct": 1.8523804750000725,
    "micro": true
  },
  "setivar_young": {
    "mean": 43.07882375372895,
    "rsd_pct": 1.9028306038236076,
    "micro": true
  },
  "str_concat": {
    "mean": 42.99389339428291,
    "rsd_pct": 1.5064970690327488,
    "micro": true
  },
  "throw": {
    "mean": 24.354044852653544,
    "rsd_pct": 0.2116211355966207,
    "micro": true
  }
}