{
  "activerecord": {
    "mean": 92.80430915804632,
    "rsd_pct": 0.7574347655922311,
    "micro": false
  },
  "hexapdf": {
    "mean": 2144.190520824244,
    "rsd_pct": 1.4320203688671929,
    "micro": false
  },
  "liquid-render": {
    "mean": 114.04747283219227,
    "rsd_pct": 1.43449801312554,
    "micro": false
  },
  "mail": {
    "mean": 142.5538671256559,
    "rsd_pct": 0.16146290453229448,
    "micro": false
  },
  "psych-load": {
    "mean": 1808.361961785704,
    "rsd_pct": 0.011663881744725095,
    "micro": false
  },
  "railsbench": {
    "mean": 1967.4391097854823,
    "rsd_pct": 0.6234903989790921,
    "micro": false
  },
  "ruby-lsp": {
    "mean": 70.07925417421805,
    "rsd_pct": 16.862943647066977,
    "micro": false
  },
  "binarytrees": {
    "mean": 231.33237491864926,
    "rsd_pct": 0.0705607790422374,
    "micro": false
  },
  "chunky_png": {
    "mean": 613.1021896482355,
    "rsd_pct": 0.07917077429756876,
    "micro": false
  },
  "erubi": {
    "mean": 285.1501295143472,
    "rsd_pct": 0.8748169995131168,
    "micro": false
  },
  "erubi_rails": {
    "mean": 17.295769073825795,
    "rsd_pct": 4.0055121992294795,
    "micro": false
  },
  "etanni": {
    "mean": 465.18014930743016,
    "rsd_pct": 0.5425467369380116,
    "micro": false
  },
  "fannkuchredux": {
    "mean": 944.0568567674961,
    "rsd_pct": 0.07769050526856414,
    "micro": false
  },
  "lee": {
    "mean": 917.0877560020679,
    "rsd_pct": 0.05891415818035401,
    "micro": false
  },
  "nbody": {
    "mean": 74.38305955463294,
    "rsd_pct": 0.03481098847957976,
    "micro": false
  },
  "optcarrot": {
    "mean": 2612.8539899519333,
    "rsd_pct": 0.4132865585789055,
    "micro": false
  },
  "rubykon": {
    "mean": 6609.224806974332,
    "rsd_pct": 0.9126433678534109,
    "micro": false
  },
  "30k_ifelse": {
    "mean": 395.0304222293198,
    "rsd_pct": 0.13025745886046375,
    "micro": true
  },
  "30k_methods": {
    "mean": 959.6690432168543,
    "rsd_pct": 0.028857001489806255,
    "micro": true
  },
  "cfunc_itself": {
    "mean": 40.75158374492827,
    "rsd_pct": 0.16633032565214878,
    "micro": true
  },
  "fib": {
    "mean": 62.83200959713087,
    "rsd_pct": 0.04428360362717793,
    "micro": true
  },
  "getivar": {
    "mean": 45.768719371045094,
    "rsd_pct": 0.20188986166023817,
    "micro": true
  },
  "keyword_args": {
    "mean": 52.02599843737837,
    "rsd_pct": 0.038692435612381795,
    "micro": true
  },
  "respond_to": {
    "mean": 28.38078166953369,
    "rsd_pct": 0.4419511551389345,
    "micro": true
  },
  "setivar": {
    "mean": 14.70475099494626,
    "rsd_pct": 0.08870135486338038,
    "micro": true
  },
  "setivar_object": {
    "mean": 56.874612645281715,
    "rsd_pct": 18.741505351715134,
    "micro": true
  },
  "str_concat": {
    "mean": 43.56572008093448,
    "rsd_pct": 1.6288687628712524,
    "micro": true
  }
}