{
  "activerecord": {
    "mean": 146.09593973037298,
    "rsd_pct": 2.6219373668158537,
    "micro": false
  },
  "erubi_rails": {
    "mean": 44.49568596679413,
    "rsd_pct": 13.19359398953298,
    "micro": false
  },
  "hexapdf": {
    "mean": 5893.890587364634,
    "rsd_pct": 2.0595951494583837,
    "micro": false
  },
  "liquid-c": {
    "mean": 189.07693044384143,
    "rsd_pct": 1.532565049396946,
    "micro": false
  },
  "liquid-compile": {
    "mean": 161.93440525645488,
    "rsd_pct": 0.4556944858100874,
    "micro": false
  },
  "liquid-render": {
    "mean": 365.87362014562694,
    "rsd_pct": 1.9843581132964756,
    "micro": false
  },
  "mail": {
    "mean": 365.3409911236566,
    "rsd_pct": 0.09200262747677969,
    "micro": false
  },
  "psych-load": {
    "mean": 5241.260873774688,
    "rsd_pct": 0.0989385913897065,
    "micro": false
  },
  "railsbench": {
    "mean": 5309.61278428634,
    "rsd_pct": 0.7364602925224516,
    "micro": false
  },
  "ruby-lsp": {
    "mean": 193.15624508696297,
    "rsd_pct": 19.216406697482164,
    "micro": false
  },
  "sequel": {
    "mean": 202.58311302894913,
    "rsd_pct": 1.260306671579349,
    "micro": false
  },
  "binarytrees": {
    "mean": 488.48827141854497,
    "rsd_pct": 0.20259666638822846,
    "micro": false
  },
  "chunky_png": {
    "mean": 1499.3132570758462,
    "rsd_pct": 0.4160628756033404,
    "micro": false
  },
  "erubi": {
    "mean": 623.5449364874512,
    "rsd_pct": 0.7219574945077524,
    "micro": false
  },
  "etanni": {
    "mean": 932.0886641056562,
    "rsd_pct": 0.5749543974589736,
    "micro": false
  },
  "fannkuchredux": {
    "mean": 1471.3722109794617,
    "rsd_pct": 0.20326165342221933,
    "micro": false
  },
  "lee": {
    "mean": 2384.1685160462343,
    "rsd_pct": 0.27600503089292844,
    "micro": false
  },
  "nbody": {
    "mean": 154.99196199002546,
    "rsd_pct": 0.08477620198444827,
    "micro": false
  },
  "optcarrot": {
    "mean": 9117.49977854391,
    "rsd_pct": 0.47043001891801245,
    "micro": false
  },
  "ruby-json": {
    "mean": 7938.864000265797,
    "rsd_pct": 0.047511960128286686,
    "micro": false
  },
  "rubykon": {
    "mean": 19911.32137166957,
    "rsd_pct": 0.38687893260447415,
    "micro": false
  },
  "30k_ifelse": {
    "mean": 1600.0505987216127,
    "rsd_pct": 0.02994426517251065,
    "micro": true
  },
  "30k_methods": {
    "mean": 3433.507304638624,
    "rsd_pct": 0.07883573963832755,
    "micro": true
  },
  "cfunc_itself": {
    "mean": 86.8230264311513,
    "rsd_pct": 0.015373809615360286,
    "micro": true
  },
  "fib": {
    "mean": 123.65173874838676,
    "rsd_pct": 0.08026407861030534,
    "micro": true
  },
  "getivar": {
    "mean": 40.46685219866403,
    "rsd_pct": 0.01747293653656599,
    "micro": true
  },
  "keyword_args": {
    "mean": 121.69450659045785,
    "rsd_pct": 0.03323315831971499,
    "micro": true
  },
  "respond_to": {
    "mean": 73.29876570707293,
    "rsd_pct": 2.756213480805289,
    "micro": true
  },
  "setivar": {
    "mean": 30.8946104330275,
    "rsd_pct": 0.017509929167998775,
    "micro": true
  },
  "setivar_object": {
    "mean": 115.70697539338023,
    "rsd_pct": 1.595932558454628,
    "micro": true
  },
  "setivar_young": {
    "mean": 113.13847022651994,
    "rsd_pct": 0.019439878378772178,
    "micro": true
  },
  "str_concat": {
    "mean": 83.2946066232497,
    "rsd_pct": 0.9737117449498349,
    "micro": true
  },
  "throw": {
    "mean": 48.83271440650228,
    "rsd_pct": 0.1868088668824552,
    "micro": true
  }
}