{
  "activerecord": {
    "mean": 42.460494616908484,
    "rsd_pct": 3.736210266823771,
    "micro": false
  },
  "erubi_rails": {
    "mean": 15.56343432507039,
    "rsd_pct": 19.3327468439271,
    "micro": false
  },
  "hexapdf": {
    "mean": 2080.7479467242956,
    "rsd_pct": 1.6977368989879253,
    "micro": false
  },
  "liquid-c": {
    "mean": 59.533560322459444,
    "rsd_pct": 0.6624028818625352,
    "micro": false
  },
  "liquid-compile": {
    "mean": 56.55924568972772,
    "rsd_pct": 1.4563733237688747,
    "micro": false
  },
  "liquid-render": {
    "mean": 105.34679691711958,
    "rsd_pct": 0.4269867233420106,
    "micro": false
  },
  "mail": {
    "mean": 133.07600652194577,
    "rsd_pct": 0.334195341009809,
    "micro": false
  },
  "psych-load": {
    "mean": 1817.2404336432617,
    "rsd_pct": 0.06618908186314043,
    "micro": false
  },
  "railsbench": {
    "mean": 1814.6880770723026,
    "rsd_pct": 1.1424213436055983,
    "micro": false
  },
  "ruby-lsp": {
    "mean": 55.13453580807526,
    "rsd_pct": 7.109056358523738,
    "micro": false
  },
  "sequel": {
    "mean": 69.05604604657532,
    "rsd_pct": 1.214018879940095,
    "micro": false
  },
  "binarytrees": {
    "mean": 221.5285916747742,
    "rsd_pct": 0.06986139519173287,
    "micro": false
  },
  "chunky_png": {
    "mean": 652.5539780035615,
    "rsd_pct": 0.37777781734860916,
    "micro": false
  },
  "erubi": {
    "mean": 256.3378620021916,
    "rsd_pct": 0.06688536600039567,
    "micro": false
  },
  "etanni": {
    "mean": 410.5197940953076,
    "rsd_pct": 0.04089232179386476,
    "micro": false
  },
  "fannkuchredux": {
    "mean": 781.4777049422264,
    "rsd_pct": 0.0937983359513281,
    "micro": false
  },
  "lee": {
    "mean": 925.4830205546958,
    "rsd_pct": 0.37856793800681743,
    "micro": false
  },
  "nbody": {
    "mean": 74.2875665707661,
    "rsd_pct": 0.06996318106140732,
    "micro": false
  },
  "optcarrot": {
    "mean": 2296.2480656802654,
    "rsd_pct": 0.6427801821943778,
    "micro": false
  },
  "ruby-json": {
    "mean": 3093.8482561459145,
    "rsd_pct": 0.18007896534202614,
    "micro": false
  },
  "rubykon": {
    "mean": 6546.375830471516,
    "rsd_pct": 1.1473048362802571,
    "micro": false
  },
  "30k_ifelse": {
    "mean": 359.75016829642385,
    "rsd_pct": 0.06163949429235339,
    "micro": true
  },
  "30k_methods": {
    "mean": 857.9407251723435,
    "rsd_pct": 0.015502341783200622,
    "micro": true
  },
  "cfunc_itself": {
    "mean": 39.15201744215714,
    "rsd_pct": 0.25175039410574074,
    "micro": true
  },
  "fib": {
    "mean": 44.622094586624634,
    "rsd_pct": 0.10215982049735822,
    "micro": true
  },
  "getivar": {
    "mean": 21.109989005579518,
    "rsd_pct": 0.17574610242344701,
    "micro": true
  },
  "keyword_args": {
    "mean": 48.18294712577958,
    "rsd_pct": 0.10771691980978955,
    "micro": true
  },
  "respond_to": {
    "mean": 26.384360173584096,
    "rsd_pct": 0.4955166451569418,
    "micro": true
  },
  "setivar": {
    "mean": 11.99504119094325,
    "rsd_pct": 0.11273974403044454,
    "micro": true
  },
  "setivar_object": {
    "mean": 42.318178450590686,
    "rsd_pct": 0.04285371000700402,
    "micro": true
  },
  "setivar_young": {
    "mean": 42.37456436231575,
    "rsd_pct": 1.6422220498856455,
    "micro": true
  },
  "str_concat": {
    "mean": 45.51804971821401,
    "rsd_pct": 0.4216569444774045,
    "micro": true
  },
  "throw": {
    "mean": 24.958450654521585,
    "rsd_pct": 0.30840099677503985,
    "micro": true
  }
}