{
  "activerecord": {
    "mean": 107.30163226861738,
    "rsd_pct": 0.43201167210441127,
    "micro": false
  },
  "hexapdf": {
    "mean": 2178.109607193619,
    "rsd_pct": 1.829076457946523,
    "micro": false
  },
  "jekyll": {
    "mean": 7471.53784558177,
    "rsd_pct": 2.111685126158029,
    "micro": false
  },
  "liquid-render": {
    "mean": 116.42720259404109,
    "rsd_pct": 1.9830808804052409,
    "micro": false
  },
  "mail": {
    "mean": 141.48570604281116,
    "rsd_pct": 0.20693237997892217,
    "micro": false
  },
  "psych-load": {
    "mean": 1645.4097574576735,
    "rsd_pct": 0.4196503907443808,
    "micro": false
  },
  "railsbench": {
    "mean": 2462.4461946077645,
    "rsd_pct": 1.5583967277026998,
    "micro": false
  },
  "binarytrees": {
    "mean": 289.24973475125927,
    "rsd_pct": 2.5884478221274505,
    "micro": false
  },
  "fannkuchredux": {
    "mean": 5774.239789880812,
    "rsd_pct": 0.12895951379857606,
    "micro": false
  },
  "lee": {
    "mean": 805.2511071165403,
    "rsd_pct": 1.3790757378874967,
    "micro": false
  },
  "nbody": {
    "mean": 73.75213167566152,
    "rsd_pct": 0.05473773817440221,
    "micro": false
  },
  "optcarrot": {
    "mean": 3184.423047490418,
    "rsd_pct": 0.4762472458294398,
    "micro": false
  },
  "rubykon": {
    "mean": 5689.767858013511,
    "rsd_pct": 0.7816260967176895,
    "micro": false
  },
  "30k_ifelse": {
    "mean": 323.43288611334106,
    "rsd_pct": 0.1284811912596615,
    "micro": true
  },
  "30k_methods": {
    "mean": 757.7324942411745,
    "rsd_pct": 0.02178121175821092,
    "micro": true
  },
  "cfunc_itself": {
    "mean": 38.65855272243342,
    "rsd_pct": 0.2400526983179367,
    "micro": true
  },
  "fib": {
    "mean": 52.079804077744484,
    "rsd_pct": 0.02871552852475404,
    "micro": true
  },
  "getivar": {
    "mean": 35.470714089789574,
    "rsd_pct": 0.03729765985583747,
    "micro": true
  },
  "keyword_args": {
    "mean": 45.40493540906643,
    "rsd_pct": 0.08836303924852558,
    "micro": true
  },
  "respond_to": {
    "mean": 154.8387106973678,
    "rsd_pct": 0.20758312526806447,
    "micro": true
  },
  "setivar": {
    "mean": 44.33156479814983,
    "rsd_pct": 1.277176021301401,
    "micro": true
  }
}