{
  "activerecord": {
    "mean": 93.89897861961867,
    "rsd_pct": 0.7350220857112697,
    "micro": false
  },
  "hexapdf": {
    "mean": 2160.3732305578887,
    "rsd_pct": 2.285388015099544,
    "micro": false
  },
  "liquid-render": {
    "mean": 113.61374821534703,
    "rsd_pct": 1.9055746287338462,
    "micro": false
  },
  "mail": {
    "mean": 141.83229963618814,
    "rsd_pct": 0.16337986500866108,
    "micro": false
  },
  "psych-load": {
    "mean": 1772.90562922135,
    "rsd_pct": 0.02906285502139124,
    "micro": false
  },
  "railsbench": {
    "mean": 2001.0067395555477,
    "rsd_pct": 1.6895539242486626,
    "micro": false
  },
  "ruby-lsp": {
    "mean": 68.5459122196147,
    "rsd_pct": 15.555217653331948,
    "micro": false
  },
  "binarytrees": {
    "mean": 228.11133009489885,
    "rsd_pct": 0.10578243494628667,
    "micro": false
  },
  "chunky_png": {
    "mean": 629.4644643057836,
    "rsd_pct": 0.0491657170929523,
    "micro": false
  },
  "erubi": {
    "mean": 297.024256481296,
    "rsd_pct": 0.9571179686558764,
    "micro": false
  },
  "erubi_rails": {
    "mean": 17.201702490919413,
    "rsd_pct": 3.5599306130518724,
    "micro": false
  },
  "etanni": {
    "mean": 472.4703336999352,
    "rsd_pct": 0.6256953334676911,
    "micro": false
  },
  "fannkuchredux": {
    "mean": 935.7811733415084,
    "rsd_pct": 0.06716127765994333,
    "micro": false
  },
  "lee": {
    "mean": 900.3321992826055,
    "rsd_pct": 0.2074227721400714,
    "micro": false
  },
  "nbody": {
    "mean": 73.45825331721106,
    "rsd_pct": 0.04660686367995703,
    "micro": false
  },
  "optcarrot": {
    "mean": 2697.041925198088,
    "rsd_pct": 0.46799937845822354,
    "micro": false
  },
  "rubykon": {
    "mean": 6783.924033554892,
    "rsd_pct": 0.2673709217109182,
    "micro": false
  },
  "30k_ifelse": {
    "mean": 396.1719313170761,
    "rsd_pct": 0.15064305403095613,
    "micro": true
  },
  "30k_methods": {
    "mean": 950.1867598621175,
    "rsd_pct": 0.03399242873587583,
    "micro": true
  },
  "cfunc_itself": {
    "mean": 41.00306695633771,
    "rsd_pct": 0.13364696619109434,
    "micro": true
  },
  "fib": {
    "mean": 62.834277711986644,
    "rsd_pct": 0.05326359855280965,
    "micro": true
  },
  "getivar": {
    "mean": 45.882083997856654,
    "rsd_pct": 0.2161803616497456,
    "micro": true
  },
  "keyword_args": {
    "mean": 52.936043637724445,
    "rsd_pct": 0.13314819889413565,
    "micro": true
  },
  "respond_to": {
    "mean": 28.500914841191175,
    "rsd_pct": 0.4872593476109015,
    "micro": true
  },
  "setivar": {
    "mean": 14.709379389673757,
    "rsd_pct": 0.08800683347810034,
    "micro": true
  },
  "setivar_object": {
    "mean": 46.99251565271231,
    "rsd_pct": 1.1189414957809802,
    "micro": true
  },
  "str_concat": {
    "mean": 44.75886155171462,
    "rsd_pct": 1.4186356390680626,
    "micro": true
  }
}