{
  "activerecord": {
    "mean": 333.06113157550965,
    "rsd_pct": 0.27770797636696554,
    "micro": false
  },
  "hexapdf": {
    "mean": 6869.827790015067,
    "rsd_pct": 1.5019034497273802,
    "micro": false
  },
  "liquid-render": {
    "mean": 449.42104609426445,
    "rsd_pct": 0.30246881383417873,
    "micro": false
  },
  "mail": {
    "mean": 418.4652114179816,
    "rsd_pct": 0.7098293372426785,
    "micro": false
  },
  "psych-load": {
    "mean": 5291.319550992921,
    "rsd_pct": 0.027847749382430755,
    "micro": false
  },
  "railsbench": {
    "mean": 6053.233531784887,
    "rsd_pct": 1.4520265896374174,
    "micro": false
  },
  "ruby-lsp": {
    "mean": 207.82685324486025,
    "rsd_pct": 9.374448766266383,
    "micro": false
  },
  "binarytrees": {
    "mean": 526.7962786505985,
    "rsd_pct": 0.20190662484495406,
    "micro": false
  },
  "chunky_png": {
    "mean": 1627.8443857081584,
    "rsd_pct": 0.12188341781632327,
    "micro": false
  },
  "erubi": {
    "mean": 738.7008816620116,
    "rsd_pct": 1.028932794174044,
    "micro": false
  },
  "erubi_rails": {
    "mean": 50.06579176872245,
    "rsd_pct": 2.5138562403033684,
    "micro": false
  },
  "etanni": {
    "mean": 1187.532707411308,
    "rsd_pct": 0.398332208412728,
    "micro": false
  },
  "fannkuchredux": {
    "mean": 2620.537340086663,
    "rsd_pct": 0.1396913036726843,
    "micro": false
  },
  "lee": {
    "mean": 2260.331952203573,
    "rsd_pct": 1.3643816611188404,
    "micro": false
  },
  "nbody": {
    "mean": 177.43088893997432,
    "rsd_pct": 0.0692643422828527,
    "micro": false
  },
  "optcarrot": {
    "mean": 10648.129986599088,
    "rsd_pct": 0.3748586004856113,
    "micro": false
  },
  "rubykon": {
    "mean": 21153.612044267356,
    "rsd_pct": 0.47732519940456875,
    "micro": false
  },
  "setivar_object": {
    "mean": 124.01639147040744,
    "rsd_pct": 0.008265681476012603,
    "micro": false
  },
  "30k_ifelse": {
    "mean": 1916.8823778722435,
    "rsd_pct": 0.04046960784151614,
    "micro": true
  },
  "30k_methods": {
    "mean": 3965.93018783079,
    "rsd_pct": 0.04785035997428396,
    "micro": true
  },
  "cfunc_itself": {
    "mean": 103.22453667197969,
    "rsd_pct": 0.025251960414068117,
    "micro": true
  },
  "fib": {
    "mean": 181.46654158340772,
    "rsd_pct": 0.006238454946326749,
    "micro": true
  },
  "getivar": {
    "mean": 107.46575202250675,
    "rsd_pct": 0.007980048274827648,
    "micro": true
  },
  "keyword_args": {
    "mean": 150.78159300536703,
    "rsd_pct": 0.011873594590997193,
    "micro": true
  },
  "respond_to": {
    "mean": 99.61625952161796,
    "rsd_pct": 0.9864302801319922,
    "micro": true
  },
  "setivar": {
    "mean": 50.04073408907903,
    "rsd_pct": 0.038027297942881656,
    "micro": true
  },
  "str_concat": {
    "mean": 106.70139667995458,
    "rsd_pct": 0.861857423604322,
    "micro": true
  }
}