{
  "activerecord": {
    "mean": 96.35812305093964,
    "rsd_pct": 0.7503221515465047,
    "micro": false
  },
  "hexapdf": {
    "mean": 2309.793424854676,
    "rsd_pct": 1.7723669768628172,
    "micro": false
  },
  "liquid-render": {
    "mean": 110.7996821784499,
    "rsd_pct": 1.8182046443657984,
    "micro": false
  },
  "mail": {
    "mean": 161.05727609095536,
    "rsd_pct": 0.12765639647714683,
    "micro": false
  },
  "psych-load": {
    "mean": 1921.5127023557823,
    "rsd_pct": 0.016973038182887434,
    "micro": false
  },
  "railsbench": {
    "mean": 2047.9708085457485,
    "rsd_pct": 1.4195319039700347,
    "micro": false
  },
  "ruby-lsp": {
    "mean": 84.80421171634777,
    "rsd_pct": 23.736904945460285,
    "micro": false
  },
  "binarytrees": {
    "mean": 233.90674577916369,
    "rsd_pct": 3.6071036739239313,
    "micro": false
  },
  "chunky_png": {
    "mean": 624.1174130700529,
    "rsd_pct": 0.051087093337640145,
    "micro": false
  },
  "erubi": {
    "mean": 295.3586933105739,
    "rsd_pct": 0.7937048720982957,
    "micro": false
  },
  "erubi_rails": {
    "mean": 17.912372825918972,
    "rsd_pct": 3.822281447171963,
    "micro": false
  },
  "etanni": {
    "mean": 467.48513063149795,
    "rsd_pct": 0.5013483072394598,
    "micro": false
  },
  "fannkuchredux": {
    "mean": 2316.69976785779,
    "rsd_pct": 0.22453062628978382,
    "micro": false
  },
  "lee": {
    "mean": 896.1708884347569,
    "rsd_pct": 0.3825134009260535,
    "micro": false
  },
  "nbody": {
    "mean": 85.81769218580406,
    "rsd_pct": 0.09847349515005216,
    "micro": false
  },
  "optcarrot": {
    "mean": 2949.917605022589,
    "rsd_pct": 0.4605849832875968,
    "micro": false
  },
  "rubykon": {
    "mean": 6602.406703184049,
    "rsd_pct": 0.9118973338679306,
    "micro": false
  },
  "30k_ifelse": {
    "mean": 391.5728371590376,
    "rsd_pct": 0.1283905573876717,
    "micro": true
  },
  "30k_methods": {
    "mean": 952.0012049004436,
    "rsd_pct": 0.05314458940958956,
    "micro": true
  },
  "cfunc_itself": {
    "mean": 40.225899141085776,
    "rsd_pct": 0.25972605004752164,
    "micro": true
  },
  "fib": {
    "mean": 61.03151153761677,
    "rsd_pct": 0.038735568474609745,
    "micro": true
  },
  "getivar": {
    "mean": 46.747897937021435,
    "rsd_pct": 0.048951351327319446,
    "micro": true
  },
  "keyword_args": {
    "mean": 51.83501009430204,
    "rsd_pct": 0.11503561300426368,
    "micro": true
  },
  "respond_to": {
    "mean": 29.592583598064902,
    "rsd_pct": 0.5099821332441887,
    "micro": true
  },
  "setivar": {
    "mean": 52.96675426607632,
    "rsd_pct": 0.10043690550944802,
    "micro": true
  },
  "str_concat": {
    "mean": 44.818774336616826,
    "rsd_pct": 1.611619911535288,
    "micro": true
  }
}