{
  "activerecord": {
    "mean": 109.52884941456877,
    "rsd_pct": 0.5829706880175013,
    "micro": false
  },
  "hexapdf": {
    "mean": 2300.0471678872905,
    "rsd_pct": 2.2917444804173055,
    "micro": false
  },
  "liquid-render": {
    "mean": 117.08672973601257,
    "rsd_pct": 1.9270075424032986,
    "micro": false
  },
  "mail": {
    "mean": 153.11535040919597,
    "rsd_pct": 0.21362667644128422,
    "micro": false
  },
  "psych-load": {
    "mean": 1920.4582740863164,
    "rsd_pct": 0.3541830043830639,
    "micro": false
  },
  "railsbench": {
    "mean": 2076.689174026251,
    "rsd_pct": 0.7347237267447386,
    "micro": false
  },
  "binarytrees": {
    "mean": 232.94469311313574,
    "rsd_pct": 0.0587009400892263,
    "micro": false
  },
  "chunky_png": {
    "mean": 653.8562140117089,
    "rsd_pct": 0.048748687743426646,
    "micro": false
  },
  "erubi": {
    "mean": 300.6785119425005,
    "rsd_pct": 0.7603647283501541,
    "micro": false
  },
  "erubi_rails": {
    "mean": 19.044822550656995,
    "rsd_pct": 3.4201102505746896,
    "micro": false
  },
  "fannkuchredux": {
    "mean": 2293.7564256290593,
    "rsd_pct": 0.10174792283205109,
    "micro": false
  },
  "lee": {
    "mean": 950.5348288941951,
    "rsd_pct": 0.23296103359325565,
    "micro": false
  },
  "nbody": {
    "mean": 90.87992997162722,
    "rsd_pct": 0.11983918566557979,
    "micro": false
  },
  "optcarrot": {
    "mean": 3470.134315888087,
    "rsd_pct": 0.6230424433666374,
    "micro": false
  },
  "rubykon": {
    "mean": 6819.646566112836,
    "rsd_pct": 0.44352956267293475,
    "micro": false
  },
  "30k_ifelse": {
    "mean": 356.9848141209646,
    "rsd_pct": 0.10463744498893489,
    "micro": true
  },
  "30k_methods": {
    "mean": 828.6476813256741,
    "rsd_pct": 0.022644339455054015,
    "micro": true
  },
  "cfunc_itself": {
    "mean": 48.90925708142194,
    "rsd_pct": 0.6049007334041548,
    "micro": true
  },
  "fib": {
    "mean": 62.71777133334358,
    "rsd_pct": 0.04529158160679418,
    "micro": true
  },
  "getivar": {
    "mean": 42.75247055789899,
    "rsd_pct": 0.052933328932931914,
    "micro": true
  },
  "keyword_args": {
    "mean": 54.39900845697481,
    "rsd_pct": 0.148042143881819,
    "micro": true
  },
  "respond_to": {
    "mean": 30.02973095894041,
    "rsd_pct": 0.5873087530307545,
    "micro": true
  },
  "setivar": {
    "mean": 40.689884011096105,
    "rsd_pct": 0.38272786992994784,
    "micro": true
  },
  "str_concat": {
    "mean": 40.10290283732251,
    "rsd_pct": 1.8686771242022542,
    "micro": true
  }
}