{
  "activerecord": {
    "mean": 102.12692205187089,
    "rsd_pct": 0.7660730622587859,
    "micro": false
  },
  "hexapdf": {
    "mean": 2238.0114252717854,
    "rsd_pct": 1.6415773657285386,
    "micro": false
  },
  "liquid-render": {
    "mean": 129.40446045680588,
    "rsd_pct": 0.7547011855283274,
    "micro": false
  },
  "mail": {
    "mean": 143.9690586290885,
    "rsd_pct": 0.16474999664067122,
    "micro": false
  },
  "psych-load": {
    "mean": 1806.3489085955855,
    "rsd_pct": 0.025571259854213928,
    "micro": false
  },
  "railsbench": {
    "mean": 2008.908735801621,
    "rsd_pct": 1.4997625119116855,
    "micro": false
  },
  "ruby-lsp": {
    "mean": 70.23574739813488,
    "rsd_pct": 17.841522754318436,
    "micro": false
  },
  "binarytrees": {
    "mean": 231.937691083362,
    "rsd_pct": 0.07047699261902196,
    "micro": false
  },
  "chunky_png": {
    "mean": 622.5101839718263,
    "rsd_pct": 0.06601288403209293,
    "micro": false
  },
  "erubi": {
    "mean": 284.75461633934174,
    "rsd_pct": 0.9682050033006335,
    "micro": false
  },
  "erubi_rails": {
    "mean": 18.430855590260535,
    "rsd_pct": 3.8142129161376803,
    "micro": false
  },
  "etanni": {
    "mean": 471.46512373832854,
    "rsd_pct": 0.516429898420477,
    "micro": false
  },
  "fannkuchredux": {
    "mean": 926.038768037688,
    "rsd_pct": 0.09269953414772943,
    "micro": false
  },
  "lee": {
    "mean": 916.993991082894,
    "rsd_pct": 1.8131649424573153,
    "micro": false
  },
  "nbody": {
    "mean": 71.90545034740238,
    "rsd_pct": 0.04996950323213558,
    "micro": false
  },
  "optcarrot": {
    "mean": 2736.1997991295843,
    "rsd_pct": 0.4027947936667742,
    "micro": false
  },
  "rubykon": {
    "mean": 6640.639910928439,
    "rsd_pct": 0.43617213765895807,
    "micro": false
  },
  "30k_ifelse": {
    "mean": 394.11095195872787,
    "rsd_pct": 0.19724591867036767,
    "micro": true
  },
  "30k_methods": {
    "mean": 969.7248832060723,
    "rsd_pct": 0.016532712089156555,
    "micro": true
  },
  "cfunc_itself": {
    "mean": 40.94472217958913,
    "rsd_pct": 0.23645572285294317,
    "micro": true
  },
  "fib": {
    "mean": 61.083074797486226,
    "rsd_pct": 0.04653794328709799,
    "micro": true
  },
  "getivar": {
    "mean": 45.81713047344769,
    "rsd_pct": 0.10264890381818625,
    "micro": true
  },
  "keyword_args": {
    "mean": 52.13325020759416,
    "rsd_pct": 0.060758603171914415,
    "micro": true
  },
  "respond_to": {
    "mean": 28.595172259228583,
    "rsd_pct": 0.5181638126316869,
    "micro": true
  },
  "setivar": {
    "mean": 14.707214873168303,
    "rsd_pct": 0.08549719537555163,
    "micro": true
  },
  "str_concat": {
    "mean": 43.34944111220291,
    "rsd_pct": 1.96445391813073,
    "micro": true
  }
}