{
  "activerecord": {
    "mean": 106.42884162170861,
    "rsd_pct": 1.6289006815558746,
    "micro": false
  },
  "hexapdf": {
    "mean": 2157.3564582814774,
    "rsd_pct": 0.8740876983358091,
    "micro": false
  },
  "jekyll": {
    "mean": 7378.257622818152,
    "rsd_pct": 3.0806714725469346,
    "micro": false
  },
  "liquid-render": {
    "mean": 114.75980154327338,
    "rsd_pct": 2.1675826679618053,
    "micro": false
  },
  "mail": {
    "mean": 141.3132448680699,
    "rsd_pct": 0.23381704627973923,
    "micro": false
  },
  "psych-load": {
    "mean": 1664.5086353023846,
    "rsd_pct": 0.20029859005228592,
    "micro": false
  },
  "railsbench": {
    "mean": 2033.7970959643524,
    "rsd_pct": 1.8279410979754414,
    "micro": false
  },
  "binarytrees": {
    "mean": 283.34490741095084,
    "rsd_pct": 2.6996560643827086,
    "micro": false
  },
  "erubi": {
    "mean": 405.17951964455494,
    "rsd_pct": 0.6818073079835983,
    "micro": false
  },
  "erubi_rails": {
    "mean": 32.09214045785332,
    "rsd_pct": 3.993085878257892,
    "micro": false
  },
  "fannkuchredux": {
    "mean": 5702.669453000029,
    "rsd_pct": 0.21966942269136208,
    "micro": false
  },
  "lee": {
    "mean": 732.8889561058195,
    "rsd_pct": 1.3922040897107528,
    "micro": false
  },
  "nbody": {
    "mean": 73.98808644651326,
    "rsd_pct": 0.04653830743389951,
    "micro": false
  },
  "optcarrot": {
    "mean": 3064.2077735314765,
    "rsd_pct": 0.574936324436351,
    "micro": false
  },
  "rubykon": {
    "mean": 5542.32034124434,
    "rsd_pct": 0.6149053936230826,
    "micro": false
  },
  "30k_ifelse": {
    "mean": 306.22802179020186,
    "rsd_pct": 0.10727976747490618,
    "micro": true
  },
  "30k_methods": {
    "mean": 745.4497792102673,
    "rsd_pct": 0.0296747408438213,
    "micro": true
  },
  "cfunc_itself": {
    "mean": 40.01565189472929,
    "rsd_pct": 0.27066026941337773,
    "micro": true
  },
  "fib": {
    "mean": 52.06436744871704,
    "rsd_pct": 0.08291466275764914,
    "micro": true
  },
  "getivar": {
    "mean": 35.45785493858106,
    "rsd_pct": 0.032797923160265675,
    "micro": true
  },
  "keyword_args": {
    "mean": 45.71948837996884,
    "rsd_pct": 0.11681607798309337,
    "micro": true
  },
  "respond_to": {
    "mean": 155.01838884367717,
    "rsd_pct": 0.23257455355370454,
    "micro": true
  },
  "setivar": {
    "mean": 39.20143413937317,
    "rsd_pct": 0.4021575022810775,
    "micro": true
  }
}