{
  "activerecord": {
    "mean": 42.127466104908926,
    "rsd_pct": 0.9192916488790567,
    "micro": false
  },
  "erubi_rails": {
    "mean": 15.114533691578492,
    "rsd_pct": 10.396998532621359,
    "micro": false
  },
  "hexapdf": {
    "mean": 2063.9465611428022,
    "rsd_pct": 2.3249104891631482,
    "micro": false
  },
  "liquid-c": {
    "mean": 59.53458072231895,
    "rsd_pct": 2.103692007575078,
    "micro": false
  },
  "liquid-compile": {
    "mean": 54.163487521810055,
    "rsd_pct": 5.351824002241218,
    "micro": false
  },
  "liquid-render": {
    "mean": 108.50716008723754,
    "rsd_pct": 2.6100850919139664,
    "micro": false
  },
  "mail": {
    "mean": 129.34379136610417,
    "rsd_pct": 0.4183728811597175,
    "micro": false
  },
  "psych-load": {
    "mean": 1794.2672631392877,
    "rsd_pct": 0.03711401271481489,
    "micro": false
  },
  "railsbench": {
    "mean": 1816.9406277438004,
    "rsd_pct": 1.2142555193418865,
    "micro": false
  },
  "ruby-lsp": {
    "mean": 58.40288214821216,
    "rsd_pct": 19.982581277198893,
    "micro": false
  },
  "sequel": {
    "mean": 67.2433682893579,
    "rsd_pct": 0.4712155368524589,
    "micro": false
  },
  "binarytrees": {
    "mean": 227.02700598688608,
    "rsd_pct": 0.09177827623999618,
    "micro": false
  },
  "chunky_png": {
    "mean": 646.4796637495359,
    "rsd_pct": 0.055294135435057026,
    "micro": false
  },
  "erubi": {
    "mean": 257.4849859214364,
    "rsd_pct": 0.867775481284607,
    "micro": false
  },
  "etanni": {
    "mean": 417.9439002570386,
    "rsd_pct": 0.44719587857090337,
    "micro": false
  },
  "fannkuchredux": {
    "mean": 772.7639561232465,
    "rsd_pct": 0.033226283862751164,
    "micro": false
  },
  "lee": {
    "mean": 929.2875159354437,
    "rsd_pct": 0.34240082662116733,
    "micro": false
  },
  "nbody": {
    "mean": 69.55521361649244,
    "rsd_pct": 0.09439556820858129,
    "micro": false
  },
  "optcarrot": {
    "mean": 2245.586839442452,
    "rsd_pct": 0.6269181325358725,
    "micro": false
  },
  "ruby-json": {
    "mean": 3051.0360108067594,
    "rsd_pct": 0.16404115604319106,
    "micro": false
  },
  "rubykon": {
    "mean": 6642.011420056224,
    "rsd_pct": 1.502471721395625,
    "micro": false
  },
  "30k_ifelse": {
    "mean": 360.2877741171555,
    "rsd_pct": 0.06278363057673335,
    "micro": true
  },
  "30k_methods": {
    "mean": 856.9766359970621,
    "rsd_pct": 0.02554073705416749,
    "micro": true
  },
  "cfunc_itself": {
    "mean": 38.27792422453058,
    "rsd_pct": 0.22621754717864048,
    "micro": true
  },
  "fib": {
    "mean": 44.56581495469436,
    "rsd_pct": 0.05325205702042095,
    "micro": true
  },
  "getivar": {
    "mean": 21.152936336066986,
    "rsd_pct": 0.16849751696175727,
    "micro": true
  },
  "keyword_args": {
    "mean": 47.77945238733437,
    "rsd_pct": 0.1441023643533487,
    "micro": true
  },
  "respond_to": {
    "mean": 25.452769672694174,
    "rsd_pct": 0.5662286885631882,
    "micro": true
  },
  "setivar": {
    "mean": 11.99465896990139,
    "rsd_pct": 0.08807598908317621,
    "micro": true
  },
  "setivar_object": {
    "mean": 47.706170804700996,
    "rsd_pct": 2.946586680307758,
    "micro": true
  },
  "setivar_young": {
    "mean": 45.420189929562945,
    "rsd_pct": 1.2622502361240087,
    "micro": true
  },
  "str_concat": {
    "mean": 43.16350500485139,
    "rsd_pct": 1.4163914322326767,
    "micro": true
  },
  "throw": {
    "mean": 24.616690681929267,
    "rsd_pct": 0.2750391537380231,
    "micro": true
  }
}