{
  "activerecord": {
    "mean": 110.52932238413229,
    "rsd_pct": 0.45295809946562204,
    "micro": false
  },
  "hexapdf": {
    "mean": 2258.833028189838,
    "rsd_pct": 1.3289350548377854,
    "micro": false
  },
  "jekyll": {
    "mean": 7503.961185831577,
    "rsd_pct": 2.0941749502269613,
    "micro": false
  },
  "liquid-render": {
    "mean": 129.75950694546617,
    "rsd_pct": 2.646196069462662,
    "micro": false
  },
  "mail": {
    "mean": 141.73171810009552,
    "rsd_pct": 2.3918758733359122,
    "micro": false
  },
  "psych-load": {
    "mean": 1621.3523318059742,
    "rsd_pct": 0.21408168934481012,
    "micro": false
  },
  "railsbench": {
    "mean": 2528.897282294929,
    "rsd_pct": 1.4087106175030646,
    "micro": false
  },
  "binarytrees": {
    "mean": 299.02431703777165,
    "rsd_pct": 2.5811972020337866,
    "micro": false
  },
  "fannkuchredux": {
    "mean": 5477.956661768258,
    "rsd_pct": 0.03861497440954639,
    "micro": false
  },
  "lee": {
    "mean": 793.2110483525321,
    "rsd_pct": 1.5750237874454494,
    "micro": false
  },
  "nbody": {
    "mean": 75.39072549116099,
    "rsd_pct": 0.04526531934409894,
    "micro": false
  },
  "optcarrot": {
    "mean": 3212.125771585852,
    "rsd_pct": 0.4215085630920243,
    "micro": false
  },
  "30k_ifelse": {
    "mean": 322.49307308274393,
    "rsd_pct": 0.1679523169789936,
    "micro": true
  },
  "30k_methods": {
    "mean": 756.4803896033588,
    "rsd_pct": 0.03949509563042581,
    "micro": true
  },
  "cfunc_itself": {
    "mean": 38.909829177317164,
    "rsd_pct": 0.26987003875808563,
    "micro": true
  },
  "fib": {
    "mean": 51.98806363840898,
    "rsd_pct": 0.04461242058278222,
    "micro": true
  },
  "getivar": {
    "mean": 36.245006462295024,
    "rsd_pct": 0.08012699631129735,
    "micro": true
  },
  "keyword_args": {
    "mean": 45.252847877607024,
    "rsd_pct": 0.06281069875804937,
    "micro": true
  },
  "respond_to": {
    "mean": 167.74909052659166,
    "rsd_pct": 0.1870818467869559,
    "micro": true
  },
  "setivar": {
    "mean": 42.01949406212763,
    "rsd_pct": 0.14981435206214766,
    "micro": true
  }
}