{
  "cfunc_itself.rb": {
    "mean": 41.557602540706284,
    "rsd_pct": 0.33781127743283823
  },
  "fib.rb": {
    "mean": 58.30158246715949,
    "rsd_pct": 0.04122917897054321
  },
  "getivar.rb": {
    "mean": 36.26744549524808,
    "rsd_pct": 0.04386390710463358
  },
  "respond_to.rb": {
    "mean": 154.87878595595248,
    "rsd_pct": 0.37839355258113916
  },
  "setivar.rb": {
    "mean": 41.858028717746244,
    "rsd_pct": 0.22480025422647032
  },
  "30k_methods.rb": {
    "mean": 720.0521371107445,
    "rsd_pct": 0.02156389269519454
  },
  "30k_ifelse.rb": {
    "mean": 324.55188567669563,
    "rsd_pct": 0.17644134269956252
  },
  "fannkuchredux": {
    "mean": 5502.502132637892,
    "rsd_pct": 0.03925779671043766
  },
  "nbody": {
    "mean": 114.86632442736828,
    "rsd_pct": 0.1341250058631243
  },
  "binarytrees": {
    "mean": 301.0102868909343,
    "rsd_pct": 0.140854188735453
  },
  "psych-load": {
    "mean": 1831.4013100927696,
    "rsd_pct": 0.4804762757240196
  },
  "lee": {
    "mean": 811.6242674645036,
    "rsd_pct": 1.5302426149817427
  },
  "liquid-render": {
    "mean": 149.3933542871908,
    "rsd_pct": 1.7700928072221682
  },
  "activerecord": {
    "mean": 109.82059063982068,
    "rsd_pct": 1.9762141574141752
  },
  "optcarrot": {
    "mean": 3151.958856091369,
    "rsd_pct": 0.3310301648410403
  },
  "jekyll": {
    "mean": 7630.228595924564,
    "rsd_pct": 1.9616920458148872
  },
  "railsbench": {
    "mean": 2696.337628015317,
    "rsd_pct": 1.2352862850005222
  }
}