{
  "activerecord": {
    "mean": 105.38709993652729,
    "rsd_pct": 0.5227215404509704,
    "micro": false
  },
  "hexapdf": {
    "mean": 2340.7511773208776,
    "rsd_pct": 2.6702505965369467,
    "micro": false
  },
  "liquid-render": {
    "mean": 128.38763556180473,
    "rsd_pct": 2.1028370245929286,
    "micro": false
  },
  "mail": {
    "mean": 159.25188751650913,
    "rsd_pct": 0.19040286239168236,
    "micro": false
  },
  "psych-load": {
    "mean": 2045.833816503485,
    "rsd_pct": 0.11663087560580886,
    "micro": false
  },
  "railsbench": {
    "mean": 2111.8910850336156,
    "rsd_pct": 1.5645507358487787,
    "micro": false
  },
  "binarytrees": {
    "mean": 357.50763312998146,
    "rsd_pct": 0.053850458280464523,
    "micro": false
  },
  "chunky_png": {
    "mean": 664.6344924966494,
    "rsd_pct": 0.05580780439866663,
    "micro": false
  },
  "discourse": {
    "mean": 477.8942753810708,
    "rsd_pct": 1.681962374921163,
    "micro": false
  },
  "erubi": {
    "mean": 398.49390402436256,
    "rsd_pct": 0.9054936449227655,
    "micro": false
  },
  "erubi_rails": {
    "mean": 19.98095355374387,
    "rsd_pct": 2.991688246519019,
    "micro": false
  },
  "fannkuchredux": {
    "mean": 8870.91251425445,
    "rsd_pct": 0.19074532729425622,
    "micro": false
  },
  "lee": {
    "mean": 928.0281529007923,
    "rsd_pct": 1.2456572715142864,
    "micro": false
  },
  "nbody": {
    "mean": 90.65300208536813,
    "rsd_pct": 0.061689568851426936,
    "micro": false
  },
  "optcarrot": {
    "mean": 3479.92687523365,
    "rsd_pct": 0.5841959254785971,
    "micro": false
  },
  "rubykon": {
    "mean": 7622.359433025122,
    "rsd_pct": 3.927029086240419,
    "micro": false
  },
  "30k_ifelse": {
    "mean": 357.80099060918604,
    "rsd_pct": 0.07766750702845829,
    "micro": true
  },
  "30k_methods": {
    "mean": 877.4342490360141,
    "rsd_pct": 0.032695213945262466,
    "micro": true
  },
  "cfunc_itself": {
    "mean": 45.407443319869145,
    "rsd_pct": 0.7551548498747437,
    "micro": true
  },
  "fib": {
    "mean": 63.309466661441895,
    "rsd_pct": 0.038175708449655836,
    "micro": true
  },
  "getivar": {
    "mean": 42.53377613284825,
    "rsd_pct": 0.06041248291183767,
    "micro": true
  },
  "keyword_args": {
    "mean": 52.94352559052328,
    "rsd_pct": 0.3766951705132372,
    "micro": true
  },
  "respond_to": {
    "mean": 186.52534958507334,
    "rsd_pct": 0.16132614873337708,
    "micro": true
  },
  "setivar": {
    "mean": 54.01457445162117,
    "rsd_pct": 0.2883524019098877,
    "micro": true
  },
  "str_concat": {
    "mean": 109.60235941813005,
    "rsd_pct": 0.7736890995794701,
    "micro": true
  }
}