{
  "activerecord": {
    "mean": 144.6060491904521,
    "rsd_pct": 0.2118337888277889,
    "micro": false
  },
  "erubi_rails": {
    "mean": 43.87652763477859,
    "rsd_pct": 2.0151493706882078,
    "micro": false
  },
  "hexapdf": {
    "mean": 5707.205167288582,
    "rsd_pct": 2.8750458317883485,
    "micro": false
  },
  "liquid-c": {
    "mean": 188.9696017908516,
    "rsd_pct": 1.7854796796846866,
    "micro": false
  },
  "liquid-compile": {
    "mean": 161.72662852635688,
    "rsd_pct": 0.6837551533806228,
    "micro": false
  },
  "liquid-render": {
    "mean": 361.8647649965651,
    "rsd_pct": 2.191179792180804,
    "micro": false
  },
  "mail": {
    "mean": 361.26670171204324,
    "rsd_pct": 0.14601247053881217,
    "micro": false
  },
  "psych-load": {
    "mean": 5074.580283214648,
    "rsd_pct": 0.13766891811051846,
    "micro": false
  },
  "railsbench": {
    "mean": 5260.516125087936,
    "rsd_pct": 0.7761139795130785,
    "micro": false
  },
  "ruby-lsp": {
    "mean": 173.90146017161726,
    "rsd_pct": 11.937183763986969,
    "micro": false
  },
  "sequel": {
    "mean": 199.1578518236811,
    "rsd_pct": 0.1295598281071931,
    "micro": false
  },
  "binarytrees": {
    "mean": 500.83894203050755,
    "rsd_pct": 0.1738179706083411,
    "micro": false
  },
  "chunky_png": {
    "mean": 1479.77130766958,
    "rsd_pct": 0.06695122418812029,
    "micro": false
  },
  "erubi": {
    "mean": 569.6774692117394,
    "rsd_pct": 1.0116194597823716,
    "micro": false
  },
  "etanni": {
    "mean": 902.6666590943933,
    "rsd_pct": 0.5478500113211386,
    "micro": false
  },
  "fannkuchredux": {
    "mean": 1470.1942344411061,
    "rsd_pct": 0.2992545975085449,
    "micro": false
  },
  "lee": {
    "mean": 2410.2335262688853,
    "rsd_pct": 0.32460790308392323,
    "micro": false
  },
  "nbody": {
    "mean": 153.53102274628466,
    "rsd_pct": 0.08478554343915831,
    "micro": false
  },
  "optcarrot": {
    "mean": 8591.761431097984,
    "rsd_pct": 0.5171803415814781,
    "micro": false
  },
  "ruby-json": {
    "mean": 7955.013321215908,
    "rsd_pct": 0.12344821060130494,
    "micro": false
  },
  "rubykon": {
    "mean": 20041.448038319748,
    "rsd_pct": 0.6333217198009824,
    "micro": false
  },
  "30k_ifelse": {
    "mean": 1605.757054415616,
    "rsd_pct": 0.03496643644607496,
    "micro": true
  },
  "30k_methods": {
    "mean": 3449.017831812734,
    "rsd_pct": 0.09030133761547468,
    "micro": true
  },
  "cfunc_itself": {
    "mean": 86.82591226240692,
    "rsd_pct": 0.025834875729328084,
    "micro": true
  },
  "fib": {
    "mean": 123.65625359650168,
    "rsd_pct": 0.06825709339648581,
    "micro": true
  },
  "getivar": {
    "mean": 40.465820726578826,
    "rsd_pct": 0.012624700845051825,
    "micro": true
  },
  "keyword_args": {
    "mean": 121.67906294380637,
    "rsd_pct": 0.034417812085307635,
    "micro": true
  },
  "respond_to": {
    "mean": 84.49518267138332,
    "rsd_pct": 1.9056061879461483,
    "micro": true
  },
  "setivar": {
    "mean": 30.918796918280623,
    "rsd_pct": 0.02514319767873194,
    "micro": true
  },
  "setivar_object": {
    "mean": 116.0884095054917,
    "rsd_pct": 1.454314201897867,
    "micro": true
  },
  "setivar_young": {
    "mean": 113.34286055214561,
    "rsd_pct": 2.2328610814780836,
    "micro": true
  },
  "str_concat": {
    "mean": 83.39657069362224,
    "rsd_pct": 0.9513172604981751,
    "micro": true
  },
  "throw": {
    "mean": 49.39462923828293,
    "rsd_pct": 0.16046952686318272,
    "micro": true
  }
}