{
  "activerecord": {
    "mean": 335.75821216740854,
    "rsd_pct": 0.27729190439714013,
    "micro": false
  },
  "hexapdf": {
    "mean": 7452.731802593917,
    "rsd_pct": 1.6362056884481955,
    "micro": false
  },
  "liquid-render": {
    "mean": 442.14149462427457,
    "rsd_pct": 1.3591895943608596,
    "micro": false
  },
  "mail": {
    "mean": 571.8491821280622,
    "rsd_pct": 0.6945426213029602,
    "micro": false
  },
  "psych-load": {
    "mean": 6491.769464841734,
    "rsd_pct": 0.061721728077107046,
    "micro": false
  },
  "railsbench": {
    "mean": 6703.380594030023,
    "rsd_pct": 0.9209712185750438,
    "micro": false
  },
  "binarytrees": {
    "mean": 569.9593955429182,
    "rsd_pct": 3.512813151269842,
    "micro": false
  },
  "chunky_png": {
    "mean": 1640.755505421229,
    "rsd_pct": 0.18376367310265768,
    "micro": false
  },
  "erubi": {
    "mean": 768.7184447005613,
    "rsd_pct": 0.9242315858836208,
    "micro": false
  },
  "erubi_rails": {
    "mean": 54.11767753843537,
    "rsd_pct": 2.334676595391936,
    "micro": false
  },
  "etanni": {
    "mean": 1188.9038256679971,
    "rsd_pct": 0.6875935056309754,
    "micro": false
  },
  "fannkuchredux": {
    "mean": 6569.592527734737,
    "rsd_pct": 0.32914965985135713,
    "micro": false
  },
  "lee": {
    "mean": 2581.5082542598248,
    "rsd_pct": 0.09846599258648941,
    "micro": false
  },
  "nbody": {
    "mean": 212.71648923771417,
    "rsd_pct": 0.17406367915736848,
    "micro": false
  },
  "optcarrot": {
    "mean": 15553.065377349654,
    "rsd_pct": 0.37189635925453934,
    "micro": false
  },
  "rubykon": {
    "mean": 23808.12558407585,
    "rsd_pct": 0.3082524300045627,
    "micro": false
  },
  "30k_ifelse": {
    "mean": 2402.408496309072,
    "rsd_pct": 0.0685092727653709,
    "micro": true
  },
  "30k_methods": {
    "mean": 5200.324934674427,
    "rsd_pct": 0.05561201990199487,
    "micro": true
  },
  "cfunc_itself": {
    "mean": 118.37662084413371,
    "rsd_pct": 0.030141648895004414,
    "micro": true
  },
  "fib": {
    "mean": 226.44662978070983,
    "rsd_pct": 0.004822558111772785,
    "micro": true
  },
  "getivar": {
    "mean": 118.34445915254874,
    "rsd_pct": 0.005678920272222145,
    "micro": true
  },
  "keyword_args": {
    "mean": 155.94336213881797,
    "rsd_pct": 0.005892745513795823,
    "micro": true
  },
  "respond_to": {
    "mean": 114.77685822043698,
    "rsd_pct": 0.550823581055076,
    "micro": true
  },
  "setivar": {
    "mean": 112.7110977123386,
    "rsd_pct": 0.006897383128879271,
    "micro": true
  },
  "str_concat": {
    "mean": 118.22574851170941,
    "rsd_pct": 0.8054789869168983,
    "micro": true
  }
}