{
  "activerecord": {
    "mean": 105.78823987907045,
    "rsd_pct": 0.6015297685571016,
    "micro": false
  },
  "hexapdf": {
    "mean": 2011.117526423186,
    "rsd_pct": 2.002145306849045,
    "micro": false
  },
  "liquid-c": {
    "mean": 58.312367231241964,
    "rsd_pct": 2.138275435832051,
    "micro": false
  },
  "liquid-render": {
    "mean": 108.20528683939673,
    "rsd_pct": 2.656140091528719,
    "micro": false
  },
  "mail": {
    "mean": 130.7077820601514,
    "rsd_pct": 0.14051576996238802,
    "micro": false
  },
  "psych-load": {
    "mean": 1785.7829237667222,
    "rsd_pct": 0.03439852413232141,
    "micro": false
  },
  "railsbench": {
    "mean": 1839.4896396435797,
    "rsd_pct": 1.3085012844614923,
    "micro": false
  },
  "ruby-lsp": {
    "mean": 62.87038327438598,
    "rsd_pct": 20.933446318412656,
    "micro": false
  },
  "sequel": {
    "mean": 143.08701463298297,
    "rsd_pct": 1.7559303971097373,
    "micro": false
  },
  "binarytrees": {
    "mean": 236.29234303538314,
    "rsd_pct": 0.07437036662484162,
    "micro": false
  },
  "chunky_png": {
    "mean": 624.2234757800977,
    "rsd_pct": 0.04572293442873596,
    "micro": false
  },
  "erubi": {
    "mean": 251.12658543394338,
    "rsd_pct": 1.0488195404515166,
    "micro": false
  },
  "erubi_rails": {
    "mean": 15.883745639703598,
    "rsd_pct": 3.397152196592186,
    "micro": false
  },
  "etanni": {
    "mean": 406.1776478204648,
    "rsd_pct": 0.4732540378162594,
    "micro": false
  },
  "fannkuchredux": {
    "mean": 853.7292009543465,
    "rsd_pct": 0.07047976251258506,
    "micro": false
  },
  "lee": {
    "mean": 887.870634207502,
    "rsd_pct": 0.14528879140531792,
    "micro": false
  },
  "nbody": {
    "mean": 76.79113710006534,
    "rsd_pct": 0.07123646926765226,
    "micro": false
  },
  "optcarrot": {
    "mean": 2660.029403368632,
    "rsd_pct": 0.6666949625215185,
    "micro": false
  },
  "rubykon": {
    "mean": 6705.702009610832,
    "rsd_pct": 0.2768534608762202,
    "micro": false
  },
  "30k_ifelse": {
    "mean": 423.04936390211606,
    "rsd_pct": 0.08930874930280033,
    "micro": true
  },
  "30k_methods": {
    "mean": 959.0747478418052,
    "rsd_pct": 0.049154479948378446,
    "micro": true
  },
  "cfunc_itself": {
    "mean": 42.63650988480436,
    "rsd_pct": 0.11875113851566688,
    "micro": true
  },
  "fib": {
    "mean": 61.93236607670645,
    "rsd_pct": 0.03873209819310146,
    "micro": true
  },
  "getivar": {
    "mean": 45.897259106110226,
    "rsd_pct": 0.14556851687748792,
    "micro": true
  },
  "keyword_args": {
    "mean": 53.396480914362996,
    "rsd_pct": 0.16776661108854432,
    "micro": true
  },
  "respond_to": {
    "mean": 28.829108530070876,
    "rsd_pct": 0.3616467192861637,
    "micro": true
  },
  "setivar": {
    "mean": 14.91211605515945,
    "rsd_pct": 0.081233446841415,
    "micro": true
  },
  "setivar_object": {
    "mean": 47.10904393300769,
    "rsd_pct": 0.8921171784584667,
    "micro": true
  },
  "str_concat": {
    "mean": 42.59073897543181,
    "rsd_pct": 1.456408710430506,
    "micro": true
  }
}