{
  "activerecord": {
    "mean": 105.04479310230205,
    "rsd_pct": 0.5758139719807766,
    "micro": false
  },
  "hexapdf": {
    "mean": 2376.4261381079755,
    "rsd_pct": 1.9237222191620154,
    "micro": false
  },
  "liquid-render": {
    "mean": 128.12899679087008,
    "rsd_pct": 1.9687697900357535,
    "micro": false
  },
  "mail": {
    "mean": 160.0460302233696,
    "rsd_pct": 0.3745302046037786,
    "micro": false
  },
  "psych-load": {
    "mean": 1920.3874653826158,
    "rsd_pct": 0.06480720119483505,
    "micro": false
  },
  "railsbench": {
    "mean": 2107.0602440585694,
    "rsd_pct": 1.4407525723954446,
    "micro": false
  },
  "binarytrees": {
    "mean": 360.6464170822592,
    "rsd_pct": 1.4985359178984687,
    "micro": false
  },
  "chunky_png": {
    "mean": 660.1544427374998,
    "rsd_pct": 0.11607014923929666,
    "micro": false
  },
  "discourse": {
    "mean": 488.0710273790054,
    "rsd_pct": 10.027190635194485,
    "micro": false
  },
  "erubi": {
    "mean": 422.46517828328814,
    "rsd_pct": 0.8034778646037377,
    "micro": false
  },
  "erubi_rails": {
    "mean": 20.187285855456874,
    "rsd_pct": 3.6342166153686812,
    "micro": false
  },
  "fannkuchredux": {
    "mean": 7113.7077163904905,
    "rsd_pct": 0.05795998438691129,
    "micro": false
  },
  "lee": {
    "mean": 900.5484070983671,
    "rsd_pct": 0.30436919884595487,
    "micro": false
  },
  "nbody": {
    "mean": 88.18428462412018,
    "rsd_pct": 0.499364628684063,
    "micro": false
  },
  "optcarrot": {
    "mean": 3507.877853512764,
    "rsd_pct": 0.5828486921927015,
    "micro": false
  },
  "rubykon": {
    "mean": 7914.904259269436,
    "rsd_pct": 0.8132237402537996,
    "micro": false
  },
  "30k_ifelse": {
    "mean": 383.6173100948886,
    "rsd_pct": 0.16176537417426853,
    "micro": true
  },
  "30k_methods": {
    "mean": 890.0553877042098,
    "rsd_pct": 0.060169546969218925,
    "micro": true
  },
  "cfunc_itself": {
    "mean": 44.92346545210086,
    "rsd_pct": 1.0512381891962013,
    "micro": true
  },
  "fib": {
    "mean": 62.5543724745512,
    "rsd_pct": 0.6237427802338457,
    "micro": true
  },
  "getivar": {
    "mean": 42.6026000446245,
    "rsd_pct": 0.6999411756551829,
    "micro": true
  },
  "keyword_args": {
    "mean": 60.6096180839007,
    "rsd_pct": 0.7723261584516884,
    "micro": true
  },
  "respond_to": {
    "mean": 189.77896037321645,
    "rsd_pct": 0.2949306809163177,
    "micro": true
  },
  "setivar": {
    "mean": 53.95126690905865,
    "rsd_pct": 0.632952690151104,
    "micro": true
  },
  "str_concat": {
    "mean": 110.74257380153873,
    "rsd_pct": 1.408143269561342,
    "micro": true
  }
}