{
  "activerecord": {
    "mean": 99.25266276433985,
    "rsd_pct": 0.8135302926869623,
    "micro": false
  },
  "hexapdf": {
    "mean": 2341.223468631506,
    "rsd_pct": 2.2360011287109733,
    "micro": false
  },
  "liquid-render": {
    "mean": 114.60176084722791,
    "rsd_pct": 1.9355928721206186,
    "micro": false
  },
  "mail": {
    "mean": 156.91416109948196,
    "rsd_pct": 0.16264988473667216,
    "micro": false
  },
  "psych-load": {
    "mean": 1876.4185719192028,
    "rsd_pct": 0.03372626689924998,
    "micro": false
  },
  "railsbench": {
    "mean": 2014.3046197791894,
    "rsd_pct": 1.197156190803902,
    "micro": false
  },
  "binarytrees": {
    "mean": 234.89780145986327,
    "rsd_pct": 2.285481275145439,
    "micro": false
  },
  "chunky_png": {
    "mean": 627.0497990772128,
    "rsd_pct": 0.06330552505438815,
    "micro": false
  },
  "erubi": {
    "mean": 295.2294832264835,
    "rsd_pct": 0.7522807653535721,
    "micro": false
  },
  "erubi_rails": {
    "mean": 18.398427140252082,
    "rsd_pct": 4.078981365526045,
    "micro": false
  },
  "etanni": {
    "mean": 472.77829237282276,
    "rsd_pct": 0.4637528204825856,
    "micro": false
  },
  "fannkuchredux": {
    "mean": 2439.9060897529125,
    "rsd_pct": 0.022455042938169727,
    "micro": false
  },
  "lee": {
    "mean": 950.0933794304729,
    "rsd_pct": 0.04621198786518137,
    "micro": false
  },
  "nbody": {
    "mean": 78.13988239789495,
    "rsd_pct": 0.08060809920489559,
    "micro": false
  },
  "optcarrot": {
    "mean": 3064.8156464099884,
    "rsd_pct": 0.38346429937216414,
    "micro": false
  },
  "ruby-lsp": {
    "mean": 79.13325653701533,
    "rsd_pct": 21.019435599737733,
    "micro": false
  },
  "rubykon": {
    "mean": 6798.471405108769,
    "rsd_pct": 0.41478285917936447,
    "micro": false
  },
  "30k_ifelse": {
    "mean": 395.29211796820164,
    "rsd_pct": 0.12828483668825022,
    "micro": true
  },
  "30k_methods": {
    "mean": 957.0641877129674,
    "rsd_pct": 0.05700257650635308,
    "micro": true
  },
  "cfunc_itself": {
    "mean": 40.46956547979892,
    "rsd_pct": 0.3472210056194347,
    "micro": true
  },
  "fib": {
    "mean": 61.2801907618353,
    "rsd_pct": 0.05501525464442943,
    "micro": true
  },
  "getivar": {
    "mean": 46.860173449549876,
    "rsd_pct": 0.05330111035153393,
    "micro": true
  },
  "keyword_args": {
    "mean": 52.96188841588522,
    "rsd_pct": 0.2182495956542274,
    "micro": true
  },
  "respond_to": {
    "mean": 28.21825941579345,
    "rsd_pct": 0.5326443660881711,
    "micro": true
  },
  "setivar": {
    "mean": 47.9353307176837,
    "rsd_pct": 0.3514196262575692,
    "micro": true
  },
  "str_concat": {
    "mean": 44.12229409985451,
    "rsd_pct": 1.7892798011319817,
    "micro": true
  }
}