{
  "activerecord": {
    "mean": 112.19263243164575,
    "rsd_pct": 0.7202488565294146,
    "micro": false
  },
  "hexapdf": {
    "mean": 2179.5272583141923,
    "rsd_pct": 2.330187786342459,
    "micro": false
  },
  "liquid-c": {
    "mean": 61.78684579352661,
    "rsd_pct": 2.4701601839758194,
    "micro": false
  },
  "liquid-render": {
    "mean": 110.43896913360068,
    "rsd_pct": 2.11627065865768,
    "micro": false
  },
  "mail": {
    "mean": 141.65634838864207,
    "rsd_pct": 0.1923802983501691,
    "micro": false
  },
  "psych-load": {
    "mean": 1762.4980868771672,
    "rsd_pct": 0.031647601433031046,
    "micro": false
  },
  "railsbench": {
    "mean": 2013.9617707580328,
    "rsd_pct": 1.0761009290084218,
    "micro": false
  },
  "ruby-lsp": {
    "mean": 70.52067228240807,
    "rsd_pct": 19.656784168155102,
    "micro": false
  },
  "sequel": {
    "mean": 149.98255901490197,
    "rsd_pct": 2.3214059346428786,
    "micro": false
  },
  "binarytrees": {
    "mean": 235.2722780779004,
    "rsd_pct": 0.08533890489746386,
    "micro": false
  },
  "chunky_png": {
    "mean": 618.0152400047518,
    "rsd_pct": 0.04914627348191036,
    "micro": false
  },
  "erubi": {
    "mean": 251.42031190916896,
    "rsd_pct": 1.2563550664520367,
    "micro": false
  },
  "erubi_rails": {
    "mean": 17.576313555650216,
    "rsd_pct": 3.481141471500597,
    "micro": false
  },
  "etanni": {
    "mean": 409.22535622181994,
    "rsd_pct": 0.6144273915171582,
    "micro": false
  },
  "fannkuchredux": {
    "mean": 905.5143816041805,
    "rsd_pct": 0.06404339477624141,
    "micro": false
  },
  "lee": {
    "mean": 925.263253883237,
    "rsd_pct": 0.2824060375428314,
    "micro": false
  },
  "nbody": {
    "mean": 71.87384081181085,
    "rsd_pct": 0.048513753324083836,
    "micro": false
  },
  "optcarrot": {
    "mean": 2727.684890665114,
    "rsd_pct": 0.40460843029532906,
    "micro": false
  },
  "rubykon": {
    "mean": 6705.613048995535,
    "rsd_pct": 0.3718533296814903,
    "micro": false
  },
  "30k_ifelse": {
    "mean": 397.635250557214,
    "rsd_pct": 0.1518682641703342,
    "micro": true
  },
  "30k_methods": {
    "mean": 952.1666621323675,
    "rsd_pct": 0.035162014493958026,
    "micro": true
  },
  "cfunc_itself": {
    "mean": 40.23814627912054,
    "rsd_pct": 0.3635422638302904,
    "micro": true
  },
  "fib": {
    "mean": 61.38653125613928,
    "rsd_pct": 0.05175831638612623,
    "micro": true
  },
  "getivar": {
    "mean": 45.79845438253143,
    "rsd_pct": 0.22983525797660867,
    "micro": true
  },
  "keyword_args": {
    "mean": 52.2850051856949,
    "rsd_pct": 0.04828289068233316,
    "micro": true
  },
  "respond_to": {
    "mean": 28.318252163470213,
    "rsd_pct": 0.5129060766675556,
    "micro": true
  },
  "setivar": {
    "mean": 14.708119270610897,
    "rsd_pct": 0.1019935831538264,
    "micro": true
  },
  "setivar_object": {
    "mean": 47.4261381499031,
    "rsd_pct": 1.3369081427617724,
    "micro": true
  },
  "str_concat": {
    "mean": 44.30730332021599,
    "rsd_pct": 1.570872392339764,
    "micro": true
  }
}