{
  "activerecord": {
    "mean": 102.177119837987,
    "rsd_pct": 0.5672874939350923,
    "micro": false
  },
  "hexapdf": {
    "mean": 2315.1226801176867,
    "rsd_pct": 1.8469318047247076,
    "micro": false
  },
  "liquid-render": {
    "mean": 132.21804731979202,
    "rsd_pct": 1.6323558898579,
    "micro": false
  },
  "mail": {
    "mean": 160.60584469139576,
    "rsd_pct": 0.162622023383211,
    "micro": false
  },
  "psych-load": {
    "mean": 1883.3024042348068,
    "rsd_pct": 0.025690677069316353,
    "micro": false
  },
  "railsbench": {
    "mean": 2100.1023856302104,
    "rsd_pct": 1.0223400389485948,
    "micro": false
  },
  "binarytrees": {
    "mean": 358.4598508878396,
    "rsd_pct": 0.051987300562726046,
    "micro": false
  },
  "chunky_png": {
    "mean": 655.5649471822484,
    "rsd_pct": 0.07706723087662559,
    "micro": false
  },
  "erubi": {
    "mean": 393.9134572073817,
    "rsd_pct": 0.6844483841597738,
    "micro": false
  },
  "erubi_rails": {
    "mean": 20.558247293114537,
    "rsd_pct": 3.2371363573587115,
    "micro": false
  },
  "fannkuchredux": {
    "mean": 8278.775545582175,
    "rsd_pct": 0.14851763575770013,
    "micro": false
  },
  "lee": {
    "mean": 900.635087269951,
    "rsd_pct": 0.4872578454869909,
    "micro": false
  },
  "nbody": {
    "mean": 90.70602533862974,
    "rsd_pct": 0.06841604335035256,
    "micro": false
  },
  "optcarrot": {
    "mean": 3467.5058453033366,
    "rsd_pct": 0.5876936104387599,
    "micro": false
  },
  "rubykon": {
    "mean": 7519.852549831073,
    "rsd_pct": 3.7540489657848957,
    "micro": false
  },
  "30k_ifelse": {
    "mean": 395.3451092155384,
    "rsd_pct": 0.0715228810163557,
    "micro": true
  },
  "30k_methods": {
    "mean": 876.7177634449167,
    "rsd_pct": 0.022497675254776205,
    "micro": true
  },
  "cfunc_itself": {
    "mean": 44.18154186258713,
    "rsd_pct": 0.4868424010624722,
    "micro": true
  },
  "fib": {
    "mean": 63.30878113706907,
    "rsd_pct": 0.03831466408183299,
    "micro": true
  },
  "getivar": {
    "mean": 42.52376641013091,
    "rsd_pct": 0.06374890113693524,
    "micro": true
  },
  "keyword_args": {
    "mean": 52.63560608758655,
    "rsd_pct": 0.1856997801311023,
    "micro": true
  },
  "respond_to": {
    "mean": 195.5101605796931,
    "rsd_pct": 0.2841862043186398,
    "micro": true
  },
  "setivar": {
    "mean": 54.327415831873644,
    "rsd_pct": 0.27226221909612797,
    "micro": true
  },
  "str_concat": {
    "mean": 104.02720180504463,
    "rsd_pct": 0.7111378832403888,
    "micro": true
  }
}