{
  "activerecord": {
    "mean": 103.46662623441203,
    "rsd_pct": 0.5948137552269593,
    "micro": false
  },
  "hexapdf": {
    "mean": 2000.7269663115342,
    "rsd_pct": 1.975796241816558,
    "micro": false
  },
  "liquid-c": {
    "mean": 58.62074255948826,
    "rsd_pct": 2.1740653195376396,
    "micro": false
  },
  "liquid-render": {
    "mean": 105.58113215871506,
    "rsd_pct": 2.7538621044920544,
    "micro": false
  },
  "mail": {
    "mean": 131.57688196148038,
    "rsd_pct": 0.26300776067870124,
    "micro": false
  },
  "psych-load": {
    "mean": 1787.2004837418597,
    "rsd_pct": 0.0367861765376634,
    "micro": false
  },
  "railsbench": {
    "mean": 1834.8884583450854,
    "rsd_pct": 1.1127589246390452,
    "micro": false
  },
  "ruby-lsp": {
    "mean": 59.28373188526544,
    "rsd_pct": 20.461251662275444,
    "micro": false
  },
  "sequel": {
    "mean": 145.9064705596208,
    "rsd_pct": 2.1856048657020994,
    "micro": false
  },
  "binarytrees": {
    "mean": 235.57084878249202,
    "rsd_pct": 0.06968406621907063,
    "micro": false
  },
  "chunky_png": {
    "mean": 629.6699091701979,
    "rsd_pct": 0.059833393616274023,
    "micro": false
  },
  "erubi": {
    "mean": 251.62469177164985,
    "rsd_pct": 0.9710939123430169,
    "micro": false
  },
  "erubi_rails": {
    "mean": 15.551808965060323,
    "rsd_pct": 3.3354150184004343,
    "micro": false
  },
  "etanni": {
    "mean": 415.6288548450296,
    "rsd_pct": 0.4473332979453853,
    "micro": false
  },
  "fannkuchredux": {
    "mean": 847.1969930738535,
    "rsd_pct": 0.043125416067979025,
    "micro": false
  },
  "lee": {
    "mean": 903.2526541797614,
    "rsd_pct": 0.355129278389674,
    "micro": false
  },
  "nbody": {
    "mean": 72.88328661061414,
    "rsd_pct": 0.10346596192792898,
    "micro": false
  },
  "optcarrot": {
    "mean": 2636.586230713874,
    "rsd_pct": 0.6112552085894908,
    "micro": false
  },
  "ruby-json": {
    "mean": 3059.795406678071,
    "rsd_pct": 0.14926060508440114,
    "micro": false
  },
  "rubykon": {
    "mean": 6703.952722810209,
    "rsd_pct": 0.35300234889405235,
    "micro": false
  },
  "30k_ifelse": {
    "mean": 425.87254433285284,
    "rsd_pct": 0.07497125076642452,
    "micro": true
  },
  "30k_methods": {
    "mean": 947.495192134132,
    "rsd_pct": 0.04346621370377436,
    "micro": true
  },
  "cfunc_itself": {
    "mean": 41.88776297004599,
    "rsd_pct": 0.14165180267830865,
    "micro": true
  },
  "fib": {
    "mean": 62.11931757507441,
    "rsd_pct": 0.08322549864688734,
    "micro": true
  },
  "getivar": {
    "mean": 45.80247407958527,
    "rsd_pct": 0.07549251452307161,
    "micro": true
  },
  "keyword_args": {
    "mean": 53.70622793460548,
    "rsd_pct": 0.1742103272269053,
    "micro": true
  },
  "respond_to": {
    "mean": 31.200777327789293,
    "rsd_pct": 0.3396365239903675,
    "micro": true
  },
  "setivar": {
    "mean": 14.805009725883052,
    "rsd_pct": 0.15159569949373802,
    "micro": true
  },
  "setivar_object": {
    "mean": 49.31884398223993,
    "rsd_pct": 0.04365297429185367,
    "micro": true
  },
  "str_concat": {
    "mean": 43.53761039855317,
    "rsd_pct": 1.5683465644364594,
    "micro": true
  }
}