{
  "activerecord": {
    "mean": 354.75631753533065,
    "rsd_pct": 0.34792896957407654,
    "micro": false
  },
  "hexapdf": {
    "mean": 6786.2617162366705,
    "rsd_pct": 1.1598078902796145,
    "micro": false
  },
  "liquid-c": {
    "mean": 200.24588902791342,
    "rsd_pct": 2.432764546215658,
    "micro": false
  },
  "liquid-render": {
    "mean": 399.5160495527507,
    "rsd_pct": 1.6591389900279903,
    "micro": false
  },
  "mail": {
    "mean": 413.64821574340266,
    "rsd_pct": 0.14265084579594411,
    "micro": false
  },
  "psych-load": {
    "mean": 6030.646832411488,
    "rsd_pct": 0.12924567654753863,
    "micro": false
  },
  "railsbench": {
    "mean": 5993.141659411292,
    "rsd_pct": 2.0362455688995302,
    "micro": false
  },
  "ruby-lsp": {
    "mean": 207.1902706996131,
    "rsd_pct": 9.811622575052562,
    "micro": false
  },
  "sequel": {
    "mean": 406.0659938788211,
    "rsd_pct": 2.206283997857061,
    "micro": false
  },
  "binarytrees": {
    "mean": 524.8524942989683,
    "rsd_pct": 0.14304855862680446,
    "micro": false
  },
  "chunky_png": {
    "mean": 1550.6406992208213,
    "rsd_pct": 0.11701624737357315,
    "micro": false
  },
  "erubi": {
    "mean": 583.2730904803611,
    "rsd_pct": 1.1329005189985164,
    "micro": false
  },
  "erubi_rails": {
    "mean": 49.99095626201251,
    "rsd_pct": 2.2670299316749563,
    "micro": false
  },
  "etanni": {
    "mean": 954.7469351174576,
    "rsd_pct": 1.7885558646825201,
    "micro": false
  },
  "fannkuchredux": {
    "mean": 2329.9842028479493,
    "rsd_pct": 0.09100160474404217,
    "micro": false
  },
  "lee": {
    "mean": 2522.39253600128,
    "rsd_pct": 0.33629435160038124,
    "micro": false
  },
  "nbody": {
    "mean": 176.68170987684744,
    "rsd_pct": 0.05771160992513529,
    "micro": false
  },
  "optcarrot": {
    "mean": 10901.231389679015,
    "rsd_pct": 0.4036727485830265,
    "micro": false
  },
  "rubykon": {
    "mean": 21509.123458402853,
    "rsd_pct": 0.7504041822729252,
    "micro": false
  },
  "30k_ifelse": {
    "mean": 1914.8653096705675,
    "rsd_pct": 0.025105098789606404,
    "micro": true
  },
  "30k_methods": {
    "mean": 3892.5679852476433,
    "rsd_pct": 0.06665976381598547,
    "micro": true
  },
  "cfunc_itself": {
    "mean": 103.36016788245823,
    "rsd_pct": 0.01284063942946231,
    "micro": true
  },
  "fib": {
    "mean": 181.49900081639106,
    "rsd_pct": 0.03505931069970153,
    "micro": true
  },
  "getivar": {
    "mean": 107.46604997510893,
    "rsd_pct": 0.007347463082588212,
    "micro": true
  },
  "keyword_args": {
    "mean": 143.90528540056462,
    "rsd_pct": 0.009477723741091426,
    "micro": true
  },
  "respond_to": {
    "mean": 100.02099959165754,
    "rsd_pct": 0.7972984519820678,
    "micro": true
  },
  "setivar": {
    "mean": 50.03926571294227,
    "rsd_pct": 0.011091439262956118,
    "micro": true
  },
  "setivar_object": {
    "mean": 127.24397928618333,
    "rsd_pct": 1.1768727701892947,
    "micro": true
  },
  "str_concat": {
    "mean": 107.49046829700166,
    "rsd_pct": 0.7738412774614094,
    "micro": true
  }
}