{
  "activerecord": {
    "mean": 106.6093249874336,
    "rsd_pct": 0.3250603125325921,
    "micro": false
  },
  "hexapdf": {
    "mean": 2205.275908811018,
    "rsd_pct": 1.8429451713207712,
    "micro": false
  },
  "jekyll": {
    "mean": 7383.586370991543,
    "rsd_pct": 2.01386171183258,
    "micro": false
  },
  "liquid-render": {
    "mean": 144.26554754275338,
    "rsd_pct": 0.9018022500825545,
    "micro": false
  },
  "mail": {
    "mean": 134.5578443724662,
    "rsd_pct": 0.24497912294063834,
    "micro": false
  },
  "psych-load": {
    "mean": 1657.3129172436893,
    "rsd_pct": 0.11640096063309784,
    "micro": false
  },
  "railsbench": {
    "mean": 2465.322984335944,
    "rsd_pct": 1.567339581589388,
    "micro": false
  },
  "binarytrees": {
    "mean": 293.02000395669523,
    "rsd_pct": 2.5875116547978587,
    "micro": false
  },
  "fannkuchredux": {
    "mean": 5522.574797878042,
    "rsd_pct": 0.17329416012470744,
    "micro": false
  },
  "lee": {
    "mean": 805.340358428657,
    "rsd_pct": 1.7303245902801394,
    "micro": false
  },
  "nbody": {
    "mean": 73.60291992890016,
    "rsd_pct": 0.049087499178238514,
    "micro": false
  },
  "optcarrot": {
    "mean": 3150.087381666526,
    "rsd_pct": 0.1540076971058479,
    "micro": false
  },
  "30k_ifelse": {
    "mean": 317.11155410750575,
    "rsd_pct": 0.14749394015906273,
    "micro": true
  },
  "30k_methods": {
    "mean": 749.8949406504192,
    "rsd_pct": 0.023363467477799715,
    "micro": true
  },
  "cfunc_itself": {
    "mean": 40.27558813250224,
    "rsd_pct": 0.26365189340230966,
    "micro": true
  },
  "fib": {
    "mean": 51.99968263010184,
    "rsd_pct": 0.05013491142262594,
    "micro": true
  },
  "getivar": {
    "mean": 36.28114521556165,
    "rsd_pct": 0.037052950665174236,
    "micro": true
  },
  "keyword_args": {
    "mean": 240.3721920516644,
    "rsd_pct": 0.11635945402775179,
    "micro": true
  },
  "respond_to": {
    "mean": 171.89071894945386,
    "rsd_pct": 0.8732263383003549,
    "micro": true
  },
  "setivar": {
    "mean": 42.27768484803982,
    "rsd_pct": 0.12842892031660086,
    "micro": true
  }
}