{
  "activerecord": {
    "mean": 103.47196520903172,
    "rsd_pct": 0.5920544576297212,
    "micro": false
  },
  "hexapdf": {
    "mean": 2412.9090969761214,
    "rsd_pct": 1.8832414932554142,
    "micro": false
  },
  "liquid-render": {
    "mean": 123.37505289856692,
    "rsd_pct": 1.6427038927485889,
    "micro": false
  },
  "mail": {
    "mean": 154.99316035645214,
    "rsd_pct": 0.14078294446274295,
    "micro": false
  },
  "psych-load": {
    "mean": 1891.9893418749173,
    "rsd_pct": 0.026637062909944425,
    "micro": false
  },
  "railsbench": {
    "mean": 2099.3525199592113,
    "rsd_pct": 1.1097526931380235,
    "micro": false
  },
  "binarytrees": {
    "mean": 373.8022180540221,
    "rsd_pct": 0.059914308490784426,
    "micro": false
  },
  "chunky_png": {
    "mean": 651.1404603719711,
    "rsd_pct": 0.19168365489354802,
    "micro": false
  },
  "erubi": {
    "mean": 296.94829305962605,
    "rsd_pct": 0.6968113083772338,
    "micro": false
  },
  "erubi_rails": {
    "mean": 19.49311243095475,
    "rsd_pct": 3.4955351683134306,
    "micro": false
  },
  "fannkuchredux": {
    "mean": 2402.986110250155,
    "rsd_pct": 0.0860677537969683,
    "micro": false
  },
  "lee": {
    "mean": 948.8998669243995,
    "rsd_pct": 0.9087062770428371,
    "micro": false
  },
  "nbody": {
    "mean": 90.50016572247401,
    "rsd_pct": 0.10246880613141761,
    "micro": false
  },
  "optcarrot": {
    "mean": 3480.159947524468,
    "rsd_pct": 0.6091789733223382,
    "micro": false
  },
  "rubykon": {
    "mean": 6748.554700364669,
    "rsd_pct": 0.8275810200402537,
    "micro": false
  },
  "30k_ifelse": {
    "mean": 370.14878382561386,
    "rsd_pct": 0.08837481569617249,
    "micro": true
  },
  "30k_methods": {
    "mean": 791.1839275062084,
    "rsd_pct": 0.023809396589124114,
    "micro": true
  },
  "cfunc_itself": {
    "mean": 48.304030089381,
    "rsd_pct": 0.4907850080629681,
    "micro": true
  },
  "fib": {
    "mean": 64.6776871267453,
    "rsd_pct": 0.13209271172166512,
    "micro": true
  },
  "getivar": {
    "mean": 45.44967184983083,
    "rsd_pct": 0.04443082094968442,
    "micro": true
  },
  "keyword_args": {
    "mean": 52.09232977251681,
    "rsd_pct": 0.37740399818209264,
    "micro": true
  },
  "respond_to": {
    "mean": 191.3288749686075,
    "rsd_pct": 0.9959058582568969,
    "micro": true
  },
  "setivar": {
    "mean": 43.24389440756989,
    "rsd_pct": 0.3462697358855442,
    "micro": true
  },
  "str_concat": {
    "mean": 43.415236324425834,
    "rsd_pct": 1.240984956248908,
    "micro": true
  }
}