{
  "activerecord": {
    "mean": 311.3686058367061,
    "rsd_pct": 0.23720343887551776,
    "micro": false
  },
  "hexapdf": {
    "mean": 6661.771612490217,
    "rsd_pct": 1.3594482320067398,
    "micro": false
  },
  "liquid-render": {
    "mean": 397.13583822627476,
    "rsd_pct": 1.5601443897896552,
    "micro": false
  },
  "mail": {
    "mean": 412.4763476186626,
    "rsd_pct": 0.13293393086450767,
    "micro": false
  },
  "psych-load": {
    "mean": 5233.401303986709,
    "rsd_pct": 0.09007576768024278,
    "micro": false
  },
  "railsbench": {
    "mean": 6062.053877301514,
    "rsd_pct": 0.6062662613241396,
    "micro": false
  },
  "ruby-lsp": {
    "mean": 224.64936887586697,
    "rsd_pct": 15.217602718885782,
    "micro": false
  },
  "binarytrees": {
    "mean": 535.6668542492492,
    "rsd_pct": 0.24678897651105583,
    "micro": false
  },
  "chunky_png": {
    "mean": 1611.326376994839,
    "rsd_pct": 0.08174909204464777,
    "micro": false
  },
  "erubi": {
    "mean": 735.9550188003636,
    "rsd_pct": 1.961564517341199,
    "micro": false
  },
  "erubi_rails": {
    "mean": 49.020550146006784,
    "rsd_pct": 2.4796553947234474,
    "micro": false
  },
  "etanni": {
    "mean": 1167.2135386837735,
    "rsd_pct": 0.8024060122125712,
    "micro": false
  },
  "fannkuchredux": {
    "mean": 2308.4507531353406,
    "rsd_pct": 0.2035648415862578,
    "micro": false
  },
  "lee": {
    "mean": 2402.296243743463,
    "rsd_pct": 0.3518162905480785,
    "micro": false
  },
  "nbody": {
    "mean": 177.64785868725437,
    "rsd_pct": 0.06857967615421162,
    "micro": false
  },
  "optcarrot": {
    "mean": 10402.690870687366,
    "rsd_pct": 0.4190263395636026,
    "micro": false
  },
  "rubykon": {
    "mean": 21332.022040771943,
    "rsd_pct": 0.6921025869509224,
    "micro": false
  },
  "30k_ifelse": {
    "mean": 1918.7533398158848,
    "rsd_pct": 0.033991229806936384,
    "micro": true
  },
  "30k_methods": {
    "mean": 3938.534735655412,
    "rsd_pct": 0.05699533777488913,
    "micro": true
  },
  "cfunc_itself": {
    "mean": 110.85320387765304,
    "rsd_pct": 0.18209427539286988,
    "micro": true
  },
  "fib": {
    "mean": 175.36929716010513,
    "rsd_pct": 0.007016049094314837,
    "micro": true
  },
  "getivar": {
    "mean": 107.90318714608567,
    "rsd_pct": 0.009187933517682448,
    "micro": true
  },
  "keyword_args": {
    "mean": 151.08231129980305,
    "rsd_pct": 0.01930880610148358,
    "micro": true
  },
  "respond_to": {
    "mean": 99.88855380910964,
    "rsd_pct": 1.187796875035109,
    "micro": true
  },
  "setivar": {
    "mean": 50.039319991736484,
    "rsd_pct": 0.011489666498973006,
    "micro": true
  },
  "setivar_object": {
    "mean": 127.64808593144494,
    "rsd_pct": 1.2766996552553325,
    "micro": true
  },
  "str_concat": {
    "mean": 106.53665824997516,
    "rsd_pct": 1.0188384731181164,
    "micro": true
  }
}