{
  "activerecord": {
    "mean": 42.3524643026166,
    "rsd_pct": 4.111148521653539,
    "micro": false
  },
  "erubi_rails": {
    "mean": 15.598258955900578,
    "rsd_pct": 21.06181766477141,
    "micro": false
  },
  "hexapdf": {
    "mean": 2071.0007486244044,
    "rsd_pct": 2.2860070226915,
    "micro": false
  },
  "liquid-c": {
    "mean": 59.023017565218304,
    "rsd_pct": 1.79119847215705,
    "micro": false
  },
  "liquid-compile": {
    "mean": 52.529781522523415,
    "rsd_pct": 4.789522566344462,
    "micro": false
  },
  "liquid-render": {
    "mean": 107.58950334528218,
    "rsd_pct": 2.4053108397613965,
    "micro": false
  },
  "mail": {
    "mean": 127.04956429494415,
    "rsd_pct": 0.36618946999739876,
    "micro": false
  },
  "psych-load": {
    "mean": 1829.6070020645857,
    "rsd_pct": 0.09178566690241421,
    "micro": false
  },
  "railsbench": {
    "mean": 1802.3909982293844,
    "rsd_pct": 1.6107463113928626,
    "micro": false
  },
  "ruby-lsp": {
    "mean": 67.27638537330287,
    "rsd_pct": 30.11698554483137,
    "micro": false
  },
  "sequel": {
    "mean": 67.33836553015765,
    "rsd_pct": 1.4383732046078177,
    "micro": false
  },
  "binarytrees": {
    "mean": 220.75168951931926,
    "rsd_pct": 0.07133298124115271,
    "micro": false
  },
  "chunky_png": {
    "mean": 654.8054802541932,
    "rsd_pct": 0.3294951341370425,
    "micro": false
  },
  "erubi": {
    "mean": 249.2426947457716,
    "rsd_pct": 0.9647986172223405,
    "micro": false
  },
  "etanni": {
    "mean": 403.18475063053927,
    "rsd_pct": 0.6208921889734079,
    "micro": false
  },
  "fannkuchredux": {
    "mean": 773.1313484162092,
    "rsd_pct": 0.0626128459142023,
    "micro": false
  },
  "lee": {
    "mean": 919.1797759738706,
    "rsd_pct": 0.2420589070522027,
    "micro": false
  },
  "nbody": {
    "mean": 68.60435317523292,
    "rsd_pct": 0.08731041385319138,
    "micro": false
  },
  "optcarrot": {
    "mean": 2264.861467729012,
    "rsd_pct": 0.623710558114141,
    "micro": false
  },
  "ruby-json": {
    "mean": 3368.185687686006,
    "rsd_pct": 0.3789352976796571,
    "micro": false
  },
  "rubykon": {
    "mean": 6778.2353935142355,
    "rsd_pct": 0.43648500464784495,
    "micro": false
  },
  "30k_ifelse": {
    "mean": 360.45510751957244,
    "rsd_pct": 0.061597626948815785,
    "micro": true
  },
  "30k_methods": {
    "mean": 859.8832521263672,
    "rsd_pct": 0.026430100635894117,
    "micro": true
  },
  "cfunc_itself": {
    "mean": 38.4104940144775,
    "rsd_pct": 0.2824665635572585,
    "micro": true
  },
  "fib": {
    "mean": 44.56469494891301,
    "rsd_pct": 0.07110245418834057,
    "micro": true
  },
  "getivar": {
    "mean": 21.162193308000344,
    "rsd_pct": 0.19801006238227503,
    "micro": true
  },
  "keyword_args": {
    "mean": 47.97969532491778,
    "rsd_pct": 0.17900856665597648,
    "micro": true
  },
  "respond_to": {
    "mean": 25.44828213181845,
    "rsd_pct": 0.33687800174292365,
    "micro": true
  },
  "setivar": {
    "mean": 11.994954530455855,
    "rsd_pct": 0.08924936623672779,
    "micro": true
  },
  "setivar_object": {
    "mean": 46.62901201398573,
    "rsd_pct": 5.675188907225346,
    "micro": true
  },
  "setivar_young": {
    "mean": 42.30538496779183,
    "rsd_pct": 1.5605881409191038,
    "micro": true
  },
  "str_concat": {
    "mean": 42.42977448155799,
    "rsd_pct": 1.4351618507276667,
    "micro": true
  },
  "throw": {
    "mean": 23.340300083819113,
    "rsd_pct": 0.29283914157045543,
    "micro": true
  }
}