{
  "activerecord": {
    "mean": 102.35331708276975,
    "rsd_pct": 0.7190921017170988,
    "micro": false
  },
  "hexapdf": {
    "mean": 2239.9232869890207,
    "rsd_pct": 2.0360676080277273,
    "micro": false
  },
  "liquid-render": {
    "mean": 129.32139249055606,
    "rsd_pct": 1.0143863325964828,
    "micro": false
  },
  "mail": {
    "mean": 142.46476636659625,
    "rsd_pct": 0.13870944734973842,
    "micro": false
  },
  "psych-load": {
    "mean": 1781.1204860142122,
    "rsd_pct": 0.02206835501381138,
    "micro": false
  },
  "railsbench": {
    "mean": 2032.9814207274467,
    "rsd_pct": 1.8638628073342745,
    "micro": false
  },
  "ruby-lsp": {
    "mean": 83.3900839638232,
    "rsd_pct": 25.920293825130234,
    "micro": false
  },
  "binarytrees": {
    "mean": 227.2519060989864,
    "rsd_pct": 0.0568267425255276,
    "micro": false
  },
  "chunky_png": {
    "mean": 614.7383488350897,
    "rsd_pct": 0.052477455029364004,
    "micro": false
  },
  "erubi": {
    "mean": 291.3113720920485,
    "rsd_pct": 0.9707245442678556,
    "micro": false
  },
  "erubi_rails": {
    "mean": 17.777686093617742,
    "rsd_pct": 3.8692175317654547,
    "micro": false
  },
  "etanni": {
    "mean": 474.46193248366137,
    "rsd_pct": 0.4754521656427165,
    "micro": false
  },
  "fannkuchredux": {
    "mean": 903.71470034699,
    "rsd_pct": 0.10782711802386209,
    "micro": false
  },
  "lee": {
    "mean": 874.6398581424728,
    "rsd_pct": 1.8641366127453338,
    "micro": false
  },
  "nbody": {
    "mean": 75.11339143480171,
    "rsd_pct": 0.03799757258219411,
    "micro": false
  },
  "optcarrot": {
    "mean": 2631.2200812157243,
    "rsd_pct": 0.41977345959255413,
    "micro": false
  },
  "rubykon": {
    "mean": 6704.227660813679,
    "rsd_pct": 0.6189957648674203,
    "micro": false
  },
  "setivar_object": {
    "mean": 45.9282168292936,
    "rsd_pct": 0.04397910824419222,
    "micro": false
  },
  "30k_ifelse": {
    "mean": 396.96550462627783,
    "rsd_pct": 0.16647290678801932,
    "micro": true
  },
  "30k_methods": {
    "mean": 944.7302001229089,
    "rsd_pct": 0.03807386686246601,
    "micro": true
  },
  "cfunc_itself": {
    "mean": 40.43324102566536,
    "rsd_pct": 0.524212037280666,
    "micro": true
  },
  "fib": {
    "mean": 61.72989402720877,
    "rsd_pct": 0.04806300976057605,
    "micro": true
  },
  "getivar": {
    "mean": 45.62614595418643,
    "rsd_pct": 0.046373002361022264,
    "micro": true
  },
  "keyword_args": {
    "mean": 52.19427015174044,
    "rsd_pct": 0.05172324586686845,
    "micro": true
  },
  "respond_to": {
    "mean": 28.477534322077304,
    "rsd_pct": 0.4043262606241667,
    "micro": true
  },
  "setivar": {
    "mean": 14.712425480518597,
    "rsd_pct": 0.10299612170992715,
    "micro": true
  },
  "str_concat": {
    "mean": 40.40823144023307,
    "rsd_pct": 1.7417063264867207,
    "micro": true
  }
}