{
  "activerecord": {
    "mean": 329.6954325051047,
    "rsd_pct": 0.2388005087990319,
    "micro": false
  },
  "hexapdf": {
    "mean": 7594.382557831705,
    "rsd_pct": 1.1691199831048928,
    "micro": false
  },
  "liquid-render": {
    "mean": 444.843653885817,
    "rsd_pct": 1.4170517170282024,
    "micro": false
  },
  "mail": {
    "mean": 588.1936606820091,
    "rsd_pct": 0.09280570043408312,
    "micro": false
  },
  "psych-load": {
    "mean": 6287.419207828741,
    "rsd_pct": 0.0424033507757336,
    "micro": false
  },
  "railsbench": {
    "mean": 6583.061222794156,
    "rsd_pct": 0.5711490559502547,
    "micro": false
  },
  "binarytrees": {
    "mean": 567.6116045162252,
    "rsd_pct": 3.3436387909572978,
    "micro": false
  },
  "chunky_png": {
    "mean": 1642.6936383068096,
    "rsd_pct": 0.05607731465125474,
    "micro": false
  },
  "erubi": {
    "mean": 775.1861118903274,
    "rsd_pct": 1.451124254382592,
    "micro": false
  },
  "erubi_rails": {
    "mean": 53.84516021713268,
    "rsd_pct": 2.317117535271616,
    "micro": false
  },
  "etanni": {
    "mean": 1186.8766569532454,
    "rsd_pct": 0.6692277679147713,
    "micro": false
  },
  "fannkuchredux": {
    "mean": 6565.204902055363,
    "rsd_pct": 0.26166833208816537,
    "micro": false
  },
  "lee": {
    "mean": 2614.0364522580057,
    "rsd_pct": 1.4363288059114725,
    "micro": false
  },
  "nbody": {
    "mean": 215.52620387959237,
    "rsd_pct": 0.10612544635774523,
    "micro": false
  },
  "optcarrot": {
    "mean": 15029.052189551294,
    "rsd_pct": 0.40879776851808175,
    "micro": false
  },
  "ruby-lsp": {
    "mean": 237.73951200600408,
    "rsd_pct": 12.27652888276193,
    "micro": false
  },
  "rubykon": {
    "mean": 25054.116569707792,
    "rsd_pct": 0.37964037696559516,
    "micro": false
  },
  "30k_ifelse": {
    "mean": 2383.6294439412195,
    "rsd_pct": 0.037169296591499236,
    "micro": true
  },
  "30k_methods": {
    "mean": 5140.387570625171,
    "rsd_pct": 0.0775625888951959,
    "micro": true
  },
  "cfunc_itself": {
    "mean": 122.64097142806239,
    "rsd_pct": 0.250536525697171,
    "micro": true
  },
  "fib": {
    "mean": 235.16460276427276,
    "rsd_pct": 0.004507377353982953,
    "micro": true
  },
  "getivar": {
    "mean": 118.34626626746785,
    "rsd_pct": 0.0056786628608417366,
    "micro": true
  },
  "keyword_args": {
    "mean": 157.0087157770411,
    "rsd_pct": 0.03240748485316063,
    "micro": true
  },
  "respond_to": {
    "mean": 116.42989423780001,
    "rsd_pct": 0.5878909439761375,
    "micro": true
  },
  "setivar": {
    "mean": 112.75900074160926,
    "rsd_pct": 0.06359708743594718,
    "micro": true
  },
  "str_concat": {
    "mean": 118.00931526185853,
    "rsd_pct": 0.6838532211414587,
    "micro": true
  }
}