{
  "activerecord": {
    "mean": 106.75190055868431,
    "rsd_pct": 0.5636629468242219,
    "micro": false
  },
  "hexapdf": {
    "mean": 2240.8133731223643,
    "rsd_pct": 1.4051237233779432,
    "micro": false
  },
  "jekyll": {
    "mean": 7467.53477724269,
    "rsd_pct": 1.6963852659371634,
    "micro": false
  },
  "liquid-render": {
    "mean": 125.94314897745447,
    "rsd_pct": 1.7669937670610498,
    "micro": false
  },
  "mail": {
    "mean": 138.75601134165677,
    "rsd_pct": 0.36843372712674205,
    "micro": false
  },
  "psych-load": {
    "mean": 1624.6149296872318,
    "rsd_pct": 0.21623670928132363,
    "micro": false
  },
  "railsbench": {
    "mean": 2443.1209376081824,
    "rsd_pct": 1.639954678027362,
    "micro": false
  },
  "binarytrees": {
    "mean": 290.3888726259692,
    "rsd_pct": 2.6827794932236815,
    "micro": false
  },
  "fannkuchredux": {
    "mean": 5402.335136476904,
    "rsd_pct": 0.07785355865518553,
    "micro": false
  },
  "lee": {
    "mean": 795.5513973138295,
    "rsd_pct": 1.9061177421605116,
    "micro": false
  },
  "nbody": {
    "mean": 75.56577627638391,
    "rsd_pct": 0.04931777826506749,
    "micro": false
  },
  "optcarrot": {
    "mean": 3137.2311593964696,
    "rsd_pct": 0.4531848600127474,
    "micro": false
  },
  "30k_ifelse": {
    "mean": 323.25334128780435,
    "rsd_pct": 2.0021275364811286,
    "micro": true
  },
  "30k_methods": {
    "mean": 751.2428852017312,
    "rsd_pct": 0.03788333592087258,
    "micro": true
  },
  "cfunc_itself": {
    "mean": 40.21925104927028,
    "rsd_pct": 0.29667442624701607,
    "micro": true
  },
  "fib": {
    "mean": 52.00364095966021,
    "rsd_pct": 0.04775745321463861,
    "micro": true
  },
  "getivar": {
    "mean": 36.26857730120702,
    "rsd_pct": 0.048933059133421206,
    "micro": true
  },
  "keyword_args": {
    "mean": 46.177178561986196,
    "rsd_pct": 0.10017748953661135,
    "micro": true
  },
  "respond_to": {
    "mean": 166.95430219512093,
    "rsd_pct": 0.8379875693942259,
    "micro": true
  },
  "setivar": {
    "mean": 42.31095462671469,
    "rsd_pct": 0.19007688565713513,
    "micro": true
  }
}