{
  "activerecord": {
    "mean": 108.64873510225124,
    "rsd_pct": 0.9851533168175705,
    "micro": false
  },
  "hexapdf": {
    "mean": 2173.290020848314,
    "rsd_pct": 1.2205078767759252,
    "micro": false
  },
  "jekyll": {
    "mean": 7501.790836639702,
    "rsd_pct": 3.569998251192043,
    "micro": false
  },
  "liquid-render": {
    "mean": 116.15879298784795,
    "rsd_pct": 2.075958889293915,
    "micro": false
  },
  "mail": {
    "mean": 142.22914927328625,
    "rsd_pct": 0.3335306753532795,
    "micro": false
  },
  "psych-load": {
    "mean": 1704.522846142451,
    "rsd_pct": 0.7776770555317127,
    "micro": false
  },
  "railsbench": {
    "mean": 2504.8498946552477,
    "rsd_pct": 1.6734070916039008,
    "micro": false
  },
  "binarytrees": {
    "mean": 283.1131061079142,
    "rsd_pct": 2.7838054469260016,
    "micro": false
  },
  "fannkuchredux": {
    "mean": 5599.249961289267,
    "rsd_pct": 0.05076910077287578,
    "micro": false
  },
  "lee": {
    "mean": 808.1250643357635,
    "rsd_pct": 1.406382823228028,
    "micro": false
  },
  "nbody": {
    "mean": 75.28099495130665,
    "rsd_pct": 0.02805313880136765,
    "micro": false
  },
  "optcarrot": {
    "mean": 3046.935406948129,
    "rsd_pct": 0.5377893748746773,
    "micro": false
  },
  "rubykon": {
    "mean": 5638.55917279919,
    "rsd_pct": 0.3422834136118945,
    "micro": false
  },
  "30k_ifelse": {
    "mean": 323.3802541679538,
    "rsd_pct": 0.29200791896852385,
    "micro": true
  },
  "30k_methods": {
    "mean": 760.0858084857464,
    "rsd_pct": 0.052354708181488345,
    "micro": true
  },
  "cfunc_itself": {
    "mean": 39.52586185567751,
    "rsd_pct": 0.23505596575716453,
    "micro": true
  },
  "fib": {
    "mean": 52.06960208201106,
    "rsd_pct": 0.06966496751819966,
    "micro": true
  },
  "getivar": {
    "mean": 35.47838041881597,
    "rsd_pct": 0.11105677398799621,
    "micro": true
  },
  "keyword_args": {
    "mean": 45.58864436832136,
    "rsd_pct": 0.10278765081233593,
    "micro": true
  },
  "respond_to": {
    "mean": 155.83302343951627,
    "rsd_pct": 0.2461268368514599,
    "micro": true
  },
  "setivar": {
    "mean": 36.48926394555387,
    "rsd_pct": 0.12944916784261748,
    "micro": true
  }
}