{
  "activerecord": {
    "mean": 107.59855212580243,
    "rsd_pct": 0.8608166924788022
  },
  "hexapdf": {
    "mean": 2225.0288809649646,
    "rsd_pct": 1.715067614425393
  },
  "jekyll": {
    "mean": 7573.159235808998,
    "rsd_pct": 1.0500026355735355
  },
  "liquid-render": {
    "mean": 128.99336392978486,
    "rsd_pct": 2.8354773364337875
  },
  "mail": {
    "mean": 140.70437279191208,
    "rsd_pct": 1.6116965542060047
  },
  "psych-load": {
    "mean": 1615.778137370944,
    "rsd_pct": 0.15162864313146718
  },
  "railsbench": {
    "mean": 2568.652458488941,
    "rsd_pct": 1.426835386872533
  },
  "binarytrees": {
    "mean": 302.50395507666104,
    "rsd_pct": 2.548513839293871
  },
  "fannkuchredux": {
    "mean": 5505.5120607838035,
    "rsd_pct": 1.9762812711766555
  },
  "lee": {
    "mean": 793.9995883498341,
    "rsd_pct": 1.2970778705454162
  },
  "nbody": {
    "mean": 76.51325675939756,
    "rsd_pct": 0.033480073929968976
  },
  "optcarrot": {
    "mean": 3171.634034626186,
    "rsd_pct": 0.6019644859893064
  },
  "30k_ifelse": {
    "mean": 326.64324276937316,
    "rsd_pct": 2.082511398418738
  },
  "30k_methods": {
    "mean": 760.6823805938749,
    "rsd_pct": 0.0338782960417313
  },
  "cfunc_itself": {
    "mean": 39.05651470272252,
    "rsd_pct": 0.2806622131894751
  },
  "fib": {
    "mean": 52.27604761829565,
    "rsd_pct": 0.1836556357522513
  },
  "getivar": {
    "mean": 36.253243264001014,
    "rsd_pct": 0.07143264036302815
  },
  "keyword_args": {
    "mean": 45.74231486375853,
    "rsd_pct": 0.06486609413661339
  },
  "respond_to": {
    "mean": 169.88709876570132,
    "rsd_pct": 0.3491346128021852
  },
  "setivar": {
    "mean": 42.033448292995274,
    "rsd_pct": 0.11879035945920564
  }
}