{
  "activerecord": {
    "mean": 103.00488396498717,
    "rsd_pct": 0.46676248717753993,
    "micro": false
  },
  "hexapdf": {
    "mean": 2389.9778708815575,
    "rsd_pct": 1.2913283866619858,
    "micro": false
  },
  "liquid-render": {
    "mean": 142.88423720585263,
    "rsd_pct": 1.8264877752987447,
    "micro": false
  },
  "mail": {
    "mean": 186.03206479869712,
    "rsd_pct": 2.505713281734027,
    "micro": false
  },
  "psych-load": {
    "mean": 2191.9381887962422,
    "rsd_pct": 0.0482217829649621,
    "micro": false
  },
  "railsbench": {
    "mean": 2414.1993230829635,
    "rsd_pct": 0.8280436817294295,
    "micro": false
  },
  "binarytrees": {
    "mean": 373.4780407495915,
    "rsd_pct": 0.14690016615997992,
    "micro": false
  },
  "chunky_png": {
    "mean": 674.6142834810347,
    "rsd_pct": 0.47019772999647674,
    "micro": false
  },
  "discourse": {
    "mean": 531.3400655868463,
    "rsd_pct": 17.82854730176741,
    "micro": false
  },
  "erubi": {
    "mean": 404.69253929902095,
    "rsd_pct": 0.8991571746674942,
    "micro": false
  },
  "erubi_rails": {
    "mean": 24.864832670927196,
    "rsd_pct": 54.48392457917548,
    "micro": false
  },
  "fannkuchredux": {
    "mean": 8086.852893730004,
    "rsd_pct": 11.946392236570162,
    "micro": false
  },
  "lee": {
    "mean": 892.8982104936784,
    "rsd_pct": 1.0692780261135884,
    "micro": false
  },
  "nbody": {
    "mean": 87.2485609213402,
    "rsd_pct": 0.47724291587018813,
    "micro": false
  },
  "optcarrot": {
    "mean": 3491.9542076687017,
    "rsd_pct": 0.5889796330939495,
    "micro": false
  },
  "rubykon": {
    "mean": 8004.3222931524115,
    "rsd_pct": 3.3809575269145697,
    "micro": false
  },
  "30k_ifelse": {
    "mean": 357.5050086798993,
    "rsd_pct": 0.17974561980975073,
    "micro": true
  },
  "30k_methods": {
    "mean": 883.637326430868,
    "rsd_pct": 0.057064785765434764,
    "micro": true
  },
  "cfunc_itself": {
    "mean": 46.43265189401604,
    "rsd_pct": 1.0544165473446097,
    "micro": true
  },
  "fib": {
    "mean": 62.49720013001934,
    "rsd_pct": 0.6163813121469657,
    "micro": true
  },
  "getivar": {
    "mean": 42.623361764041334,
    "rsd_pct": 0.727329920764569,
    "micro": true
  },
  "keyword_args": {
    "mean": 52.92256866833047,
    "rsd_pct": 0.8107497729998482,
    "micro": true
  },
  "respond_to": {
    "mean": 192.82961574113259,
    "rsd_pct": 0.364320823931322,
    "micro": true
  },
  "setivar": {
    "mean": 51.04361052726589,
    "rsd_pct": 0.680011332819213,
    "micro": true
  },
  "str_concat": {
    "mean": 107.93587597898947,
    "rsd_pct": 1.3670311866870986,
    "micro": true
  }
}