{
  "activerecord": {
    "mean": 41.669989838430844,
    "rsd_pct": 0.777899177947245,
    "micro": false
  },
  "erubi_rails": {
    "mean": 14.901373359236443,
    "rsd_pct": 3.3750921683768875,
    "micro": false
  },
  "hexapdf": {
    "mean": 1977.9886438200872,
    "rsd_pct": 1.7952336009776484,
    "micro": false
  },
  "liquid-c": {
    "mean": 57.44079885008777,
    "rsd_pct": 1.9838737449088564,
    "micro": false
  },
  "liquid-compile": {
    "mean": 54.77549677847752,
    "rsd_pct": 0.7547190752005192,
    "micro": false
  },
  "liquid-render": {
    "mean": 101.96182733800795,
    "rsd_pct": 2.803980847197007,
    "micro": false
  },
  "mail": {
    "mean": 127.20652965781017,
    "rsd_pct": 0.22844615463988793,
    "micro": false
  },
  "psych-load": {
    "mean": 1779.428684649368,
    "rsd_pct": 0.10506225981790018,
    "micro": false
  },
  "railsbench": {
    "mean": 1788.7246263523896,
    "rsd_pct": 1.1621013041590391,
    "micro": false
  },
  "ruby-lsp": {
    "mean": 57.34750204947737,
    "rsd_pct": 20.535065818054147,
    "micro": false
  },
  "sequel": {
    "mean": 66.3879145315643,
    "rsd_pct": 0.585405301237985,
    "micro": false
  },
  "binarytrees": {
    "mean": 228.5009531475518,
    "rsd_pct": 0.2791558757118918,
    "micro": false
  },
  "chunky_png": {
    "mean": 614.7716649575159,
    "rsd_pct": 0.07344224820337518,
    "micro": false
  },
  "erubi": {
    "mean": 249.00198297109455,
    "rsd_pct": 0.9345523232275568,
    "micro": false
  },
  "etanni": {
    "mean": 402.06658669120196,
    "rsd_pct": 0.4620286180716688,
    "micro": false
  },
  "fannkuchredux": {
    "mean": 766.0974871367216,
    "rsd_pct": 0.044257361300155215,
    "micro": false
  },
  "lee": {
    "mean": 857.1910209467877,
    "rsd_pct": 0.34118676877417065,
    "micro": false
  },
  "nbody": {
    "mean": 76.71044147573411,
    "rsd_pct": 0.059050631727842515,
    "micro": false
  },
  "optcarrot": {
    "mean": 2229.513925872743,
    "rsd_pct": 0.6495410788880909,
    "micro": false
  },
  "ruby-json": {
    "mean": 3024.6231281509004,
    "rsd_pct": 0.24042799083564195,
    "micro": false
  },
  "rubykon": {
    "mean": 6426.6569913675385,
    "rsd_pct": 0.4142186686121795,
    "micro": false
  },
  "30k_ifelse": {
    "mean": 360.92579618773675,
    "rsd_pct": 0.06636275877938967,
    "micro": true
  },
  "30k_methods": {
    "mean": 863.051519162305,
    "rsd_pct": 0.02801732042925025,
    "micro": true
  },
  "cfunc_itself": {
    "mean": 39.60599693820084,
    "rsd_pct": 0.2909661345404095,
    "micro": true
  },
  "fib": {
    "mean": 44.37348253404101,
    "rsd_pct": 0.06974952041590866,
    "micro": true
  },
  "getivar": {
    "mean": 21.16566558895761,
    "rsd_pct": 0.16003886215061042,
    "micro": true
  },
  "keyword_args": {
    "mean": 48.32428792513997,
    "rsd_pct": 0.3949029776068719,
    "micro": true
  },
  "respond_to": {
    "mean": 26.053708351218475,
    "rsd_pct": 0.8829727548605426,
    "micro": true
  },
  "setivar": {
    "mean": 11.992210769231404,
    "rsd_pct": 0.10289112273968945,
    "micro": true
  },
  "setivar_object": {
    "mean": 46.642326534438496,
    "rsd_pct": 4.338820470284197,
    "micro": true
  },
  "setivar_young": {
    "mean": 43.1377130276956,
    "rsd_pct": 2.0410391777956893,
    "micro": true
  },
  "str_concat": {
    "mean": 43.68924672255805,
    "rsd_pct": 1.4345040701601297,
    "micro": true
  },
  "throw": {
    "mean": 23.393839813644835,
    "rsd_pct": 0.2697839104840935,
    "micro": true
  }
}