{
  "activerecord": {
    "mean": 104.87242087877858,
    "rsd_pct": 0.4248298222797724,
    "micro": false
  },
  "hexapdf": {
    "mean": 2363.8868430008492,
    "rsd_pct": 2.4317380556738755,
    "micro": false
  },
  "liquid-render": {
    "mean": 152.99260793118805,
    "rsd_pct": 1.7671857926458916,
    "micro": false
  },
  "mail": {
    "mean": 184.9178361454021,
    "rsd_pct": 2.537249319042087,
    "micro": false
  },
  "psych-load": {
    "mean": 2268.017034853498,
    "rsd_pct": 0.05751405690578508,
    "micro": false
  },
  "railsbench": {
    "mean": 2405.7910790046058,
    "rsd_pct": 0.7504863846554004,
    "micro": false
  },
  "binarytrees": {
    "mean": 357.06667568701414,
    "rsd_pct": 0.17529120284727343,
    "micro": false
  },
  "chunky_png": {
    "mean": 669.972399763506,
    "rsd_pct": 0.48363200288816866,
    "micro": false
  },
  "discourse": {
    "mean": 613.3745918540578,
    "rsd_pct": 18.927151751721055,
    "micro": false
  },
  "erubi": {
    "mean": 402.79082041613907,
    "rsd_pct": 0.7096115698061264,
    "micro": false
  },
  "erubi_rails": {
    "mean": 24.863937269272235,
    "rsd_pct": 53.80435188809737,
    "micro": false
  },
  "fannkuchredux": {
    "mean": 6913.293574750423,
    "rsd_pct": 0.23642830937328607,
    "micro": false
  },
  "lee": {
    "mean": 879.8562585460869,
    "rsd_pct": 0.8000117983785002,
    "micro": false
  },
  "nbody": {
    "mean": 87.54717912796858,
    "rsd_pct": 0.4747012974165553,
    "micro": false
  },
  "optcarrot": {
    "mean": 3460.1294548561177,
    "rsd_pct": 0.5967545110156615,
    "micro": false
  },
  "rubykon": {
    "mean": 7964.311154310902,
    "rsd_pct": 3.2498809677897915,
    "micro": false
  },
  "30k_ifelse": {
    "mean": 361.2496633421291,
    "rsd_pct": 0.1866707854118444,
    "micro": true
  },
  "30k_methods": {
    "mean": 873.5765359279784,
    "rsd_pct": 0.07477019430551649,
    "micro": true
  },
  "cfunc_itself": {
    "mean": 45.30245098610257,
    "rsd_pct": 1.034864163084717,
    "micro": true
  },
  "fib": {
    "mean": 62.493653572164476,
    "rsd_pct": 0.5916732637250655,
    "micro": true
  },
  "getivar": {
    "mean": 42.602405882144794,
    "rsd_pct": 0.6738259699687884,
    "micro": true
  },
  "keyword_args": {
    "mean": 52.887602590341515,
    "rsd_pct": 0.648527887296029,
    "micro": true
  },
  "respond_to": {
    "mean": 179.26703925403925,
    "rsd_pct": 0.3176094279384255,
    "micro": true
  },
  "setivar": {
    "mean": 54.02129911767323,
    "rsd_pct": 0.6201759454633405,
    "micro": true
  },
  "str_concat": {
    "mean": 111.09616176631206,
    "rsd_pct": 1.4357485571314812,
    "micro": true
  }
}