{
  "activerecord": {
    "mean": 111.0231074395293,
    "rsd_pct": 0.49618681306134554,
    "micro": false
  },
  "hexapdf": {
    "mean": 2391.1443107761443,
    "rsd_pct": 2.4415612828399267,
    "micro": false
  },
  "liquid-render": {
    "mean": 127.70600127689063,
    "rsd_pct": 1.8699828229732403,
    "micro": false
  },
  "mail": {
    "mean": 161.16075126844788,
    "rsd_pct": 0.38898460707422905,
    "micro": false
  },
  "psych-load": {
    "mean": 1939.2083640831213,
    "rsd_pct": 0.11206015991116809,
    "micro": false
  },
  "railsbench": {
    "mean": 2184.079457540065,
    "rsd_pct": 1.496055187591724,
    "micro": false
  },
  "binarytrees": {
    "mean": 336.6170711680383,
    "rsd_pct": 0.18142715389444877,
    "micro": false
  },
  "discourse": {
    "mean": 614.3026703092105,
    "rsd_pct": 14.805006661941116,
    "micro": false
  },
  "erubi": {
    "mean": 423.3960734997341,
    "rsd_pct": 0.723269570513475,
    "micro": false
  },
  "erubi_rails": {
    "mean": 20.717366300276698,
    "rsd_pct": 3.3286680322724065,
    "micro": false
  },
  "fannkuchredux": {
    "mean": 7041.9503732894855,
    "rsd_pct": 2.9646788831763686,
    "micro": false
  },
  "lee": {
    "mean": 899.0640836280016,
    "rsd_pct": 1.8383945402930397,
    "micro": false
  },
  "nbody": {
    "mean": 85.50832910351717,
    "rsd_pct": 0.5041437173819425,
    "micro": false
  },
  "optcarrot": {
    "mean": 3637.2558078728616,
    "rsd_pct": 0.549665323184518,
    "micro": false
  },
  "rubykon": {
    "mean": 6384.576662195225,
    "rsd_pct": 0.4030663063063873,
    "micro": false
  },
  "30k_ifelse": {
    "mean": 360.55348309621746,
    "rsd_pct": 0.17966786694671494,
    "micro": true
  },
  "30k_methods": {
    "mean": 884.7682623361999,
    "rsd_pct": 0.05832243886121681,
    "micro": true
  },
  "cfunc_itself": {
    "mean": 44.33150831279562,
    "rsd_pct": 0.9048067764303046,
    "micro": true
  },
  "fib": {
    "mean": 62.787708998075686,
    "rsd_pct": 0.6484321987300451,
    "micro": true
  },
  "getivar": {
    "mean": 42.56200165736257,
    "rsd_pct": 0.6958604211654612,
    "micro": true
  },
  "keyword_args": {
    "mean": 53.089316572166155,
    "rsd_pct": 0.7171581643670418,
    "micro": true
  },
  "respond_to": {
    "mean": 194.0950786229223,
    "rsd_pct": 0.2746526056247898,
    "micro": true
  },
  "setivar": {
    "mean": 52.52165997736767,
    "rsd_pct": 0.6539612201402146,
    "micro": true
  }
}