{
  "activerecord": {
    "mean": 145.10680041590416,
    "rsd_pct": 0.2446683271352556,
    "micro": false
  },
  "erubi_rails": {
    "mean": 44.65880978111992,
    "rsd_pct": 2.138788547826406,
    "micro": false
  },
  "hexapdf": {
    "mean": 5810.336411123474,
    "rsd_pct": 1.9452446287533016,
    "micro": false
  },
  "liquid-c": {
    "mean": 190.3675864881544,
    "rsd_pct": 1.727178210756378,
    "micro": false
  },
  "liquid-compile": {
    "mean": 166.23936723192017,
    "rsd_pct": 0.6325085877414163,
    "micro": false
  },
  "liquid-render": {
    "mean": 350.8039144158521,
    "rsd_pct": 2.2799833027470546,
    "micro": false
  },
  "mail": {
    "mean": 366.45509631602795,
    "rsd_pct": 0.13500151380634184,
    "micro": false
  },
  "psych-load": {
    "mean": 5344.738745565216,
    "rsd_pct": 0.03832147651648346,
    "micro": false
  },
  "railsbench": {
    "mean": 5341.191886737943,
    "rsd_pct": 0.7551317092468346,
    "micro": false
  },
  "ruby-lsp": {
    "mean": 177.68151207644044,
    "rsd_pct": 11.550530526891604,
    "micro": false
  },
  "sequel": {
    "mean": 205.75877691121542,
    "rsd_pct": 0.21488495840068467,
    "micro": false
  },
  "binarytrees": {
    "mean": 491.8617517098613,
    "rsd_pct": 0.11814372519122465,
    "micro": false
  },
  "chunky_png": {
    "mean": 1510.0871249412496,
    "rsd_pct": 0.14975402816826366,
    "micro": false
  },
  "erubi": {
    "mean": 576.7006178374414,
    "rsd_pct": 1.0537059932894735,
    "micro": false
  },
  "etanni": {
    "mean": 914.0904135621932,
    "rsd_pct": 0.40015477437847075,
    "micro": false
  },
  "fannkuchredux": {
    "mean": 1470.634095519781,
    "rsd_pct": 0.2885178351321374,
    "micro": false
  },
  "lee": {
    "mean": 2458.386264564026,
    "rsd_pct": 0.25877019580974664,
    "micro": false
  },
  "nbody": {
    "mean": 155.7836385945288,
    "rsd_pct": 0.0947197287850916,
    "micro": false
  },
  "optcarrot": {
    "mean": 9109.362443039814,
    "rsd_pct": 0.44556069812788174,
    "micro": false
  },
  "ruby-json": {
    "mean": 8484.605329235395,
    "rsd_pct": 0.07088610812301646,
    "micro": false
  },
  "rubykon": {
    "mean": 19743.798326700926,
    "rsd_pct": 0.3685440420449002,
    "micro": false
  },
  "30k_ifelse": {
    "mean": 1600.096394866705,
    "rsd_pct": 0.03550294122115584,
    "micro": true
  },
  "30k_methods": {
    "mean": 3473.923330640663,
    "rsd_pct": 0.07460979388475407,
    "micro": true
  },
  "cfunc_itself": {
    "mean": 86.84855287173235,
    "rsd_pct": 0.07268044261443346,
    "micro": true
  },
  "fib": {
    "mean": 123.66401163882084,
    "rsd_pct": 0.08074970352262466,
    "micro": true
  },
  "getivar": {
    "mean": 40.46627141377598,
    "rsd_pct": 0.014240126876691269,
    "micro": true
  },
  "keyword_args": {
    "mean": 122.54407575322713,
    "rsd_pct": 0.03814454251339104,
    "micro": true
  },
  "respond_to": {
    "mean": 84.45018965460712,
    "rsd_pct": 1.640401456594545,
    "micro": true
  },
  "setivar": {
    "mean": 30.894373253604645,
    "rsd_pct": 0.019506667314186106,
    "micro": true
  },
  "setivar_object": {
    "mean": 116.11547078428877,
    "rsd_pct": 1.4293195141920458,
    "micro": true
  },
  "setivar_young": {
    "mean": 113.48010078703953,
    "rsd_pct": 3.268580059534492,
    "micro": true
  },
  "str_concat": {
    "mean": 83.51910077196695,
    "rsd_pct": 0.9814706475609789,
    "micro": true
  },
  "throw": {
    "mean": 50.604709069018824,
    "rsd_pct": 0.151171846738674,
    "micro": true
  }
}