{
  "activerecord": {
    "mean": 42.972351546569534,
    "rsd_pct": 0.8219114708728982,
    "micro": false
  },
  "erubi_rails": {
    "mean": 15.247189944595782,
    "rsd_pct": 3.724394147224016,
    "micro": false
  },
  "hexapdf": {
    "mean": 2060.9375110516944,
    "rsd_pct": 2.322630563257299,
    "micro": false
  },
  "liquid-c": {
    "mean": 59.284660650157434,
    "rsd_pct": 2.077457928815967,
    "micro": false
  },
  "liquid-compile": {
    "mean": 51.56156919682617,
    "rsd_pct": 4.917787697568143,
    "micro": false
  },
  "liquid-render": {
    "mean": 108.24841380362277,
    "rsd_pct": 2.6162387796908515,
    "micro": false
  },
  "mail": {
    "mean": 128.44433947916954,
    "rsd_pct": 0.20409468285839222,
    "micro": false
  },
  "psych-load": {
    "mean": 1814.0339019397895,
    "rsd_pct": 0.12282840856521841,
    "micro": false
  },
  "railsbench": {
    "mean": 1802.8632539014022,
    "rsd_pct": 1.2157486151552135,
    "micro": false
  },
  "ruby-lsp": {
    "mean": 58.501436301340455,
    "rsd_pct": 20.394772539213392,
    "micro": false
  },
  "sequel": {
    "mean": 67.77544696701736,
    "rsd_pct": 0.5634009291038613,
    "micro": false
  },
  "binarytrees": {
    "mean": 226.3249194207178,
    "rsd_pct": 0.08861726919079717,
    "micro": false
  },
  "chunky_png": {
    "mean": 644.9433116903228,
    "rsd_pct": 0.05246361545793973,
    "micro": false
  },
  "erubi": {
    "mean": 256.06667477782673,
    "rsd_pct": 0.849760572752175,
    "micro": false
  },
  "etanni": {
    "mean": 411.795419602034,
    "rsd_pct": 0.4480915996376984,
    "micro": false
  },
  "fannkuchredux": {
    "mean": 781.5817781537771,
    "rsd_pct": 7.469429193379872,
    "micro": false
  },
  "lee": {
    "mean": 919.3682493198486,
    "rsd_pct": 0.385836160470263,
    "micro": false
  },
  "nbody": {
    "mean": 69.2212085187849,
    "rsd_pct": 0.07573345364435881,
    "micro": false
  },
  "optcarrot": {
    "mean": 2265.5115224421024,
    "rsd_pct": 0.6225444937739439,
    "micro": false
  },
  "ruby-json": {
    "mean": 3023.1308282663426,
    "rsd_pct": 0.12959947620273665,
    "micro": false
  },
  "rubykon": {
    "mean": 6719.293372581403,
    "rsd_pct": 0.36635002514139614,
    "micro": false
  },
  "30k_ifelse": {
    "mean": 359.3277732757005,
    "rsd_pct": 0.06758245765828721,
    "micro": true
  },
  "30k_methods": {
    "mean": 863.0751827326806,
    "rsd_pct": 0.037675862160352416,
    "micro": true
  },
  "cfunc_itself": {
    "mean": 38.353984324608334,
    "rsd_pct": 0.1762903393985595,
    "micro": true
  },
  "fib": {
    "mean": 44.649352984769,
    "rsd_pct": 0.04781691642161935,
    "micro": true
  },
  "getivar": {
    "mean": 21.168184389870213,
    "rsd_pct": 0.1609223094186579,
    "micro": true
  },
  "keyword_args": {
    "mean": 47.75204642860303,
    "rsd_pct": 0.1424896264751422,
    "micro": true
  },
  "respond_to": {
    "mean": 25.190903476633245,
    "rsd_pct": 0.8270277697224042,
    "micro": true
  },
  "setivar": {
    "mean": 11.994602736342648,
    "rsd_pct": 0.08794240383668603,
    "micro": true
  },
  "setivar_object": {
    "mean": 46.6278588059837,
    "rsd_pct": 5.014561663104392,
    "micro": true
  },
  "setivar_young": {
    "mean": 42.325289284621,
    "rsd_pct": 1.579067448651132,
    "micro": true
  },
  "str_concat": {
    "mean": 42.16536063355107,
    "rsd_pct": 1.436414357934589,
    "micro": true
  },
  "throw": {
    "mean": 24.143082425535585,
    "rsd_pct": 0.213262142200947,
    "micro": true
  }
}