{
  "activerecord": {
    "mean": 307.3010083402173,
    "rsd_pct": 0.2850733194447704,
    "micro": false
  },
  "hexapdf": {
    "mean": 6706.172329373658,
    "rsd_pct": 1.2447084695400767,
    "micro": false
  },
  "liquid-render": {
    "mean": 395.3730752847714,
    "rsd_pct": 1.5708892000268755,
    "micro": false
  },
  "mail": {
    "mean": 413.6398839268913,
    "rsd_pct": 0.14068056236968718,
    "micro": false
  },
  "psych-load": {
    "mean": 5657.754113711417,
    "rsd_pct": 0.09511874871194201,
    "micro": false
  },
  "railsbench": {
    "mean": 6076.003519259393,
    "rsd_pct": 0.13845582316740018,
    "micro": false
  },
  "ruby-lsp": {
    "mean": 220.4727199004621,
    "rsd_pct": 15.464823437725563,
    "micro": false
  },
  "binarytrees": {
    "mean": 542.9247931193779,
    "rsd_pct": 0.1677549708468925,
    "micro": false
  },
  "chunky_png": {
    "mean": 1514.1522780177183,
    "rsd_pct": 0.05142453851721416,
    "micro": false
  },
  "erubi": {
    "mean": 725.7902043690877,
    "rsd_pct": 0.8839953560545043,
    "micro": false
  },
  "erubi_rails": {
    "mean": 49.04754262042764,
    "rsd_pct": 2.440341649033252,
    "micro": false
  },
  "etanni": {
    "mean": 1116.3015364491869,
    "rsd_pct": 0.6981345216611167,
    "micro": false
  },
  "fannkuchredux": {
    "mean": 2365.295664229918,
    "rsd_pct": 1.7363041131043386,
    "micro": false
  },
  "lee": {
    "mean": 2344.898869368163,
    "rsd_pct": 0.33567785721027793,
    "micro": false
  },
  "nbody": {
    "mean": 177.17405946232674,
    "rsd_pct": 0.063572731519018,
    "micro": false
  },
  "optcarrot": {
    "mean": 10975.438721788427,
    "rsd_pct": 0.4059452994506428,
    "micro": false
  },
  "rubykon": {
    "mean": 21710.205185537536,
    "rsd_pct": 0.5153486174712762,
    "micro": false
  },
  "30k_ifelse": {
    "mean": 1917.4702584705487,
    "rsd_pct": 0.03782134839358914,
    "micro": true
  },
  "30k_methods": {
    "mean": 3956.8384490197614,
    "rsd_pct": 0.10614740683234733,
    "micro": true
  },
  "cfunc_itself": {
    "mean": 103.06283232386944,
    "rsd_pct": 0.05482088422102044,
    "micro": true
  },
  "fib": {
    "mean": 175.3669311643912,
    "rsd_pct": 0.0072887684653285415,
    "micro": true
  },
  "getivar": {
    "mean": 107.901662470905,
    "rsd_pct": 0.006876234296426135,
    "micro": true
  },
  "keyword_args": {
    "mean": 151.02087273893025,
    "rsd_pct": 0.010494558103149325,
    "micro": true
  },
  "respond_to": {
    "mean": 99.71196579859189,
    "rsd_pct": 0.5500527046042001,
    "micro": true
  },
  "setivar": {
    "mean": 50.046895987698925,
    "rsd_pct": 0.017103221670576443,
    "micro": true
  },
  "setivar_object": {
    "mean": 127.6597603761098,
    "rsd_pct": 1.2690067894450976,
    "micro": true
  },
  "str_concat": {
    "mean": 106.34349579123234,
    "rsd_pct": 0.992684672060004,
    "micro": true
  }
}