{
  "activerecord": {
    "mean": 105.82581451652865,
    "rsd_pct": 0.5110428857075383,
    "micro": false
  },
  "hexapdf": {
    "mean": 2371.2962735444307,
    "rsd_pct": 1.3923632109027184,
    "micro": false
  },
  "liquid-render": {
    "mean": 136.15805527429708,
    "rsd_pct": 2.0541410303385357,
    "micro": false
  },
  "mail": {
    "mean": 165.2481081574911,
    "rsd_pct": 0.3660517993609019,
    "micro": false
  },
  "psych-load": {
    "mean": 1920.3650357822578,
    "rsd_pct": 0.03789106423175919,
    "micro": false
  },
  "railsbench": {
    "mean": 2105.7447254657745,
    "rsd_pct": 1.4645938909943232,
    "micro": false
  },
  "binarytrees": {
    "mean": 399.935699210076,
    "rsd_pct": 0.18638931016972632,
    "micro": false
  },
  "chunky_png": {
    "mean": 712.4567059134798,
    "rsd_pct": 0.1849552839327554,
    "micro": false
  },
  "discourse": {
    "mean": 562.8136724233627,
    "rsd_pct": 3.3819618557301525,
    "micro": false
  },
  "erubi": {
    "mean": 404.31899622995024,
    "rsd_pct": 0.6951817647857039,
    "micro": false
  },
  "erubi_rails": {
    "mean": 20.04290229964013,
    "rsd_pct": 3.317093015158845,
    "micro": false
  },
  "fannkuchredux": {
    "mean": 8772.538538401326,
    "rsd_pct": 0.03883695686304933,
    "micro": false
  },
  "lee": {
    "mean": 1004.4150079943632,
    "rsd_pct": 1.4039319433362212,
    "micro": false
  },
  "nbody": {
    "mean": 88.33302904810733,
    "rsd_pct": 0.4584263358981132,
    "micro": false
  },
  "optcarrot": {
    "mean": 3688.484170163671,
    "rsd_pct": 0.5863967192169766,
    "micro": false
  },
  "rubykon": {
    "mean": 7980.036378279328,
    "rsd_pct": 5.443093242266539,
    "micro": false
  },
  "30k_ifelse": {
    "mean": 360.4543933814222,
    "rsd_pct": 0.18993090478982969,
    "micro": true
  },
  "30k_methods": {
    "mean": 969.5296467027881,
    "rsd_pct": 0.03526785770910387,
    "micro": true
  },
  "cfunc_itself": {
    "mean": 49.92099999814167,
    "rsd_pct": 0.941865497020204,
    "micro": true
  },
  "fib": {
    "mean": 62.488825423584416,
    "rsd_pct": 0.564445971407246,
    "micro": true
  },
  "getivar": {
    "mean": 42.611342530755195,
    "rsd_pct": 0.6788536548482863,
    "micro": true
  },
  "keyword_args": {
    "mean": 57.845811597829645,
    "rsd_pct": 0.6227433991577036,
    "micro": true
  },
  "respond_to": {
    "mean": 204.76779838403067,
    "rsd_pct": 0.46615428733834613,
    "micro": true
  },
  "setivar": {
    "mean": 73.20443022603769,
    "rsd_pct": 0.46259303300740406,
    "micro": true
  },
  "str_concat": {
    "mean": 111.9673473521685,
    "rsd_pct": 1.3820644614417792,
    "micro": true
  }
}