{
  "activerecord": {
    "mean": 104.6432507003552,
    "rsd_pct": 0.4458974332565506,
    "micro": false
  },
  "hexapdf": {
    "mean": 2395.9524077673755,
    "rsd_pct": 1.460517216660344,
    "micro": false
  },
  "liquid-render": {
    "mean": 143.65503201328164,
    "rsd_pct": 1.873305361362412,
    "micro": false
  },
  "mail": {
    "mean": 185.4290977015952,
    "rsd_pct": 2.717848316258757,
    "micro": false
  },
  "psych-load": {
    "mean": 2194.799595947067,
    "rsd_pct": 0.04443296502438119,
    "micro": false
  },
  "railsbench": {
    "mean": 2434.9249793837466,
    "rsd_pct": 0.9456093467160893,
    "micro": false
  },
  "binarytrees": {
    "mean": 373.34966168753687,
    "rsd_pct": 0.1442668785588912,
    "micro": false
  },
  "chunky_png": {
    "mean": 678.7308888702557,
    "rsd_pct": 0.5046028801105195,
    "micro": false
  },
  "discourse": {
    "mean": 529.3696413974504,
    "rsd_pct": 18.168723937597036,
    "micro": false
  },
  "erubi": {
    "mean": 399.5130153715002,
    "rsd_pct": 0.9024550870120801,
    "micro": false
  },
  "erubi_rails": {
    "mean": 24.995863289382328,
    "rsd_pct": 55.58379064910867,
    "micro": false
  },
  "fannkuchredux": {
    "mean": 6985.77584810555,
    "rsd_pct": 0.47280991830199937,
    "micro": false
  },
  "lee": {
    "mean": 896.5119479054755,
    "rsd_pct": 1.7029213499947125,
    "micro": false
  },
  "nbody": {
    "mean": 87.22229913259164,
    "rsd_pct": 0.5001460207278713,
    "micro": false
  },
  "optcarrot": {
    "mean": 3478.5409588366747,
    "rsd_pct": 0.5910779228624666,
    "micro": false
  },
  "rubykon": {
    "mean": 7950.273024787505,
    "rsd_pct": 3.2669707891122974,
    "micro": false
  },
  "30k_ifelse": {
    "mean": 355.78866550190884,
    "rsd_pct": 0.1931358495641503,
    "micro": true
  },
  "30k_methods": {
    "mean": 886.2980671904304,
    "rsd_pct": 0.06546844672049937,
    "micro": true
  },
  "cfunc_itself": {
    "mean": 44.83091709918754,
    "rsd_pct": 1.0194428003984652,
    "micro": true
  },
  "fib": {
    "mean": 62.489141937112436,
    "rsd_pct": 0.6036755352525247,
    "micro": true
  },
  "getivar": {
    "mean": 42.611433903833756,
    "rsd_pct": 0.7247261559743552,
    "micro": true
  },
  "keyword_args": {
    "mean": 53.385395032973754,
    "rsd_pct": 0.7068067167755013,
    "micro": true
  },
  "respond_to": {
    "mean": 187.49611985697908,
    "rsd_pct": 0.43325231517524315,
    "micro": true
  },
  "setivar": {
    "mean": 50.57407280776388,
    "rsd_pct": 0.6526688246320482,
    "micro": true
  },
  "str_concat": {
    "mean": 108.04795784254868,
    "rsd_pct": 1.4315700728637673,
    "micro": true
  }
}