{
  "activerecord": {
    "mean": 106.95893665260009,
    "rsd_pct": 0.5206479523046713,
    "micro": false
  },
  "hexapdf": {
    "mean": 2183.377685304731,
    "rsd_pct": 0.7889807260783153,
    "micro": false
  },
  "jekyll": {
    "mean": 7447.21292136237,
    "rsd_pct": 2.302885098449724,
    "micro": false
  },
  "liquid-render": {
    "mean": 116.48410996767106,
    "rsd_pct": 2.2298369727758196,
    "micro": false
  },
  "mail": {
    "mean": 142.69210347332634,
    "rsd_pct": 0.3243676836586798,
    "micro": false
  },
  "psych-load": {
    "mean": 1638.646980561316,
    "rsd_pct": 0.3884925200790427,
    "micro": false
  },
  "railsbench": {
    "mean": 2426.8463405780494,
    "rsd_pct": 1.7682298132898664,
    "micro": false
  },
  "binarytrees": {
    "mean": 292.71793990569597,
    "rsd_pct": 0.12911838695548825,
    "micro": false
  },
  "fannkuchredux": {
    "mean": 5760.0262698717415,
    "rsd_pct": 0.3766850006349843,
    "micro": false
  },
  "lee": {
    "mean": 802.4559073771039,
    "rsd_pct": 1.272016944334852,
    "micro": false
  },
  "nbody": {
    "mean": 73.42981457526126,
    "rsd_pct": 0.05036543168771764,
    "micro": false
  },
  "optcarrot": {
    "mean": 3101.7466600984335,
    "rsd_pct": 0.4835084593227298,
    "micro": false
  },
  "rubykon": {
    "mean": 5546.398247592151,
    "rsd_pct": 0.7178834270985072,
    "micro": false
  },
  "30k_ifelse": {
    "mean": 324.8550447348792,
    "rsd_pct": 0.21649750472339171,
    "micro": true
  },
  "30k_methods": {
    "mean": 756.3455585280763,
    "rsd_pct": 0.041722418091114044,
    "micro": true
  },
  "cfunc_itself": {
    "mean": 38.630868673075256,
    "rsd_pct": 0.2541368404373605,
    "micro": true
  },
  "fib": {
    "mean": 52.22663573231598,
    "rsd_pct": 0.06816179064589654,
    "micro": true
  },
  "getivar": {
    "mean": 35.479087907827854,
    "rsd_pct": 0.040784010340204874,
    "micro": true
  },
  "keyword_args": {
    "mean": 45.92075756589222,
    "rsd_pct": 0.049093579170764186,
    "micro": true
  },
  "respond_to": {
    "mean": 154.2579984680439,
    "rsd_pct": 0.3286445226690863,
    "micro": true
  },
  "setivar": {
    "mean": 42.00373990602646,
    "rsd_pct": 0.06014675235401412,
    "micro": true
  }
}