{
  "activerecord": {
    "mean": 142.91981078899843,
    "rsd_pct": 0.2284866919364634,
    "micro": false
  },
  "erubi_rails": {
    "mean": 43.93590324191094,
    "rsd_pct": 2.191068085358255,
    "micro": false
  },
  "hexapdf": {
    "mean": 5699.158074334264,
    "rsd_pct": 2.2648111532729667,
    "micro": false
  },
  "liquid-c": {
    "mean": 188.23437790689601,
    "rsd_pct": 1.7917188991156605,
    "micro": false
  },
  "liquid-compile": {
    "mean": 163.8862819222532,
    "rsd_pct": 0.553335016675685,
    "micro": false
  },
  "liquid-render": {
    "mean": 339.3886559167687,
    "rsd_pct": 2.3468731003375995,
    "micro": false
  },
  "mail": {
    "mean": 359.63091383551716,
    "rsd_pct": 0.22013038072025906,
    "micro": false
  },
  "psych-load": {
    "mean": 5123.1066390872,
    "rsd_pct": 0.09076864081983224,
    "micro": false
  },
  "railsbench": {
    "mean": 5232.710803921024,
    "rsd_pct": 0.7216387748939833,
    "micro": false
  },
  "ruby-lsp": {
    "mean": 174.57482229416556,
    "rsd_pct": 12.920295306449571,
    "micro": false
  },
  "sequel": {
    "mean": 198.56775611185947,
    "rsd_pct": 0.1881566701262942,
    "micro": false
  },
  "binarytrees": {
    "mean": 488.41541723976303,
    "rsd_pct": 0.11834824259689784,
    "micro": false
  },
  "chunky_png": {
    "mean": 1373.3841631328687,
    "rsd_pct": 0.11959100530900432,
    "micro": false
  },
  "erubi": {
    "mean": 556.1553155286954,
    "rsd_pct": 0.8564060271746805,
    "micro": false
  },
  "etanni": {
    "mean": 926.0830381729951,
    "rsd_pct": 0.3717863476184671,
    "micro": false
  },
  "fannkuchredux": {
    "mean": 1516.726294979453,
    "rsd_pct": 0.17689279373859226,
    "micro": false
  },
  "lee": {
    "mean": 2187.8775023770604,
    "rsd_pct": 0.2408682449207899,
    "micro": false
  },
  "nbody": {
    "mean": 160.351496668429,
    "rsd_pct": 0.041590523325101304,
    "micro": false
  },
  "optcarrot": {
    "mean": 8497.923073048392,
    "rsd_pct": 0.6922796451475226,
    "micro": false
  },
  "ruby-json": {
    "mean": 7975.566063076258,
    "rsd_pct": 0.09579771228698701,
    "micro": false
  },
  "rubykon": {
    "mean": 19546.77891843021,
    "rsd_pct": 0.3816854949943595,
    "micro": false
  },
  "30k_ifelse": {
    "mean": 1726.1844126338308,
    "rsd_pct": 0.03067428950108538,
    "micro": true
  },
  "30k_methods": {
    "mean": 3603.8755197887835,
    "rsd_pct": 0.07667402327463031,
    "micro": true
  },
  "cfunc_itself": {
    "mean": 81.8291560262735,
    "rsd_pct": 0.11383509739309094,
    "micro": true
  },
  "fib": {
    "mean": 137.52798744048295,
    "rsd_pct": 0.007050106096813365,
    "micro": true
  },
  "getivar": {
    "mean": 52.35222886545589,
    "rsd_pct": 0.03019892229698887,
    "micro": true
  },
  "keyword_args": {
    "mean": 127.55090729773188,
    "rsd_pct": 0.05928876831105529,
    "micro": true
  },
  "respond_to": {
    "mean": 69.81006215312448,
    "rsd_pct": 1.6921928892561373,
    "micro": true
  },
  "setivar": {
    "mean": 32.8514362117203,
    "rsd_pct": 0.01685772863157568,
    "micro": true
  },
  "setivar_object": {
    "mean": 120.66445992492089,
    "rsd_pct": 1.1874022941581202,
    "micro": true
  },
  "setivar_young": {
    "mean": 117.94418839191825,
    "rsd_pct": 0.007478981308102661,
    "micro": true
  },
  "str_concat": {
    "mean": 89.42909131873067,
    "rsd_pct": 1.2099341405430173,
    "micro": true
  },
  "throw": {
    "mean": 49.58938846752764,
    "rsd_pct": 0.16353771506209835,
    "micro": true
  }
}