{
  "activerecord": {
    "mean": 93.96289060931913,
    "rsd_pct": 0.6800789806180823,
    "micro": false
  },
  "hexapdf": {
    "mean": 2153.4579269587994,
    "rsd_pct": 2.5435393350108115,
    "micro": false
  },
  "liquid-render": {
    "mean": 115.036139412986,
    "rsd_pct": 1.9335838859238246,
    "micro": false
  },
  "mail": {
    "mean": 143.99865863965354,
    "rsd_pct": 0.18196905256255524,
    "micro": false
  },
  "psych-load": {
    "mean": 1845.9758915627997,
    "rsd_pct": 0.06671740571745435,
    "micro": false
  },
  "railsbench": {
    "mean": 2019.967104929189,
    "rsd_pct": 1.5745242704303526,
    "micro": false
  },
  "ruby-lsp": {
    "mean": 69.28441983311333,
    "rsd_pct": 15.412070097465415,
    "micro": false
  },
  "binarytrees": {
    "mean": 227.39159654097995,
    "rsd_pct": 0.0762774365853461,
    "micro": false
  },
  "chunky_png": {
    "mean": 617.641588076367,
    "rsd_pct": 0.052542561481919645,
    "micro": false
  },
  "erubi": {
    "mean": 294.26692804988863,
    "rsd_pct": 0.9683399901787866,
    "micro": false
  },
  "erubi_rails": {
    "mean": 17.316738730027136,
    "rsd_pct": 3.4014701939119134,
    "micro": false
  },
  "etanni": {
    "mean": 476.37733799361047,
    "rsd_pct": 0.4943781010396417,
    "micro": false
  },
  "fannkuchredux": {
    "mean": 912.3663594724521,
    "rsd_pct": 0.09376007785631137,
    "micro": false
  },
  "lee": {
    "mean": 904.3225420596586,
    "rsd_pct": 0.2919087511293695,
    "micro": false
  },
  "nbody": {
    "mean": 71.70438211538541,
    "rsd_pct": 0.040244043054646905,
    "micro": false
  },
  "optcarrot": {
    "mean": 2598.33590084066,
    "rsd_pct": 0.4360899066932965,
    "micro": false
  },
  "rubykon": {
    "mean": 6695.405601834257,
    "rsd_pct": 0.8248971179646293,
    "micro": false
  },
  "30k_ifelse": {
    "mean": 403.5103589296341,
    "rsd_pct": 0.15875808279403564,
    "micro": true
  },
  "30k_methods": {
    "mean": 963.7059793109074,
    "rsd_pct": 0.02637874121483631,
    "micro": true
  },
  "cfunc_itself": {
    "mean": 40.303610630102995,
    "rsd_pct": 0.15421104118543838,
    "micro": true
  },
  "fib": {
    "mean": 62.83952609881899,
    "rsd_pct": 0.05094962622683664,
    "micro": true
  },
  "getivar": {
    "mean": 45.711993144765295,
    "rsd_pct": 0.279588139059924,
    "micro": true
  },
  "keyword_args": {
    "mean": 52.30889624238914,
    "rsd_pct": 0.09627273553354569,
    "micro": true
  },
  "respond_to": {
    "mean": 29.088391742637956,
    "rsd_pct": 0.39821100256262354,
    "micro": true
  },
  "setivar": {
    "mean": 14.703697113099565,
    "rsd_pct": 0.08249232297702078,
    "micro": true
  },
  "setivar_object": {
    "mean": 47.734741504950925,
    "rsd_pct": 1.5182177528336507,
    "micro": true
  },
  "str_concat": {
    "mean": 43.804516412293246,
    "rsd_pct": 1.4137840778531017,
    "micro": true
  }
}