{
  "activerecord": {
    "mean": 145.10218044843083,
    "rsd_pct": 0.23325892836743034,
    "micro": false
  },
  "erubi_rails": {
    "mean": 44.46205305322161,
    "rsd_pct": 2.088619501719324,
    "micro": false
  },
  "hexapdf": {
    "mean": 5806.69570316871,
    "rsd_pct": 2.525100642364787,
    "micro": false
  },
  "liquid-c": {
    "mean": 189.4618848772791,
    "rsd_pct": 1.7392309981850078,
    "micro": false
  },
  "liquid-compile": {
    "mean": 165.54387249646985,
    "rsd_pct": 0.588466101079005,
    "micro": false
  },
  "liquid-render": {
    "mean": 350.7843903358538,
    "rsd_pct": 2.28092843653456,
    "micro": false
  },
  "mail": {
    "mean": 363.0458072263312,
    "rsd_pct": 0.13336255023952942,
    "micro": false
  },
  "psych-load": {
    "mean": 5319.685613612334,
    "rsd_pct": 0.03279966562957348,
    "micro": false
  },
  "railsbench": {
    "mean": 5338.786450773478,
    "rsd_pct": 0.7759496769397464,
    "micro": false
  },
  "ruby-lsp": {
    "mean": 176.80389609439106,
    "rsd_pct": 11.677467906775801,
    "micro": false
  },
  "sequel": {
    "mean": 205.10642964687338,
    "rsd_pct": 0.18143058291347602,
    "micro": false
  },
  "binarytrees": {
    "mean": 492.0237220781432,
    "rsd_pct": 0.19463015949302773,
    "micro": false
  },
  "chunky_png": {
    "mean": 1506.7506156861782,
    "rsd_pct": 0.09394079934769935,
    "micro": false
  },
  "erubi": {
    "mean": 567.5135300821298,
    "rsd_pct": 0.8263302385074792,
    "micro": false
  },
  "etanni": {
    "mean": 915.1229069102556,
    "rsd_pct": 0.42751008164936993,
    "micro": false
  },
  "fannkuchredux": {
    "mean": 1470.6160957710101,
    "rsd_pct": 0.2750258600752092,
    "micro": false
  },
  "lee": {
    "mean": 2457.0660510410867,
    "rsd_pct": 0.20138994284925715,
    "micro": false
  },
  "nbody": {
    "mean": 155.74535384572062,
    "rsd_pct": 0.08810183209378973,
    "micro": false
  },
  "optcarrot": {
    "mean": 9097.2253570954,
    "rsd_pct": 0.4653101740670268,
    "micro": false
  },
  "ruby-json": {
    "mean": 7874.949903537829,
    "rsd_pct": 0.10007950115629556,
    "micro": false
  },
  "rubykon": {
    "mean": 19676.612934594352,
    "rsd_pct": 0.38012323893384214,
    "micro": false
  },
  "30k_ifelse": {
    "mean": 1598.863816329024,
    "rsd_pct": 0.029524128351420417,
    "micro": true
  },
  "30k_methods": {
    "mean": 3461.7054185465627,
    "rsd_pct": 0.054598375202361944,
    "micro": true
  },
  "cfunc_itself": {
    "mean": 86.83098044498746,
    "rsd_pct": 0.07478356848694488,
    "micro": true
  },
  "fib": {
    "mean": 123.66335030231211,
    "rsd_pct": 0.07999649907742305,
    "micro": true
  },
  "getivar": {
    "mean": 40.46582132386118,
    "rsd_pct": 0.012794336984216854,
    "micro": true
  },
  "keyword_args": {
    "mean": 122.56522390027693,
    "rsd_pct": 0.05983324341566459,
    "micro": true
  },
  "respond_to": {
    "mean": 73.06583090059053,
    "rsd_pct": 1.7898454177079284,
    "micro": true
  },
  "setivar": {
    "mean": 30.91879236900964,
    "rsd_pct": 0.025219358715960392,
    "micro": true
  },
  "setivar_object": {
    "mean": 116.14806314238983,
    "rsd_pct": 1.4223880656934724,
    "micro": true
  },
  "setivar_young": {
    "mean": 113.14045756234457,
    "rsd_pct": 0.018764851492239578,
    "micro": true
  },
  "str_concat": {
    "mean": 83.36347200330468,
    "rsd_pct": 0.9570325255921683,
    "micro": true
  },
  "throw": {
    "mean": 53.685187777647606,
    "rsd_pct": 0.15639390261201128,
    "micro": true
  }
}