{
  "activerecord": {
    "mean": 42.423371115797444,
    "rsd_pct": 3.7416700964104295,
    "micro": false
  },
  "erubi_rails": {
    "mean": 15.739265524070227,
    "rsd_pct": 19.54501647666415,
    "micro": false
  },
  "hexapdf": {
    "mean": 2078.2133833815656,
    "rsd_pct": 2.5315671134983613,
    "micro": false
  },
  "liquid-c": {
    "mean": 59.72382880211947,
    "rsd_pct": 0.69078659190727,
    "micro": false
  },
  "liquid-compile": {
    "mean": 59.35559704986929,
    "rsd_pct": 1.4112358550446265,
    "micro": false
  },
  "liquid-render": {
    "mean": 104.57005317649605,
    "rsd_pct": 0.44539329809933165,
    "micro": false
  },
  "mail": {
    "mean": 132.3985817655921,
    "rsd_pct": 0.3582605897873076,
    "micro": false
  },
  "psych-load": {
    "mean": 1856.9059332211812,
    "rsd_pct": 0.08051736402956619,
    "micro": false
  },
  "railsbench": {
    "mean": 1809.9676719556253,
    "rsd_pct": 1.1456307877668235,
    "micro": false
  },
  "ruby-lsp": {
    "mean": 54.66683043658242,
    "rsd_pct": 7.375447917312136,
    "micro": false
  },
  "sequel": {
    "mean": 69.61688593340416,
    "rsd_pct": 1.1341821613356502,
    "micro": false
  },
  "binarytrees": {
    "mean": 225.73433166623792,
    "rsd_pct": 0.07156933459498174,
    "micro": false
  },
  "chunky_png": {
    "mean": 652.3979670678576,
    "rsd_pct": 0.4209039974479822,
    "micro": false
  },
  "erubi": {
    "mean": 257.0099397443044,
    "rsd_pct": 0.11460096468404689,
    "micro": false
  },
  "etanni": {
    "mean": 415.5329576848696,
    "rsd_pct": 0.03957859876209556,
    "micro": false
  },
  "fannkuchredux": {
    "mean": 766.0201939109427,
    "rsd_pct": 0.04453413484356046,
    "micro": false
  },
  "lee": {
    "mean": 926.8246827026209,
    "rsd_pct": 0.4517849919736863,
    "micro": false
  },
  "nbody": {
    "mean": 75.10100171829646,
    "rsd_pct": 0.07472283032988851,
    "micro": false
  },
  "optcarrot": {
    "mean": 2267.8529497236013,
    "rsd_pct": 0.6129198800571298,
    "micro": false
  },
  "ruby-json": {
    "mean": 3224.2548326651254,
    "rsd_pct": 0.06973648615706413,
    "micro": false
  },
  "rubykon": {
    "mean": 6571.774090081453,
    "rsd_pct": 0.4338603295686244,
    "micro": false
  },
  "30k_ifelse": {
    "mean": 360.0714232095263,
    "rsd_pct": 0.06570617237430625,
    "micro": true
  },
  "30k_methods": {
    "mean": 859.9323883814657,
    "rsd_pct": 0.024044497554751642,
    "micro": true
  },
  "cfunc_itself": {
    "mean": 38.965622382690604,
    "rsd_pct": 0.2038269688793656,
    "micro": true
  },
  "fib": {
    "mean": 44.57516489700148,
    "rsd_pct": 0.059716120220469654,
    "micro": true
  },
  "getivar": {
    "mean": 21.144326981038926,
    "rsd_pct": 0.19202790924191693,
    "micro": true
  },
  "keyword_args": {
    "mean": 48.44532089084751,
    "rsd_pct": 0.25115996561730053,
    "micro": true
  },
  "respond_to": {
    "mean": 27.307893223146976,
    "rsd_pct": 0.7969023752897163,
    "micro": true
  },
  "setivar": {
    "mean": 11.994869256616711,
    "rsd_pct": 0.13811134766394725,
    "micro": true
  },
  "setivar_object": {
    "mean": 42.120104840316095,
    "rsd_pct": 0.06830395749721532,
    "micro": true
  },
  "setivar_young": {
    "mean": 42.2774331671743,
    "rsd_pct": 1.4133744177603818,
    "micro": true
  },
  "str_concat": {
    "mean": 43.06303191553341,
    "rsd_pct": 0.4162157162858732,
    "micro": true
  },
  "throw": {
    "mean": 23.359118916659277,
    "rsd_pct": 0.2741649000202499,
    "micro": true
  }
}