{
  "activerecord": {
    "mean": 105.15497116791329,
    "rsd_pct": 0.6072447498926292,
    "micro": false
  },
  "hexapdf": {
    "mean": 2364.9540089070797,
    "rsd_pct": 1.319165855509374,
    "micro": false
  },
  "liquid-render": {
    "mean": 127.66235926241245,
    "rsd_pct": 1.8845499509852022,
    "micro": false
  },
  "mail": {
    "mean": 160.81366348530977,
    "rsd_pct": 0.415809482618797,
    "micro": false
  },
  "psych-load": {
    "mean": 1930.3693198909361,
    "rsd_pct": 0.037882999940756584,
    "micro": false
  },
  "railsbench": {
    "mean": 2125.1143186042705,
    "rsd_pct": 1.5940181429398819,
    "micro": false
  },
  "binarytrees": {
    "mean": 359.02103693002744,
    "rsd_pct": 1.4396640357723198,
    "micro": false
  },
  "chunky_png": {
    "mean": 663.1961238880953,
    "rsd_pct": 0.1322683387730686,
    "micro": false
  },
  "discourse": {
    "mean": 495.91971203488737,
    "rsd_pct": 9.168198869529345,
    "micro": false
  },
  "erubi": {
    "mean": 418.77025472832486,
    "rsd_pct": 0.8698663985968377,
    "micro": false
  },
  "erubi_rails": {
    "mean": 19.839532288621886,
    "rsd_pct": 3.5639656480768154,
    "micro": false
  },
  "fannkuchredux": {
    "mean": 7006.740665063262,
    "rsd_pct": 1.0401519928221643,
    "micro": false
  },
  "lee": {
    "mean": 899.5365177591642,
    "rsd_pct": 0.3258421768070736,
    "micro": false
  },
  "nbody": {
    "mean": 91.42768444877316,
    "rsd_pct": 0.42093405943553514,
    "micro": false
  },
  "optcarrot": {
    "mean": 3504.329000040889,
    "rsd_pct": 0.589201691172385,
    "micro": false
  },
  "rubykon": {
    "mean": 7855.248719329636,
    "rsd_pct": 0.5810887285127931,
    "micro": false
  },
  "30k_ifelse": {
    "mean": 368.50222732339586,
    "rsd_pct": 0.1776710680271748,
    "micro": true
  },
  "30k_methods": {
    "mean": 880.7282171804796,
    "rsd_pct": 0.06294268924741586,
    "micro": true
  },
  "cfunc_itself": {
    "mean": 44.50729574941332,
    "rsd_pct": 0.9436698810880799,
    "micro": true
  },
  "fib": {
    "mean": 62.575146707714914,
    "rsd_pct": 0.6430626200229614,
    "micro": true
  },
  "getivar": {
    "mean": 42.60710029282573,
    "rsd_pct": 0.7069755860251463,
    "micro": true
  },
  "keyword_args": {
    "mean": 52.97835949788649,
    "rsd_pct": 0.674699222742897,
    "micro": true
  },
  "respond_to": {
    "mean": 182.10363767619404,
    "rsd_pct": 0.38785103866836823,
    "micro": true
  },
  "setivar": {
    "mean": 53.94586555818035,
    "rsd_pct": 0.6287843569486355,
    "micro": true
  },
  "str_concat": {
    "mean": 108.756564991184,
    "rsd_pct": 1.4539526466479198,
    "micro": true
  }
}