{
  "activerecord": {
    "mean": 144.67330768562948,
    "rsd_pct": 0.2164033805661511,
    "micro": false
  },
  "erubi_rails": {
    "mean": 43.499596508532626,
    "rsd_pct": 2.028964896365926,
    "micro": false
  },
  "hexapdf": {
    "mean": 5841.842472429077,
    "rsd_pct": 2.025741874062956,
    "micro": false
  },
  "liquid-c": {
    "mean": 188.6682938115147,
    "rsd_pct": 1.8651032046045064,
    "micro": false
  },
  "liquid-compile": {
    "mean": 165.23895223538594,
    "rsd_pct": 0.6690893034436901,
    "micro": false
  },
  "liquid-render": {
    "mean": 349.3433336885086,
    "rsd_pct": 2.312620399443533,
    "micro": false
  },
  "mail": {
    "mean": 359.07188955355775,
    "rsd_pct": 0.29978277422597216,
    "micro": false
  },
  "psych-load": {
    "mean": 5136.567100510001,
    "rsd_pct": 0.0698369941688005,
    "micro": false
  },
  "railsbench": {
    "mean": 5294.219437241554,
    "rsd_pct": 0.767257545248846,
    "micro": false
  },
  "ruby-lsp": {
    "mean": 174.1255932102455,
    "rsd_pct": 11.991466894722892,
    "micro": false
  },
  "sequel": {
    "mean": 200.57266502192726,
    "rsd_pct": 0.1749966048841593,
    "micro": false
  },
  "binarytrees": {
    "mean": 492.18382775275546,
    "rsd_pct": 0.16819004719774502,
    "micro": false
  },
  "chunky_png": {
    "mean": 1463.024986286958,
    "rsd_pct": 0.20233699579446146,
    "micro": false
  },
  "erubi": {
    "mean": 550.0781718690537,
    "rsd_pct": 0.886686546709826,
    "micro": false
  },
  "etanni": {
    "mean": 914.0581419148172,
    "rsd_pct": 0.5714744287335164,
    "micro": false
  },
  "fannkuchredux": {
    "mean": 1491.5234967321157,
    "rsd_pct": 0.2649449043121755,
    "micro": false
  },
  "lee": {
    "mean": 2254.790962895467,
    "rsd_pct": 0.24422102338341078,
    "micro": false
  },
  "nbody": {
    "mean": 153.53265469797137,
    "rsd_pct": 0.0909761411823901,
    "micro": false
  },
  "optcarrot": {
    "mean": 8127.0473297685385,
    "rsd_pct": 0.5073729578806147,
    "micro": false
  },
  "ruby-json": {
    "mean": 8704.653377706805,
    "rsd_pct": 0.11944814065993974,
    "micro": false
  },
  "rubykon": {
    "mean": 19160.794049377244,
    "rsd_pct": 0.3952315506918356,
    "micro": false
  },
  "30k_ifelse": {
    "mean": 1593.9047560095787,
    "rsd_pct": 0.06499967247684237,
    "micro": true
  },
  "30k_methods": {
    "mean": 3444.6447720832152,
    "rsd_pct": 0.0878027413149353,
    "micro": true
  },
  "cfunc_itself": {
    "mean": 86.84564462993401,
    "rsd_pct": 0.050464801007390335,
    "micro": true
  },
  "fib": {
    "mean": 123.64929901169879,
    "rsd_pct": 0.07483323719960848,
    "micro": true
  },
  "getivar": {
    "mean": 40.46642766521168,
    "rsd_pct": 0.012986976816827218,
    "micro": true
  },
  "keyword_args": {
    "mean": 124.89059725642632,
    "rsd_pct": 0.024042422265062202,
    "micro": true
  },
  "respond_to": {
    "mean": 73.0639254504984,
    "rsd_pct": 1.4010599459071411,
    "micro": true
  },
  "setivar": {
    "mean": 30.919098797526342,
    "rsd_pct": 0.02543280620008061,
    "micro": true
  },
  "setivar_object": {
    "mean": 116.02713457027147,
    "rsd_pct": 1.4857875505316884,
    "micro": true
  },
  "setivar_young": {
    "mean": 113.27309621769706,
    "rsd_pct": 1.8442461728541755,
    "micro": true
  },
  "str_concat": {
    "mean": 83.41531235903632,
    "rsd_pct": 0.9852751088905759,
    "micro": true
  },
  "throw": {
    "mean": 49.33678435490412,
    "rsd_pct": 0.1721165327327514,
    "micro": true
  }
}