{
  "activerecord": {
    "mean": 144.9637578455089,
    "rsd_pct": 0.21836610247723767,
    "micro": false
  },
  "erubi_rails": {
    "mean": 45.040010331177164,
    "rsd_pct": 2.0744081304888558,
    "micro": false
  },
  "hexapdf": {
    "mean": 5889.228016510606,
    "rsd_pct": 2.1953057941309715,
    "micro": false
  },
  "liquid-c": {
    "mean": 190.56175194903096,
    "rsd_pct": 1.7461992268101159,
    "micro": false
  },
  "liquid-compile": {
    "mean": 166.01486416025594,
    "rsd_pct": 0.599922707709468,
    "micro": false
  },
  "liquid-render": {
    "mean": 351.1884950885647,
    "rsd_pct": 2.2877638384818004,
    "micro": false
  },
  "mail": {
    "mean": 368.16155383145656,
    "rsd_pct": 0.12611421483754123,
    "micro": false
  },
  "psych-load": {
    "mean": 5306.182836244504,
    "rsd_pct": 0.04076353864003848,
    "micro": false
  },
  "railsbench": {
    "mean": 5337.00523947676,
    "rsd_pct": 0.7004226188764502,
    "micro": false
  },
  "ruby-lsp": {
    "mean": 178.07521669964288,
    "rsd_pct": 12.013071977763804,
    "micro": false
  },
  "sequel": {
    "mean": 205.21175843497662,
    "rsd_pct": 0.21504836848382713,
    "micro": false
  },
  "binarytrees": {
    "mean": 492.79199803954566,
    "rsd_pct": 0.1259952260779664,
    "micro": false
  },
  "chunky_png": {
    "mean": 1507.7133505575118,
    "rsd_pct": 0.12077125107967397,
    "micro": false
  },
  "erubi": {
    "mean": 573.6906824560908,
    "rsd_pct": 0.7493973077417374,
    "micro": false
  },
  "etanni": {
    "mean": 918.847679393366,
    "rsd_pct": 0.4224313389335412,
    "micro": false
  },
  "fannkuchredux": {
    "mean": 1470.5533359199762,
    "rsd_pct": 0.22713920188319006,
    "micro": false
  },
  "lee": {
    "mean": 2483.3024285201514,
    "rsd_pct": 0.21173964696072153,
    "micro": false
  },
  "nbody": {
    "mean": 156.88831988865365,
    "rsd_pct": 0.0853547397373143,
    "micro": false
  },
  "optcarrot": {
    "mean": 9051.1493768543,
    "rsd_pct": 0.4320263669080404,
    "micro": false
  },
  "ruby-json": {
    "mean": 8453.068696210781,
    "rsd_pct": 0.11912316738780336,
    "micro": false
  },
  "rubykon": {
    "mean": 19928.14579034845,
    "rsd_pct": 0.37966671603859437,
    "micro": false
  },
  "30k_ifelse": {
    "mean": 1599.48910495097,
    "rsd_pct": 0.03492402499193595,
    "micro": true
  },
  "30k_methods": {
    "mean": 3440.187110768064,
    "rsd_pct": 0.07470879540767496,
    "micro": true
  },
  "cfunc_itself": {
    "mean": 86.83967609316684,
    "rsd_pct": 0.07515235447039793,
    "micro": true
  },
  "fib": {
    "mean": 123.66501886780108,
    "rsd_pct": 0.07856251418333397,
    "micro": true
  },
  "getivar": {
    "mean": 40.46553274494523,
    "rsd_pct": 0.011567241722118576,
    "micro": true
  },
  "keyword_args": {
    "mean": 122.5596509847002,
    "rsd_pct": 0.06312932647537098,
    "micro": true
  },
  "respond_to": {
    "mean": 73.14435660477494,
    "rsd_pct": 1.9111627588868565,
    "micro": true
  },
  "setivar": {
    "mean": 30.894462421455994,
    "rsd_pct": 0.01873289729634576,
    "micro": true
  },
  "setivar_object": {
    "mean": 116.2262808784223,
    "rsd_pct": 1.3659797783563632,
    "micro": true
  },
  "setivar_young": {
    "mean": 113.14289043037256,
    "rsd_pct": 0.01938518286775522,
    "micro": true
  },
  "str_concat": {
    "mean": 83.36627532876135,
    "rsd_pct": 0.9613499448153622,
    "micro": true
  },
  "throw": {
    "mean": 49.499469546553414,
    "rsd_pct": 0.15785226524793927,
    "micro": true
  }
}