{
  "activerecord": {
    "mean": 111.22353153631968,
    "rsd_pct": 0.16675036796900478,
    "micro": false
  },
  "jekyll": {
    "mean": 7321.391462394968,
    "rsd_pct": 1.770103477747119,
    "micro": false
  },
  "liquid-render": {
    "mean": 143.52715539101226,
    "rsd_pct": 0.6559470054722144,
    "micro": false
  },
  "mail": {
    "mean": 133.8390914468671,
    "rsd_pct": 0.32394261086846293,
    "micro": false
  },
  "psych-load": {
    "mean": 1657.3600681498647,
    "rsd_pct": 0.03860224571376996,
    "micro": false
  },
  "railsbench": {
    "mean": 2340.6536230817437,
    "rsd_pct": 1.3086737741174905,
    "micro": false
  },
  "binarytrees": {
    "mean": 296.9943068857337,
    "rsd_pct": 2.5303472533483378,
    "micro": false
  },
  "fannkuchredux": {
    "mean": 5338.258732995018,
    "rsd_pct": 0.038481108646742916,
    "micro": false
  },
  "lee": {
    "mean": 790.886998118367,
    "rsd_pct": 1.7328066731788976,
    "micro": false
  },
  "nbody": {
    "mean": 73.35925831887941,
    "rsd_pct": 0.041236082217337156,
    "micro": false
  },
  "optcarrot": {
    "mean": 3140.917151235044,
    "rsd_pct": 0.14491091215364565,
    "micro": false
  },
  "30k_ifelse": {
    "mean": 318.63806669969324,
    "rsd_pct": 0.218075925664951,
    "micro": true
  },
  "30k_methods": {
    "mean": 754.1384908973295,
    "rsd_pct": 0.025153307074091392,
    "micro": true
  },
  "cfunc_itself": {
    "mean": 41.16331525303486,
    "rsd_pct": 0.28015861553771687,
    "micro": true
  },
  "fib": {
    "mean": 52.107933303590286,
    "rsd_pct": 0.17143983360973425,
    "micro": true
  },
  "getivar": {
    "mean": 36.25298907672828,
    "rsd_pct": 0.05753867270295933,
    "micro": true
  },
  "keyword_args": {
    "mean": 246.27437710296363,
    "rsd_pct": 0.09509032400891375,
    "micro": true
  },
  "respond_to": {
    "mean": 172.47598494672886,
    "rsd_pct": 1.2005417593028114,
    "micro": true
  },
  "setivar": {
    "mean": 42.248410307985274,
    "rsd_pct": 0.12415442415196248,
    "micro": true
  }
}