{
  "activerecord": {
    "mean": 105.90986230582332,
    "rsd_pct": 0.6534179409856864,
    "micro": false
  },
  "hexapdf": {
    "mean": 2188.339313864708,
    "rsd_pct": 1.4620098338774117,
    "micro": false
  },
  "jekyll": {
    "mean": 7324.201390240341,
    "rsd_pct": 2.078454189658496,
    "micro": false
  },
  "liquid-render": {
    "mean": 115.0988210276587,
    "rsd_pct": 2.414191229834233,
    "micro": false
  },
  "mail": {
    "mean": 147.0902554380397,
    "rsd_pct": 1.1083385769885612,
    "micro": false
  },
  "psych-load": {
    "mean": 1607.79569176957,
    "rsd_pct": 0.08349583247188604,
    "micro": false
  },
  "railsbench": {
    "mean": 2370.31061751768,
    "rsd_pct": 1.9542455542577788,
    "micro": false
  },
  "binarytrees": {
    "mean": 282.4538022157599,
    "rsd_pct": 2.5755415956262917,
    "micro": false
  },
  "fannkuchredux": {
    "mean": 5723.176074028015,
    "rsd_pct": 0.03362019588419909,
    "micro": false
  },
  "lee": {
    "mean": 808.5931420326233,
    "rsd_pct": 1.2793954324549135,
    "micro": false
  },
  "nbody": {
    "mean": 73.14079711002044,
    "rsd_pct": 0.059626294057440334,
    "micro": false
  },
  "optcarrot": {
    "mean": 3085.5398488231003,
    "rsd_pct": 0.5347190294586932,
    "micro": false
  },
  "rubykon": {
    "mean": 5718.773703370243,
    "rsd_pct": 1.2447413297692984,
    "micro": false
  },
  "30k_ifelse": {
    "mean": 323.5753182357607,
    "rsd_pct": 0.17835969712953842,
    "micro": true
  },
  "30k_methods": {
    "mean": 759.7607559360125,
    "rsd_pct": 0.029491347551326583,
    "micro": true
  },
  "cfunc_itself": {
    "mean": 39.37995194618302,
    "rsd_pct": 0.3077008031080108,
    "micro": true
  },
  "fib": {
    "mean": 52.214826347635075,
    "rsd_pct": 0.0660141082343456,
    "micro": true
  },
  "getivar": {
    "mean": 35.474320233226265,
    "rsd_pct": 0.07214076676636111,
    "micro": true
  },
  "keyword_args": {
    "mean": 45.82298844093042,
    "rsd_pct": 0.11631554691509124,
    "micro": true
  },
  "respond_to": {
    "mean": 162.8654723393574,
    "rsd_pct": 0.5837715177024485,
    "micro": true
  },
  "setivar": {
    "mean": 38.83754447416728,
    "rsd_pct": 0.17111367646999623,
    "micro": true
  }
}