{
  "activerecord": {
    "mean": 113.79174660633217,
    "rsd_pct": 1.6432433940595657
  },
  "jekyll": {
    "mean": 7470.651397574693,
    "rsd_pct": 1.9868511169851308
  },
  "liquid-render": {
    "mean": 147.072063186132,
    "rsd_pct": 2.566194973094096
  },
  "mail": {
    "mean": 138.6886223379189,
    "rsd_pct": 1.712067797219172
  },
  "psych-load": {
    "mean": 1682.8014988452196,
    "rsd_pct": 0.6530649560229331
  },
  "railsbench": {
    "mean": 2566.3305529393256,
    "rsd_pct": 1.6433610101443579
  },
  "binarytrees": {
    "mean": 298.313412627434,
    "rsd_pct": 0.4025904561924409
  },
  "fannkuchredux": {
    "mean": 5425.491628609598,
    "rsd_pct": 0.04530465878608789
  },
  "lee": {
    "mean": 803.5501621353129,
    "rsd_pct": 1.423474839012838
  },
  "nbody": {
    "mean": 72.76272517716828,
    "rsd_pct": 0.04516385692829953
  },
  "optcarrot": {
    "mean": 3119.3613367620856,
    "rsd_pct": 0.17618009475203472
  },
  "30k_ifelse": {
    "mean": 331.110741533339,
    "rsd_pct": 0.17955656704674872
  },
  "30k_methods": {
    "mean": 753.9603973957984,
    "rsd_pct": 0.02915779043089202
  },
  "cfunc_itself": {
    "mean": 41.45380959158909,
    "rsd_pct": 0.352457945790132
  },
  "fib": {
    "mean": 52.02757058292627,
    "rsd_pct": 0.023637755489131856
  },
  "getivar": {
    "mean": 36.253916963209555,
    "rsd_pct": 0.05103940225074654
  },
  "respond_to": {
    "mean": 166.88732749528506,
    "rsd_pct": 0.1113908386834228
  },
  "setivar": {
    "mean": 41.28753542721367,
    "rsd_pct": 0.12997175717280626
  }
}