{
  "activerecord": {
    "mean": 42.162219757992254,
    "rsd_pct": 0.9272706712236017,
    "micro": false
  },
  "erubi_rails": {
    "mean": 15.31551118295299,
    "rsd_pct": 9.210075264765234,
    "micro": false
  },
  "hexapdf": {
    "mean": 2069.7042422990003,
    "rsd_pct": 1.9667537257527232,
    "micro": false
  },
  "liquid-c": {
    "mean": 59.45807098230319,
    "rsd_pct": 2.0758206091628,
    "micro": false
  },
  "liquid-compile": {
    "mean": 54.14188585589895,
    "rsd_pct": 5.330883154936625,
    "micro": false
  },
  "liquid-render": {
    "mean": 108.57645612533973,
    "rsd_pct": 2.6309788558011644,
    "micro": false
  },
  "mail": {
    "mean": 129.47480616389544,
    "rsd_pct": 0.1953820631285244,
    "micro": false
  },
  "psych-load": {
    "mean": 1795.4316900422175,
    "rsd_pct": 0.05769254679862266,
    "micro": false
  },
  "railsbench": {
    "mean": 1804.1630048304796,
    "rsd_pct": 1.1850396092228122,
    "micro": false
  },
  "ruby-lsp": {
    "mean": 58.51754157842077,
    "rsd_pct": 19.839537284125818,
    "micro": false
  },
  "sequel": {
    "mean": 67.30988427294224,
    "rsd_pct": 0.32195795481549,
    "micro": false
  },
  "binarytrees": {
    "mean": 227.01015132902697,
    "rsd_pct": 0.09038720500358684,
    "micro": false
  },
  "chunky_png": {
    "mean": 638.0248442913095,
    "rsd_pct": 0.06206216263353255,
    "micro": false
  },
  "erubi": {
    "mean": 259.51443131190615,
    "rsd_pct": 0.7774845185777753,
    "micro": false
  },
  "etanni": {
    "mean": 418.97856440157335,
    "rsd_pct": 0.4447003644586291,
    "micro": false
  },
  "fannkuchredux": {
    "mean": 772.8153805434704,
    "rsd_pct": 0.03407061095600409,
    "micro": false
  },
  "lee": {
    "mean": 930.0111470123132,
    "rsd_pct": 0.36475655161568854,
    "micro": false
  },
  "nbody": {
    "mean": 69.56488478811984,
    "rsd_pct": 0.1026277344457916,
    "micro": false
  },
  "optcarrot": {
    "mean": 2244.9761711061,
    "rsd_pct": 0.6373616652529587,
    "micro": false
  },
  "ruby-json": {
    "mean": 3048.839624846975,
    "rsd_pct": 0.06971241714791193,
    "micro": false
  },
  "rubykon": {
    "mean": 6702.132436881463,
    "rsd_pct": 0.36705190314710057,
    "micro": false
  },
  "30k_ifelse": {
    "mean": 360.2494717998938,
    "rsd_pct": 0.06834864424884574,
    "micro": true
  },
  "30k_methods": {
    "mean": 857.5621502392966,
    "rsd_pct": 0.02213263095099228,
    "micro": true
  },
  "cfunc_itself": {
    "mean": 38.326312259724546,
    "rsd_pct": 0.14339915316600685,
    "micro": true
  },
  "fib": {
    "mean": 44.5635630749166,
    "rsd_pct": 0.05236053363395266,
    "micro": true
  },
  "getivar": {
    "mean": 21.11414453339955,
    "rsd_pct": 0.23762569234036973,
    "micro": true
  },
  "keyword_args": {
    "mean": 47.79332379797144,
    "rsd_pct": 0.15361460561487714,
    "micro": true
  },
  "respond_to": {
    "mean": 25.47361327536926,
    "rsd_pct": 0.5810580696097756,
    "micro": true
  },
  "setivar": {
    "mean": 11.994791540625071,
    "rsd_pct": 0.08597533439371874,
    "micro": true
  },
  "setivar_object": {
    "mean": 47.630138335158264,
    "rsd_pct": 3.0366265203404104,
    "micro": true
  },
  "setivar_young": {
    "mean": 45.39875246753747,
    "rsd_pct": 1.1519709236686901,
    "micro": true
  },
  "str_concat": {
    "mean": 43.0897181857675,
    "rsd_pct": 1.4539836081066106,
    "micro": true
  },
  "throw": {
    "mean": 24.606989350243303,
    "rsd_pct": 0.2636565069401599,
    "micro": true
  }
}