{
  "activerecord": {
    "mean": 94.59156632838302,
    "rsd_pct": 0.6144775194302139,
    "micro": false
  },
  "hexapdf": {
    "mean": 2180.6393622110286,
    "rsd_pct": 1.1888813078253775,
    "micro": false
  },
  "liquid-render": {
    "mean": 112.0241088713756,
    "rsd_pct": 2.1304295359671723,
    "micro": false
  },
  "mail": {
    "mean": 142.06868925664043,
    "rsd_pct": 0.15491363642968534,
    "micro": false
  },
  "psych-load": {
    "mean": 1840.7814520721633,
    "rsd_pct": 0.021471061997363518,
    "micro": false
  },
  "railsbench": {
    "mean": 2013.936726686855,
    "rsd_pct": 0.938446506936705,
    "micro": false
  },
  "ruby-lsp": {
    "mean": 70.82959510842149,
    "rsd_pct": 16.876584133703947,
    "micro": false
  },
  "binarytrees": {
    "mean": 234.50449268810104,
    "rsd_pct": 2.106833877507444,
    "micro": false
  },
  "chunky_png": {
    "mean": 620.8749369106954,
    "rsd_pct": 0.06941567779185001,
    "micro": false
  },
  "erubi": {
    "mean": 296.5861378140303,
    "rsd_pct": 1.1058756429264183,
    "micro": false
  },
  "erubi_rails": {
    "mean": 17.104831184473124,
    "rsd_pct": 3.9194690964847925,
    "micro": false
  },
  "etanni": {
    "mean": 465.95635410353896,
    "rsd_pct": 0.6403553297991348,
    "micro": false
  },
  "fannkuchredux": {
    "mean": 938.2271478174343,
    "rsd_pct": 0.1556786166140014,
    "micro": false
  },
  "lee": {
    "mean": 896.891197803515,
    "rsd_pct": 0.2458398103391932,
    "micro": false
  },
  "nbody": {
    "mean": 71.76196611476288,
    "rsd_pct": 0.06555854285667741,
    "micro": false
  },
  "optcarrot": {
    "mean": 2776.243464741856,
    "rsd_pct": 0.4271199493209829,
    "micro": false
  },
  "rubykon": {
    "mean": 6660.970395896584,
    "rsd_pct": 0.4596005091960852,
    "micro": false
  },
  "30k_ifelse": {
    "mean": 397.7673109341413,
    "rsd_pct": 0.12336478316932506,
    "micro": true
  },
  "30k_methods": {
    "mean": 947.4266886711121,
    "rsd_pct": 0.026751386930771233,
    "micro": true
  },
  "cfunc_itself": {
    "mean": 41.803143343787696,
    "rsd_pct": 0.12011697410727983,
    "micro": true
  },
  "fib": {
    "mean": 62.84871093676947,
    "rsd_pct": 0.05603207039906404,
    "micro": true
  },
  "getivar": {
    "mean": 45.63070787116885,
    "rsd_pct": 0.04385399188676322,
    "micro": true
  },
  "keyword_args": {
    "mean": 52.43049230528947,
    "rsd_pct": 0.04504363426595624,
    "micro": true
  },
  "respond_to": {
    "mean": 28.33425653979161,
    "rsd_pct": 0.465266580930716,
    "micro": true
  },
  "setivar": {
    "mean": 14.704018185832812,
    "rsd_pct": 0.09245471369434567,
    "micro": true
  },
  "setivar_object": {
    "mean": 47.768500820693504,
    "rsd_pct": 1.5718310918285239,
    "micro": true
  },
  "str_concat": {
    "mean": 43.36788289528949,
    "rsd_pct": 1.4490875282427629,
    "micro": true
  }
}