{
  "activerecord": {
    "mean": 143.37476915650828,
    "rsd_pct": 0.2183155574988122,
    "micro": false
  },
  "erubi_rails": {
    "mean": 43.43814697678655,
    "rsd_pct": 2.247964096185825,
    "micro": false
  },
  "hexapdf": {
    "mean": 5623.062987501423,
    "rsd_pct": 1.8591474416937013,
    "micro": false
  },
  "liquid-c": {
    "mean": 184.49265183198136,
    "rsd_pct": 1.8103346101195636,
    "micro": false
  },
  "liquid-compile": {
    "mean": 166.98253688712916,
    "rsd_pct": 0.9010467640941168,
    "micro": false
  },
  "liquid-render": {
    "mean": 344.00130998478346,
    "rsd_pct": 2.2981283478748327,
    "micro": false
  },
  "mail": {
    "mean": 360.4184005361719,
    "rsd_pct": 0.5761507104842323,
    "micro": false
  },
  "psych-load": {
    "mean": 4904.809646184246,
    "rsd_pct": 0.03838878608182212,
    "micro": false
  },
  "railsbench": {
    "mean": 5298.631201808651,
    "rsd_pct": 0.7626896450480627,
    "micro": false
  },
  "ruby-lsp": {
    "mean": 177.9251817986369,
    "rsd_pct": 12.61054451781876,
    "micro": false
  },
  "sequel": {
    "mean": 199.02807083987707,
    "rsd_pct": 0.23566324962109939,
    "micro": false
  },
  "binarytrees": {
    "mean": 491.22986766848373,
    "rsd_pct": 0.5015588253008209,
    "micro": false
  },
  "chunky_png": {
    "mean": 1379.7960650514472,
    "rsd_pct": 0.13103583731917795,
    "micro": false
  },
  "erubi": {
    "mean": 546.5580521342464,
    "rsd_pct": 0.8775584087116396,
    "micro": false
  },
  "etanni": {
    "mean": 886.9588371921093,
    "rsd_pct": 0.46692110138654863,
    "micro": false
  },
  "fannkuchredux": {
    "mean": 1530.7503130573493,
    "rsd_pct": 0.07110535960138899,
    "micro": false
  },
  "lee": {
    "mean": 2148.5068583860993,
    "rsd_pct": 0.18561405036055217,
    "micro": false
  },
  "nbody": {
    "mean": 158.77310709846722,
    "rsd_pct": 0.08790071908038254,
    "micro": false
  },
  "optcarrot": {
    "mean": 8847.483050326506,
    "rsd_pct": 0.6740814043650344,
    "micro": false
  },
  "ruby-json": {
    "mean": 8414.026589443287,
    "rsd_pct": 0.1113254908436307,
    "micro": false
  },
  "rubykon": {
    "mean": 19299.21946252386,
    "rsd_pct": 0.38016082958515734,
    "micro": false
  },
  "30k_ifelse": {
    "mean": 1719.11741735583,
    "rsd_pct": 0.032462933910926396,
    "micro": true
  },
  "30k_methods": {
    "mean": 3616.278757624652,
    "rsd_pct": 0.09244560937660586,
    "micro": true
  },
  "cfunc_itself": {
    "mean": 81.7463276926027,
    "rsd_pct": 0.04065999219002358,
    "micro": true
  },
  "fib": {
    "mean": 137.52442982591938,
    "rsd_pct": 0.006823771605417413,
    "micro": true
  },
  "getivar": {
    "mean": 52.3303628564355,
    "rsd_pct": 0.03684484246664526,
    "micro": true
  },
  "keyword_args": {
    "mean": 127.85989624425406,
    "rsd_pct": 0.03655449294743759,
    "micro": true
  },
  "respond_to": {
    "mean": 70.1331271772172,
    "rsd_pct": 3.128125176404725,
    "micro": true
  },
  "setivar": {
    "mean": 32.85176616472689,
    "rsd_pct": 0.015480087828547037,
    "micro": true
  },
  "setivar_object": {
    "mean": 120.64362179487944,
    "rsd_pct": 1.1854557361358082,
    "micro": true
  },
  "setivar_young": {
    "mean": 117.93703107757429,
    "rsd_pct": 0.0068052372701490164,
    "micro": true
  },
  "str_concat": {
    "mean": 85.07267273880262,
    "rsd_pct": 0.8894011953168365,
    "micro": true
  },
  "throw": {
    "mean": 49.75217899182838,
    "rsd_pct": 0.157815400334284,
    "micro": true
  }
}