{
  "activerecord": {
    "mean": 42.298839023892015,
    "rsd_pct": 0.7298059988882937,
    "micro": false
  },
  "erubi_rails": {
    "mean": 15.09663145002821,
    "rsd_pct": 9.190153682327244,
    "micro": false
  },
  "hexapdf": {
    "mean": 2086.7291593303285,
    "rsd_pct": 1.5357399407756231,
    "micro": false
  },
  "liquid-c": {
    "mean": 59.25461510196328,
    "rsd_pct": 2.037759406979925,
    "micro": false
  },
  "liquid-compile": {
    "mean": 54.312357431666314,
    "rsd_pct": 5.268238967007912,
    "micro": false
  },
  "liquid-render": {
    "mean": 108.20508740150213,
    "rsd_pct": 2.6220407012136544,
    "micro": false
  },
  "mail": {
    "mean": 128.80567294339855,
    "rsd_pct": 0.4011730722493321,
    "micro": false
  },
  "psych-load": {
    "mean": 1792.419408634305,
    "rsd_pct": 0.10908309175356404,
    "micro": false
  },
  "railsbench": {
    "mean": 1812.7074583123128,
    "rsd_pct": 1.277203866216884,
    "micro": false
  },
  "ruby-lsp": {
    "mean": 58.3641725968112,
    "rsd_pct": 19.778736382976863,
    "micro": false
  },
  "sequel": {
    "mean": 67.75126945290525,
    "rsd_pct": 0.3313994561982349,
    "micro": false
  },
  "binarytrees": {
    "mean": 227.97288902606186,
    "rsd_pct": 0.09160626827059036,
    "micro": false
  },
  "chunky_png": {
    "mean": 642.9555299541643,
    "rsd_pct": 0.07498705964250298,
    "micro": false
  },
  "erubi": {
    "mean": 260.4129480627867,
    "rsd_pct": 0.8083195185683089,
    "micro": false
  },
  "etanni": {
    "mean": 424.7825783677399,
    "rsd_pct": 0.4673978950664082,
    "micro": false
  },
  "fannkuchredux": {
    "mean": 767.7969498416552,
    "rsd_pct": 0.08302822747003819,
    "micro": false
  },
  "lee": {
    "mean": 921.30508034357,
    "rsd_pct": 0.34767874454747405,
    "micro": false
  },
  "nbody": {
    "mean": 69.79089924734645,
    "rsd_pct": 0.09314485415839097,
    "micro": false
  },
  "optcarrot": {
    "mean": 2276.853091393908,
    "rsd_pct": 0.6269902569229641,
    "micro": false
  },
  "ruby-json": {
    "mean": 3109.3486728767552,
    "rsd_pct": 0.1257382749919984,
    "micro": false
  },
  "rubykon": {
    "mean": 6801.0251594086485,
    "rsd_pct": 0.4605308003734487,
    "micro": false
  },
  "30k_ifelse": {
    "mean": 360.9353965656324,
    "rsd_pct": 0.07492395948001689,
    "micro": true
  },
  "30k_methods": {
    "mean": 859.3944621312877,
    "rsd_pct": 0.03171044649241312,
    "micro": true
  },
  "cfunc_itself": {
    "mean": 38.34788426540272,
    "rsd_pct": 0.2667564585171588,
    "micro": true
  },
  "fib": {
    "mean": 44.61839739399563,
    "rsd_pct": 1.0301194874896769,
    "micro": true
  },
  "getivar": {
    "mean": 21.123824528758487,
    "rsd_pct": 0.24272136183951956,
    "micro": true
  },
  "keyword_args": {
    "mean": 47.66828044076376,
    "rsd_pct": 0.10515750214252183,
    "micro": true
  },
  "respond_to": {
    "mean": 24.833623996747086,
    "rsd_pct": 0.4820882313592602,
    "micro": true
  },
  "setivar": {
    "mean": 11.99468612518937,
    "rsd_pct": 0.08725127595175018,
    "micro": true
  },
  "setivar_object": {
    "mean": 43.65285223667148,
    "rsd_pct": 1.8693270218071478,
    "micro": true
  },
  "setivar_young": {
    "mean": 42.19590415725244,
    "rsd_pct": 1.1418812553976512,
    "micro": true
  },
  "str_concat": {
    "mean": 42.925144358673414,
    "rsd_pct": 1.4501291284473845,
    "micro": true
  },
  "throw": {
    "mean": 24.928092360956434,
    "rsd_pct": 0.3395834516292471,
    "micro": true
  }
}