{
  "activerecord": {
    "mean": 358.7072053523155,
    "rsd_pct": 0.7634756838635918,
    "micro": false
  },
  "hexapdf": {
    "mean": 6754.968485732873,
    "rsd_pct": 1.076367260790021,
    "micro": false
  },
  "liquid-render": {
    "mean": 400.34911604650193,
    "rsd_pct": 1.5919800749327573,
    "micro": false
  },
  "mail": {
    "mean": 410.403382006309,
    "rsd_pct": 0.1390295736071131,
    "micro": false
  },
  "psych-load": {
    "mean": 5618.911893231173,
    "rsd_pct": 0.06382714373411304,
    "micro": false
  },
  "railsbench": {
    "mean": 6043.667708709836,
    "rsd_pct": 1.159557285078135,
    "micro": false
  },
  "ruby-lsp": {
    "mean": 205.13539110335893,
    "rsd_pct": 10.538167457730092,
    "micro": false
  },
  "sequel": {
    "mean": 397.81281395504874,
    "rsd_pct": 1.8920863587011096,
    "micro": false
  },
  "binarytrees": {
    "mean": 533.2751949810806,
    "rsd_pct": 0.24391326734023336,
    "micro": false
  },
  "chunky_png": {
    "mean": 1526.382387135968,
    "rsd_pct": 0.07507274276486475,
    "micro": false
  },
  "erubi": {
    "mean": 703.8276301922672,
    "rsd_pct": 1.5996004490576907,
    "micro": false
  },
  "erubi_rails": {
    "mean": 49.671280784693,
    "rsd_pct": 2.2795769125383454,
    "micro": false
  },
  "etanni": {
    "mean": 1190.4825014630105,
    "rsd_pct": 1.0125622420086777,
    "micro": false
  },
  "fannkuchredux": {
    "mean": 2309.892015531659,
    "rsd_pct": 0.22817127523459868,
    "micro": false
  },
  "lee": {
    "mean": 2397.70617939177,
    "rsd_pct": 0.36130158180376293,
    "micro": false
  },
  "nbody": {
    "mean": 177.3107352016641,
    "rsd_pct": 0.05983933660525115,
    "micro": false
  },
  "optcarrot": {
    "mean": 10558.395181285838,
    "rsd_pct": 0.41021175820989975,
    "micro": false
  },
  "rubykon": {
    "mean": 21508.787552826107,
    "rsd_pct": 0.3349182974160576,
    "micro": false
  },
  "30k_ifelse": {
    "mean": 1927.5879038459793,
    "rsd_pct": 0.052396886323713254,
    "micro": true
  },
  "30k_methods": {
    "mean": 3909.2669379431754,
    "rsd_pct": 0.08619353213018242,
    "micro": true
  },
  "cfunc_itself": {
    "mean": 103.23635158091483,
    "rsd_pct": 0.027197868089578078,
    "micro": true
  },
  "fib": {
    "mean": 175.36487707680783,
    "rsd_pct": 0.005744712672674207,
    "micro": true
  },
  "getivar": {
    "mean": 107.90893705497822,
    "rsd_pct": 0.009281214739887756,
    "micro": true
  },
  "keyword_args": {
    "mean": 151.05109371962075,
    "rsd_pct": 0.014522729954891601,
    "micro": true
  },
  "respond_to": {
    "mean": 99.8562581285771,
    "rsd_pct": 1.0546738800705435,
    "micro": true
  },
  "setivar": {
    "mean": 50.04799148894303,
    "rsd_pct": 0.012779828415057797,
    "micro": true
  },
  "setivar_object": {
    "mean": 127.52266239130022,
    "rsd_pct": 1.361923875067535,
    "micro": true
  },
  "str_concat": {
    "mean": 106.49938818744637,
    "rsd_pct": 1.006393562603252,
    "micro": true
  }
}