{
  "activerecord": {
    "mean": 105.10441910534004,
    "rsd_pct": 0.4686653119449412,
    "micro": false
  },
  "hexapdf": {
    "mean": 2351.82447694242,
    "rsd_pct": 0.45169730175202416,
    "micro": false
  },
  "liquid-render": {
    "mean": 144.5173408782525,
    "rsd_pct": 1.8347928350061544,
    "micro": false
  },
  "mail": {
    "mean": 187.25370991699123,
    "rsd_pct": 2.6665397347482607,
    "micro": false
  },
  "psych-load": {
    "mean": 1981.103100751837,
    "rsd_pct": 0.17112511426970478,
    "micro": false
  },
  "railsbench": {
    "mean": 2423.740750302871,
    "rsd_pct": 0.8779612251481904,
    "micro": false
  },
  "binarytrees": {
    "mean": 368.2498713393533,
    "rsd_pct": 0.15659252488880845,
    "micro": false
  },
  "chunky_png": {
    "mean": 688.9335750291744,
    "rsd_pct": 0.4729579394717954,
    "micro": false
  },
  "discourse": {
    "mean": 529.857144838101,
    "rsd_pct": 18.306342149789806,
    "micro": false
  },
  "erubi": {
    "mean": 401.4335866941481,
    "rsd_pct": 0.9077311409379488,
    "micro": false
  },
  "erubi_rails": {
    "mean": 24.53239787393396,
    "rsd_pct": 54.86230124954269,
    "micro": false
  },
  "fannkuchredux": {
    "mean": 9051.828014602264,
    "rsd_pct": 2.3514410864861603,
    "micro": false
  },
  "lee": {
    "mean": 891.2468103861266,
    "rsd_pct": 1.9086757543094994,
    "micro": false
  },
  "nbody": {
    "mean": 90.85392328148538,
    "rsd_pct": 0.4396944729560563,
    "micro": false
  },
  "optcarrot": {
    "mean": 3475.5516212433577,
    "rsd_pct": 0.6072445564484664,
    "micro": false
  },
  "rubykon": {
    "mean": 7939.543747405211,
    "rsd_pct": 3.536344086344163,
    "micro": false
  },
  "30k_ifelse": {
    "mean": 353.3607142245663,
    "rsd_pct": 0.18348956185293055,
    "micro": true
  },
  "30k_methods": {
    "mean": 892.5014914606105,
    "rsd_pct": 0.06659529249034149,
    "micro": true
  },
  "cfunc_itself": {
    "mean": 49.49420650026055,
    "rsd_pct": 0.89715295590031,
    "micro": true
  },
  "fib": {
    "mean": 62.49396958737634,
    "rsd_pct": 0.6165489601138865,
    "micro": true
  },
  "getivar": {
    "mean": 42.59546324368808,
    "rsd_pct": 0.696717808196368,
    "micro": true
  },
  "keyword_args": {
    "mean": 53.20164575599707,
    "rsd_pct": 0.711308935975722,
    "micro": true
  },
  "respond_to": {
    "mean": 187.06793357389716,
    "rsd_pct": 0.25885494420012695,
    "micro": true
  },
  "setivar": {
    "mean": 53.718082072451786,
    "rsd_pct": 0.6020149478543544,
    "micro": true
  },
  "str_concat": {
    "mean": 110.45673545355422,
    "rsd_pct": 1.2126932714200083,
    "micro": true
  }
}