{
  "activerecord": {
    "mean": 108.83270427482864,
    "rsd_pct": 0.4366614697842257,
    "micro": false
  },
  "hexapdf": {
    "mean": 2350.0688130656877,
    "rsd_pct": 2.007340173946292,
    "micro": false
  },
  "liquid-render": {
    "mean": 126.41978121093034,
    "rsd_pct": 1.8607281901043722,
    "micro": false
  },
  "mail": {
    "mean": 162.7118541760658,
    "rsd_pct": 0.3737440122789189,
    "micro": false
  },
  "psych-load": {
    "mean": 1949.053636752069,
    "rsd_pct": 0.031971008343294215,
    "micro": false
  },
  "railsbench": {
    "mean": 2195.895367860794,
    "rsd_pct": 1.551206251453454,
    "micro": false
  },
  "binarytrees": {
    "mean": 343.3911555460585,
    "rsd_pct": 0.1550731254412212,
    "micro": false
  },
  "chunky_png": {
    "mean": 662.2881488564113,
    "rsd_pct": 0.1049706741547094,
    "micro": false
  },
  "discourse": {
    "mean": 620.7586537248322,
    "rsd_pct": 14.99748820615733,
    "micro": false
  },
  "erubi": {
    "mean": 413.2324638000379,
    "rsd_pct": 0.7694687338962025,
    "micro": false
  },
  "erubi_rails": {
    "mean": 21.034426839816103,
    "rsd_pct": 3.5365118426450417,
    "micro": false
  },
  "fannkuchredux": {
    "mean": 7485.214342984061,
    "rsd_pct": 0.047467371184181185,
    "micro": false
  },
  "lee": {
    "mean": 898.2275881889192,
    "rsd_pct": 1.755416204637461,
    "micro": false
  },
  "nbody": {
    "mean": 85.23299061680135,
    "rsd_pct": 0.5005317068904064,
    "micro": false
  },
  "optcarrot": {
    "mean": 3596.9243947416544,
    "rsd_pct": 0.6047026745960498,
    "micro": false
  },
  "rubykon": {
    "mean": 6480.199059844017,
    "rsd_pct": 0.3914835021128214,
    "micro": false
  },
  "30k_ifelse": {
    "mean": 354.0479452772574,
    "rsd_pct": 0.16635883817967637,
    "micro": true
  },
  "30k_methods": {
    "mean": 877.0030652680857,
    "rsd_pct": 0.052627029766895525,
    "micro": true
  },
  "cfunc_itself": {
    "mean": 44.78882621713654,
    "rsd_pct": 0.8714948056414509,
    "micro": true
  },
  "fib": {
    "mean": 62.49312816316601,
    "rsd_pct": 0.5983889342465128,
    "micro": true
  },
  "getivar": {
    "mean": 42.55999111048366,
    "rsd_pct": 0.6928801843022182,
    "micro": true
  },
  "keyword_args": {
    "mean": 52.90362837233691,
    "rsd_pct": 0.7197356256405442,
    "micro": true
  },
  "respond_to": {
    "mean": 197.3436158709228,
    "rsd_pct": 0.2713872440353376,
    "micro": true
  },
  "setivar": {
    "mean": 52.47994465072929,
    "rsd_pct": 0.5659264480435565,
    "micro": true
  }
}