{
  "activerecord": {
    "mean": 113.67644724739064,
    "rsd_pct": 2.1604411313122176
  },
  "jekyll": {
    "mean": 7673.85240085423,
    "rsd_pct": 3.0117795127894804
  },
  "liquid-render": {
    "mean": 150.69710721859965,
    "rsd_pct": 1.9223679043172583
  },
  "mail": {
    "mean": 139.7551968641215,
    "rsd_pct": 1.6221757231165668
  },
  "psych-load": {
    "mean": 1806.1693841125816,
    "rsd_pct": 0.4287361492903662
  },
  "railsbench": {
    "mean": 2658.3255030214787,
    "rsd_pct": 1.5398304810880798
  },
  "binarytrees": {
    "mean": 295.45863595759045,
    "rsd_pct": 0.9019313475857197
  },
  "fannkuchredux": {
    "mean": 5555.392762203701,
    "rsd_pct": 0.057430625920110175
  },
  "lee": {
    "mean": 805.9733896205822,
    "rsd_pct": 1.4904517088673437
  },
  "nbody": {
    "mean": 114.1382860642555,
    "rsd_pct": 0.0883052948974216
  },
  "optcarrot": {
    "mean": 3122.431959863752,
    "rsd_pct": 0.1388074502732572
  },
  "30k_ifelse": {
    "mean": 331.41849113162607,
    "rsd_pct": 0.2623916661720256
  },
  "30k_methods": {
    "mean": 717.5976403781938,
    "rsd_pct": 0.02286694222027789
  },
  "cfunc_itself": {
    "mean": 40.86715433271214,
    "rsd_pct": 0.3084694272779932
  },
  "fib": {
    "mean": 58.396371810727786,
    "rsd_pct": 0.06646934021197826
  },
  "getivar": {
    "mean": 36.27891449056269,
    "rsd_pct": 0.08313882029329532
  },
  "respond_to": {
    "mean": 153.43139714307407,
    "rsd_pct": 0.566698674164111
  },
  "setivar": {
    "mean": 41.922959493505495,
    "rsd_pct": 0.1976772096143128
  }
}