{
  "activerecord": {
    "mean": 104.48576482646753,
    "rsd_pct": 0.653732821542509,
    "micro": false
  },
  "hexapdf": {
    "mean": 2332.895794014136,
    "rsd_pct": 1.9499138899046615,
    "micro": false
  },
  "liquid-render": {
    "mean": 125.81767277710092,
    "rsd_pct": 1.5998072344253718,
    "micro": false
  },
  "mail": {
    "mean": 156.912316956858,
    "rsd_pct": 0.17601594681173346,
    "micro": false
  },
  "psych-load": {
    "mean": 1912.9974442223709,
    "rsd_pct": 0.029841404814804785,
    "micro": false
  },
  "railsbench": {
    "mean": 2105.544594923655,
    "rsd_pct": 0.7832898052743786,
    "micro": false
  },
  "binarytrees": {
    "mean": 360.8816789965781,
    "rsd_pct": 0.12011598819125147,
    "micro": false
  },
  "chunky_png": {
    "mean": 653.878786166509,
    "rsd_pct": 0.05898623304410663,
    "micro": false
  },
  "erubi": {
    "mean": 331.10105472265695,
    "rsd_pct": 0.8146973903103384,
    "micro": false
  },
  "erubi_rails": {
    "mean": 19.70095249452974,
    "rsd_pct": 3.435552400284464,
    "micro": false
  },
  "fannkuchredux": {
    "mean": 2316.664512703816,
    "rsd_pct": 0.1087657837516175,
    "micro": false
  },
  "lee": {
    "mean": 973.9429343491793,
    "rsd_pct": 1.6871123194643514,
    "micro": false
  },
  "nbody": {
    "mean": 94.73929860844062,
    "rsd_pct": 0.08172441267328646,
    "micro": false
  },
  "optcarrot": {
    "mean": 3497.744950155417,
    "rsd_pct": 0.5954309090648808,
    "micro": false
  },
  "rubykon": {
    "mean": 6783.352677772443,
    "rsd_pct": 0.3541110276716556,
    "micro": false
  },
  "30k_ifelse": {
    "mean": 359.23181593950306,
    "rsd_pct": 0.08220330225865584,
    "micro": true
  },
  "30k_methods": {
    "mean": 870.7226252352649,
    "rsd_pct": 0.019584752016719418,
    "micro": true
  },
  "cfunc_itself": {
    "mean": 46.508759457188155,
    "rsd_pct": 0.592022535317919,
    "micro": true
  },
  "fib": {
    "mean": 63.31271486622946,
    "rsd_pct": 0.0459010727037986,
    "micro": true
  },
  "getivar": {
    "mean": 44.24902301604354,
    "rsd_pct": 0.1246676722191132,
    "micro": true
  },
  "keyword_args": {
    "mean": 54.98131944769237,
    "rsd_pct": 0.2140469009878574,
    "micro": true
  },
  "respond_to": {
    "mean": 185.2851549492163,
    "rsd_pct": 0.130299949161332,
    "micro": true
  },
  "setivar": {
    "mean": 49.72666128709608,
    "rsd_pct": 0.11301883393881193,
    "micro": true
  },
  "str_concat": {
    "mean": 46.153964708122224,
    "rsd_pct": 1.2455226633682348,
    "micro": true
  }
}