{
  "activerecord": {
    "mean": 94.47563287169444,
    "rsd_pct": 0.6807579315854035,
    "micro": false
  },
  "hexapdf": {
    "mean": 2166.573949561765,
    "rsd_pct": 2.694682991226279,
    "micro": false
  },
  "liquid-render": {
    "mean": 111.6946668131277,
    "rsd_pct": 1.9591022599147607,
    "micro": false
  },
  "mail": {
    "mean": 141.5837594939928,
    "rsd_pct": 0.12391386356050396,
    "micro": false
  },
  "psych-load": {
    "mean": 1803.5002554766834,
    "rsd_pct": 0.047459868552509325,
    "micro": false
  },
  "railsbench": {
    "mean": 1980.1286794555683,
    "rsd_pct": 1.0451823711445356,
    "micro": false
  },
  "ruby-lsp": {
    "mean": 68.87062626996452,
    "rsd_pct": 15.93952428822221,
    "micro": false
  },
  "binarytrees": {
    "mean": 237.13571122581405,
    "rsd_pct": 0.06666075211999606,
    "micro": false
  },
  "chunky_png": {
    "mean": 615.1525397290243,
    "rsd_pct": 0.10830342950583122,
    "micro": false
  },
  "erubi": {
    "mean": 293.360568763716,
    "rsd_pct": 1.0802221318217708,
    "micro": false
  },
  "erubi_rails": {
    "mean": 17.38516286141518,
    "rsd_pct": 3.5050541611093506,
    "micro": false
  },
  "etanni": {
    "mean": 473.60595919945763,
    "rsd_pct": 0.5167666875735419,
    "micro": false
  },
  "fannkuchredux": {
    "mean": 937.7724018302702,
    "rsd_pct": 0.1438610517765008,
    "micro": false
  },
  "lee": {
    "mean": 909.0897385242649,
    "rsd_pct": 0.23759811866456818,
    "micro": false
  },
  "nbody": {
    "mean": 74.05846142555001,
    "rsd_pct": 0.04427225400973446,
    "micro": false
  },
  "optcarrot": {
    "mean": 2644.0588717348874,
    "rsd_pct": 0.4126264617681834,
    "micro": false
  },
  "rubykon": {
    "mean": 6680.193972494453,
    "rsd_pct": 0.4314342278425846,
    "micro": false
  },
  "30k_ifelse": {
    "mean": 392.96702271783533,
    "rsd_pct": 0.1435131403933826,
    "micro": true
  },
  "30k_methods": {
    "mean": 956.2827890273184,
    "rsd_pct": 0.03526450967673259,
    "micro": true
  },
  "cfunc_itself": {
    "mean": 45.32443189759253,
    "rsd_pct": 0.36837488895262377,
    "micro": true
  },
  "fib": {
    "mean": 62.84899308650795,
    "rsd_pct": 0.05185887862559405,
    "micro": true
  },
  "getivar": {
    "mean": 45.729007952154504,
    "rsd_pct": 0.06369273822014118,
    "micro": true
  },
  "keyword_args": {
    "mean": 53.46243294601057,
    "rsd_pct": 0.04994879822075888,
    "micro": true
  },
  "respond_to": {
    "mean": 27.931786551567438,
    "rsd_pct": 0.6085302965906736,
    "micro": true
  },
  "setivar": {
    "mean": 14.705258245477788,
    "rsd_pct": 0.08403770663842268,
    "micro": true
  },
  "setivar_object": {
    "mean": 47.649906607669806,
    "rsd_pct": 1.577567477666975,
    "micro": true
  },
  "str_concat": {
    "mean": 44.70121136583974,
    "rsd_pct": 1.5111613881668298,
    "micro": true
  }
}