{
  "activerecord": {
    "mean": 143.89237829083757,
    "rsd_pct": 0.24278482907367335,
    "micro": false
  },
  "erubi_rails": {
    "mean": 45.172407215099305,
    "rsd_pct": 2.0212402397078426,
    "micro": false
  },
  "hexapdf": {
    "mean": 5702.526108796398,
    "rsd_pct": 2.4723252771590505,
    "micro": false
  },
  "liquid-c": {
    "mean": 189.23990509143923,
    "rsd_pct": 1.946345409042162,
    "micro": false
  },
  "liquid-compile": {
    "mean": 162.33551334195508,
    "rsd_pct": 0.5929955087319819,
    "micro": false
  },
  "liquid-render": {
    "mean": 356.28600750604403,
    "rsd_pct": 2.279190830722221,
    "micro": false
  },
  "mail": {
    "mean": 362.36055480136025,
    "rsd_pct": 0.13583588387689824,
    "micro": false
  },
  "psych-load": {
    "mean": 5205.658392608166,
    "rsd_pct": 0.062305507717599906,
    "micro": false
  },
  "railsbench": {
    "mean": 5324.426847323775,
    "rsd_pct": 0.762221594862588,
    "micro": false
  },
  "ruby-lsp": {
    "mean": 175.19078565395472,
    "rsd_pct": 12.676103537839829,
    "micro": false
  },
  "sequel": {
    "mean": 198.92574444539466,
    "rsd_pct": 0.27329029725998394,
    "micro": false
  },
  "binarytrees": {
    "mean": 490.4792219061743,
    "rsd_pct": 0.12787083112207084,
    "micro": false
  },
  "chunky_png": {
    "mean": 1463.2446923603613,
    "rsd_pct": 0.10283981112635035,
    "micro": false
  },
  "erubi": {
    "mean": 553.0952987237237,
    "rsd_pct": 0.8053258263947026,
    "micro": false
  },
  "etanni": {
    "mean": 909.4836308310429,
    "rsd_pct": 0.4037258255190077,
    "micro": false
  },
  "fannkuchredux": {
    "mean": 1486.4172114431858,
    "rsd_pct": 0.23148430461505612,
    "micro": false
  },
  "lee": {
    "mean": 2257.090795164307,
    "rsd_pct": 0.34875965976156287,
    "micro": false
  },
  "nbody": {
    "mean": 153.51432717094818,
    "rsd_pct": 0.08519841719582444,
    "micro": false
  },
  "optcarrot": {
    "mean": 8551.22753356894,
    "rsd_pct": 0.4877696418887794,
    "micro": false
  },
  "ruby-json": {
    "mean": 8703.783563524485,
    "rsd_pct": 0.35227472980761193,
    "micro": false
  },
  "rubykon": {
    "mean": 19007.991167033713,
    "rsd_pct": 0.38035750025168,
    "micro": false
  },
  "30k_ifelse": {
    "mean": 1595.806007358161,
    "rsd_pct": 0.03245130395522088,
    "micro": true
  },
  "30k_methods": {
    "mean": 3443.5368066086717,
    "rsd_pct": 0.09103553287102736,
    "micro": true
  },
  "cfunc_itself": {
    "mean": 86.84114160842036,
    "rsd_pct": 0.039861882870863695,
    "micro": true
  },
  "fib": {
    "mean": 123.6976836309103,
    "rsd_pct": 0.0683320518269,
    "micro": true
  },
  "getivar": {
    "mean": 40.466424499108726,
    "rsd_pct": 0.01421420894152611,
    "micro": true
  },
  "keyword_args": {
    "mean": 121.6770320606189,
    "rsd_pct": 0.05897841004422472,
    "micro": true
  },
  "respond_to": {
    "mean": 73.02668128129739,
    "rsd_pct": 1.112077785262885,
    "micro": true
  },
  "setivar": {
    "mean": 30.89429488730738,
    "rsd_pct": 0.017294225846307392,
    "micro": true
  },
  "setivar_object": {
    "mean": 116.17188341045212,
    "rsd_pct": 1.3994839850528902,
    "micro": true
  },
  "setivar_young": {
    "mean": 113.14361394477724,
    "rsd_pct": 0.019404550731072147,
    "micro": true
  },
  "str_concat": {
    "mean": 83.60685275914936,
    "rsd_pct": 0.9389438959402011,
    "micro": true
  },
  "throw": {
    "mean": 49.45280040505071,
    "rsd_pct": 0.16039167125039436,
    "micro": true
  }
}