{
  "activerecord": {
    "mean": 142.97234116884476,
    "rsd_pct": 2.666762413156247,
    "micro": false
  },
  "erubi_rails": {
    "mean": 44.979699458427355,
    "rsd_pct": 13.055674379453569,
    "micro": false
  },
  "hexapdf": {
    "mean": 5744.863571102421,
    "rsd_pct": 2.075034096571534,
    "micro": false
  },
  "liquid-c": {
    "mean": 191.26510805827343,
    "rsd_pct": 1.4854548292232383,
    "micro": false
  },
  "liquid-compile": {
    "mean": 162.83816675627781,
    "rsd_pct": 0.48716247612379987,
    "micro": false
  },
  "liquid-render": {
    "mean": 356.09150001698214,
    "rsd_pct": 2.061533845512902,
    "micro": false
  },
  "mail": {
    "mean": 370.12271096857336,
    "rsd_pct": 0.3135778994145856,
    "micro": false
  },
  "psych-load": {
    "mean": 5274.457929780086,
    "rsd_pct": 0.10686019211051105,
    "micro": false
  },
  "railsbench": {
    "mean": 5303.0341768016415,
    "rsd_pct": 0.6064579787815365,
    "micro": false
  },
  "ruby-lsp": {
    "mean": 194.31211457989258,
    "rsd_pct": 19.353489713099524,
    "micro": false
  },
  "sequel": {
    "mean": 202.30158550746313,
    "rsd_pct": 1.2916180569136142,
    "micro": false
  },
  "binarytrees": {
    "mean": 488.64944190294904,
    "rsd_pct": 0.18243695169031449,
    "micro": false
  },
  "chunky_png": {
    "mean": 1489.9077238815446,
    "rsd_pct": 0.344814581665674,
    "micro": false
  },
  "erubi": {
    "mean": 570.2083343519018,
    "rsd_pct": 0.897390576716866,
    "micro": false
  },
  "etanni": {
    "mean": 962.8133241562767,
    "rsd_pct": 0.47320111130239656,
    "micro": false
  },
  "fannkuchredux": {
    "mean": 1479.0315514057875,
    "rsd_pct": 0.26915734954063497,
    "micro": false
  },
  "lee": {
    "mean": 2375.896162486502,
    "rsd_pct": 0.27545585502422076,
    "micro": false
  },
  "nbody": {
    "mean": 156.57932371653953,
    "rsd_pct": 0.08884988687209446,
    "micro": false
  },
  "optcarrot": {
    "mean": 8800.9212055554,
    "rsd_pct": 0.4900261066290142,
    "micro": false
  },
  "ruby-json": {
    "mean": 7961.438187335928,
    "rsd_pct": 0.2252994453584738,
    "micro": false
  },
  "rubykon": {
    "mean": 18914.9274405092,
    "rsd_pct": 0.3519595269428893,
    "micro": false
  },
  "30k_ifelse": {
    "mean": 1602.2021720016544,
    "rsd_pct": 0.03145047757528924,
    "micro": true
  },
  "30k_methods": {
    "mean": 3448.3908312800136,
    "rsd_pct": 0.07766187439357852,
    "micro": true
  },
  "cfunc_itself": {
    "mean": 89.86878210246105,
    "rsd_pct": 0.013713447287807483,
    "micro": true
  },
  "fib": {
    "mean": 123.65058835296493,
    "rsd_pct": 0.07727924660696588,
    "micro": true
  },
  "getivar": {
    "mean": 40.46715018482055,
    "rsd_pct": 0.017169272019206427,
    "micro": true
  },
  "keyword_args": {
    "mean": 121.68444574556567,
    "rsd_pct": 0.04095138810479054,
    "micro": true
  },
  "respond_to": {
    "mean": 80.82207645627723,
    "rsd_pct": 0.8427345085520528,
    "micro": true
  },
  "setivar": {
    "mean": 30.91885580669532,
    "rsd_pct": 0.024910828435531406,
    "micro": true
  },
  "setivar_object": {
    "mean": 115.65220944121089,
    "rsd_pct": 1.6257565952629374,
    "micro": true
  },
  "setivar_young": {
    "mean": 113.13600913113491,
    "rsd_pct": 0.018607209328873407,
    "micro": true
  },
  "str_concat": {
    "mean": 83.41502108418479,
    "rsd_pct": 1.0205740163067323,
    "micro": true
  },
  "throw": {
    "mean": 48.84480986413844,
    "rsd_pct": 0.1956602326375516,
    "micro": true
  }
}