{
  "activerecord": {
    "mean": 146.45673887104675,
    "rsd_pct": 0.20852297721497462,
    "micro": false
  },
  "erubi_rails": {
    "mean": 45.26218637198953,
    "rsd_pct": 2.0933345885778456,
    "micro": false
  },
  "hexapdf": {
    "mean": 6104.602682590485,
    "rsd_pct": 1.8428172195111077,
    "micro": false
  },
  "liquid-c": {
    "mean": 189.17415384477923,
    "rsd_pct": 1.905425935932874,
    "micro": false
  },
  "liquid-render": {
    "mean": 354.98481133873474,
    "rsd_pct": 2.2666558621409005,
    "micro": false
  },
  "mail": {
    "mean": 372.9749607908375,
    "rsd_pct": 0.13773302009107963,
    "micro": false
  },
  "psych-load": {
    "mean": 4966.769959032536,
    "rsd_pct": 0.09748052246782876,
    "micro": false
  },
  "railsbench": {
    "mean": 5443.778008470933,
    "rsd_pct": 0.7364130603173554,
    "micro": false
  },
  "ruby-lsp": {
    "mean": 184.72904820888363,
    "rsd_pct": 12.048207807316112,
    "micro": false
  },
  "sequel": {
    "mean": 201.37334693917785,
    "rsd_pct": 0.22444696328012329,
    "micro": false
  },
  "binarytrees": {
    "mean": 531.0077324199179,
    "rsd_pct": 0.15602731297869143,
    "micro": false
  },
  "chunky_png": {
    "mean": 1531.5911366487853,
    "rsd_pct": 0.09751737762763335,
    "micro": false
  },
  "erubi": {
    "mean": 571.5893059252546,
    "rsd_pct": 0.8289178468991202,
    "micro": false
  },
  "etanni": {
    "mean": 908.9296498568729,
    "rsd_pct": 0.5579577273400271,
    "micro": false
  },
  "fannkuchredux": {
    "mean": 2014.8187786664653,
    "rsd_pct": 0.18473740113400677,
    "micro": false
  },
  "lee": {
    "mean": 2283.9773919078566,
    "rsd_pct": 0.21396296830477576,
    "micro": false
  },
  "nbody": {
    "mean": 177.47923930304765,
    "rsd_pct": 0.06712273837541871,
    "micro": false
  },
  "optcarrot": {
    "mean": 9746.206133936843,
    "rsd_pct": 0.644703152136697,
    "micro": false
  },
  "ruby-json": {
    "mean": 8842.715545619527,
    "rsd_pct": 0.07675999652539885,
    "micro": false
  },
  "rubykon": {
    "mean": 20930.67154524227,
    "rsd_pct": 0.376798508217472,
    "micro": false
  },
  "30k_ifelse": {
    "mean": 1933.2980001147123,
    "rsd_pct": 0.04353838818703153,
    "micro": true
  },
  "30k_methods": {
    "mean": 3893.484894363653,
    "rsd_pct": 0.08225718979591252,
    "micro": true
  },
  "cfunc_itself": {
    "mean": 101.47563813299668,
    "rsd_pct": 0.04374099919575673,
    "micro": true
  },
  "fib": {
    "mean": 191.08983927785798,
    "rsd_pct": 0.005478693612478945,
    "micro": true
  },
  "getivar": {
    "mean": 107.47379039354418,
    "rsd_pct": 0.008959893336068019,
    "micro": true
  },
  "keyword_args": {
    "mean": 191.6326566725164,
    "rsd_pct": 0.140592356632607,
    "micro": true
  },
  "respond_to": {
    "mean": 98.92060869259521,
    "rsd_pct": 0.41720310755412954,
    "micro": true
  },
  "setivar": {
    "mean": 50.0379490332689,
    "rsd_pct": 0.012255622363232885,
    "micro": true
  },
  "setivar_object": {
    "mean": 127.0162189626191,
    "rsd_pct": 1.3009347637014455,
    "micro": true
  },
  "setivar_young": {
    "mean": 124.02106698831959,
    "rsd_pct": 0.00764977581143053,
    "micro": true
  },
  "str_concat": {
    "mean": 116.24571390729604,
    "rsd_pct": 0.6387372276877039,
    "micro": true
  },
  "throw": {
    "mean": 52.750235650320874,
    "rsd_pct": 0.15349889386485177,
    "micro": true
  }
}