{
  "activerecord": {
    "mean": 98.11677646289752,
    "rsd_pct": 0.8009632821092754,
    "micro": false
  },
  "hexapdf": {
    "mean": 2319.7646908462048,
    "rsd_pct": 2.2337612256326533,
    "micro": false
  },
  "liquid-render": {
    "mean": 115.82519008185376,
    "rsd_pct": 2.0114513427476823,
    "micro": false
  },
  "mail": {
    "mean": 165.6425769906491,
    "rsd_pct": 0.13289775290341294,
    "micro": false
  },
  "psych-load": {
    "mean": 1909.5819753905137,
    "rsd_pct": 0.049167551949832924,
    "micro": false
  },
  "railsbench": {
    "mean": 2034.4427399337292,
    "rsd_pct": 1.004231069390583,
    "micro": false
  },
  "binarytrees": {
    "mean": 228.50106673878292,
    "rsd_pct": 3.7710698555487228,
    "micro": false
  },
  "chunky_png": {
    "mean": 622.151842160571,
    "rsd_pct": 0.1488897824944364,
    "micro": false
  },
  "erubi": {
    "mean": 303.2988878813657,
    "rsd_pct": 0.8408630283886317,
    "micro": false
  },
  "erubi_rails": {
    "mean": 18.480323826296647,
    "rsd_pct": 3.7901110808894694,
    "micro": false
  },
  "etanni": {
    "mean": 478.37951805974757,
    "rsd_pct": 0.49089299235835837,
    "micro": false
  },
  "fannkuchredux": {
    "mean": 2280.1945991814137,
    "rsd_pct": 0.18509198951428155,
    "micro": false
  },
  "lee": {
    "mean": 972.3289389163256,
    "rsd_pct": 1.7444989827152964,
    "micro": false
  },
  "nbody": {
    "mean": 81.45031293435973,
    "rsd_pct": 0.08758356945340236,
    "micro": false
  },
  "optcarrot": {
    "mean": 3037.2542371352515,
    "rsd_pct": 0.39096461726635734,
    "micro": false
  },
  "ruby-lsp": {
    "mean": 80.98602691028691,
    "rsd_pct": 23.203595501367676,
    "micro": false
  },
  "rubykon": {
    "mean": 6879.442434757948,
    "rsd_pct": 0.31474023064264633,
    "micro": false
  },
  "30k_ifelse": {
    "mean": 397.7484554052353,
    "rsd_pct": 0.11188918175513161,
    "micro": true
  },
  "30k_methods": {
    "mean": 957.2263104575021,
    "rsd_pct": 0.03959462933651593,
    "micro": true
  },
  "cfunc_itself": {
    "mean": 40.449911389153016,
    "rsd_pct": 0.49815065745477666,
    "micro": true
  },
  "fib": {
    "mean": 61.112505944861546,
    "rsd_pct": 0.04065358255354684,
    "micro": true
  },
  "getivar": {
    "mean": 46.83804840828891,
    "rsd_pct": 0.048564148327387945,
    "micro": true
  },
  "keyword_args": {
    "mean": 51.68885435473094,
    "rsd_pct": 0.20475586051624975,
    "micro": true
  },
  "respond_to": {
    "mean": 28.913870101797226,
    "rsd_pct": 0.5800421485513492,
    "micro": true
  },
  "setivar": {
    "mean": 48.338681994340355,
    "rsd_pct": 0.33329466538805946,
    "micro": true
  },
  "str_concat": {
    "mean": 43.54900210509422,
    "rsd_pct": 1.526124336495199,
    "micro": true
  }
}