{
  "activerecord": {
    "mean": 106.2078016433627,
    "rsd_pct": 0.5290516780239163,
    "micro": false
  },
  "hexapdf": {
    "mean": 2022.9767051835854,
    "rsd_pct": 2.2879831218249405,
    "micro": false
  },
  "liquid-c": {
    "mean": 59.48324885616112,
    "rsd_pct": 2.120246704521033,
    "micro": false
  },
  "liquid-render": {
    "mean": 108.57955260586965,
    "rsd_pct": 2.640269483451036,
    "micro": false
  },
  "mail": {
    "mean": 131.64199332976224,
    "rsd_pct": 0.2568721183012028,
    "micro": false
  },
  "psych-load": {
    "mean": 1795.6835800781846,
    "rsd_pct": 0.07474895821620849,
    "micro": false
  },
  "railsbench": {
    "mean": 1825.2516095526516,
    "rsd_pct": 1.1244175713451463,
    "micro": false
  },
  "ruby-lsp": {
    "mean": 62.46492442049156,
    "rsd_pct": 20.00604085433792,
    "micro": false
  },
  "sequel": {
    "mean": 143.20442762117887,
    "rsd_pct": 1.7696204896219812,
    "micro": false
  },
  "binarytrees": {
    "mean": 228.60836702221562,
    "rsd_pct": 0.06934047619126722,
    "micro": false
  },
  "chunky_png": {
    "mean": 615.1545259560788,
    "rsd_pct": 0.05023072931908261,
    "micro": false
  },
  "erubi": {
    "mean": 248.78393595189422,
    "rsd_pct": 0.8682290823874511,
    "micro": false
  },
  "erubi_rails": {
    "mean": 15.79630951971084,
    "rsd_pct": 3.3252134490114527,
    "micro": false
  },
  "etanni": {
    "mean": 409.9386409604146,
    "rsd_pct": 0.4793114420852701,
    "micro": false
  },
  "fannkuchredux": {
    "mean": 842.195136492829,
    "rsd_pct": 0.09158376081488052,
    "micro": false
  },
  "lee": {
    "mean": 869.6741633625193,
    "rsd_pct": 0.1630116748275365,
    "micro": false
  },
  "nbody": {
    "mean": 73.04047445420504,
    "rsd_pct": 0.07736406621652821,
    "micro": false
  },
  "optcarrot": {
    "mean": 2626.7819543679557,
    "rsd_pct": 0.7723346630361823,
    "micro": false
  },
  "rubykon": {
    "mean": 6524.212842434645,
    "rsd_pct": 0.39058505651863257,
    "micro": false
  },
  "30k_ifelse": {
    "mean": 426.3155755012276,
    "rsd_pct": 0.0756482077256315,
    "micro": true
  },
  "30k_methods": {
    "mean": 963.9571795705706,
    "rsd_pct": 0.06335231843854135,
    "micro": true
  },
  "cfunc_itself": {
    "mean": 40.36594339938187,
    "rsd_pct": 0.11586902482807614,
    "micro": true
  },
  "fib": {
    "mean": 62.15483744565489,
    "rsd_pct": 0.04170826292673633,
    "micro": true
  },
  "getivar": {
    "mean": 45.772797955678556,
    "rsd_pct": 0.14414113734828657,
    "micro": true
  },
  "keyword_args": {
    "mean": 52.83814103104233,
    "rsd_pct": 0.1544114475167703,
    "micro": true
  },
  "respond_to": {
    "mean": 29.587178505436682,
    "rsd_pct": 0.35482312646425124,
    "micro": true
  },
  "setivar": {
    "mean": 14.914667885264382,
    "rsd_pct": 0.09371106492245225,
    "micro": true
  },
  "setivar_object": {
    "mean": 47.582964754426186,
    "rsd_pct": 0.8545722003530117,
    "micro": true
  },
  "str_concat": {
    "mean": 39.91934657199431,
    "rsd_pct": 1.7593317616985058,
    "micro": true
  }
}