{
  "activerecord": {
    "mean": 321.4000965310062,
    "rsd_pct": 0.21536463521136773,
    "micro": false
  },
  "hexapdf": {
    "mean": 6227.582703406612,
    "rsd_pct": 2.09847418299256,
    "micro": false
  },
  "liquid-c": {
    "mean": 187.39307529737934,
    "rsd_pct": 1.770168122638754,
    "micro": false
  },
  "liquid-render": {
    "mean": 354.99335917112717,
    "rsd_pct": 2.2642503326702816,
    "micro": false
  },
  "mail": {
    "mean": 372.8316136219196,
    "rsd_pct": 0.27479388926556486,
    "micro": false
  },
  "psych-load": {
    "mean": 5430.340301866333,
    "rsd_pct": 0.08680337927428305,
    "micro": false
  },
  "railsbench": {
    "mean": 5532.786226272583,
    "rsd_pct": 0.7506847369340639,
    "micro": false
  },
  "ruby-lsp": {
    "mean": 182.9633865262263,
    "rsd_pct": 11.454328482512546,
    "micro": false
  },
  "sequel": {
    "mean": 399.60057730438996,
    "rsd_pct": 2.1189850777577193,
    "micro": false
  },
  "binarytrees": {
    "mean": 530.9264967765878,
    "rsd_pct": 0.11954022051978633,
    "micro": false
  },
  "chunky_png": {
    "mean": 1537.159635715427,
    "rsd_pct": 0.09550223575255176,
    "micro": false
  },
  "erubi": {
    "mean": 542.770833366468,
    "rsd_pct": 0.8343290090859978,
    "micro": false
  },
  "erubi_rails": {
    "mean": 45.131893605643235,
    "rsd_pct": 2.078370785897893,
    "micro": false
  },
  "etanni": {
    "mean": 880.9141480208685,
    "rsd_pct": 0.6198328093876059,
    "micro": false
  },
  "fannkuchredux": {
    "mean": 2022.4247725437517,
    "rsd_pct": 0.20640495714293958,
    "micro": false
  },
  "lee": {
    "mean": 2259.2017303474927,
    "rsd_pct": 0.29862267978205453,
    "micro": false
  },
  "nbody": {
    "mean": 178.71860493888786,
    "rsd_pct": 0.024203746432178964,
    "micro": false
  },
  "optcarrot": {
    "mean": 10242.785900334517,
    "rsd_pct": 0.6200130008575796,
    "micro": false
  },
  "ruby-json": {
    "mean": 8504.041133572659,
    "rsd_pct": 0.022595203263959158,
    "micro": false
  },
  "rubykon": {
    "mean": 20688.56660959621,
    "rsd_pct": 0.40132477448911025,
    "micro": false
  },
  "30k_ifelse": {
    "mean": 1936.4993891719243,
    "rsd_pct": 0.03202287829296575,
    "micro": true
  },
  "30k_methods": {
    "mean": 3895.442564217817,
    "rsd_pct": 0.08777836625600967,
    "micro": true
  },
  "cfunc_itself": {
    "mean": 102.71743223463234,
    "rsd_pct": 0.018169160144772423,
    "micro": true
  },
  "fib": {
    "mean": 191.09170226762012,
    "rsd_pct": 0.005524194355626684,
    "micro": true
  },
  "getivar": {
    "mean": 107.47402758175217,
    "rsd_pct": 0.011248544652348922,
    "micro": true
  },
  "keyword_args": {
    "mean": 190.38737039385444,
    "rsd_pct": 0.008281382553811145,
    "micro": true
  },
  "respond_to": {
    "mean": 99.29589457171991,
    "rsd_pct": 1.1032641388264965,
    "micro": true
  },
  "setivar": {
    "mean": 50.03843426290486,
    "rsd_pct": 0.012157027859303718,
    "micro": true
  },
  "setivar_object": {
    "mean": 127.92121939085148,
    "rsd_pct": 0.006663635947427393,
    "micro": true
  },
  "str_concat": {
    "mean": 97.28486650094358,
    "rsd_pct": 0.9352548887239163,
    "micro": true
  }
}