{
  "activerecord": {
    "mean": 323.71064788721344,
    "rsd_pct": 0.22707333562808935,
    "micro": false
  },
  "hexapdf": {
    "mean": 6307.132989540696,
    "rsd_pct": 1.4818305395724471,
    "micro": false
  },
  "liquid-c": {
    "mean": 187.5992333488843,
    "rsd_pct": 1.7562427988362563,
    "micro": false
  },
  "liquid-render": {
    "mean": 362.52461209971244,
    "rsd_pct": 2.1850853191174395,
    "micro": false
  },
  "mail": {
    "mean": 378.78862659348863,
    "rsd_pct": 0.2210148907604797,
    "micro": false
  },
  "psych-load": {
    "mean": 5142.904597520828,
    "rsd_pct": 0.12321842422967332,
    "micro": false
  },
  "railsbench": {
    "mean": 5562.325143317382,
    "rsd_pct": 0.7036423978291094,
    "micro": false
  },
  "ruby-lsp": {
    "mean": 184.45040140776322,
    "rsd_pct": 11.40387009742066,
    "micro": false
  },
  "sequel": {
    "mean": 398.99234876815063,
    "rsd_pct": 2.093123558759837,
    "micro": false
  },
  "binarytrees": {
    "mean": 527.6624561232679,
    "rsd_pct": 0.1491032996262229,
    "micro": false
  },
  "chunky_png": {
    "mean": 1509.4858619474596,
    "rsd_pct": 0.05273708274071577,
    "micro": false
  },
  "erubi": {
    "mean": 564.5033808637269,
    "rsd_pct": 0.8107911605417741,
    "micro": false
  },
  "erubi_rails": {
    "mean": 45.82956945302227,
    "rsd_pct": 2.026988008467476,
    "micro": false
  },
  "etanni": {
    "mean": 897.9527664293224,
    "rsd_pct": 0.5165402281166644,
    "micro": false
  },
  "fannkuchredux": {
    "mean": 2076.03012551756,
    "rsd_pct": 0.10314003498581811,
    "micro": false
  },
  "lee": {
    "mean": 2231.868224726482,
    "rsd_pct": 0.27616553642051217,
    "micro": false
  },
  "nbody": {
    "mean": 185.09951877943325,
    "rsd_pct": 0.06093384130222067,
    "micro": false
  },
  "optcarrot": {
    "mean": 10303.932224710783,
    "rsd_pct": 0.6600847250124817,
    "micro": false
  },
  "ruby-json": {
    "mean": 7785.647601013382,
    "rsd_pct": 0.095157517368687,
    "micro": false
  },
  "rubykon": {
    "mean": 20910.0231607755,
    "rsd_pct": 0.3782496596338606,
    "micro": false
  },
  "30k_ifelse": {
    "mean": 1932.947568271471,
    "rsd_pct": 0.028078575400482773,
    "micro": true
  },
  "30k_methods": {
    "mean": 3890.1473242966904,
    "rsd_pct": 0.08764347148155861,
    "micro": true
  },
  "cfunc_itself": {
    "mean": 102.84027636443314,
    "rsd_pct": 0.06248839367984596,
    "micro": true
  },
  "fib": {
    "mean": 191.0929757905025,
    "rsd_pct": 0.005198415681674469,
    "micro": true
  },
  "getivar": {
    "mean": 107.46787647810687,
    "rsd_pct": 0.007595385043316513,
    "micro": true
  },
  "keyword_args": {
    "mean": 190.46252983136347,
    "rsd_pct": 0.009379635351714176,
    "micro": true
  },
  "respond_to": {
    "mean": 99.3522233081461,
    "rsd_pct": 1.7745961673820188,
    "micro": true
  },
  "setivar": {
    "mean": 50.03938733565587,
    "rsd_pct": 0.01302498389547328,
    "micro": true
  },
  "setivar_object": {
    "mean": 128.02881959043904,
    "rsd_pct": 0.006610153007013162,
    "micro": true
  },
  "str_concat": {
    "mean": 97.16374486218132,
    "rsd_pct": 0.919249719676184,
    "micro": true
  }
}