{
  "activerecord": {
    "mean": 109.89328168101062,
    "rsd_pct": 0.5012304346229888,
    "micro": false
  },
  "hexapdf": {
    "mean": 2412.857794140776,
    "rsd_pct": 2.1099779922716815,
    "micro": false
  },
  "liquid-render": {
    "mean": 126.66389347879954,
    "rsd_pct": 2.0875964964253932,
    "micro": false
  },
  "mail": {
    "mean": 161.41801473924951,
    "rsd_pct": 0.3661026054081765,
    "micro": false
  },
  "psych-load": {
    "mean": 1995.0021080051858,
    "rsd_pct": 0.04418026474925147,
    "micro": false
  },
  "railsbench": {
    "mean": 2180.605232901871,
    "rsd_pct": 1.300444818728466,
    "micro": false
  },
  "binarytrees": {
    "mean": 355.08190878036044,
    "rsd_pct": 0.17295203022945235,
    "micro": false
  },
  "chunky_png": {
    "mean": 660.3979318713149,
    "rsd_pct": 0.09425158148577507,
    "micro": false
  },
  "discourse": {
    "mean": 502.7041382227953,
    "rsd_pct": 8.952725527789086,
    "micro": false
  },
  "erubi": {
    "mean": 425.1544027710738,
    "rsd_pct": 0.9776737993003077,
    "micro": false
  },
  "erubi_rails": {
    "mean": 20.44805984242239,
    "rsd_pct": 3.330355262638925,
    "micro": false
  },
  "fannkuchredux": {
    "mean": 6897.765490226448,
    "rsd_pct": 0.24076244736238323,
    "micro": false
  },
  "lee": {
    "mean": 892.1962465115246,
    "rsd_pct": 1.5523423702057184,
    "micro": false
  },
  "nbody": {
    "mean": 89.37840430573983,
    "rsd_pct": 0.47130107522937986,
    "micro": false
  },
  "optcarrot": {
    "mean": 3944.220889856418,
    "rsd_pct": 0.48838389759107115,
    "micro": false
  },
  "rubykon": {
    "mean": 10752.849599781135,
    "rsd_pct": 0.35128380066403536,
    "micro": false
  },
  "30k_ifelse": {
    "mean": 358.3347706090925,
    "rsd_pct": 0.1669204693158726,
    "micro": true
  },
  "30k_methods": {
    "mean": 878.1802521764555,
    "rsd_pct": 0.050594785031106135,
    "micro": true
  },
  "cfunc_itself": {
    "mean": 44.80051462922026,
    "rsd_pct": 0.8447907284157606,
    "micro": true
  },
  "fib": {
    "mean": 62.49459068349097,
    "rsd_pct": 0.5973460028900659,
    "micro": true
  },
  "getivar": {
    "mean": 42.55904247314865,
    "rsd_pct": 0.7037831086741301,
    "micro": true
  },
  "keyword_args": {
    "mean": 52.75343918319802,
    "rsd_pct": 0.6659769823434276,
    "micro": true
  },
  "respond_to": {
    "mean": 196.88414096094246,
    "rsd_pct": 0.2964077585191405,
    "micro": true
  },
  "setivar": {
    "mean": 49.3646150527315,
    "rsd_pct": 0.682469801087967,
    "micro": true
  }
}