{
  "activerecord": {
    "mean": 104.1877536595331,
    "rsd_pct": 0.5751817724123514,
    "micro": false
  },
  "hexapdf": {
    "mean": 2289.797345548868,
    "rsd_pct": 2.516360056001605,
    "micro": false
  },
  "liquid-render": {
    "mean": 127.73410051683837,
    "rsd_pct": 1.6654420422457077,
    "micro": false
  },
  "mail": {
    "mean": 161.2409512847662,
    "rsd_pct": 0.17396691932427186,
    "micro": false
  },
  "psych-load": {
    "mean": 1923.9870919535558,
    "rsd_pct": 0.01917597627600377,
    "micro": false
  },
  "railsbench": {
    "mean": 2118.103682373961,
    "rsd_pct": 0.6294944059322175,
    "micro": false
  },
  "binarytrees": {
    "mean": 358.82316329585973,
    "rsd_pct": 0.05298453988140756,
    "micro": false
  },
  "chunky_png": {
    "mean": 669.6688503026962,
    "rsd_pct": 0.06340959740161581,
    "micro": false
  },
  "erubi": {
    "mean": 345.9369235328938,
    "rsd_pct": 0.6292454231934217,
    "micro": false
  },
  "erubi_rails": {
    "mean": 19.706832479438177,
    "rsd_pct": 3.5748481129441476,
    "micro": false
  },
  "fannkuchredux": {
    "mean": 6961.953330536683,
    "rsd_pct": 0.470580788683717,
    "micro": false
  },
  "lee": {
    "mean": 941.6288988930838,
    "rsd_pct": 0.7159920098614945,
    "micro": false
  },
  "nbody": {
    "mean": 89.74830691404493,
    "rsd_pct": 0.07869285095461859,
    "micro": false
  },
  "optcarrot": {
    "mean": 3605.6924482186637,
    "rsd_pct": 0.6779183738698943,
    "micro": false
  },
  "rubykon": {
    "mean": 6888.686777278781,
    "rsd_pct": 0.4280842746837737,
    "micro": false
  },
  "30k_ifelse": {
    "mean": 354.55125869650925,
    "rsd_pct": 0.0776602229981427,
    "micro": true
  },
  "30k_methods": {
    "mean": 877.2762166336179,
    "rsd_pct": 0.019061156577731213,
    "micro": true
  },
  "cfunc_itself": {
    "mean": 44.86237895079293,
    "rsd_pct": 0.5194846650026436,
    "micro": true
  },
  "fib": {
    "mean": 63.31576249074368,
    "rsd_pct": 0.039313757368235926,
    "micro": true
  },
  "getivar": {
    "mean": 44.248760897008815,
    "rsd_pct": 0.13585135058792144,
    "micro": true
  },
  "keyword_args": {
    "mean": 52.8457985826376,
    "rsd_pct": 0.27637157498368803,
    "micro": true
  },
  "respond_to": {
    "mean": 185.417580452155,
    "rsd_pct": 0.24721828004780957,
    "micro": true
  },
  "setivar": {
    "mean": 41.47905805802258,
    "rsd_pct": 0.5486529279075181,
    "micro": true
  },
  "str_concat": {
    "mean": 52.978484502258006,
    "rsd_pct": 1.3600250401103189,
    "micro": true
  }
}