{
  "activerecord": {
    "mean": 109.2473954997129,
    "rsd_pct": 0.5045973434133099,
    "micro": false
  },
  "hexapdf": {
    "mean": 2403.7532676632204,
    "rsd_pct": 1.84149696863085,
    "micro": false
  },
  "liquid-render": {
    "mean": 127.5956872671556,
    "rsd_pct": 1.750486613105018,
    "micro": false
  },
  "mail": {
    "mean": 162.63428619582086,
    "rsd_pct": 0.37140432123160333,
    "micro": false
  },
  "psych-load": {
    "mean": 1948.038620625933,
    "rsd_pct": 0.0354269491527599,
    "micro": false
  },
  "railsbench": {
    "mean": 2162.361857046684,
    "rsd_pct": 1.369721626015275,
    "micro": false
  },
  "binarytrees": {
    "mean": 366.9620822701189,
    "rsd_pct": 1.4327203504260584,
    "micro": false
  },
  "chunky_png": {
    "mean": 661.6852011842033,
    "rsd_pct": 0.09640029811916333,
    "micro": false
  },
  "discourse": {
    "mean": 522.9454118059948,
    "rsd_pct": 9.656958511259385,
    "micro": false
  },
  "erubi": {
    "mean": 417.2501002127926,
    "rsd_pct": 0.8540546789715054,
    "micro": false
  },
  "erubi_rails": {
    "mean": 20.436859309050504,
    "rsd_pct": 3.2706566808091497,
    "micro": false
  },
  "fannkuchredux": {
    "mean": 6915.439340037604,
    "rsd_pct": 0.3170444706341511,
    "micro": false
  },
  "lee": {
    "mean": 909.7011068158529,
    "rsd_pct": 0.28378821690940287,
    "micro": false
  },
  "nbody": {
    "mean": 91.65180573747917,
    "rsd_pct": 0.43749177829899294,
    "micro": false
  },
  "optcarrot": {
    "mean": 3465.0480210781097,
    "rsd_pct": 0.5779387646335228,
    "micro": false
  },
  "rubykon": {
    "mean": 7889.888323408862,
    "rsd_pct": 0.46762270001065787,
    "micro": false
  },
  "30k_ifelse": {
    "mean": 359.1928778249504,
    "rsd_pct": 0.17483776087321717,
    "micro": true
  },
  "30k_methods": {
    "mean": 873.5755672678351,
    "rsd_pct": 0.05510748455753538,
    "micro": true
  },
  "cfunc_itself": {
    "mean": 45.23911578602049,
    "rsd_pct": 0.9438937397848449,
    "micro": true
  },
  "fib": {
    "mean": 62.48641537455549,
    "rsd_pct": 0.5885928746185535,
    "micro": true
  },
  "getivar": {
    "mean": 42.56456607395107,
    "rsd_pct": 0.7003611208581956,
    "micro": true
  },
  "keyword_args": {
    "mean": 52.978613349298634,
    "rsd_pct": 0.6628342357154298,
    "micro": true
  },
  "respond_to": {
    "mean": 185.12939185826878,
    "rsd_pct": 0.2904146443141306,
    "micro": true
  },
  "setivar": {
    "mean": 52.72884659937356,
    "rsd_pct": 0.66804475747566,
    "micro": true
  }
}