{
  "activerecord": {
    "mean": 100.77104148844248,
    "rsd_pct": 0.5872034149784803,
    "micro": false
  },
  "hexapdf": {
    "mean": 2074.896066406897,
    "rsd_pct": 1.4230433716945252,
    "micro": false
  },
  "liquid-render": {
    "mean": 113.07776217068688,
    "rsd_pct": 2.857951883323845,
    "micro": false
  },
  "mail": {
    "mean": 144.57210196610345,
    "rsd_pct": 1.2666205506921142,
    "micro": false
  },
  "psych-load": {
    "mean": 1693.3056251339924,
    "rsd_pct": 0.43385238071377336,
    "micro": false
  },
  "railsbench": {
    "mean": 2147.7953578073843,
    "rsd_pct": 1.2129205078772045,
    "micro": false
  },
  "binarytrees": {
    "mean": 287.6031885971315,
    "rsd_pct": 0.10629116163311746,
    "micro": false
  },
  "erubi": {
    "mean": 373.00615088531265,
    "rsd_pct": 1.4850124659488488,
    "micro": false
  },
  "erubi_rails": {
    "mean": 20.30736936170197,
    "rsd_pct": 4.153642668507189,
    "micro": false
  },
  "fannkuchredux": {
    "mean": 5705.388553002073,
    "rsd_pct": 0.8673110727870822,
    "micro": false
  },
  "lee": {
    "mean": 752.8388336487114,
    "rsd_pct": 1.3997672444647746,
    "micro": false
  },
  "nbody": {
    "mean": 71.59692780627209,
    "rsd_pct": 0.06739698695540436,
    "micro": false
  },
  "optcarrot": {
    "mean": 2999.7621573352567,
    "rsd_pct": 0.7032067008516066,
    "micro": false
  },
  "rubykon": {
    "mean": 5608.7575292602805,
    "rsd_pct": 0.4945802883494693,
    "micro": false
  },
  "30k_ifelse": {
    "mean": 307.40223404336575,
    "rsd_pct": 0.1851346236814026,
    "micro": true
  },
  "30k_methods": {
    "mean": 743.5331665351091,
    "rsd_pct": 0.020602623364343247,
    "micro": true
  },
  "cfunc_itself": {
    "mean": 37.836659133234726,
    "rsd_pct": 0.28466870694571245,
    "micro": true
  },
  "fib": {
    "mean": 52.2384521047267,
    "rsd_pct": 0.07790453467636424,
    "micro": true
  },
  "getivar": {
    "mean": 35.4685238228776,
    "rsd_pct": 0.049309687577710336,
    "micro": true
  },
  "keyword_args": {
    "mean": 44.0544271203948,
    "rsd_pct": 0.1794703624484939,
    "micro": true
  },
  "respond_to": {
    "mean": 160.33761097011543,
    "rsd_pct": 0.26586843505450175,
    "micro": true
  },
  "setivar": {
    "mean": 40.961964924060275,
    "rsd_pct": 0.11550752097607324,
    "micro": true
  }
}