{
  "activerecord": {
    "mean": 109.04875398947574,
    "rsd_pct": 0.5145762042833497,
    "micro": false
  },
  "hexapdf": {
    "mean": 2012.1199702533584,
    "rsd_pct": 1.4105060406851806,
    "micro": false
  },
  "liquid-c": {
    "mean": 59.626700013299825,
    "rsd_pct": 2.056914683084388,
    "micro": false
  },
  "liquid-render": {
    "mean": 111.8411475587012,
    "rsd_pct": 2.6817138912743603,
    "micro": false
  },
  "mail": {
    "mean": 137.21301096555746,
    "rsd_pct": 0.16301947938193984,
    "micro": false
  },
  "psych-load": {
    "mean": 1806.6123564727604,
    "rsd_pct": 0.11058027709524565,
    "micro": false
  },
  "railsbench": {
    "mean": 1848.1742818063747,
    "rsd_pct": 1.245439230888931,
    "micro": false
  },
  "ruby-lsp": {
    "mean": 65.91230212324564,
    "rsd_pct": 19.0808130733401,
    "micro": false
  },
  "sequel": {
    "mean": 145.37745679521726,
    "rsd_pct": 2.011483468149132,
    "micro": false
  },
  "binarytrees": {
    "mean": 229.80799087980654,
    "rsd_pct": 0.06032668664185681,
    "micro": false
  },
  "chunky_png": {
    "mean": 630.5388656459869,
    "rsd_pct": 0.04730174771066081,
    "micro": false
  },
  "erubi": {
    "mean": 255.26766227080654,
    "rsd_pct": 0.9072261811500624,
    "micro": false
  },
  "erubi_rails": {
    "mean": 16.17260150008375,
    "rsd_pct": 3.3367639380608316,
    "micro": false
  },
  "etanni": {
    "mean": 405.54355035954137,
    "rsd_pct": 0.46354121827224276,
    "micro": false
  },
  "fannkuchredux": {
    "mean": 896.5004175746193,
    "rsd_pct": 0.08081359715417605,
    "micro": false
  },
  "lee": {
    "mean": 896.42645179161,
    "rsd_pct": 0.11785731575970625,
    "micro": false
  },
  "nbody": {
    "mean": 71.87400033129278,
    "rsd_pct": 0.07682778913367531,
    "micro": false
  },
  "optcarrot": {
    "mean": 8411.657350401705,
    "rsd_pct": 0.21532260201390693,
    "micro": false
  },
  "rubykon": {
    "mean": 6565.01997592859,
    "rsd_pct": 0.4324773985399667,
    "micro": false
  },
  "30k_ifelse": {
    "mean": 422.31882393280875,
    "rsd_pct": 0.06281941475403298,
    "micro": true
  },
  "30k_methods": {
    "mean": 954.4272708473727,
    "rsd_pct": 0.05598189746045343,
    "micro": true
  },
  "cfunc_itself": {
    "mean": 42.507809174009765,
    "rsd_pct": 0.12109664012831799,
    "micro": true
  },
  "fib": {
    "mean": 62.16567103254879,
    "rsd_pct": 0.1079646896952744,
    "micro": true
  },
  "getivar": {
    "mean": 45.8476237312959,
    "rsd_pct": 0.1781194871149891,
    "micro": true
  },
  "keyword_args": {
    "mean": 52.734051520830526,
    "rsd_pct": 0.12641397441530994,
    "micro": true
  },
  "respond_to": {
    "mean": 29.191257914660717,
    "rsd_pct": 0.4698864390084607,
    "micro": true
  },
  "setivar": {
    "mean": 14.914327928911698,
    "rsd_pct": 0.11878086905327775,
    "micro": true
  },
  "setivar_object": {
    "mean": 47.4930426449849,
    "rsd_pct": 1.1616475998433526,
    "micro": true
  },
  "str_concat": {
    "mean": 43.220340206794674,
    "rsd_pct": 1.2813997320726604,
    "micro": true
  }
}