{
  "activerecord": {
    "mean": 104.58166775734801,
    "rsd_pct": 0.4378529992418179,
    "micro": false
  },
  "hexapdf": {
    "mean": 2475.4097611953816,
    "rsd_pct": 1.3439081077157444,
    "micro": false
  },
  "liquid-render": {
    "mean": 125.22908737529305,
    "rsd_pct": 1.9500918147565625,
    "micro": false
  },
  "mail": {
    "mean": 158.2989254668355,
    "rsd_pct": 0.3911505717319829,
    "micro": false
  },
  "psych-load": {
    "mean": 1926.4816003541152,
    "rsd_pct": 0.041150809314381635,
    "micro": false
  },
  "railsbench": {
    "mean": 2127.576586728295,
    "rsd_pct": 1.3093709090727705,
    "micro": false
  },
  "binarytrees": {
    "mean": 364.8598756553838,
    "rsd_pct": 1.4267776605797724,
    "micro": false
  },
  "chunky_png": {
    "mean": 697.8194320773972,
    "rsd_pct": 0.1287793418345289,
    "micro": false
  },
  "discourse": {
    "mean": 510.27181590112247,
    "rsd_pct": 14.065564074636816,
    "micro": false
  },
  "erubi": {
    "mean": 421.92132119089365,
    "rsd_pct": 0.8340008075665404,
    "micro": false
  },
  "erubi_rails": {
    "mean": 19.6543007140878,
    "rsd_pct": 3.4901995462933804,
    "micro": false
  },
  "fannkuchredux": {
    "mean": 7176.535674184561,
    "rsd_pct": 0.08565051685977945,
    "micro": false
  },
  "lee": {
    "mean": 894.727090417984,
    "rsd_pct": 0.2573734789722288,
    "micro": false
  },
  "nbody": {
    "mean": 114.27013875821429,
    "rsd_pct": 0.4064578699354979,
    "micro": false
  },
  "optcarrot": {
    "mean": 4421.1266272390885,
    "rsd_pct": 0.518542805929619,
    "micro": false
  },
  "rubykon": {
    "mean": 9400.023334907988,
    "rsd_pct": 0.6989807817252001,
    "micro": false
  },
  "30k_ifelse": {
    "mean": 359.4425269901486,
    "rsd_pct": 0.19538682660937282,
    "micro": true
  },
  "30k_methods": {
    "mean": 876.9092127596113,
    "rsd_pct": 0.06307651402207193,
    "micro": true
  },
  "cfunc_itself": {
    "mean": 44.945114290097315,
    "rsd_pct": 1.033723571142073,
    "micro": true
  },
  "fib": {
    "mean": 62.67487680328623,
    "rsd_pct": 0.6147505344018082,
    "micro": true
  },
  "getivar": {
    "mean": 110.81672535533441,
    "rsd_pct": 2.51108418555727,
    "micro": true
  },
  "keyword_args": {
    "mean": 52.821807281161604,
    "rsd_pct": 0.7517622687838494,
    "micro": true
  },
  "respond_to": {
    "mean": 191.76915410906076,
    "rsd_pct": 0.32333233500953446,
    "micro": true
  },
  "setivar": {
    "mean": 50.41164123581919,
    "rsd_pct": 0.6415600094082052,
    "micro": true
  },
  "str_concat": {
    "mean": 132.64511248087558,
    "rsd_pct": 1.2454362386064486,
    "micro": true
  }
}