{
  "activerecord": {
    "mean": 102.71327345582999,
    "rsd_pct": 0.38598993875522153,
    "micro": false
  },
  "hexapdf": {
    "mean": 2417.2006253153086,
    "rsd_pct": 2.3533656716041826,
    "micro": false
  },
  "liquid-render": {
    "mean": 142.57903376982796,
    "rsd_pct": 1.652849332531458,
    "micro": false
  },
  "mail": {
    "mean": 185.50641352222078,
    "rsd_pct": 2.7059220547529828,
    "micro": false
  },
  "psych-load": {
    "mean": 2179.4906832277775,
    "rsd_pct": 0.052517539206499986,
    "micro": false
  },
  "railsbench": {
    "mean": 2406.261781603098,
    "rsd_pct": 0.8101117702619535,
    "micro": false
  },
  "binarytrees": {
    "mean": 368.04626003140584,
    "rsd_pct": 0.15861786520493637,
    "micro": false
  },
  "chunky_png": {
    "mean": 691.7404090536052,
    "rsd_pct": 0.43206768200535706,
    "micro": false
  },
  "discourse": {
    "mean": 526.7531498763207,
    "rsd_pct": 18.296784473363036,
    "micro": false
  },
  "erubi": {
    "mean": 401.8362187879517,
    "rsd_pct": 0.8628247751742536,
    "micro": false
  },
  "erubi_rails": {
    "mean": 24.9043841460588,
    "rsd_pct": 56.006284973097195,
    "micro": false
  },
  "fannkuchredux": {
    "mean": 9018.082871163884,
    "rsd_pct": 0.6360703801310172,
    "micro": false
  },
  "lee": {
    "mean": 882.3736763813279,
    "rsd_pct": 1.69613082372452,
    "micro": false
  },
  "nbody": {
    "mean": 86.59669000954524,
    "rsd_pct": 0.5156523929534998,
    "micro": false
  },
  "optcarrot": {
    "mean": 3524.4475724796453,
    "rsd_pct": 0.6195994518879743,
    "micro": false
  },
  "rubykon": {
    "mean": 7835.596538210909,
    "rsd_pct": 3.261944386938951,
    "micro": false
  },
  "30k_ifelse": {
    "mean": 363.7383112175898,
    "rsd_pct": 0.18234739290651802,
    "micro": true
  },
  "30k_methods": {
    "mean": 882.0623261854053,
    "rsd_pct": 0.0546952205786656,
    "micro": true
  },
  "cfunc_itself": {
    "mean": 47.60010520112701,
    "rsd_pct": 0.9723592428590278,
    "micro": true
  },
  "fib": {
    "mean": 62.488119733931505,
    "rsd_pct": 0.5986033754848885,
    "micro": true
  },
  "getivar": {
    "mean": 42.61487967481739,
    "rsd_pct": 0.7075878554859935,
    "micro": true
  },
  "keyword_args": {
    "mean": 52.980028723677,
    "rsd_pct": 0.6737191686311812,
    "micro": true
  },
  "respond_to": {
    "mean": 190.00884408776002,
    "rsd_pct": 0.25248595123483003,
    "micro": true
  },
  "setivar": {
    "mean": 51.154860115201295,
    "rsd_pct": 0.7364615423995968,
    "micro": true
  },
  "str_concat": {
    "mean": 108.34838602353226,
    "rsd_pct": 1.4719861981892848,
    "micro": true
  }
}