{
  "activerecord": {
    "mean": 142.99882597875495,
    "rsd_pct": 2.6551894875639683,
    "micro": false
  },
  "erubi_rails": {
    "mean": 44.92551857940995,
    "rsd_pct": 13.089047386254379,
    "micro": false
  },
  "hexapdf": {
    "mean": 5767.045541728537,
    "rsd_pct": 2.5440151024577276,
    "micro": false
  },
  "liquid-c": {
    "mean": 190.9026943890023,
    "rsd_pct": 1.4623447228660356,
    "micro": false
  },
  "liquid-compile": {
    "mean": 162.3491698517628,
    "rsd_pct": 0.518565659358057,
    "micro": false
  },
  "liquid-render": {
    "mean": 355.6168748410014,
    "rsd_pct": 2.06328357842528,
    "micro": false
  },
  "mail": {
    "mean": 365.067593523531,
    "rsd_pct": 0.16858290726630182,
    "micro": false
  },
  "psych-load": {
    "mean": 5295.032495881121,
    "rsd_pct": 0.12744860745196424,
    "micro": false
  },
  "railsbench": {
    "mean": 5323.997987185915,
    "rsd_pct": 0.6994816146229171,
    "micro": false
  },
  "ruby-lsp": {
    "mean": 174.91214196921445,
    "rsd_pct": 11.43204516098122,
    "micro": false
  },
  "sequel": {
    "mean": 201.79788442798937,
    "rsd_pct": 1.299874187999277,
    "micro": false
  },
  "binarytrees": {
    "mean": 489.6964258937673,
    "rsd_pct": 0.15042075520256393,
    "micro": false
  },
  "chunky_png": {
    "mean": 1488.8880422278758,
    "rsd_pct": 0.3987156814058946,
    "micro": false
  },
  "erubi": {
    "mean": 572.6761534181121,
    "rsd_pct": 0.8457289165557748,
    "micro": false
  },
  "etanni": {
    "mean": 957.2585076886288,
    "rsd_pct": 0.4847128895473996,
    "micro": false
  },
  "fannkuchredux": {
    "mean": 1480.1206520944834,
    "rsd_pct": 0.8357770403062452,
    "micro": false
  },
  "lee": {
    "mean": 2384.7544365340755,
    "rsd_pct": 0.287295788862243,
    "micro": false
  },
  "nbody": {
    "mean": 153.54033836037024,
    "rsd_pct": 0.09066424436904473,
    "micro": false
  },
  "optcarrot": {
    "mean": 8816.323160876831,
    "rsd_pct": 0.47477929768213034,
    "micro": false
  },
  "ruby-json": {
    "mean": 7927.448862294356,
    "rsd_pct": 0.2511091908111365,
    "micro": false
  },
  "rubykon": {
    "mean": 19263.49797571699,
    "rsd_pct": 0.38279023209076285,
    "micro": false
  },
  "30k_ifelse": {
    "mean": 1593.5732800852168,
    "rsd_pct": 0.02963386316345686,
    "micro": true
  },
  "30k_methods": {
    "mean": 3443.843213274427,
    "rsd_pct": 0.06861029514755682,
    "micro": true
  },
  "cfunc_itself": {
    "mean": 86.8298041843407,
    "rsd_pct": 0.0228317616171526,
    "micro": true
  },
  "fib": {
    "mean": 123.65604005338226,
    "rsd_pct": 0.0793878617861325,
    "micro": true
  },
  "getivar": {
    "mean": 40.466473462431836,
    "rsd_pct": 0.014562969666477766,
    "micro": true
  },
  "keyword_args": {
    "mean": 121.68147739325984,
    "rsd_pct": 0.031987288319395624,
    "micro": true
  },
  "respond_to": {
    "mean": 73.4588957587435,
    "rsd_pct": 3.08139281632739,
    "micro": true
  },
  "setivar": {
    "mean": 30.89443516001847,
    "rsd_pct": 0.01842102812472169,
    "micro": true
  },
  "setivar_object": {
    "mean": 115.63877426176765,
    "rsd_pct": 1.6260116305122014,
    "micro": true
  },
  "setivar_young": {
    "mean": 113.66516581143846,
    "rsd_pct": 4.0041405383494615,
    "micro": true
  },
  "str_concat": {
    "mean": 83.36106276717679,
    "rsd_pct": 1.0547043823941087,
    "micro": true
  },
  "throw": {
    "mean": 51.700509735956565,
    "rsd_pct": 0.18128939874609454,
    "micro": true
  }
}