{
  "activerecord": {
    "mean": 104.42444504633625,
    "rsd_pct": 0.5578957107943372,
    "micro": false
  },
  "hexapdf": {
    "mean": 2314.049009978771,
    "rsd_pct": 1.8466117524052872,
    "micro": false
  },
  "liquid-render": {
    "mean": 127.37891616490789,
    "rsd_pct": 1.7634964180710533,
    "micro": false
  },
  "mail": {
    "mean": 160.43475714325905,
    "rsd_pct": 0.18551038438231815,
    "micro": false
  },
  "psych-load": {
    "mean": 1920.8071541041136,
    "rsd_pct": 0.03857932777838248,
    "micro": false
  },
  "railsbench": {
    "mean": 2101.830535630385,
    "rsd_pct": 1.1424841936849277,
    "micro": false
  },
  "binarytrees": {
    "mean": 363.88334668608326,
    "rsd_pct": 0.05457078618540271,
    "micro": false
  },
  "chunky_png": {
    "mean": 666.8967022721109,
    "rsd_pct": 0.04349588884539445,
    "micro": false
  },
  "erubi": {
    "mean": 375.5223657232973,
    "rsd_pct": 0.6151879450918691,
    "micro": false
  },
  "erubi_rails": {
    "mean": 19.89797352890253,
    "rsd_pct": 3.245224299143157,
    "micro": false
  },
  "fannkuchredux": {
    "mean": 8292.171471690139,
    "rsd_pct": 0.16097029701846782,
    "micro": false
  },
  "lee": {
    "mean": 920.8520819388684,
    "rsd_pct": 0.5523494581028365,
    "micro": false
  },
  "nbody": {
    "mean": 88.00148847003052,
    "rsd_pct": 0.09180999911635375,
    "micro": false
  },
  "optcarrot": {
    "mean": 3483.6418769011893,
    "rsd_pct": 0.5917256330698393,
    "micro": false
  },
  "rubykon": {
    "mean": 7589.497792844971,
    "rsd_pct": 4.353918411560909,
    "micro": false
  },
  "30k_ifelse": {
    "mean": 357.1315347809683,
    "rsd_pct": 0.08736195877801205,
    "micro": true
  },
  "30k_methods": {
    "mean": 885.8433505520225,
    "rsd_pct": 0.022783808413273234,
    "micro": true
  },
  "cfunc_itself": {
    "mean": 44.80842288231125,
    "rsd_pct": 0.5213771760649041,
    "micro": true
  },
  "fib": {
    "mean": 63.31398020542803,
    "rsd_pct": 0.039099514064592694,
    "micro": true
  },
  "getivar": {
    "mean": 42.53275674946656,
    "rsd_pct": 0.18026910968568421,
    "micro": true
  },
  "keyword_args": {
    "mean": 53.182859103926404,
    "rsd_pct": 0.11252685757446351,
    "micro": true
  },
  "respond_to": {
    "mean": 199.8404895242017,
    "rsd_pct": 0.18315110130374251,
    "micro": true
  },
  "setivar": {
    "mean": 57.971114450489274,
    "rsd_pct": 0.7695050569054366,
    "micro": true
  },
  "str_concat": {
    "mean": 51.765554385520225,
    "rsd_pct": 1.4037518479818762,
    "micro": true
  }
}