{
  "activerecord": {
    "mean": 42.83076810472189,
    "rsd_pct": 4.047071512050267,
    "micro": false
  },
  "erubi_rails": {
    "mean": 15.55210309551734,
    "rsd_pct": 21.212369513460633,
    "micro": false
  },
  "hexapdf": {
    "mean": 2085.9998452166715,
    "rsd_pct": 2.0395326844727415,
    "micro": false
  },
  "liquid-c": {
    "mean": 58.901527478939315,
    "rsd_pct": 1.779844662163329,
    "micro": false
  },
  "liquid-compile": {
    "mean": 53.324237824442555,
    "rsd_pct": 4.699557176536169,
    "micro": false
  },
  "liquid-render": {
    "mean": 107.57106905047958,
    "rsd_pct": 2.387340340529276,
    "micro": false
  },
  "mail": {
    "mean": 128.08825567555732,
    "rsd_pct": 0.17052381522711332,
    "micro": false
  },
  "psych-load": {
    "mean": 1836.033798630039,
    "rsd_pct": 0.11549935915724871,
    "micro": false
  },
  "railsbench": {
    "mean": 1805.2420827249687,
    "rsd_pct": 1.4469992175625153,
    "micro": false
  },
  "ruby-lsp": {
    "mean": 71.03719173797539,
    "rsd_pct": 29.6664507915399,
    "micro": false
  },
  "sequel": {
    "mean": 67.23275520032485,
    "rsd_pct": 1.37049284230151,
    "micro": false
  },
  "binarytrees": {
    "mean": 218.25857593544893,
    "rsd_pct": 0.0767971060873459,
    "micro": false
  },
  "chunky_png": {
    "mean": 654.4838064039747,
    "rsd_pct": 0.30163503648333584,
    "micro": false
  },
  "erubi": {
    "mean": 254.26575244416165,
    "rsd_pct": 0.8246155096263161,
    "micro": false
  },
  "etanni": {
    "mean": 412.4335557377587,
    "rsd_pct": 0.41829296093011137,
    "micro": false
  },
  "fannkuchredux": {
    "mean": 757.5942659034179,
    "rsd_pct": 0.0481661206566985,
    "micro": false
  },
  "lee": {
    "mean": 913.2861276822431,
    "rsd_pct": 0.23014551823710536,
    "micro": false
  },
  "nbody": {
    "mean": 69.00557470234001,
    "rsd_pct": 0.07549802456127487,
    "micro": false
  },
  "optcarrot": {
    "mean": 2277.1183696885905,
    "rsd_pct": 0.6227054318573836,
    "micro": false
  },
  "ruby-json": {
    "mean": 3461.85643710196,
    "rsd_pct": 0.09728276700792632,
    "micro": false
  },
  "rubykon": {
    "mean": 6712.904007732868,
    "rsd_pct": 0.39542297720127,
    "micro": false
  },
  "30k_ifelse": {
    "mean": 359.9512266503139,
    "rsd_pct": 0.06426152644680268,
    "micro": true
  },
  "30k_methods": {
    "mean": 856.0700847402862,
    "rsd_pct": 0.021629222307689752,
    "micro": true
  },
  "cfunc_itself": {
    "mean": 38.445551117385904,
    "rsd_pct": 0.21343043530999112,
    "micro": true
  },
  "fib": {
    "mean": 44.573024534786654,
    "rsd_pct": 0.060787789239778026,
    "micro": true
  },
  "getivar": {
    "mean": 21.11789140081595,
    "rsd_pct": 0.16961621638175406,
    "micro": true
  },
  "keyword_args": {
    "mean": 48.89555770475736,
    "rsd_pct": 0.24965326407902735,
    "micro": true
  },
  "respond_to": {
    "mean": 25.918878100319596,
    "rsd_pct": 0.6977502817358786,
    "micro": true
  },
  "setivar": {
    "mean": 11.995101103980382,
    "rsd_pct": 0.12469946196092796,
    "micro": true
  },
  "setivar_object": {
    "mean": 46.62293512983439,
    "rsd_pct": 5.7198403745623265,
    "micro": true
  },
  "setivar_young": {
    "mean": 42.38805191007332,
    "rsd_pct": 5.213692520283713,
    "micro": true
  },
  "str_concat": {
    "mean": 42.59822466003615,
    "rsd_pct": 1.4763301120479309,
    "micro": true
  },
  "throw": {
    "mean": 23.345203341254702,
    "rsd_pct": 0.26271740614285577,
    "micro": true
  }
}