{
  "activerecord": {
    "mean": 41.583737793849075,
    "rsd_pct": 0.775834545992819,
    "micro": false
  },
  "erubi_rails": {
    "mean": 15.006745641984425,
    "rsd_pct": 3.556207951526834,
    "micro": false
  },
  "hexapdf": {
    "mean": 1988.9999344324071,
    "rsd_pct": 2.000808898082881,
    "micro": false
  },
  "liquid-c": {
    "mean": 57.78350660010524,
    "rsd_pct": 2.0165822452836553,
    "micro": false
  },
  "liquid-compile": {
    "mean": 55.134458037721025,
    "rsd_pct": 0.7708194952570907,
    "micro": false
  },
  "liquid-render": {
    "mean": 102.42116008049402,
    "rsd_pct": 2.8009833355608436,
    "micro": false
  },
  "mail": {
    "mean": 127.47099088611687,
    "rsd_pct": 0.2660150814367084,
    "micro": false
  },
  "psych-load": {
    "mean": 1801.7251761630177,
    "rsd_pct": 0.08122672738116211,
    "micro": false
  },
  "railsbench": {
    "mean": 1788.3652312060196,
    "rsd_pct": 1.1711056808173406,
    "micro": false
  },
  "ruby-lsp": {
    "mean": 57.501092265958576,
    "rsd_pct": 20.563039250410032,
    "micro": false
  },
  "sequel": {
    "mean": 66.79219418461591,
    "rsd_pct": 0.34060530908541825,
    "micro": false
  },
  "binarytrees": {
    "mean": 224.7593201464042,
    "rsd_pct": 0.29163043373391334,
    "micro": false
  },
  "chunky_png": {
    "mean": 603.3625598771102,
    "rsd_pct": 0.06220982566136197,
    "micro": false
  },
  "erubi": {
    "mean": 247.09352399050087,
    "rsd_pct": 0.8307653298101448,
    "micro": false
  },
  "etanni": {
    "mean": 403.59965432435274,
    "rsd_pct": 0.44479352021950763,
    "micro": false
  },
  "fannkuchredux": {
    "mean": 780.1578263938427,
    "rsd_pct": 0.03307146270259935,
    "micro": false
  },
  "lee": {
    "mean": 860.452952835223,
    "rsd_pct": 0.33734489839761606,
    "micro": false
  },
  "nbody": {
    "mean": 76.64421384509366,
    "rsd_pct": 0.06358511343299239,
    "micro": false
  },
  "optcarrot": {
    "mean": 2237.9918257395425,
    "rsd_pct": 0.6229229608860963,
    "micro": false
  },
  "ruby-json": {
    "mean": 3033.2449274758496,
    "rsd_pct": 0.07621365697793042,
    "micro": false
  },
  "rubykon": {
    "mean": 6382.176700544854,
    "rsd_pct": 0.383291210453684,
    "micro": false
  },
  "30k_ifelse": {
    "mean": 360.0301653654738,
    "rsd_pct": 0.057984685321117654,
    "micro": true
  },
  "30k_methods": {
    "mean": 857.3735617101192,
    "rsd_pct": 0.0356368974238049,
    "micro": true
  },
  "cfunc_itself": {
    "mean": 39.305469498755535,
    "rsd_pct": 0.40632103061027186,
    "micro": true
  },
  "fib": {
    "mean": 44.77123564316167,
    "rsd_pct": 0.05690459575821664,
    "micro": true
  },
  "getivar": {
    "mean": 21.114640239448775,
    "rsd_pct": 0.25817060132124103,
    "micro": true
  },
  "keyword_args": {
    "mean": 47.63995718459881,
    "rsd_pct": 0.10409448849901433,
    "micro": true
  },
  "respond_to": {
    "mean": 26.29235058499111,
    "rsd_pct": 0.94258414654116,
    "micro": true
  },
  "setivar": {
    "mean": 11.994806971416619,
    "rsd_pct": 0.0894382311348762,
    "micro": true
  },
  "setivar_object": {
    "mean": 46.66329724017844,
    "rsd_pct": 4.350515849761585,
    "micro": true
  },
  "setivar_young": {
    "mean": 43.13591955788836,
    "rsd_pct": 2.052517212958564,
    "micro": true
  },
  "str_concat": {
    "mean": 42.12061478018005,
    "rsd_pct": 1.6639170156443746,
    "micro": true
  },
  "throw": {
    "mean": 23.85733366070364,
    "rsd_pct": 0.21111013959716063,
    "micro": true
  }
}