{
  "activerecord": {
    "mean": 43.186759468511035,
    "rsd_pct": 0.8244635822017394,
    "micro": false
  },
  "erubi_rails": {
    "mean": 15.077468237444146,
    "rsd_pct": 3.280256533641993,
    "micro": false
  },
  "hexapdf": {
    "mean": 2086.128645762801,
    "rsd_pct": 2.4202853270823583,
    "micro": false
  },
  "liquid-c": {
    "mean": 59.23543500130891,
    "rsd_pct": 2.065838544804774,
    "micro": false
  },
  "liquid-compile": {
    "mean": 51.65420396094636,
    "rsd_pct": 5.130029653585569,
    "micro": false
  },
  "liquid-render": {
    "mean": 108.03805163089672,
    "rsd_pct": 2.6448226251889624,
    "micro": false
  },
  "mail": {
    "mean": 128.11873541964638,
    "rsd_pct": 0.23295643224135698,
    "micro": false
  },
  "psych-load": {
    "mean": 1812.4848677466314,
    "rsd_pct": 0.10367325416000796,
    "micro": false
  },
  "railsbench": {
    "mean": 1807.6125334948301,
    "rsd_pct": 1.2580379547089477,
    "micro": false
  },
  "ruby-lsp": {
    "mean": 58.33202852644244,
    "rsd_pct": 19.920902491161623,
    "micro": false
  },
  "sequel": {
    "mean": 67.75598758989472,
    "rsd_pct": 0.5609535376903413,
    "micro": false
  },
  "binarytrees": {
    "mean": 226.48925738493827,
    "rsd_pct": 0.08888366469170637,
    "micro": false
  },
  "chunky_png": {
    "mean": 644.9169757465521,
    "rsd_pct": 0.04997462678228471,
    "micro": false
  },
  "erubi": {
    "mean": 255.18853960002397,
    "rsd_pct": 0.8283322849323211,
    "micro": false
  },
  "etanni": {
    "mean": 412.0803538101668,
    "rsd_pct": 0.43976232522957964,
    "micro": false
  },
  "fannkuchredux": {
    "mean": 780.8536073565483,
    "rsd_pct": 7.201280533779285,
    "micro": false
  },
  "lee": {
    "mean": 918.6687524474803,
    "rsd_pct": 0.36833487471003334,
    "micro": false
  },
  "nbody": {
    "mean": 69.21439792495221,
    "rsd_pct": 0.0731873938893266,
    "micro": false
  },
  "optcarrot": {
    "mean": 2264.3280373265347,
    "rsd_pct": 0.6132399920415535,
    "micro": false
  },
  "ruby-json": {
    "mean": 3022.154546777407,
    "rsd_pct": 0.31440797769108325,
    "micro": false
  },
  "rubykon": {
    "mean": 6583.212925245364,
    "rsd_pct": 0.3580235183411896,
    "micro": false
  },
  "30k_ifelse": {
    "mean": 359.2870661142197,
    "rsd_pct": 0.07507687685432786,
    "micro": true
  },
  "30k_methods": {
    "mean": 859.5094019952028,
    "rsd_pct": 0.031991995688409505,
    "micro": true
  },
  "cfunc_itself": {
    "mean": 38.35220225226856,
    "rsd_pct": 0.17383742536243685,
    "micro": true
  },
  "fib": {
    "mean": 44.63453718796539,
    "rsd_pct": 0.050198874414926396,
    "micro": true
  },
  "getivar": {
    "mean": 21.1419636359975,
    "rsd_pct": 0.07474977553694907,
    "micro": true
  },
  "keyword_args": {
    "mean": 47.70100747539633,
    "rsd_pct": 0.13841405568690257,
    "micro": true
  },
  "respond_to": {
    "mean": 25.173079541483215,
    "rsd_pct": 0.8563611347258723,
    "micro": true
  },
  "setivar": {
    "mean": 11.995128395586724,
    "rsd_pct": 0.08853812320554583,
    "micro": true
  },
  "setivar_object": {
    "mean": 46.61454857440195,
    "rsd_pct": 5.042024950395596,
    "micro": true
  },
  "setivar_young": {
    "mean": 42.3339926726689,
    "rsd_pct": 1.7130601713351046,
    "micro": true
  },
  "str_concat": {
    "mean": 42.1741357316825,
    "rsd_pct": 1.4239415774434052,
    "micro": true
  },
  "throw": {
    "mean": 24.15185667430259,
    "rsd_pct": 0.23920851120367997,
    "micro": true
  }
}