{
  "activerecord": {
    "mean": 94.26153556975935,
    "rsd_pct": 0.7503705317932212,
    "micro": false
  },
  "hexapdf": {
    "mean": 2120.13865703096,
    "rsd_pct": 2.6858223880635053,
    "micro": false
  },
  "liquid-render": {
    "mean": 110.90255646914657,
    "rsd_pct": 1.984511669533601,
    "micro": false
  },
  "mail": {
    "mean": 142.3706499560337,
    "rsd_pct": 0.1399392861665901,
    "micro": false
  },
  "psych-load": {
    "mean": 1816.6308453306556,
    "rsd_pct": 0.04314548047636684,
    "micro": false
  },
  "railsbench": {
    "mean": 1995.7420219046373,
    "rsd_pct": 1.029503289283729,
    "micro": false
  },
  "ruby-lsp": {
    "mean": 68.71172744136508,
    "rsd_pct": 15.813568795543668,
    "micro": false
  },
  "binarytrees": {
    "mean": 236.3805671976436,
    "rsd_pct": 0.060825119530792504,
    "micro": false
  },
  "chunky_png": {
    "mean": 618.6333948280662,
    "rsd_pct": 0.05381075230326926,
    "micro": false
  },
  "erubi": {
    "mean": 294.465360620907,
    "rsd_pct": 1.102200928473109,
    "micro": false
  },
  "erubi_rails": {
    "mean": 17.338134253868972,
    "rsd_pct": 3.6093740803155785,
    "micro": false
  },
  "etanni": {
    "mean": 475.3643170863922,
    "rsd_pct": 0.49671812237828017,
    "micro": false
  },
  "fannkuchredux": {
    "mean": 937.9761068017355,
    "rsd_pct": 0.06766001411759179,
    "micro": false
  },
  "lee": {
    "mean": 906.2958428902285,
    "rsd_pct": 0.278889694257245,
    "micro": false
  },
  "nbody": {
    "mean": 74.01730772970176,
    "rsd_pct": 0.03697163295001261,
    "micro": false
  },
  "optcarrot": {
    "mean": 2600.46807785208,
    "rsd_pct": 0.3576073863394396,
    "micro": false
  },
  "rubykon": {
    "mean": 6419.834788081546,
    "rsd_pct": 0.8514458656328837,
    "micro": false
  },
  "30k_ifelse": {
    "mean": 402.4033921863884,
    "rsd_pct": 0.14125214966869215,
    "micro": true
  },
  "30k_methods": {
    "mean": 953.9297035496149,
    "rsd_pct": 0.03422798634654931,
    "micro": true
  },
  "cfunc_itself": {
    "mean": 40.515826706814366,
    "rsd_pct": 0.3241898688028959,
    "micro": true
  },
  "fib": {
    "mean": 62.83419967611443,
    "rsd_pct": 0.049194699165208966,
    "micro": true
  },
  "getivar": {
    "mean": 45.816110095405605,
    "rsd_pct": 0.23453700558485682,
    "micro": true
  },
  "keyword_args": {
    "mean": 52.07424552645534,
    "rsd_pct": 0.05276676014529542,
    "micro": true
  },
  "respond_to": {
    "mean": 28.458299235343173,
    "rsd_pct": 0.4256167464714302,
    "micro": true
  },
  "setivar": {
    "mean": 14.707645421585205,
    "rsd_pct": 0.09061198126349151,
    "micro": true
  },
  "setivar_object": {
    "mean": 55.28486104179752,
    "rsd_pct": 0.08153978007197119,
    "micro": true
  },
  "str_concat": {
    "mean": 44.94018522685006,
    "rsd_pct": 1.417128538728169,
    "micro": true
  }
}