{
  "activerecord": {
    "mean": 42.48224835835103,
    "rsd_pct": 0.7940655558617992,
    "micro": false
  },
  "erubi_rails": {
    "mean": 14.93150159890605,
    "rsd_pct": 3.64649529914375,
    "micro": false
  },
  "hexapdf": {
    "mean": 2042.2387808561325,
    "rsd_pct": 1.6228301705458135,
    "micro": false
  },
  "liquid-c": {
    "mean": 58.39134602764145,
    "rsd_pct": 2.0853313777738953,
    "micro": false
  },
  "liquid-render": {
    "mean": 104.02077795810881,
    "rsd_pct": 2.722880044666102,
    "micro": false
  },
  "mail": {
    "mean": 130.30257899096452,
    "rsd_pct": 0.1949668629413007,
    "micro": false
  },
  "psych-load": {
    "mean": 1811.1411040027936,
    "rsd_pct": 0.0310002528118384,
    "micro": false
  },
  "railsbench": {
    "mean": 1806.2933757901192,
    "rsd_pct": 1.2026169061332,
    "micro": false
  },
  "ruby-lsp": {
    "mean": 58.00227628363725,
    "rsd_pct": 19.640719895947875,
    "micro": false
  },
  "sequel": {
    "mean": 67.90890251541485,
    "rsd_pct": 0.2293242529517492,
    "micro": false
  },
  "binarytrees": {
    "mean": 235.29122671221987,
    "rsd_pct": 0.08569491347813936,
    "micro": false
  },
  "chunky_png": {
    "mean": 614.8769048450049,
    "rsd_pct": 0.06374503218583326,
    "micro": false
  },
  "erubi": {
    "mean": 247.7850796701976,
    "rsd_pct": 0.9095507289266381,
    "micro": false
  },
  "etanni": {
    "mean": 408.8424190801258,
    "rsd_pct": 0.4510195346030721,
    "micro": false
  },
  "fannkuchredux": {
    "mean": 828.996268303498,
    "rsd_pct": 0.21708290179452885,
    "micro": false
  },
  "lee": {
    "mean": 906.832858496769,
    "rsd_pct": 0.28699356782050917,
    "micro": false
  },
  "nbody": {
    "mean": 73.81737312424357,
    "rsd_pct": 0.09120175815787838,
    "micro": false
  },
  "optcarrot": {
    "mean": 2555.0410435845456,
    "rsd_pct": 0.6643721660488897,
    "micro": false
  },
  "ruby-json": {
    "mean": 3110.6690845141807,
    "rsd_pct": 0.08007275055556846,
    "micro": false
  },
  "rubykon": {
    "mean": 6611.727410989503,
    "rsd_pct": 1.8984934907758089,
    "micro": false
  },
  "30k_ifelse": {
    "mean": 421.1284615733522,
    "rsd_pct": 0.06560805586234285,
    "micro": true
  },
  "30k_methods": {
    "mean": 942.4506829874147,
    "rsd_pct": 0.05914952007293953,
    "micro": true
  },
  "cfunc_itself": {
    "mean": 40.66565847843276,
    "rsd_pct": 0.22345647573265842,
    "micro": true
  },
  "fib": {
    "mean": 61.69590580975637,
    "rsd_pct": 0.060092634105380634,
    "micro": true
  },
  "getivar": {
    "mean": 45.78180949272024,
    "rsd_pct": 0.20602042060361572,
    "micro": true
  },
  "keyword_args": {
    "mean": 53.86946182194594,
    "rsd_pct": 0.159443737634456,
    "micro": true
  },
  "respond_to": {
    "mean": 31.078348561982345,
    "rsd_pct": 0.5548518920047941,
    "micro": true
  },
  "setivar": {
    "mean": 14.792543221030696,
    "rsd_pct": 0.0938787001362335,
    "micro": true
  },
  "setivar_object": {
    "mean": 48.16284706877871,
    "rsd_pct": 2.244672944843634,
    "micro": true
  },
  "setivar_young": {
    "mean": 47.02721009919144,
    "rsd_pct": 1.6789200205191432,
    "micro": true
  },
  "str_concat": {
    "mean": 44.28763095540612,
    "rsd_pct": 1.3250304934469344,
    "micro": true
  },
  "throw": {
    "mean": 24.308566520540577,
    "rsd_pct": 0.22040203699076175,
    "micro": true
  }
}