{
  "activerecord": {
    "mean": 97.64276418175423,
    "rsd_pct": 0.7981207851987149,
    "micro": false
  },
  "hexapdf": {
    "mean": 2418.5379010935626,
    "rsd_pct": 2.5423702672022404,
    "micro": false
  },
  "liquid-render": {
    "mean": 113.820085788823,
    "rsd_pct": 2.0463424500561933,
    "micro": false
  },
  "mail": {
    "mean": 158.97063352167606,
    "rsd_pct": 0.13196357187855615,
    "micro": false
  },
  "psych-load": {
    "mean": 1877.9918268322945,
    "rsd_pct": 0.06738865835131683,
    "micro": false
  },
  "railsbench": {
    "mean": 2052.41318171223,
    "rsd_pct": 1.2058805786899496,
    "micro": false
  },
  "ruby-lsp": {
    "mean": 80.9117611120587,
    "rsd_pct": 24.913247300062533,
    "micro": false
  },
  "binarytrees": {
    "mean": 240.2235556797809,
    "rsd_pct": 3.8280719429264947,
    "micro": false
  },
  "chunky_png": {
    "mean": 615.2044529876401,
    "rsd_pct": 0.058933693257893285,
    "micro": false
  },
  "erubi": {
    "mean": 293.60073952771285,
    "rsd_pct": 0.8000760672812008,
    "micro": false
  },
  "erubi_rails": {
    "mean": 18.476525707915787,
    "rsd_pct": 3.7192784163431525,
    "micro": false
  },
  "etanni": {
    "mean": 475.56813513594017,
    "rsd_pct": 0.49439235318708274,
    "micro": false
  },
  "fannkuchredux": {
    "mean": 2270.511943101883,
    "rsd_pct": 0.21866004828732352,
    "micro": false
  },
  "lee": {
    "mean": 972.342584104765,
    "rsd_pct": 0.3697318613908788,
    "micro": false
  },
  "nbody": {
    "mean": 82.0832762128187,
    "rsd_pct": 2.065814198316086,
    "micro": false
  },
  "optcarrot": {
    "mean": 3035.1816224555173,
    "rsd_pct": 0.39626952770846113,
    "micro": false
  },
  "rubykon": {
    "mean": 6976.792199661334,
    "rsd_pct": 0.3514700567660312,
    "micro": false
  },
  "30k_ifelse": {
    "mean": 399.04893189668655,
    "rsd_pct": 0.1086089852523126,
    "micro": true
  },
  "30k_methods": {
    "mean": 951.1002553626895,
    "rsd_pct": 0.052797513650614386,
    "micro": true
  },
  "cfunc_itself": {
    "mean": 42.56515113288552,
    "rsd_pct": 0.5775426406127545,
    "micro": true
  },
  "fib": {
    "mean": 61.145663756618326,
    "rsd_pct": 0.050746337297646014,
    "micro": true
  },
  "getivar": {
    "mean": 46.84858020622406,
    "rsd_pct": 0.04860588993923802,
    "micro": true
  },
  "keyword_args": {
    "mean": 51.78038339234061,
    "rsd_pct": 0.29890040321490585,
    "micro": true
  },
  "respond_to": {
    "mean": 28.15374921996709,
    "rsd_pct": 0.42844921472465003,
    "micro": true
  },
  "setivar": {
    "mean": 49.888993580551706,
    "rsd_pct": 0.3965356096095335,
    "micro": true
  },
  "str_concat": {
    "mean": 41.54976525017594,
    "rsd_pct": 1.7558892243489135,
    "micro": true
  }
}