{
  "activerecord": {
    "mean": 329.7143007838289,
    "rsd_pct": 0.16646153484183587,
    "micro": false
  },
  "hexapdf": {
    "mean": 6798.360138867672,
    "rsd_pct": 1.8673443476893792,
    "micro": false
  },
  "liquid-render": {
    "mean": 446.8651467423233,
    "rsd_pct": 0.9608217531848638,
    "micro": false
  },
  "mail": {
    "mean": 433.7090656141208,
    "rsd_pct": 0.12085999276271818,
    "micro": false
  },
  "psych-load": {
    "mean": 5319.6290670428425,
    "rsd_pct": 0.029520728071589786,
    "micro": false
  },
  "railsbench": {
    "mean": 6151.847647658239,
    "rsd_pct": 1.0627834475498388,
    "micro": false
  },
  "ruby-lsp": {
    "mean": 213.68213651242752,
    "rsd_pct": 12.435662029610874,
    "micro": false
  },
  "binarytrees": {
    "mean": 526.9592678726673,
    "rsd_pct": 0.10044517088384956,
    "micro": false
  },
  "chunky_png": {
    "mean": 1530.3274454709026,
    "rsd_pct": 0.08442802249077065,
    "micro": false
  },
  "erubi": {
    "mean": 738.6646512039828,
    "rsd_pct": 0.8788744801405219,
    "micro": false
  },
  "erubi_rails": {
    "mean": 50.541796520631934,
    "rsd_pct": 2.3754793843709017,
    "micro": false
  },
  "etanni": {
    "mean": 1179.8101577275831,
    "rsd_pct": 0.45738493165106797,
    "micro": false
  },
  "fannkuchredux": {
    "mean": 2354.9516246304847,
    "rsd_pct": 0.17992159926520307,
    "micro": false
  },
  "lee": {
    "mean": 2350.9812573161485,
    "rsd_pct": 1.5755925713069523,
    "micro": false
  },
  "nbody": {
    "mean": 178.47781839666393,
    "rsd_pct": 0.07380665659836956,
    "micro": false
  },
  "optcarrot": {
    "mean": 10906.652818790948,
    "rsd_pct": 0.3652213753915807,
    "micro": false
  },
  "rubykon": {
    "mean": 21131.98294256193,
    "rsd_pct": 0.36697096325751744,
    "micro": false
  },
  "30k_ifelse": {
    "mean": 1910.1339858785575,
    "rsd_pct": 0.785046335458002,
    "micro": true
  },
  "30k_methods": {
    "mean": 4015.220063109882,
    "rsd_pct": 0.04666296297723908,
    "micro": true
  },
  "cfunc_itself": {
    "mean": 102.27913720225314,
    "rsd_pct": 0.014816189389002516,
    "micro": true
  },
  "fib": {
    "mean": 182.22093251333828,
    "rsd_pct": 0.004868826848797442,
    "micro": true
  },
  "getivar": {
    "mean": 107.47980497369211,
    "rsd_pct": 0.008656526152666578,
    "micro": true
  },
  "keyword_args": {
    "mean": 143.61989984468104,
    "rsd_pct": 0.01122702491083395,
    "micro": true
  },
  "respond_to": {
    "mean": 99.57638145451264,
    "rsd_pct": 0.919171674153932,
    "micro": true
  },
  "setivar": {
    "mean": 50.044885359177236,
    "rsd_pct": 0.014583980647675597,
    "micro": true
  },
  "str_concat": {
    "mean": 106.6105391526431,
    "rsd_pct": 0.9503148102030413,
    "micro": true
  }
}