{
  "activerecord": {
    "mean": 114.64732591570778,
    "rsd_pct": 1.4590755064812733
  },
  "jekyll": {
    "mean": 7593.491194350645,
    "rsd_pct": 2.910946765362817
  },
  "liquid-render": {
    "mean": 147.45703336989715,
    "rsd_pct": 2.595053662775626
  },
  "mail": {
    "mean": 144.81587195768952,
    "rsd_pct": 2.5394681657787936
  },
  "psych-load": {
    "mean": 1688.404139596969,
    "rsd_pct": 0.5938372527158599
  },
  "railsbench": {
    "mean": 2606.124041462317,
    "rsd_pct": 2.0592484261881814
  },
  "binarytrees": {
    "mean": 299.45617245935034,
    "rsd_pct": 0.4943834386018009
  },
  "fannkuchredux": {
    "mean": 5407.188248028979,
    "rsd_pct": 0.04230812363440873
  },
  "lee": {
    "mean": 805.3411059391996,
    "rsd_pct": 1.4299538019849227
  },
  "nbody": {
    "mean": 73.98015047848168,
    "rsd_pct": 0.060687478339859185
  },
  "optcarrot": {
    "mean": 3127.1985615137964,
    "rsd_pct": 0.18511488387653782
  },
  "30k_ifelse": {
    "mean": 319.249049725257,
    "rsd_pct": 0.2282589643231617
  },
  "30k_methods": {
    "mean": 763.5551159927512,
    "rsd_pct": 0.039789711504346965
  },
  "cfunc_itself": {
    "mean": 41.45473473061498,
    "rsd_pct": 0.3722277683223987
  },
  "fib": {
    "mean": 52.041082410762705,
    "rsd_pct": 0.06030551756366737
  },
  "getivar": {
    "mean": 36.28064922298285,
    "rsd_pct": 0.06676156434337116
  },
  "keyword_args": {
    "mean": 248.87825134800565,
    "rsd_pct": 0.13355143146172582
  },
  "respond_to": {
    "mean": 166.92465797320685,
    "rsd_pct": 0.23474705285011122
  },
  "setivar": {
    "mean": 41.27430938818353,
    "rsd_pct": 0.07815809581691421
  }
}