{
  "activerecord": {
    "mean": 141.62170236035718,
    "rsd_pct": 0.2261475093266897,
    "micro": false
  },
  "erubi_rails": {
    "mean": 43.67972854906135,
    "rsd_pct": 2.1699947159149025,
    "micro": false
  },
  "hexapdf": {
    "mean": 5685.795838261644,
    "rsd_pct": 2.050862026692086,
    "micro": false
  },
  "liquid-c": {
    "mean": 187.1709973821717,
    "rsd_pct": 1.8204245903294087,
    "micro": false
  },
  "liquid-compile": {
    "mean": 162.70722647507986,
    "rsd_pct": 1.0127488287317805,
    "micro": false
  },
  "liquid-render": {
    "mean": 336.69735367742845,
    "rsd_pct": 2.3689357140859113,
    "micro": false
  },
  "mail": {
    "mean": 362.81101926206014,
    "rsd_pct": 0.15498940513660892,
    "micro": false
  },
  "psych-load": {
    "mean": 5090.167285129428,
    "rsd_pct": 0.09145625219458432,
    "micro": false
  },
  "railsbench": {
    "mean": 5250.007297098637,
    "rsd_pct": 0.7477166133961256,
    "micro": false
  },
  "ruby-lsp": {
    "mean": 173.86462228638786,
    "rsd_pct": 12.922673285661059,
    "micro": false
  },
  "sequel": {
    "mean": 197.44621232982624,
    "rsd_pct": 0.189260251014037,
    "micro": false
  },
  "binarytrees": {
    "mean": 488.1503884257241,
    "rsd_pct": 0.18993302754324926,
    "micro": false
  },
  "chunky_png": {
    "mean": 1369.5864846196139,
    "rsd_pct": 0.07928951873992565,
    "micro": false
  },
  "erubi": {
    "mean": 557.4042206773391,
    "rsd_pct": 0.8889736462135915,
    "micro": false
  },
  "etanni": {
    "mean": 916.1301999095273,
    "rsd_pct": 0.3958358919511071,
    "micro": false
  },
  "fannkuchredux": {
    "mean": 1552.183552716787,
    "rsd_pct": 0.25316157104811016,
    "micro": false
  },
  "lee": {
    "mean": 2183.8625888763504,
    "rsd_pct": 0.2853192053984334,
    "micro": false
  },
  "nbody": {
    "mean": 161.94333979446026,
    "rsd_pct": 0.027701204697561703,
    "micro": false
  },
  "optcarrot": {
    "mean": 8578.834993640581,
    "rsd_pct": 0.647963553124215,
    "micro": false
  },
  "ruby-json": {
    "mean": 7755.471526707212,
    "rsd_pct": 0.32789296314381106,
    "micro": false
  },
  "rubykon": {
    "mean": 19230.271888772648,
    "rsd_pct": 0.3659410827479898,
    "micro": false
  },
  "30k_ifelse": {
    "mean": 1720.9702650593085,
    "rsd_pct": 0.028640607644207127,
    "micro": true
  },
  "30k_methods": {
    "mean": 3615.54945041628,
    "rsd_pct": 0.09006751519500944,
    "micro": true
  },
  "cfunc_itself": {
    "mean": 85.21251989174962,
    "rsd_pct": 0.07445208264946218,
    "micro": true
  },
  "fib": {
    "mean": 137.52598835343724,
    "rsd_pct": 0.006610239342055875,
    "micro": true
  },
  "getivar": {
    "mean": 52.344351682973944,
    "rsd_pct": 0.0323166064457615,
    "micro": true
  },
  "keyword_args": {
    "mean": 132.83562642499442,
    "rsd_pct": 0.13215182309588244,
    "micro": true
  },
  "respond_to": {
    "mean": 78.49965216058075,
    "rsd_pct": 1.0032190591762433,
    "micro": true
  },
  "setivar": {
    "mean": 32.85193054567537,
    "rsd_pct": 0.01590666173536394,
    "micro": true
  },
  "setivar_object": {
    "mean": 120.67347175131242,
    "rsd_pct": 1.1820516353185238,
    "micro": true
  },
  "setivar_young": {
    "mean": 117.94278697223113,
    "rsd_pct": 0.007233496677332079,
    "micro": true
  },
  "str_concat": {
    "mean": 89.1841042449669,
    "rsd_pct": 1.1453442652502885,
    "micro": true
  },
  "throw": {
    "mean": 49.328042798047285,
    "rsd_pct": 0.16418286564412354,
    "micro": true
  }
}