{
  "activerecord": {
    "mean": 103.14539284205314,
    "rsd_pct": 0.5477809675747365,
    "micro": false
  },
  "hexapdf": {
    "mean": 2407.208245744308,
    "rsd_pct": 1.9771939525980062,
    "micro": false
  },
  "liquid-render": {
    "mean": 125.66824833521191,
    "rsd_pct": 1.6716188608451936,
    "micro": false
  },
  "mail": {
    "mean": 156.28918654778425,
    "rsd_pct": 0.16491979097348297,
    "micro": false
  },
  "psych-load": {
    "mean": 2182.4520180622735,
    "rsd_pct": 0.03426049880482234,
    "micro": false
  },
  "railsbench": {
    "mean": 2111.06061860919,
    "rsd_pct": 1.2667503478277258,
    "micro": false
  },
  "binarytrees": {
    "mean": 367.0434008236043,
    "rsd_pct": 0.06258454963423389,
    "micro": false
  },
  "chunky_png": {
    "mean": 645.3980129212141,
    "rsd_pct": 0.15185731014614423,
    "micro": false
  },
  "erubi": {
    "mean": 323.6878927125305,
    "rsd_pct": 0.6306536641745897,
    "micro": false
  },
  "erubi_rails": {
    "mean": 19.051694668298282,
    "rsd_pct": 3.613397743051915,
    "micro": false
  },
  "fannkuchredux": {
    "mean": 2364.8851660390696,
    "rsd_pct": 0.09329028967850345,
    "micro": false
  },
  "lee": {
    "mean": 940.46725705266,
    "rsd_pct": 1.5060516338851666,
    "micro": false
  },
  "nbody": {
    "mean": 95.66890917547786,
    "rsd_pct": 0.08072939154982688,
    "micro": false
  },
  "optcarrot": {
    "mean": 3461.303764830033,
    "rsd_pct": 0.5949751158193791,
    "micro": false
  },
  "rubykon": {
    "mean": 6706.5298818051815,
    "rsd_pct": 0.6600527244593754,
    "micro": false
  },
  "30k_ifelse": {
    "mean": 370.2401114662863,
    "rsd_pct": 0.08347214577517265,
    "micro": true
  },
  "30k_methods": {
    "mean": 786.3921681046486,
    "rsd_pct": 0.020894505783176486,
    "micro": true
  },
  "cfunc_itself": {
    "mean": 44.36301498820907,
    "rsd_pct": 0.5035375710037375,
    "micro": true
  },
  "fib": {
    "mean": 64.73566174603589,
    "rsd_pct": 0.16176987775001037,
    "micro": true
  },
  "getivar": {
    "mean": 42.62540036681364,
    "rsd_pct": 0.050226129947876896,
    "micro": true
  },
  "keyword_args": {
    "mean": 52.88188988611767,
    "rsd_pct": 0.11828610846285932,
    "micro": true
  },
  "respond_to": {
    "mean": 194.24927706519762,
    "rsd_pct": 0.07948210397968862,
    "micro": true
  },
  "setivar": {
    "mean": 42.898246583032915,
    "rsd_pct": 0.3114187969361575,
    "micro": true
  },
  "str_concat": {
    "mean": 41.963259381997695,
    "rsd_pct": 1.4717862176707104,
    "micro": true
  }
}