{
  "activerecord": {
    "mean": 143.63524978718928,
    "rsd_pct": 0.23071712721805038,
    "micro": false
  },
  "erubi_rails": {
    "mean": 44.92985130055757,
    "rsd_pct": 1.9795316455096732,
    "micro": false
  },
  "hexapdf": {
    "mean": 5724.053279682994,
    "rsd_pct": 2.4604922683744213,
    "micro": false
  },
  "liquid-c": {
    "mean": 189.28567842422854,
    "rsd_pct": 1.7450240765081029,
    "micro": false
  },
  "liquid-compile": {
    "mean": 162.68774723438057,
    "rsd_pct": 0.6764020037573218,
    "micro": false
  },
  "liquid-render": {
    "mean": 356.3307772248821,
    "rsd_pct": 2.19675500849672,
    "micro": false
  },
  "mail": {
    "mean": 362.2883824331145,
    "rsd_pct": 0.15545390021050554,
    "micro": false
  },
  "psych-load": {
    "mean": 5241.4506914714975,
    "rsd_pct": 0.06942904857992091,
    "micro": false
  },
  "railsbench": {
    "mean": 5299.858012174566,
    "rsd_pct": 0.7131599438876651,
    "micro": false
  },
  "ruby-lsp": {
    "mean": 174.27798384005388,
    "rsd_pct": 11.85407682047289,
    "micro": false
  },
  "sequel": {
    "mean": 198.78264099864637,
    "rsd_pct": 0.27926907171869153,
    "micro": false
  },
  "binarytrees": {
    "mean": 492.2026506074789,
    "rsd_pct": 0.1436663770785721,
    "micro": false
  },
  "chunky_png": {
    "mean": 1482.402575450639,
    "rsd_pct": 0.13201712888612407,
    "micro": false
  },
  "erubi": {
    "mean": 558.5894457136209,
    "rsd_pct": 0.9000913056562163,
    "micro": false
  },
  "etanni": {
    "mean": 910.229726616914,
    "rsd_pct": 0.454032195131972,
    "micro": false
  },
  "fannkuchredux": {
    "mean": 1486.7630361765623,
    "rsd_pct": 0.26499995490860767,
    "micro": false
  },
  "lee": {
    "mean": 2225.450070663577,
    "rsd_pct": 0.265154449230683,
    "micro": false
  },
  "nbody": {
    "mean": 157.24077435313828,
    "rsd_pct": 0.07060397970726608,
    "micro": false
  },
  "optcarrot": {
    "mean": 8532.941596830884,
    "rsd_pct": 0.5148337415858263,
    "micro": false
  },
  "ruby-json": {
    "mean": 8724.344668909907,
    "rsd_pct": 0.4004713466957409,
    "micro": false
  },
  "rubykon": {
    "mean": 18899.356190363567,
    "rsd_pct": 0.36016647811263514,
    "micro": false
  },
  "30k_ifelse": {
    "mean": 1601.6402697359974,
    "rsd_pct": 0.034121507845930474,
    "micro": true
  },
  "30k_methods": {
    "mean": 3449.0257796386013,
    "rsd_pct": 0.05808860978505069,
    "micro": true
  },
  "cfunc_itself": {
    "mean": 86.83700814499964,
    "rsd_pct": 0.037093625380003326,
    "micro": true
  },
  "fib": {
    "mean": 123.68424042610319,
    "rsd_pct": 0.07385101809387107,
    "micro": true
  },
  "getivar": {
    "mean": 40.46642483777148,
    "rsd_pct": 0.015259686177057113,
    "micro": true
  },
  "keyword_args": {
    "mean": 127.65117915587847,
    "rsd_pct": 0.06050423809973815,
    "micro": true
  },
  "respond_to": {
    "mean": 73.02903080463106,
    "rsd_pct": 1.2880429659924792,
    "micro": true
  },
  "setivar": {
    "mean": 30.894215544434314,
    "rsd_pct": 0.01695017363814569,
    "micro": true
  },
  "setivar_object": {
    "mean": 116.05247714182484,
    "rsd_pct": 1.461562041766381,
    "micro": true
  },
  "setivar_young": {
    "mean": 113.14349816086055,
    "rsd_pct": 0.019291319555785544,
    "micro": true
  },
  "str_concat": {
    "mean": 83.34572751169341,
    "rsd_pct": 0.9502699138638044,
    "micro": true
  },
  "throw": {
    "mean": 49.52505184054592,
    "rsd_pct": 0.16879107242002614,
    "micro": true
  }
}