{
  "cfunc_itself.rb": {
    "mean": 41.79764107261389,
    "rsd_pct": 0.27956134692587015
  },
  "fib.rb": {
    "mean": 62.997310914291226,
    "rsd_pct": 0.041178112091827944
  },
  "getivar.rb": {
    "mean": 36.26296288800376,
    "rsd_pct": 0.04207456397450908
  },
  "respond_to.rb": {
    "mean": 161.14753772980413,
    "rsd_pct": 0.17581618067872315
  },
  "setivar.rb": {
    "mean": 44.71328124182415,
    "rsd_pct": 0.22411118729895144
  },
  "30k_methods.rb": {
    "mean": 748.083639650277,
    "rsd_pct": 0.021973759277863623
  },
  "30k_ifelse.rb": {
    "mean": 348.5140229545613,
    "rsd_pct": 0.22403368298639806
  },
  "fannkuchredux": {
    "mean": 5652.129873301601,
    "rsd_pct": 0.05960967200662501
  },
  "nbody": {
    "mean": 110.94050878987032,
    "rsd_pct": 0.03285247718190426
  },
  "binarytrees": {
    "mean": 317.2116250014987,
    "rsd_pct": 1.5362121488826714
  },
  "psych-load": {
    "mean": 1826.1521364969667,
    "rsd_pct": 0.5457224275867774
  },
  "lee": {
    "mean": 1013.3359126921277,
    "rsd_pct": 1.4092475583492967
  },
  "liquid-render": {
    "mean": 151.87127352596764,
    "rsd_pct": 1.8961796870554548
  },
  "activerecord": {
    "mean": 117.51364559688611,
    "rsd_pct": 2.095145730830793
  },
  "optcarrot": {
    "mean": 3214.131467603147,
    "rsd_pct": 0.28882965317279286
  },
  "jekyll": {
    "mean": 7717.568630102323,
    "rsd_pct": 2.7083567966632835
  },
  "railsbench": {
    "mean": 2797.641230613226,
    "rsd_pct": 1.3334134562983788
  }
}