{
  "activerecord": {
    "mean": 113.40355572401215,
    "rsd_pct": 0.48604910971544407,
    "micro": false
  },
  "hexapdf": {
    "mean": 2362.156983589133,
    "rsd_pct": 1.9339681012712504,
    "micro": false
  },
  "liquid-render": {
    "mean": 126.7455835074473,
    "rsd_pct": 1.8688324909940424,
    "micro": false
  },
  "mail": {
    "mean": 160.60227077198965,
    "rsd_pct": 0.3422176198001665,
    "micro": false
  },
  "psych-load": {
    "mean": 2072.7168548852205,
    "rsd_pct": 0.04558715983314156,
    "micro": false
  },
  "railsbench": {
    "mean": 2206.0277769962945,
    "rsd_pct": 1.3766687166013063,
    "micro": false
  },
  "binarytrees": {
    "mean": 336.6998207984843,
    "rsd_pct": 0.16291475764851462,
    "micro": false
  },
  "chunky_png": {
    "mean": 670.0973336584866,
    "rsd_pct": 0.10494378448022053,
    "micro": false
  },
  "discourse": {
    "mean": 741.4836665779791,
    "rsd_pct": 13.758992324679388,
    "micro": false
  },
  "erubi": {
    "mean": 420.76106589446044,
    "rsd_pct": 0.811104169829363,
    "micro": false
  },
  "erubi_rails": {
    "mean": 21.607360691134392,
    "rsd_pct": 3.268133876997856,
    "micro": false
  },
  "fannkuchredux": {
    "mean": 6996.275600759934,
    "rsd_pct": 0.23638503881100995,
    "micro": false
  },
  "lee": {
    "mean": 889.6902674724432,
    "rsd_pct": 1.2134425257347434,
    "micro": false
  },
  "nbody": {
    "mean": 87.45199141853398,
    "rsd_pct": 0.45854454459445143,
    "micro": false
  },
  "optcarrot": {
    "mean": 3571.7769575926163,
    "rsd_pct": 0.5899150123920404,
    "micro": false
  },
  "rubykon": {
    "mean": 6407.5000357503695,
    "rsd_pct": 0.3512151923484506,
    "micro": false
  },
  "30k_ifelse": {
    "mean": 354.73427363586694,
    "rsd_pct": 0.16617368651955422,
    "micro": true
  },
  "30k_methods": {
    "mean": 881.1963587703013,
    "rsd_pct": 0.054156882140956854,
    "micro": true
  },
  "cfunc_itself": {
    "mean": 45.0355255457742,
    "rsd_pct": 0.9694131626355266,
    "micro": true
  },
  "fib": {
    "mean": 62.484434578800574,
    "rsd_pct": 0.5574773756054523,
    "micro": true
  },
  "getivar": {
    "mean": 42.55493019631355,
    "rsd_pct": 0.6690235157943832,
    "micro": true
  },
  "keyword_args": {
    "mean": 53.98534352580706,
    "rsd_pct": 0.6508739786981222,
    "micro": true
  },
  "respond_to": {
    "mean": 196.23099030543338,
    "rsd_pct": 0.4855060682334402,
    "micro": true
  },
  "setivar": {
    "mean": 53.18857665687206,
    "rsd_pct": 0.6454719276200632,
    "micro": true
  }
}