{
  "activerecord": {
    "mean": 111.8808578832086,
    "rsd_pct": 1.9734832430669442
  },
  "hexapdf": {
    "mean": 2232.16135725379,
    "rsd_pct": 1.6248473923198894
  },
  "jekyll": {
    "mean": 7604.0354940108955,
    "rsd_pct": 1.4621423940936675
  },
  "liquid-render": {
    "mean": 130.30726039626947,
    "rsd_pct": 2.8005538551062314
  },
  "mail": {
    "mean": 141.19332335633405,
    "rsd_pct": 0.4341833932954726
  },
  "psych-load": {
    "mean": 1742.5851543433964,
    "rsd_pct": 0.24124529416251375
  },
  "railsbench": {
    "mean": 2483.4047521464527,
    "rsd_pct": 1.3842907633215409
  },
  "binarytrees": {
    "mean": 303.5958306032366,
    "rsd_pct": 2.4487074176763453
  },
  "fannkuchredux": {
    "mean": 5412.945609353483,
    "rsd_pct": 0.032052545804728126
  },
  "lee": {
    "mean": 818.9858350281914,
    "rsd_pct": 1.2217384990621987
  },
  "nbody": {
    "mean": 75.34418881186866,
    "rsd_pct": 0.030634014885815727
  },
  "optcarrot": {
    "mean": 3198.5194394364953,
    "rsd_pct": 0.5538881331036543
  },
  "30k_ifelse": {
    "mean": 323.8759274021364,
    "rsd_pct": 0.31104868902364047
  },
  "30k_methods": {
    "mean": 753.6435079596498,
    "rsd_pct": 0.04634248611397885
  },
  "cfunc_itself": {
    "mean": 38.693532904268366,
    "rsd_pct": 0.2722666645055894
  },
  "fib": {
    "mean": 52.004139679173626,
    "rsd_pct": 0.054331422361284416
  },
  "getivar": {
    "mean": 36.25747804936648,
    "rsd_pct": 0.0447428211439706
  },
  "keyword_args": {
    "mean": 45.69741205321016,
    "rsd_pct": 0.08163543041558077
  },
  "respond_to": {
    "mean": 164.74876369050304,
    "rsd_pct": 0.3655271640013588
  },
  "setivar": {
    "mean": 42.260590421048114,
    "rsd_pct": 0.10912216826579234
  }
}