{
  "activerecord": {
    "mean": 103.64291152346352,
    "rsd_pct": 0.5699719660035059,
    "micro": false
  },
  "hexapdf": {
    "mean": 2054.1056970134377,
    "rsd_pct": 2.204156372815804,
    "micro": false
  },
  "liquid-c": {
    "mean": 58.045424832320634,
    "rsd_pct": 2.049156743652019,
    "micro": false
  },
  "liquid-render": {
    "mean": 103.62884444960703,
    "rsd_pct": 2.7373817833407292,
    "micro": false
  },
  "mail": {
    "mean": 130.62873071217848,
    "rsd_pct": 0.3527526609666521,
    "micro": false
  },
  "psych-load": {
    "mean": 1824.2572637274861,
    "rsd_pct": 0.12700274394496053,
    "micro": false
  },
  "railsbench": {
    "mean": 1823.3664479727547,
    "rsd_pct": 1.2702752332098044,
    "micro": false
  },
  "ruby-lsp": {
    "mean": 58.4890501016527,
    "rsd_pct": 19.696819491653553,
    "micro": false
  },
  "sequel": {
    "mean": 160.8215473937772,
    "rsd_pct": 2.340569705155257,
    "micro": false
  },
  "binarytrees": {
    "mean": 237.26125783560906,
    "rsd_pct": 0.06619786896404092,
    "micro": false
  },
  "chunky_png": {
    "mean": 625.2602499218717,
    "rsd_pct": 0.05697307371891756,
    "micro": false
  },
  "erubi": {
    "mean": 250.69040498929098,
    "rsd_pct": 0.9336607523366476,
    "micro": false
  },
  "erubi_rails": {
    "mean": 15.425155026650476,
    "rsd_pct": 3.2992562777072703,
    "micro": false
  },
  "etanni": {
    "mean": 411.0296513924065,
    "rsd_pct": 0.4636623761573477,
    "micro": false
  },
  "fannkuchredux": {
    "mean": 840.8932776554772,
    "rsd_pct": 0.09098508390616693,
    "micro": false
  },
  "lee": {
    "mean": 920.0341631436631,
    "rsd_pct": 0.3203518543445815,
    "micro": false
  },
  "nbody": {
    "mean": 73.74590137320112,
    "rsd_pct": 0.09376780086528969,
    "micro": false
  },
  "optcarrot": {
    "mean": 2594.620944559574,
    "rsd_pct": 0.6762541444219513,
    "micro": false
  },
  "ruby-json": {
    "mean": 3041.5378907695413,
    "rsd_pct": 0.23670544928755766,
    "micro": false
  },
  "rubykon": {
    "mean": 6491.024460208912,
    "rsd_pct": 0.8795424665886987,
    "micro": false
  },
  "30k_ifelse": {
    "mean": 422.3607248289788,
    "rsd_pct": 0.07701270060473264,
    "micro": true
  },
  "30k_methods": {
    "mean": 943.5260504306782,
    "rsd_pct": 0.057165103921464955,
    "micro": true
  },
  "cfunc_itself": {
    "mean": 41.839641933250476,
    "rsd_pct": 0.2973681060632819,
    "micro": true
  },
  "fib": {
    "mean": 61.688941857421106,
    "rsd_pct": 0.08549645642472352,
    "micro": true
  },
  "getivar": {
    "mean": 45.796295277637626,
    "rsd_pct": 0.06450288342928963,
    "micro": true
  },
  "keyword_args": {
    "mean": 53.680025368324806,
    "rsd_pct": 0.26842565134312496,
    "micro": true
  },
  "respond_to": {
    "mean": 30.90736715830574,
    "rsd_pct": 0.37580862837852613,
    "micro": true
  },
  "setivar": {
    "mean": 14.81036138203409,
    "rsd_pct": 0.14555147807340268,
    "micro": true
  },
  "setivar_object": {
    "mean": 48.342851951231246,
    "rsd_pct": 3.0671795332940563,
    "micro": true
  },
  "str_concat": {
    "mean": 42.314276305724306,
    "rsd_pct": 1.535415608412155,
    "micro": true
  },
  "throw": {
    "mean": 22.876658409095963,
    "rsd_pct": 0.24137726064478132,
    "micro": true
  }
}