{
  "activerecord": {
    "mean": 141.1536295523411,
    "rsd_pct": 0.24748812773554202,
    "micro": false
  },
  "erubi_rails": {
    "mean": 43.241456911588706,
    "rsd_pct": 2.2696615176266324,
    "micro": false
  },
  "hexapdf": {
    "mean": 5612.942382569115,
    "rsd_pct": 2.542648032818713,
    "micro": false
  },
  "liquid-c": {
    "mean": 184.87153554188615,
    "rsd_pct": 1.8593703772014267,
    "micro": false
  },
  "liquid-compile": {
    "mean": 164.55528313252196,
    "rsd_pct": 0.607625196769906,
    "micro": false
  },
  "liquid-render": {
    "mean": 339.4044516369318,
    "rsd_pct": 2.3474430033566542,
    "micro": false
  },
  "mail": {
    "mean": 357.9782860911196,
    "rsd_pct": 0.4316195911176806,
    "micro": false
  },
  "psych-load": {
    "mean": 5089.959320550163,
    "rsd_pct": 0.06629218804494978,
    "micro": false
  },
  "railsbench": {
    "mean": 5199.78126262625,
    "rsd_pct": 0.7643209487129741,
    "micro": false
  },
  "ruby-lsp": {
    "mean": 173.0732260804091,
    "rsd_pct": 12.99265060974298,
    "micro": false
  },
  "sequel": {
    "mean": 196.79414738780585,
    "rsd_pct": 0.17348100562394297,
    "micro": false
  },
  "binarytrees": {
    "mean": 496.0153355273638,
    "rsd_pct": 0.5209106580266467,
    "micro": false
  },
  "chunky_png": {
    "mean": 1362.9653549216914,
    "rsd_pct": 0.14826215710459162,
    "micro": false
  },
  "erubi": {
    "mean": 569.5889395296197,
    "rsd_pct": 0.8140411222638201,
    "micro": false
  },
  "etanni": {
    "mean": 899.4714729487896,
    "rsd_pct": 0.4392382785529502,
    "micro": false
  },
  "fannkuchredux": {
    "mean": 1582.1157644689083,
    "rsd_pct": 0.05051972831878439,
    "micro": false
  },
  "lee": {
    "mean": 2152.2972886873918,
    "rsd_pct": 0.2755504302533646,
    "micro": false
  },
  "nbody": {
    "mean": 156.91737290400425,
    "rsd_pct": 0.0921750013259565,
    "micro": false
  },
  "optcarrot": {
    "mean": 8670.589024821917,
    "rsd_pct": 0.6597571080794854,
    "micro": false
  },
  "ruby-json": {
    "mean": 8066.241103038192,
    "rsd_pct": 0.07931601418220045,
    "micro": false
  },
  "rubykon": {
    "mean": 18855.53247121473,
    "rsd_pct": 0.37717493777823474,
    "micro": false
  },
  "30k_ifelse": {
    "mean": 1714.317428049716,
    "rsd_pct": 0.03977749036999076,
    "micro": true
  },
  "30k_methods": {
    "mean": 3649.7320920714865,
    "rsd_pct": 0.06147566555924691,
    "micro": true
  },
  "cfunc_itself": {
    "mean": 81.70353150872172,
    "rsd_pct": 0.029195219429471137,
    "micro": true
  },
  "fib": {
    "mean": 137.52729008706768,
    "rsd_pct": 0.006861081462655492,
    "micro": true
  },
  "getivar": {
    "mean": 52.36427290335282,
    "rsd_pct": 0.016448633393736603,
    "micro": true
  },
  "keyword_args": {
    "mean": 127.81100953445555,
    "rsd_pct": 0.05560170630176088,
    "micro": true
  },
  "respond_to": {
    "mean": 69.69979790999193,
    "rsd_pct": 0.5806459479492359,
    "micro": true
  },
  "setivar": {
    "mean": 32.851843376787535,
    "rsd_pct": 0.015421584834202237,
    "micro": true
  },
  "setivar_object": {
    "mean": 120.63420135355382,
    "rsd_pct": 1.204419777981147,
    "micro": true
  },
  "setivar_young": {
    "mean": 117.93853267063868,
    "rsd_pct": 0.009098005848398977,
    "micro": true
  },
  "str_concat": {
    "mean": 85.08824583558729,
    "rsd_pct": 0.9558187666926896,
    "micro": true
  },
  "throw": {
    "mean": 49.625811220534395,
    "rsd_pct": 0.1613984428559403,
    "micro": true
  }
}