{
  "activerecord": {
    "mean": 142.85672104795484,
    "rsd_pct": 0.23158276820141174,
    "micro": false
  },
  "erubi_rails": {
    "mean": 44.49063397742455,
    "rsd_pct": 2.19210947607154,
    "micro": false
  },
  "hexapdf": {
    "mean": 5721.174399803082,
    "rsd_pct": 1.9798092221750418,
    "micro": false
  },
  "liquid-c": {
    "mean": 183.90540014897476,
    "rsd_pct": 1.8632217614909519,
    "micro": false
  },
  "liquid-render": {
    "mean": 338.4560902308615,
    "rsd_pct": 2.33345755608115,
    "micro": false
  },
  "mail": {
    "mean": 368.81491732903015,
    "rsd_pct": 0.4271664999011063,
    "micro": false
  },
  "psych-load": {
    "mean": 5070.380995422602,
    "rsd_pct": 0.10961708504257706,
    "micro": false
  },
  "railsbench": {
    "mean": 5248.646986484528,
    "rsd_pct": 0.7968311775154062,
    "micro": false
  },
  "ruby-lsp": {
    "mean": 174.7274170017668,
    "rsd_pct": 12.355506870920543,
    "micro": false
  },
  "sequel": {
    "mean": 196.35005281385727,
    "rsd_pct": 0.1704440029767071,
    "micro": false
  },
  "binarytrees": {
    "mean": 498.60995158899664,
    "rsd_pct": 0.2949577320992963,
    "micro": false
  },
  "chunky_png": {
    "mean": 1369.9065613362825,
    "rsd_pct": 0.04363899325597651,
    "micro": false
  },
  "erubi": {
    "mean": 540.6995930302984,
    "rsd_pct": 0.8445323296251189,
    "micro": false
  },
  "etanni": {
    "mean": 910.7030948742907,
    "rsd_pct": 0.5155899223104827,
    "micro": false
  },
  "fannkuchredux": {
    "mean": 1495.610477331166,
    "rsd_pct": 0.19977376181858364,
    "micro": false
  },
  "lee": {
    "mean": 2141.4321002296424,
    "rsd_pct": 0.20835692555838864,
    "micro": false
  },
  "nbody": {
    "mean": 156.04502295092163,
    "rsd_pct": 0.054605945753989645,
    "micro": false
  },
  "optcarrot": {
    "mean": 8373.26431038479,
    "rsd_pct": 0.6636564732867382,
    "micro": false
  },
  "ruby-json": {
    "mean": 8510.011396432916,
    "rsd_pct": 0.15288815093366814,
    "micro": false
  },
  "rubykon": {
    "mean": 19290.084595109027,
    "rsd_pct": 0.3581286169360592,
    "micro": false
  },
  "30k_ifelse": {
    "mean": 1718.8620670275254,
    "rsd_pct": 0.02527742168096097,
    "micro": true
  },
  "30k_methods": {
    "mean": 3612.0612023641233,
    "rsd_pct": 0.08576318116619427,
    "micro": true
  },
  "cfunc_itself": {
    "mean": 81.82837343489638,
    "rsd_pct": 0.13706676687551178,
    "micro": true
  },
  "fib": {
    "mean": 137.52779314357244,
    "rsd_pct": 0.0069447975213499675,
    "micro": true
  },
  "getivar": {
    "mean": 52.33728023234016,
    "rsd_pct": 0.03460401993789506,
    "micro": true
  },
  "keyword_args": {
    "mean": 127.48751079795704,
    "rsd_pct": 0.016626816903196666,
    "micro": true
  },
  "respond_to": {
    "mean": 70.06204133216715,
    "rsd_pct": 2.6860298248390353,
    "micro": true
  },
  "setivar": {
    "mean": 32.85136216179868,
    "rsd_pct": 0.0160676233984532,
    "micro": true
  },
  "setivar_object": {
    "mean": 120.58232593867514,
    "rsd_pct": 1.2186061604758078,
    "micro": true
  },
  "setivar_young": {
    "mean": 117.94330111046418,
    "rsd_pct": 0.00857123766869671,
    "micro": true
  },
  "str_concat": {
    "mean": 85.15651769541353,
    "rsd_pct": 0.8710574192230048,
    "micro": true
  },
  "throw": {
    "mean": 50.58873129168388,
    "rsd_pct": 0.152156103540785,
    "micro": true
  }
}