{
  "activerecord": {
    "mean": 112.23096021145967,
    "rsd_pct": 0.49494593915055474,
    "micro": false
  },
  "hexapdf": {
    "mean": 2381.2417606357485,
    "rsd_pct": 1.5111211417504142,
    "micro": false
  },
  "liquid-render": {
    "mean": 130.44303768584805,
    "rsd_pct": 1.9652488090976186,
    "micro": false
  },
  "mail": {
    "mean": 162.84517001849218,
    "rsd_pct": 0.34723324895965313,
    "micro": false
  },
  "psych-load": {
    "mean": 1941.7673661839217,
    "rsd_pct": 0.042269380037546544,
    "micro": false
  },
  "railsbench": {
    "mean": 2204.416385075698,
    "rsd_pct": 1.3196428926826278,
    "micro": false
  },
  "binarytrees": {
    "mean": 361.3110788632184,
    "rsd_pct": 0.5277307119016983,
    "micro": false
  },
  "discourse": {
    "mean": 616.9089352091154,
    "rsd_pct": 15.08145796094264,
    "micro": false
  },
  "erubi": {
    "mean": 411.6518118826207,
    "rsd_pct": 0.7030530155463044,
    "micro": false
  },
  "erubi_rails": {
    "mean": 20.793282129883842,
    "rsd_pct": 3.3215240894040186,
    "micro": false
  },
  "fannkuchredux": {
    "mean": 6844.212623918429,
    "rsd_pct": 0.06899847332943759,
    "micro": false
  },
  "lee": {
    "mean": 912.1631818125024,
    "rsd_pct": 1.5053399171612176,
    "micro": false
  },
  "nbody": {
    "mean": 86.70956092945038,
    "rsd_pct": 0.4594801960560721,
    "micro": false
  },
  "optcarrot": {
    "mean": 3704.0277887290963,
    "rsd_pct": 0.5524597405631042,
    "micro": false
  },
  "rubykon": {
    "mean": 6439.475341855238,
    "rsd_pct": 0.3034670371599117,
    "micro": false
  },
  "30k_ifelse": {
    "mean": 358.41166252201356,
    "rsd_pct": 0.15505349274270594,
    "micro": true
  },
  "30k_methods": {
    "mean": 879.8836862181568,
    "rsd_pct": 0.06452882944075711,
    "micro": true
  },
  "cfunc_itself": {
    "mean": 45.44612269950415,
    "rsd_pct": 0.8964893189525803,
    "micro": true
  },
  "fib": {
    "mean": 62.480192705697846,
    "rsd_pct": 0.5467164504796997,
    "micro": true
  },
  "getivar": {
    "mean": 42.55047933471323,
    "rsd_pct": 0.6462820068753629,
    "micro": true
  },
  "keyword_args": {
    "mean": 53.00770514771681,
    "rsd_pct": 0.6497781285555343,
    "micro": true
  },
  "respond_to": {
    "mean": 194.7353849730765,
    "rsd_pct": 0.24727708459438563,
    "micro": true
  },
  "setivar": {
    "mean": 52.58457491107738,
    "rsd_pct": 0.5942824303712333,
    "micro": true
  }
}