{
  "activerecord": {
    "mean": 108.41008325875865,
    "rsd_pct": 0.48652047998262465,
    "micro": false
  },
  "hexapdf": {
    "mean": 2041.881873831153,
    "rsd_pct": 1.8885296418784583,
    "micro": false
  },
  "liquid-c": {
    "mean": 60.380438482807115,
    "rsd_pct": 2.0613521495787053,
    "micro": false
  },
  "liquid-render": {
    "mean": 110.79489130505853,
    "rsd_pct": 2.2836395757450605,
    "micro": false
  },
  "mail": {
    "mean": 136.70927606290206,
    "rsd_pct": 0.15903525236174748,
    "micro": false
  },
  "psych-load": {
    "mean": 1767.5225196871907,
    "rsd_pct": 0.03472833894366897,
    "micro": false
  },
  "railsbench": {
    "mean": 1883.302781622236,
    "rsd_pct": 1.5450842425801732,
    "micro": false
  },
  "ruby-lsp": {
    "mean": 66.6978328759754,
    "rsd_pct": 20.06121570783168,
    "micro": false
  },
  "sequel": {
    "mean": 148.06144779724795,
    "rsd_pct": 1.9490051043209036,
    "micro": false
  },
  "binarytrees": {
    "mean": 231.13480676246067,
    "rsd_pct": 0.053823312262041505,
    "micro": false
  },
  "chunky_png": {
    "mean": 622.7168466505265,
    "rsd_pct": 0.06322446155481692,
    "micro": false
  },
  "erubi": {
    "mean": 244.25298468962026,
    "rsd_pct": 0.8601635819407498,
    "micro": false
  },
  "erubi_rails": {
    "mean": 16.351039574964428,
    "rsd_pct": 3.3899039397120294,
    "micro": false
  },
  "etanni": {
    "mean": 399.4478537530011,
    "rsd_pct": 0.4443755948014193,
    "micro": false
  },
  "fannkuchredux": {
    "mean": 904.1590720548162,
    "rsd_pct": 0.08701468181497066,
    "micro": false
  },
  "lee": {
    "mean": 924.5442646576769,
    "rsd_pct": 0.1339381479845445,
    "micro": false
  },
  "nbody": {
    "mean": 75.68560792468347,
    "rsd_pct": 0.06014021147039998,
    "micro": false
  },
  "optcarrot": {
    "mean": 8434.798295392344,
    "rsd_pct": 0.20533353833940912,
    "micro": false
  },
  "rubykon": {
    "mean": 6661.549048343052,
    "rsd_pct": 0.4425860413485865,
    "micro": false
  },
  "30k_ifelse": {
    "mean": 421.4684367724793,
    "rsd_pct": 0.08453421347331075,
    "micro": true
  },
  "30k_methods": {
    "mean": 958.3302615676075,
    "rsd_pct": 0.04076752729503559,
    "micro": true
  },
  "cfunc_itself": {
    "mean": 42.55342948430729,
    "rsd_pct": 0.11490653234158452,
    "micro": true
  },
  "fib": {
    "mean": 62.16305224486044,
    "rsd_pct": 0.08600292004221853,
    "micro": true
  },
  "getivar": {
    "mean": 45.791427861715434,
    "rsd_pct": 0.14337421669985675,
    "micro": true
  },
  "keyword_args": {
    "mean": 53.680180040238476,
    "rsd_pct": 0.1796217210602581,
    "micro": true
  },
  "respond_to": {
    "mean": 31.06098522278379,
    "rsd_pct": 0.3538956505415524,
    "micro": true
  },
  "setivar": {
    "mean": 14.91257769043858,
    "rsd_pct": 0.07570227667619238,
    "micro": true
  },
  "setivar_object": {
    "mean": 45.87877120307233,
    "rsd_pct": 0.04054164416722187,
    "micro": true
  },
  "str_concat": {
    "mean": 39.645486729633475,
    "rsd_pct": 1.384963882300687,
    "micro": true
  }
}