{
  "activerecord": {
    "mean": 106.6306846076122,
    "rsd_pct": 0.45425693493699776,
    "micro": false
  },
  "hexapdf": {
    "mean": 2157.727536186576,
    "rsd_pct": 1.9847817203298397,
    "micro": false
  },
  "jekyll": {
    "mean": 7436.797343070309,
    "rsd_pct": 3.167938446879524,
    "micro": false
  },
  "liquid-render": {
    "mean": 114.91225210683686,
    "rsd_pct": 2.1400680553405804,
    "micro": false
  },
  "mail": {
    "mean": 142.61174639224583,
    "rsd_pct": 0.24362586881997225,
    "micro": false
  },
  "psych-load": {
    "mean": 1648.4149413804214,
    "rsd_pct": 0.3072503904712207,
    "micro": false
  },
  "railsbench": {
    "mean": 2048.0412224928536,
    "rsd_pct": 1.442394054583964,
    "micro": false
  },
  "binarytrees": {
    "mean": 286.0822690244036,
    "rsd_pct": 0.15350801785666524,
    "micro": false
  },
  "erubi": {
    "mean": 410.9025551364399,
    "rsd_pct": 0.6117866462445657,
    "micro": false
  },
  "erubi_rails": {
    "mean": 32.47691114821772,
    "rsd_pct": 6.891875238932905,
    "micro": false
  },
  "fannkuchredux": {
    "mean": 5709.10022482276,
    "rsd_pct": 0.36123509703406403,
    "micro": false
  },
  "lee": {
    "mean": 748.7784697172733,
    "rsd_pct": 1.6570229963186505,
    "micro": false
  },
  "nbody": {
    "mean": 74.71230923475926,
    "rsd_pct": 0.07549304274707182,
    "micro": false
  },
  "optcarrot": {
    "mean": 3098.3258670816817,
    "rsd_pct": 0.5632825937695555,
    "micro": false
  },
  "rubykon": {
    "mean": 5574.205719679594,
    "rsd_pct": 0.4862812047248096,
    "micro": false
  },
  "30k_ifelse": {
    "mean": 318.3014206874829,
    "rsd_pct": 0.10263551357973055,
    "micro": true
  },
  "30k_methods": {
    "mean": 745.5429699685839,
    "rsd_pct": 0.0780661348845108,
    "micro": true
  },
  "cfunc_itself": {
    "mean": 40.84292401524472,
    "rsd_pct": 0.26074918854691775,
    "micro": true
  },
  "fib": {
    "mean": 52.12359928101769,
    "rsd_pct": 0.2395160617436102,
    "micro": true
  },
  "getivar": {
    "mean": 35.45588969879951,
    "rsd_pct": 0.020378479930904542,
    "micro": true
  },
  "keyword_args": {
    "mean": 45.700629528162146,
    "rsd_pct": 0.2978031392686019,
    "micro": true
  },
  "respond_to": {
    "mean": 154.49559412175608,
    "rsd_pct": 0.12380314000710663,
    "micro": true
  },
  "setivar": {
    "mean": 39.29546085771539,
    "rsd_pct": 0.07961984996540755,
    "micro": true
  }
}