{
  "activerecord": {
    "mean": 106.88623850761859,
    "rsd_pct": 1.1316173928588455,
    "micro": false
  },
  "hexapdf": {
    "mean": 2106.627771666778,
    "rsd_pct": 2.433069011474998,
    "micro": false
  },
  "liquid-render": {
    "mean": 110.0028233385239,
    "rsd_pct": 2.376919918061257,
    "micro": false
  },
  "mail": {
    "mean": 140.5698548732686,
    "rsd_pct": 0.24217629008748304,
    "micro": false
  },
  "psych-load": {
    "mean": 1637.905660533579,
    "rsd_pct": 1.7903136134194597,
    "micro": false
  },
  "railsbench": {
    "mean": 2109.5966806674064,
    "rsd_pct": 2.1601119385631793,
    "micro": false
  },
  "binarytrees": {
    "mean": 292.5724721400996,
    "rsd_pct": 0.0787792851506406,
    "micro": false
  },
  "erubi": {
    "mean": 357.85756949787486,
    "rsd_pct": 1.491133538508882,
    "micro": false
  },
  "erubi_rails": {
    "mean": 19.65004473964047,
    "rsd_pct": 4.016600727464018,
    "micro": false
  },
  "fannkuchredux": {
    "mean": 5648.909620331445,
    "rsd_pct": 0.10646375769811504,
    "micro": false
  },
  "lee": {
    "mean": 759.2561558082637,
    "rsd_pct": 1.7482923472557477,
    "micro": false
  },
  "nbody": {
    "mean": 73.36889020933636,
    "rsd_pct": 0.046680512634065294,
    "micro": false
  },
  "optcarrot": {
    "mean": 3066.8410245348546,
    "rsd_pct": 0.6029837055237818,
    "micro": false
  },
  "rubykon": {
    "mean": 5580.334802932339,
    "rsd_pct": 0.6037345552778803,
    "micro": false
  },
  "30k_ifelse": {
    "mean": 306.0902799362309,
    "rsd_pct": 0.15993272774894718,
    "micro": true
  },
  "30k_methods": {
    "mean": 747.0111941495109,
    "rsd_pct": 0.030219533682198638,
    "micro": true
  },
  "cfunc_itself": {
    "mean": 37.63067994804492,
    "rsd_pct": 0.2532680407221479,
    "micro": true
  },
  "fib": {
    "mean": 52.06431370061182,
    "rsd_pct": 0.07009248875681076,
    "micro": true
  },
  "getivar": {
    "mean": 35.45770020574309,
    "rsd_pct": 0.028395958651600935,
    "micro": true
  },
  "keyword_args": {
    "mean": 44.07035236637987,
    "rsd_pct": 0.30052389706146765,
    "micro": true
  },
  "respond_to": {
    "mean": 166.76830145534188,
    "rsd_pct": 0.08894914369953902,
    "micro": true
  },
  "setivar": {
    "mean": 44.924060310054806,
    "rsd_pct": 1.045723430968632,
    "micro": true
  }
}