{
  "activerecord": {
    "mean": 145.05357675780832,
    "rsd_pct": 0.21803760210247008,
    "micro": false
  },
  "erubi_rails": {
    "mean": 44.10423852290918,
    "rsd_pct": 2.088612943955303,
    "micro": false
  },
  "hexapdf": {
    "mean": 5885.719809060295,
    "rsd_pct": 1.9704861482167477,
    "micro": false
  },
  "liquid-c": {
    "mean": 192.44046624063364,
    "rsd_pct": 1.7618900455559536,
    "micro": false
  },
  "liquid-compile": {
    "mean": 166.7735002166222,
    "rsd_pct": 0.5807481795302857,
    "micro": false
  },
  "liquid-render": {
    "mean": 360.9512364033793,
    "rsd_pct": 2.2346838075477446,
    "micro": false
  },
  "mail": {
    "mean": 367.1309409251848,
    "rsd_pct": 0.13891277046423944,
    "micro": false
  },
  "psych-load": {
    "mean": 5049.598524471124,
    "rsd_pct": 0.09795237374451617,
    "micro": false
  },
  "railsbench": {
    "mean": 5291.194048151374,
    "rsd_pct": 0.7550289945716488,
    "micro": false
  },
  "ruby-lsp": {
    "mean": 175.06975554410488,
    "rsd_pct": 12.625815795675262,
    "micro": false
  },
  "sequel": {
    "mean": 205.52455734174984,
    "rsd_pct": 0.168608513855161,
    "micro": false
  },
  "binarytrees": {
    "mean": 491.04526728977646,
    "rsd_pct": 0.13775880758462722,
    "micro": false
  },
  "chunky_png": {
    "mean": 1489.6310888851683,
    "rsd_pct": 0.18181632792917252,
    "micro": false
  },
  "erubi": {
    "mean": 590.5378556712285,
    "rsd_pct": 0.9819685617165109,
    "micro": false
  },
  "etanni": {
    "mean": 918.4029680934358,
    "rsd_pct": 0.5215671700248371,
    "micro": false
  },
  "fannkuchredux": {
    "mean": 1473.5257504880428,
    "rsd_pct": 0.37326764758660574,
    "micro": false
  },
  "lee": {
    "mean": 2315.866141834042,
    "rsd_pct": 0.2843171315610178,
    "micro": false
  },
  "nbody": {
    "mean": 158.45389533787966,
    "rsd_pct": 0.05861055056171084,
    "micro": false
  },
  "optcarrot": {
    "mean": 8806.412073224783,
    "rsd_pct": 0.45005220664775075,
    "micro": false
  },
  "ruby-json": {
    "mean": 8269.442826136947,
    "rsd_pct": 0.10370477409280714,
    "micro": false
  },
  "rubykon": {
    "mean": 19842.56581949691,
    "rsd_pct": 0.3501364442117473,
    "micro": false
  },
  "30k_ifelse": {
    "mean": 1597.6903051476586,
    "rsd_pct": 0.03235271248418282,
    "micro": true
  },
  "30k_methods": {
    "mean": 3432.5478994490013,
    "rsd_pct": 0.07509077545347043,
    "micro": true
  },
  "cfunc_itself": {
    "mean": 86.83610931984731,
    "rsd_pct": 0.03924958855942851,
    "micro": true
  },
  "fib": {
    "mean": 123.64724741616685,
    "rsd_pct": 0.07281692399534498,
    "micro": true
  },
  "getivar": {
    "mean": 40.46710331446279,
    "rsd_pct": 0.015616223624637155,
    "micro": true
  },
  "keyword_args": {
    "mean": 121.66881651906775,
    "rsd_pct": 0.030425750609105663,
    "micro": true
  },
  "respond_to": {
    "mean": 81.758877221648,
    "rsd_pct": 0.9953491828718742,
    "micro": true
  },
  "setivar": {
    "mean": 30.894302353531067,
    "rsd_pct": 0.02309386622292313,
    "micro": true
  },
  "setivar_object": {
    "mean": 116.22676280219132,
    "rsd_pct": 1.3655561478339064,
    "micro": true
  },
  "setivar_young": {
    "mean": 113.13777366826722,
    "rsd_pct": 0.01910506099950824,
    "micro": true
  },
  "str_concat": {
    "mean": 83.33907437710357,
    "rsd_pct": 0.8518378883505902,
    "micro": true
  },
  "throw": {
    "mean": 49.641650644576806,
    "rsd_pct": 0.16327877796231055,
    "micro": true
  }
}