{
  "activerecord": {
    "mean": 108.69030508591415,
    "rsd_pct": 0.5322654320921799,
    "micro": false
  },
  "hexapdf": {
    "mean": 2394.4180451954403,
    "rsd_pct": 2.0223953385986966,
    "micro": false
  },
  "liquid-render": {
    "mean": 127.34788874360292,
    "rsd_pct": 1.8626594759091513,
    "micro": false
  },
  "mail": {
    "mean": 161.56143502842994,
    "rsd_pct": 0.35464075384201965,
    "micro": false
  },
  "psych-load": {
    "mean": 1951.7984919870894,
    "rsd_pct": 0.04165525035294761,
    "micro": false
  },
  "railsbench": {
    "mean": 2180.686677992344,
    "rsd_pct": 1.2379648003519588,
    "micro": false
  },
  "binarytrees": {
    "mean": 363.3243822355251,
    "rsd_pct": 1.7035406007785572,
    "micro": false
  },
  "chunky_png": {
    "mean": 669.301976573964,
    "rsd_pct": 0.09465133657104079,
    "micro": false
  },
  "discourse": {
    "mean": 489.08745079563977,
    "rsd_pct": 1.8381416051329509,
    "micro": false
  },
  "erubi": {
    "mean": 423.7100504180218,
    "rsd_pct": 0.8975519716870874,
    "micro": false
  },
  "erubi_rails": {
    "mean": 20.75120543974866,
    "rsd_pct": 3.4213089484835604,
    "micro": false
  },
  "fannkuchredux": {
    "mean": 6930.112157762051,
    "rsd_pct": 0.1232264709472617,
    "micro": false
  },
  "lee": {
    "mean": 909.1842777672268,
    "rsd_pct": 0.26453712646971794,
    "micro": false
  },
  "nbody": {
    "mean": 90.15752257948571,
    "rsd_pct": 0.43381286607936964,
    "micro": false
  },
  "optcarrot": {
    "mean": 3456.156512349844,
    "rsd_pct": 0.6061176103757187,
    "micro": false
  },
  "rubykon": {
    "mean": 7933.725767210126,
    "rsd_pct": 0.6973064434239791,
    "micro": false
  },
  "30k_ifelse": {
    "mean": 353.8323086263104,
    "rsd_pct": 0.17243438962365565,
    "micro": true
  },
  "30k_methods": {
    "mean": 885.4218769225885,
    "rsd_pct": 0.0639860591947219,
    "micro": true
  },
  "cfunc_itself": {
    "mean": 44.550900345452,
    "rsd_pct": 0.9037850048996217,
    "micro": true
  },
  "fib": {
    "mean": 62.488074525026605,
    "rsd_pct": 0.6152538572933808,
    "micro": true
  },
  "getivar": {
    "mean": 42.5550867065006,
    "rsd_pct": 0.6909497898461012,
    "micro": true
  },
  "keyword_args": {
    "mean": 53.754719643697975,
    "rsd_pct": 0.7655088641553709,
    "micro": true
  },
  "respond_to": {
    "mean": 180.87643627412953,
    "rsd_pct": 0.3859237280635786,
    "micro": true
  },
  "setivar": {
    "mean": 52.50959803476336,
    "rsd_pct": 0.5856130508806989,
    "micro": true
  }
}