{
  "activerecord": {
    "mean": 102.1381341261307,
    "rsd_pct": 0.6287660184129187,
    "micro": false
  },
  "hexapdf": {
    "mean": 2341.4043409128985,
    "rsd_pct": 1.8741943625982391,
    "micro": false
  },
  "liquid-render": {
    "mean": 123.34833840220611,
    "rsd_pct": 1.627231769822876,
    "micro": false
  },
  "mail": {
    "mean": 156.52715787291527,
    "rsd_pct": 0.22199279291107288,
    "micro": false
  },
  "psych-load": {
    "mean": 1893.9077503979206,
    "rsd_pct": 0.0264693643854446,
    "micro": false
  },
  "railsbench": {
    "mean": 2092.646282662948,
    "rsd_pct": 1.1411789033175501,
    "micro": false
  },
  "binarytrees": {
    "mean": 370.5502822995186,
    "rsd_pct": 0.04934958025212164,
    "micro": false
  },
  "chunky_png": {
    "mean": 651.2499441703161,
    "rsd_pct": 0.2458766637292737,
    "micro": false
  },
  "erubi": {
    "mean": 293.9125601925067,
    "rsd_pct": 0.6978093098456513,
    "micro": false
  },
  "erubi_rails": {
    "mean": 19.32497085885443,
    "rsd_pct": 3.8264885413794505,
    "micro": false
  },
  "fannkuchredux": {
    "mean": 2377.7908734977245,
    "rsd_pct": 0.18925661903732935,
    "micro": false
  },
  "lee": {
    "mean": 960.5426029080436,
    "rsd_pct": 0.9389772833049038,
    "micro": false
  },
  "nbody": {
    "mean": 90.26482851446355,
    "rsd_pct": 0.11143659116647271,
    "micro": false
  },
  "optcarrot": {
    "mean": 3464.7420225044093,
    "rsd_pct": 0.6167262084522922,
    "micro": false
  },
  "rubykon": {
    "mean": 6729.801118870576,
    "rsd_pct": 0.5840183943212881,
    "micro": false
  },
  "30k_ifelse": {
    "mean": 362.8163977332835,
    "rsd_pct": 0.10215710249957223,
    "micro": true
  },
  "30k_methods": {
    "mean": 790.07488489151,
    "rsd_pct": 0.024946411897407574,
    "micro": true
  },
  "cfunc_itself": {
    "mean": 45.396091248672285,
    "rsd_pct": 0.5697693733645663,
    "micro": true
  },
  "fib": {
    "mean": 62.781209409429806,
    "rsd_pct": 0.07269958799496827,
    "micro": true
  },
  "getivar": {
    "mean": 42.75016201489262,
    "rsd_pct": 0.05098133983473967,
    "micro": true
  },
  "keyword_args": {
    "mean": 52.8026788670104,
    "rsd_pct": 0.1180067941685127,
    "micro": true
  },
  "respond_to": {
    "mean": 188.64267145593962,
    "rsd_pct": 0.3056586500879417,
    "micro": true
  },
  "setivar": {
    "mean": 40.98342982366746,
    "rsd_pct": 0.7331340295965063,
    "micro": true
  },
  "str_concat": {
    "mean": 44.3863858970312,
    "rsd_pct": 1.2553328156325865,
    "micro": true
  }
}