{
  "activerecord": {
    "mean": 108.06137411220169,
    "rsd_pct": 0.6015642943934252,
    "micro": false
  },
  "hexapdf": {
    "mean": 2176.4738937839866,
    "rsd_pct": 2.444741292839845,
    "micro": false
  },
  "jekyll": {
    "mean": 7388.535751681775,
    "rsd_pct": 1.1668799340922018,
    "micro": false
  },
  "liquid-render": {
    "mean": 116.59282757498232,
    "rsd_pct": 2.2889003473618046,
    "micro": false
  },
  "mail": {
    "mean": 144.55918411840685,
    "rsd_pct": 0.27700611128175046,
    "micro": false
  },
  "psych-load": {
    "mean": 1703.4121832810342,
    "rsd_pct": 0.5167066360314432,
    "micro": false
  },
  "railsbench": {
    "mean": 2504.68339137733,
    "rsd_pct": 1.7196747146404434,
    "micro": false
  },
  "binarytrees": {
    "mean": 282.8218404692216,
    "rsd_pct": 2.690605094041337,
    "micro": false
  },
  "fannkuchredux": {
    "mean": 5473.565449845046,
    "rsd_pct": 0.05118560813686822,
    "micro": false
  },
  "lee": {
    "mean": 794.3900689133443,
    "rsd_pct": 1.2882543815151464,
    "micro": false
  },
  "nbody": {
    "mean": 75.55176416667653,
    "rsd_pct": 0.02771932553371755,
    "micro": false
  },
  "optcarrot": {
    "mean": 3134.665253572166,
    "rsd_pct": 0.4893628063177184,
    "micro": false
  },
  "rubykon": {
    "mean": 5606.721786037087,
    "rsd_pct": 0.532621463089291,
    "micro": false
  },
  "30k_ifelse": {
    "mean": 315.51945562702866,
    "rsd_pct": 0.1541924324775896,
    "micro": true
  },
  "30k_methods": {
    "mean": 756.3094707096325,
    "rsd_pct": 0.028210218970809234,
    "micro": true
  },
  "cfunc_itself": {
    "mean": 39.06709355194552,
    "rsd_pct": 0.290000124505487,
    "micro": true
  },
  "fib": {
    "mean": 52.066827530662216,
    "rsd_pct": 0.035493295851767304,
    "micro": true
  },
  "getivar": {
    "mean": 35.4723211867846,
    "rsd_pct": 0.08007934371876124,
    "micro": true
  },
  "keyword_args": {
    "mean": 45.65359977896744,
    "rsd_pct": 0.10470658246631466,
    "micro": true
  },
  "respond_to": {
    "mean": 154.26680815871805,
    "rsd_pct": 0.23829618505569056,
    "micro": true
  },
  "setivar": {
    "mean": 41.98883332158903,
    "rsd_pct": 0.09489544201651624,
    "micro": true
  }
}