{
  "activerecord": {
    "mean": 105.83287374259382,
    "rsd_pct": 0.5466203348856097,
    "micro": false
  },
  "hexapdf": {
    "mean": 2009.690695690612,
    "rsd_pct": 1.9459169756363084,
    "micro": false
  },
  "liquid-c": {
    "mean": 58.40195371763922,
    "rsd_pct": 2.123571714731704,
    "micro": false
  },
  "liquid-render": {
    "mean": 108.52917027786944,
    "rsd_pct": 2.6384505165836316,
    "micro": false
  },
  "mail": {
    "mean": 131.0128265918762,
    "rsd_pct": 0.21170927846241355,
    "micro": false
  },
  "psych-load": {
    "mean": 1782.4914193401735,
    "rsd_pct": 0.024399687172078178,
    "micro": false
  },
  "railsbench": {
    "mean": 1836.1984308809042,
    "rsd_pct": 1.2209783699035217,
    "micro": false
  },
  "ruby-lsp": {
    "mean": 62.93925385458001,
    "rsd_pct": 20.962769627252293,
    "micro": false
  },
  "sequel": {
    "mean": 142.91769762945583,
    "rsd_pct": 1.9190825212707328,
    "micro": false
  },
  "binarytrees": {
    "mean": 236.2948712015032,
    "rsd_pct": 0.08146907435730842,
    "micro": false
  },
  "chunky_png": {
    "mean": 624.3445788089547,
    "rsd_pct": 0.06393559280713845,
    "micro": false
  },
  "erubi": {
    "mean": 251.44130372902072,
    "rsd_pct": 1.0544433816680812,
    "micro": false
  },
  "erubi_rails": {
    "mean": 15.896181136615883,
    "rsd_pct": 3.410842878622209,
    "micro": false
  },
  "etanni": {
    "mean": 405.9422216188087,
    "rsd_pct": 0.4667381756977194,
    "micro": false
  },
  "fannkuchredux": {
    "mean": 854.0466675413368,
    "rsd_pct": 0.18525940074223976,
    "micro": false
  },
  "lee": {
    "mean": 887.9140593026849,
    "rsd_pct": 0.1352820118034885,
    "micro": false
  },
  "nbody": {
    "mean": 76.78835858301869,
    "rsd_pct": 0.07037157204481048,
    "micro": false
  },
  "optcarrot": {
    "mean": 2659.790885603676,
    "rsd_pct": 0.6504887474085417,
    "micro": false
  },
  "rubykon": {
    "mean": 6589.496875461191,
    "rsd_pct": 1.0232073678431106,
    "micro": false
  },
  "30k_ifelse": {
    "mean": 424.239375470008,
    "rsd_pct": 0.08512893625272773,
    "micro": true
  },
  "30k_methods": {
    "mean": 957.8906912822276,
    "rsd_pct": 0.04709221190015213,
    "micro": true
  },
  "cfunc_itself": {
    "mean": 42.5521035862551,
    "rsd_pct": 0.1675894755349834,
    "micro": true
  },
  "fib": {
    "mean": 61.93037430744225,
    "rsd_pct": 0.038880383512445486,
    "micro": true
  },
  "getivar": {
    "mean": 45.87668209154715,
    "rsd_pct": 0.16510134959562256,
    "micro": true
  },
  "keyword_args": {
    "mean": 53.39705307287947,
    "rsd_pct": 0.18313826337318573,
    "micro": true
  },
  "respond_to": {
    "mean": 28.830830641362788,
    "rsd_pct": 0.3682937418915576,
    "micro": true
  },
  "setivar": {
    "mean": 14.913825224807221,
    "rsd_pct": 0.07753699586464681,
    "micro": true
  },
  "setivar_object": {
    "mean": 47.1036585746333,
    "rsd_pct": 0.8891274189014751,
    "micro": true
  },
  "str_concat": {
    "mean": 42.677136769785406,
    "rsd_pct": 1.428102025104668,
    "micro": true
  }
}