{
  "activerecord": {
    "mean": 103.32253671906612,
    "rsd_pct": 0.4782294370005272,
    "micro": false
  },
  "hexapdf": {
    "mean": 2440.271027137836,
    "rsd_pct": 1.6709258897726642,
    "micro": false
  },
  "liquid-render": {
    "mean": 145.22832402919266,
    "rsd_pct": 1.3188878301395128,
    "micro": false
  },
  "mail": {
    "mean": 188.67459808717723,
    "rsd_pct": 2.5031923073793267,
    "micro": false
  },
  "psych-load": {
    "mean": 2194.267979760965,
    "rsd_pct": 0.05347138805702738,
    "micro": false
  },
  "railsbench": {
    "mean": 2470.675411572059,
    "rsd_pct": 0.6302536159689454,
    "micro": false
  },
  "binarytrees": {
    "mean": 358.1428612654026,
    "rsd_pct": 0.16920642261330127,
    "micro": false
  },
  "chunky_png": {
    "mean": 674.1759285716147,
    "rsd_pct": 0.5231182834891129,
    "micro": false
  },
  "discourse": {
    "mean": 534.0480473697991,
    "rsd_pct": 17.912832404587068,
    "micro": false
  },
  "erubi": {
    "mean": 414.74941388076667,
    "rsd_pct": 0.477497227756051,
    "micro": false
  },
  "erubi_rails": {
    "mean": 25.482915878389615,
    "rsd_pct": 54.92958375204094,
    "micro": false
  },
  "fannkuchredux": {
    "mean": 7059.197606891394,
    "rsd_pct": 7.51595291582983,
    "micro": false
  },
  "lee": {
    "mean": 881.139876054866,
    "rsd_pct": 1.3581056641120859,
    "micro": false
  },
  "nbody": {
    "mean": 91.14664434657797,
    "rsd_pct": 0.44574494215416566,
    "micro": false
  },
  "optcarrot": {
    "mean": 3447.5920834889016,
    "rsd_pct": 0.602082512390465,
    "micro": false
  },
  "rubykon": {
    "mean": 8049.664529288809,
    "rsd_pct": 3.52235581562842,
    "micro": false
  },
  "30k_ifelse": {
    "mean": 360.4037069405119,
    "rsd_pct": 0.19234387995718308,
    "micro": true
  },
  "30k_methods": {
    "mean": 873.9768009294163,
    "rsd_pct": 0.0648817872874571,
    "micro": true
  },
  "cfunc_itself": {
    "mean": 46.17711795537278,
    "rsd_pct": 0.9874040968319076,
    "micro": true
  },
  "fib": {
    "mean": 62.49333679443225,
    "rsd_pct": 0.61831013760474,
    "micro": true
  },
  "getivar": {
    "mean": 42.60878367509442,
    "rsd_pct": 0.7305801105322197,
    "micro": true
  },
  "keyword_args": {
    "mean": 53.36776159447495,
    "rsd_pct": 0.6242756826357925,
    "micro": true
  },
  "respond_to": {
    "mean": 187.5250984053567,
    "rsd_pct": 0.26304279906321104,
    "micro": true
  },
  "setivar": {
    "mean": 53.7233721920948,
    "rsd_pct": 0.5997653550256294,
    "micro": true
  },
  "str_concat": {
    "mean": 109.80341126470222,
    "rsd_pct": 1.5013409663343344,
    "micro": true
  }
}