{
  "activerecord": {
    "mean": 98.18569945162209,
    "rsd_pct": 0.7611003016827588,
    "micro": false
  },
  "hexapdf": {
    "mean": 2319.232023259004,
    "rsd_pct": 1.6762774033966574,
    "micro": false
  },
  "liquid-render": {
    "mean": 112.38904738945237,
    "rsd_pct": 1.8191643025210662,
    "micro": false
  },
  "mail": {
    "mean": 156.9330028192265,
    "rsd_pct": 0.09925766222335762,
    "micro": false
  },
  "psych-load": {
    "mean": 1976.184729238351,
    "rsd_pct": 0.01693478868742825,
    "micro": false
  },
  "railsbench": {
    "mean": 2131.4777985215187,
    "rsd_pct": 1.0460076589770426,
    "micro": false
  },
  "binarytrees": {
    "mean": 230.9780071034681,
    "rsd_pct": 3.701933887623163,
    "micro": false
  },
  "chunky_png": {
    "mean": 629.4899724423885,
    "rsd_pct": 0.08677061265381976,
    "micro": false
  },
  "erubi": {
    "mean": 297.2211400185948,
    "rsd_pct": 0.76628854729592,
    "micro": false
  },
  "erubi_rails": {
    "mean": 18.761032495344654,
    "rsd_pct": 3.7646713413649104,
    "micro": false
  },
  "etanni": {
    "mean": 477.8494085406973,
    "rsd_pct": 0.4940508154075644,
    "micro": false
  },
  "fannkuchredux": {
    "mean": 2290.785559515158,
    "rsd_pct": 0.31315440355336166,
    "micro": false
  },
  "lee": {
    "mean": 950.6834983116105,
    "rsd_pct": 0.06607476404206257,
    "micro": false
  },
  "nbody": {
    "mean": 81.74228955243454,
    "rsd_pct": 0.08113579719902154,
    "micro": false
  },
  "optcarrot": {
    "mean": 3054.8223266998925,
    "rsd_pct": 0.38231148076906885,
    "micro": false
  },
  "rubykon": {
    "mean": 6863.345270603895,
    "rsd_pct": 0.3441278019395562,
    "micro": false
  },
  "30k_ifelse": {
    "mean": 353.8115627930633,
    "rsd_pct": 0.22658007059226035,
    "micro": true
  },
  "30k_methods": {
    "mean": 816.9589042663574,
    "rsd_pct": 0.04651372614773373,
    "micro": true
  },
  "cfunc_itself": {
    "mean": 41.245706394681186,
    "rsd_pct": 0.31712211672505647,
    "micro": true
  },
  "fib": {
    "mean": 61.187156116121386,
    "rsd_pct": 0.042544237911536255,
    "micro": true
  },
  "getivar": {
    "mean": 46.849965830574014,
    "rsd_pct": 0.04896699502050051,
    "micro": true
  },
  "keyword_args": {
    "mean": 51.60360532286374,
    "rsd_pct": 0.20484946261199877,
    "micro": true
  },
  "respond_to": {
    "mean": 27.921304309626198,
    "rsd_pct": 0.5487562813507812,
    "micro": true
  },
  "setivar": {
    "mean": 47.00266859792876,
    "rsd_pct": 0.1092667411749059,
    "micro": true
  },
  "str_concat": {
    "mean": 49.136971409903886,
    "rsd_pct": 1.4235933435409367,
    "micro": true
  }
}