{
  "activerecord": {
    "mean": 332.53037868836776,
    "rsd_pct": 0.29106723281746344,
    "micro": false
  },
  "hexapdf": {
    "mean": 7564.550661668181,
    "rsd_pct": 1.2441709906925398,
    "micro": false
  },
  "liquid-render": {
    "mean": 449.4277297445897,
    "rsd_pct": 1.4168688470832567,
    "micro": false
  },
  "mail": {
    "mean": 574.5493531833555,
    "rsd_pct": 0.10474291720468727,
    "micro": false
  },
  "psych-load": {
    "mean": 6604.315788236757,
    "rsd_pct": 0.028129575800718766,
    "micro": false
  },
  "railsbench": {
    "mean": 6581.505036788682,
    "rsd_pct": 1.0089537683191032,
    "micro": false
  },
  "binarytrees": {
    "mean": 563.4929440245869,
    "rsd_pct": 3.339858851212346,
    "micro": false
  },
  "chunky_png": {
    "mean": 1666.6862950660288,
    "rsd_pct": 0.18841313559077047,
    "micro": false
  },
  "erubi": {
    "mean": 762.6279272303424,
    "rsd_pct": 1.360147003397239,
    "micro": false
  },
  "erubi_rails": {
    "mean": 53.52537962940338,
    "rsd_pct": 2.373909730462234,
    "micro": false
  },
  "etanni": {
    "mean": 1196.5454109234825,
    "rsd_pct": 1.0446834564215126,
    "micro": false
  },
  "fannkuchredux": {
    "mean": 6517.973197065294,
    "rsd_pct": 0.06921402976189281,
    "micro": false
  },
  "lee": {
    "mean": 2696.5715972706676,
    "rsd_pct": 1.3885948233139673,
    "micro": false
  },
  "nbody": {
    "mean": 216.5696969805438,
    "rsd_pct": 0.16123780290014914,
    "micro": false
  },
  "optcarrot": {
    "mean": 15551.71341188252,
    "rsd_pct": 0.4298864793703646,
    "micro": false
  },
  "ruby-lsp": {
    "mean": 239.54149553314647,
    "rsd_pct": 8.955173124007956,
    "micro": false
  },
  "rubykon": {
    "mean": 24628.40736620128,
    "rsd_pct": 0.38780403112197825,
    "micro": false
  },
  "30k_ifelse": {
    "mean": 2398.995351344347,
    "rsd_pct": 0.17214253470119967,
    "micro": true
  },
  "30k_methods": {
    "mean": 5192.2702901952325,
    "rsd_pct": 0.053015424905301624,
    "micro": true
  },
  "cfunc_itself": {
    "mean": 118.06176563646487,
    "rsd_pct": 0.09770168426561618,
    "micro": true
  },
  "fib": {
    "mean": 227.75382038930223,
    "rsd_pct": 0.004297496425886836,
    "micro": true
  },
  "getivar": {
    "mean": 118.36010953105391,
    "rsd_pct": 0.0070603356133006325,
    "micro": true
  },
  "keyword_args": {
    "mean": 156.6573424781118,
    "rsd_pct": 0.055266057260311065,
    "micro": true
  },
  "respond_to": {
    "mean": 116.58338090034427,
    "rsd_pct": 1.1307809364620494,
    "micro": true
  },
  "setivar": {
    "mean": 112.7280981317696,
    "rsd_pct": 0.0049820412451762296,
    "micro": true
  },
  "str_concat": {
    "mean": 118.33056925592811,
    "rsd_pct": 0.9400596177952146,
    "micro": true
  }
}