{
  "activerecord": {
    "mean": 111.97932158062362,
    "rsd_pct": 0.5695745929226228,
    "micro": false
  },
  "hexapdf": {
    "mean": 2397.1381197295464,
    "rsd_pct": 2.1746756764581674,
    "micro": false
  },
  "liquid-render": {
    "mean": 129.62845830789573,
    "rsd_pct": 1.7005930892745726,
    "micro": false
  },
  "mail": {
    "mean": 164.1399497916722,
    "rsd_pct": 0.3446870569832017,
    "micro": false
  },
  "psych-load": {
    "mean": 1915.058043525399,
    "rsd_pct": 0.08979916752865133,
    "micro": false
  },
  "railsbench": {
    "mean": 2202.8021774759204,
    "rsd_pct": 1.387832356180048,
    "micro": false
  },
  "binarytrees": {
    "mean": 347.9351955233142,
    "rsd_pct": 0.18727647816042106,
    "micro": false
  },
  "discourse": {
    "mean": 60.77343777375231,
    "rsd_pct": 36.78321089943834,
    "micro": false
  },
  "erubi": {
    "mean": 417.6497332373401,
    "rsd_pct": 0.7775922670940703,
    "micro": false
  },
  "erubi_rails": {
    "mean": 20.50751384678139,
    "rsd_pct": 3.358624467760943,
    "micro": false
  },
  "fannkuchredux": {
    "mean": 6784.340016862067,
    "rsd_pct": 0.06863280745531863,
    "micro": false
  },
  "lee": {
    "mean": 907.3894792289303,
    "rsd_pct": 1.50878926122299,
    "micro": false
  },
  "nbody": {
    "mean": 89.65054669767092,
    "rsd_pct": 0.41988781989826524,
    "micro": false
  },
  "optcarrot": {
    "mean": 3618.490223858195,
    "rsd_pct": 0.5450151792977763,
    "micro": false
  },
  "rubykon": {
    "mean": 6462.818242791885,
    "rsd_pct": 0.355612186808823,
    "micro": false
  },
  "30k_ifelse": {
    "mean": 355.5859890914607,
    "rsd_pct": 0.16912713575270144,
    "micro": true
  },
  "30k_methods": {
    "mean": 886.2574400396129,
    "rsd_pct": 0.059096270443997415,
    "micro": true
  },
  "cfunc_itself": {
    "mean": 44.44961333458098,
    "rsd_pct": 0.8685505659116717,
    "micro": true
  },
  "fib": {
    "mean": 62.47749639788882,
    "rsd_pct": 0.5679491107811129,
    "micro": true
  },
  "getivar": {
    "mean": 42.54348951035212,
    "rsd_pct": 0.6453850066315597,
    "micro": true
  },
  "keyword_args": {
    "mean": 52.618593020240716,
    "rsd_pct": 0.6508468431701849,
    "micro": true
  },
  "respond_to": {
    "mean": 192.0427969019372,
    "rsd_pct": 0.25473606486475614,
    "micro": true
  },
  "setivar": {
    "mean": 53.07984883587687,
    "rsd_pct": 0.5580119265672483,
    "micro": true
  }
}