{
  "activerecord": {
    "mean": 150.90135484137852,
    "rsd_pct": 0.20298595312946724,
    "micro": false
  },
  "erubi_rails": {
    "mean": 45.047271558881164,
    "rsd_pct": 2.1167007796109325,
    "micro": false
  },
  "hexapdf": {
    "mean": 6154.566736270984,
    "rsd_pct": 2.058875699567185,
    "micro": false
  },
  "liquid-c": {
    "mean": 191.71076901920296,
    "rsd_pct": 1.8392917883273876,
    "micro": false
  },
  "liquid-render": {
    "mean": 355.65380179495725,
    "rsd_pct": 2.2414526470000444,
    "micro": false
  },
  "mail": {
    "mean": 376.0754754462468,
    "rsd_pct": 0.12580522865720903,
    "micro": false
  },
  "psych-load": {
    "mean": 5527.402377997835,
    "rsd_pct": 0.058848242752766906,
    "micro": false
  },
  "railsbench": {
    "mean": 5502.823028713465,
    "rsd_pct": 0.7923580389415835,
    "micro": false
  },
  "ruby-lsp": {
    "mean": 184.0396870461385,
    "rsd_pct": 11.871931841045496,
    "micro": false
  },
  "sequel": {
    "mean": 201.1702020857799,
    "rsd_pct": 0.1517357011796304,
    "micro": false
  },
  "binarytrees": {
    "mean": 531.4808121128451,
    "rsd_pct": 0.140528815761479,
    "micro": false
  },
  "chunky_png": {
    "mean": 1531.1275303003288,
    "rsd_pct": 0.10234867959253902,
    "micro": false
  },
  "erubi": {
    "mean": 574.5528963029008,
    "rsd_pct": 0.8339856469026563,
    "micro": false
  },
  "etanni": {
    "mean": 970.9795256085853,
    "rsd_pct": 0.4276543660737421,
    "micro": false
  },
  "fannkuchredux": {
    "mean": 2030.5966444151557,
    "rsd_pct": 0.03978829626871461,
    "micro": false
  },
  "lee": {
    "mean": 2265.6454269197725,
    "rsd_pct": 0.3023519598281828,
    "micro": false
  },
  "nbody": {
    "mean": 184.64393136737337,
    "rsd_pct": 0.05558671098395313,
    "micro": false
  },
  "optcarrot": {
    "mean": 10159.210460508863,
    "rsd_pct": 0.6755070222231027,
    "micro": false
  },
  "ruby-json": {
    "mean": 7455.381083115935,
    "rsd_pct": 0.040529097038965255,
    "micro": false
  },
  "rubykon": {
    "mean": 21331.867497662704,
    "rsd_pct": 0.36651863835357323,
    "micro": false
  },
  "30k_ifelse": {
    "mean": 1931.2348425626121,
    "rsd_pct": 0.027795025471396916,
    "micro": true
  },
  "30k_methods": {
    "mean": 3874.2596178005138,
    "rsd_pct": 0.06444839182837346,
    "micro": true
  },
  "cfunc_itself": {
    "mean": 101.75338035362488,
    "rsd_pct": 0.11774507678630207,
    "micro": true
  },
  "fib": {
    "mean": 191.09193666228725,
    "rsd_pct": 0.00534622406358819,
    "micro": true
  },
  "getivar": {
    "mean": 107.47383639575281,
    "rsd_pct": 0.007647580718727614,
    "micro": true
  },
  "keyword_args": {
    "mean": 190.19640269224857,
    "rsd_pct": 0.011064835225765287,
    "micro": true
  },
  "respond_to": {
    "mean": 109.83584288122326,
    "rsd_pct": 0.8769014199600427,
    "micro": true
  },
  "setivar": {
    "mean": 50.0398044152042,
    "rsd_pct": 0.013217586110917879,
    "micro": true
  },
  "setivar_object": {
    "mean": 126.95849124028022,
    "rsd_pct": 1.3660654407538761,
    "micro": true
  },
  "setivar_young": {
    "mean": 124.18545026914768,
    "rsd_pct": 1.9831419785200872,
    "micro": true
  },
  "str_concat": {
    "mean": 116.39091283890657,
    "rsd_pct": 0.5993857795980577,
    "micro": true
  },
  "throw": {
    "mean": 50.27991435934035,
    "rsd_pct": 0.1632700559447084,
    "micro": true
  }
}