{
  "activerecord": {
    "mean": 103.1242306042617,
    "rsd_pct": 0.7043696142160376,
    "micro": false
  },
  "hexapdf": {
    "mean": 2145.4885192991546,
    "rsd_pct": 2.275317900435426,
    "micro": false
  },
  "liquid-render": {
    "mean": 113.13365621632234,
    "rsd_pct": 1.4529734375109564,
    "micro": false
  },
  "mail": {
    "mean": 143.34832864040706,
    "rsd_pct": 0.11218489059856328,
    "micro": false
  },
  "psych-load": {
    "mean": 1833.1399381005515,
    "rsd_pct": 0.04052137433827855,
    "micro": false
  },
  "railsbench": {
    "mean": 2037.4526639313747,
    "rsd_pct": 1.4133175093674415,
    "micro": false
  },
  "ruby-lsp": {
    "mean": 70.01264551474097,
    "rsd_pct": 17.541371818477653,
    "micro": false
  },
  "binarytrees": {
    "mean": 226.51471925730056,
    "rsd_pct": 0.06051151065457979,
    "micro": false
  },
  "chunky_png": {
    "mean": 623.4666411255603,
    "rsd_pct": 0.04574235122241014,
    "micro": false
  },
  "erubi": {
    "mean": 288.28246645363316,
    "rsd_pct": 0.9162153131737625,
    "micro": false
  },
  "erubi_rails": {
    "mean": 17.452391906134316,
    "rsd_pct": 4.092317939818588,
    "micro": false
  },
  "etanni": {
    "mean": 476.2517246528573,
    "rsd_pct": 0.5418955884867513,
    "micro": false
  },
  "fannkuchredux": {
    "mean": 924.7936308494814,
    "rsd_pct": 0.38888050298580984,
    "micro": false
  },
  "lee": {
    "mean": 884.096199890006,
    "rsd_pct": 1.7409161215440827,
    "micro": false
  },
  "nbody": {
    "mean": 74.20499096094262,
    "rsd_pct": 0.033623151553671085,
    "micro": false
  },
  "optcarrot": {
    "mean": 2584.0645356258997,
    "rsd_pct": 0.40815372852919374,
    "micro": false
  },
  "rubykon": {
    "mean": 6514.974897261709,
    "rsd_pct": 0.805231953546419,
    "micro": false
  },
  "30k_ifelse": {
    "mean": 402.4917298462242,
    "rsd_pct": 0.10523444889112786,
    "micro": true
  },
  "30k_methods": {
    "mean": 952.0609981613234,
    "rsd_pct": 0.03366880982169203,
    "micro": true
  },
  "cfunc_itself": {
    "mean": 40.31985641501674,
    "rsd_pct": 0.2741375100415367,
    "micro": true
  },
  "fib": {
    "mean": 62.835934991016984,
    "rsd_pct": 0.04783142783933302,
    "micro": true
  },
  "getivar": {
    "mean": 45.69730564864718,
    "rsd_pct": 0.13643944203930952,
    "micro": true
  },
  "keyword_args": {
    "mean": 52.70194637667378,
    "rsd_pct": 0.04328592848019315,
    "micro": true
  },
  "respond_to": {
    "mean": 28.212535233326154,
    "rsd_pct": 0.4269115593048379,
    "micro": true
  },
  "setivar": {
    "mean": 14.704420516671448,
    "rsd_pct": 0.08871669147038286,
    "micro": true
  },
  "setivar_object": {
    "mean": 59.88106452771361,
    "rsd_pct": 34.418477071156104,
    "micro": true
  },
  "str_concat": {
    "mean": 40.85359802596138,
    "rsd_pct": 1.7408772131720802,
    "micro": true
  }
}