{
  "activerecord": {
    "mean": 146.17395719052644,
    "rsd_pct": 2.332024715598585,
    "micro": false
  },
  "erubi_rails": {
    "mean": 45.27477779328729,
    "rsd_pct": 11.965778037100717,
    "micro": false
  },
  "hexapdf": {
    "mean": 5554.740830262502,
    "rsd_pct": 1.3566972607931775,
    "micro": false
  },
  "liquid-c": {
    "mean": 190.92517111095646,
    "rsd_pct": 0.6423281353543528,
    "micro": false
  },
  "liquid-compile": {
    "mean": 159.41475474251905,
    "rsd_pct": 2.1993002438717983,
    "micro": false
  },
  "liquid-render": {
    "mean": 349.93502060441597,
    "rsd_pct": 0.3686793809680977,
    "micro": false
  },
  "mail": {
    "mean": 370.70363947492564,
    "rsd_pct": 0.08589991716332156,
    "micro": false
  },
  "psych-load": {
    "mean": 5079.187800486882,
    "rsd_pct": 0.12796326824198243,
    "micro": false
  },
  "railsbench": {
    "mean": 5298.346217721701,
    "rsd_pct": 0.5744918296299927,
    "micro": false
  },
  "ruby-lsp": {
    "mean": 168.81975098863285,
    "rsd_pct": 4.2404390069955,
    "micro": false
  },
  "sequel": {
    "mean": 203.5998500727818,
    "rsd_pct": 1.0527262207558676,
    "micro": false
  },
  "binarytrees": {
    "mean": 490.81233520667223,
    "rsd_pct": 0.11206114866992406,
    "micro": false
  },
  "chunky_png": {
    "mean": 1498.2743992159765,
    "rsd_pct": 0.33240852023269335,
    "micro": false
  },
  "erubi": {
    "mean": 561.6507502151774,
    "rsd_pct": 0.07865617421187923,
    "micro": false
  },
  "etanni": {
    "mean": 914.4717725769927,
    "rsd_pct": 0.19304504163894978,
    "micro": false
  },
  "fannkuchredux": {
    "mean": 1473.7545484304428,
    "rsd_pct": 0.22001160771158224,
    "micro": false
  },
  "lee": {
    "mean": 2271.043628986393,
    "rsd_pct": 0.35679837923706725,
    "micro": false
  },
  "nbody": {
    "mean": 153.63714751526177,
    "rsd_pct": 0.07537650737921087,
    "micro": false
  },
  "optcarrot": {
    "mean": 8444.823919485012,
    "rsd_pct": 0.4782293431369141,
    "micro": false
  },
  "ruby-json": {
    "mean": 8297.284241765738,
    "rsd_pct": 0.03068451854108768,
    "micro": false
  },
  "rubykon": {
    "mean": 18934.25149222215,
    "rsd_pct": 0.9550183838610692,
    "micro": false
  },
  "30k_ifelse": {
    "mean": 1597.6431820880282,
    "rsd_pct": 0.04356119133596901,
    "micro": true
  },
  "30k_methods": {
    "mean": 3460.5685501642847,
    "rsd_pct": 0.08096939270521711,
    "micro": true
  },
  "cfunc_itself": {
    "mean": 86.81998282957535,
    "rsd_pct": 0.008934351477830562,
    "micro": true
  },
  "fib": {
    "mean": 123.65200359740162,
    "rsd_pct": 0.06697700342174298,
    "micro": true
  },
  "getivar": {
    "mean": 40.4664720374125,
    "rsd_pct": 0.013218654786052393,
    "micro": true
  },
  "keyword_args": {
    "mean": 121.69096265212599,
    "rsd_pct": 0.031462326602130344,
    "micro": true
  },
  "respond_to": {
    "mean": 73.10248318936382,
    "rsd_pct": 1.720876800122694,
    "micro": true
  },
  "setivar": {
    "mean": 30.91884635938594,
    "rsd_pct": 0.024404417345916574,
    "micro": true
  },
  "setivar_object": {
    "mean": 113.12627638316859,
    "rsd_pct": 0.007532260230079702,
    "micro": true
  },
  "setivar_young": {
    "mean": 113.2823430648926,
    "rsd_pct": 1.9415884132490009,
    "micro": true
  },
  "str_concat": {
    "mean": 85.1834653321346,
    "rsd_pct": 0.2167118066385736,
    "micro": true
  },
  "throw": {
    "mean": 49.29011705646685,
    "rsd_pct": 0.2034957307373941,
    "micro": true
  }
}