{
  "activerecord": {
    "mean": 108.81865985931888,
    "rsd_pct": 0.5362761535651699,
    "micro": false
  },
  "hexapdf": {
    "mean": 2048.032889685904,
    "rsd_pct": 1.869964660817047,
    "micro": false
  },
  "liquid-c": {
    "mean": 59.727620158983925,
    "rsd_pct": 2.0086332268790748,
    "micro": false
  },
  "liquid-render": {
    "mean": 111.85008578403078,
    "rsd_pct": 2.5898179105628887,
    "micro": false
  },
  "mail": {
    "mean": 138.07102925754313,
    "rsd_pct": 0.22859142771963964,
    "micro": false
  },
  "psych-load": {
    "mean": 1800.6229002494365,
    "rsd_pct": 0.03238513353695705,
    "micro": false
  },
  "railsbench": {
    "mean": 1885.1243298190336,
    "rsd_pct": 1.4739693318271008,
    "micro": false
  },
  "ruby-lsp": {
    "mean": 66.7668545874767,
    "rsd_pct": 18.573267492929936,
    "micro": false
  },
  "sequel": {
    "mean": 145.34742085358306,
    "rsd_pct": 2.111874935285984,
    "micro": false
  },
  "binarytrees": {
    "mean": 238.22916766683406,
    "rsd_pct": 0.05290612057917103,
    "micro": false
  },
  "chunky_png": {
    "mean": 634.7918168467004,
    "rsd_pct": 0.05670536641672779,
    "micro": false
  },
  "erubi": {
    "mean": 253.510415981394,
    "rsd_pct": 0.8728537651648781,
    "micro": false
  },
  "erubi_rails": {
    "mean": 16.430070257118466,
    "rsd_pct": 3.235206605562812,
    "micro": false
  },
  "etanni": {
    "mean": 406.0351459870153,
    "rsd_pct": 0.4728952747776296,
    "micro": false
  },
  "fannkuchredux": {
    "mean": 910.7777101342522,
    "rsd_pct": 0.05333954706076524,
    "micro": false
  },
  "lee": {
    "mean": 905.8449443518406,
    "rsd_pct": 0.1056132822393958,
    "micro": false
  },
  "nbody": {
    "mean": 75.65284651795854,
    "rsd_pct": 0.05863652082829895,
    "micro": false
  },
  "optcarrot": {
    "mean": 8437.538320291787,
    "rsd_pct": 0.21687163831503478,
    "micro": false
  },
  "rubykon": {
    "mean": 6628.518101510902,
    "rsd_pct": 0.3791728117754788,
    "micro": false
  },
  "30k_ifelse": {
    "mean": 423.7983997296938,
    "rsd_pct": 0.07437858025982419,
    "micro": true
  },
  "30k_methods": {
    "mean": 957.0389505126514,
    "rsd_pct": 0.03396103342758398,
    "micro": true
  },
  "cfunc_itself": {
    "mean": 42.93520152260366,
    "rsd_pct": 0.24849286951882235,
    "micro": true
  },
  "fib": {
    "mean": 62.15188791177517,
    "rsd_pct": 0.04116019390327309,
    "micro": true
  },
  "getivar": {
    "mean": 45.818166823848365,
    "rsd_pct": 0.1386456486105849,
    "micro": true
  },
  "keyword_args": {
    "mean": 53.92108360905886,
    "rsd_pct": 0.39680138695240474,
    "micro": true
  },
  "respond_to": {
    "mean": 31.134750683560796,
    "rsd_pct": 0.2564801019715696,
    "micro": true
  },
  "setivar": {
    "mean": 14.913319733680005,
    "rsd_pct": 0.07697898505258256,
    "micro": true
  },
  "setivar_object": {
    "mean": 47.4707388607763,
    "rsd_pct": 1.2177301919589725,
    "micro": true
  },
  "str_concat": {
    "mean": 44.384344140481616,
    "rsd_pct": 1.3085441472831931,
    "micro": true
  }
}