{
  "activerecord": {
    "mean": 42.96447591181716,
    "rsd_pct": 3.809093704548618,
    "micro": false
  },
  "erubi_rails": {
    "mean": 15.763370082228906,
    "rsd_pct": 19.34200793764784,
    "micro": false
  },
  "hexapdf": {
    "mean": 2074.1193438569703,
    "rsd_pct": 2.865008022772075,
    "micro": false
  },
  "liquid-c": {
    "mean": 59.428728950609056,
    "rsd_pct": 0.6530326731123993,
    "micro": false
  },
  "liquid-compile": {
    "mean": 56.62927217781544,
    "rsd_pct": 1.4651676613039952,
    "micro": false
  },
  "liquid-render": {
    "mean": 104.73515148913361,
    "rsd_pct": 0.42460776914842513,
    "micro": false
  },
  "mail": {
    "mean": 132.38598292829184,
    "rsd_pct": 0.142025986553572,
    "micro": false
  },
  "psych-load": {
    "mean": 1849.5877735316753,
    "rsd_pct": 0.09715198671164624,
    "micro": false
  },
  "railsbench": {
    "mean": 1818.0073495954275,
    "rsd_pct": 1.1299916434668178,
    "micro": false
  },
  "ruby-lsp": {
    "mean": 55.62970277106205,
    "rsd_pct": 7.014833849282075,
    "micro": false
  },
  "sequel": {
    "mean": 69.46384474738605,
    "rsd_pct": 1.1496507739944528,
    "micro": false
  },
  "binarytrees": {
    "mean": 230.21794890248498,
    "rsd_pct": 0.06773975260170483,
    "micro": false
  },
  "chunky_png": {
    "mean": 654.9651304259896,
    "rsd_pct": 0.4098147910477455,
    "micro": false
  },
  "erubi": {
    "mean": 256.8144158206203,
    "rsd_pct": 0.06779631601832065,
    "micro": false
  },
  "etanni": {
    "mean": 412.9083941613014,
    "rsd_pct": 0.035338855546055356,
    "micro": false
  },
  "fannkuchredux": {
    "mean": 778.8700524717569,
    "rsd_pct": 0.21105712810812863,
    "micro": false
  },
  "lee": {
    "mean": 944.3100205666963,
    "rsd_pct": 0.3956648275571856,
    "micro": false
  },
  "nbody": {
    "mean": 71.83665041845265,
    "rsd_pct": 0.07552333099998465,
    "micro": false
  },
  "optcarrot": {
    "mean": 2299.3583833177886,
    "rsd_pct": 0.6000121405446293,
    "micro": false
  },
  "ruby-json": {
    "mean": 3227.432163928946,
    "rsd_pct": 0.1429861137346435,
    "micro": false
  },
  "rubykon": {
    "mean": 6702.811909218629,
    "rsd_pct": 0.36243173478987,
    "micro": false
  },
  "30k_ifelse": {
    "mean": 359.4780726527626,
    "rsd_pct": 0.0579343188971555,
    "micro": true
  },
  "30k_methods": {
    "mean": 855.5056507820668,
    "rsd_pct": 0.018776157110482517,
    "micro": true
  },
  "cfunc_itself": {
    "mean": 38.456734983210865,
    "rsd_pct": 0.31633959909496506,
    "micro": true
  },
  "fib": {
    "mean": 44.567711455913795,
    "rsd_pct": 0.05451762245199159,
    "micro": true
  },
  "getivar": {
    "mean": 21.150569203083283,
    "rsd_pct": 0.22896958155165797,
    "micro": true
  },
  "keyword_args": {
    "mean": 48.1478510274208,
    "rsd_pct": 0.21624425913330422,
    "micro": true
  },
  "respond_to": {
    "mean": 25.435428734650745,
    "rsd_pct": 0.4847930481367976,
    "micro": true
  },
  "setivar": {
    "mean": 11.994813963878133,
    "rsd_pct": 0.08811281631980612,
    "micro": true
  },
  "setivar_object": {
    "mean": 42.106555465020634,
    "rsd_pct": 0.04448692017817732,
    "micro": true
  },
  "setivar_young": {
    "mean": 42.28405263353834,
    "rsd_pct": 1.5908714493519294,
    "micro": true
  },
  "str_concat": {
    "mean": 45.770893715014424,
    "rsd_pct": 0.4363500472180928,
    "micro": true
  },
  "throw": {
    "mean": 25.430204374926817,
    "rsd_pct": 0.2901534148988609,
    "micro": true
  }
}