{
  "activerecord": {
    "mean": 120.6642676203046,
    "rsd_pct": 1.6585070064995175,
    "micro": false
  },
  "lee": {
    "mean": 1004.0319355134852,
    "rsd_pct": 1.380240257199899,
    "micro": false
  },
  "fib": {
    "mean": 63.07143384241499,
    "rsd_pct": 0.04969101053590314,
    "micro": true
  },
  "getivar": {
    "mean": 36.2836296367459,
    "rsd_pct": 0.04614546494465613,
    "micro": true
  },
  "respond_to": {
    "mean": 159.78487419895828,
    "rsd_pct": 0.18075913664862667,
    "micro": true
  }
}