{
  "activerecord": {
    "mean": 148.8548852149633,
    "rsd_pct": 0.19957231839465062,
    "micro": false
  },
  "erubi_rails": {
    "mean": 45.72137899477361,
    "rsd_pct": 2.09185108626966,
    "micro": false
  },
  "hexapdf": {
    "mean": 6229.194986323516,
    "rsd_pct": 1.3085700807165523,
    "micro": false
  },
  "liquid-c": {
    "mean": 189.7179070409596,
    "rsd_pct": 1.8579374879337986,
    "micro": false
  },
  "liquid-render": {
    "mean": 362.7796083100532,
    "rsd_pct": 2.196083609710215,
    "micro": false
  },
  "mail": {
    "mean": 375.0904853661339,
    "rsd_pct": 0.16645521319668813,
    "micro": false
  },
  "psych-load": {
    "mean": 5065.875187019507,
    "rsd_pct": 0.05149675721743669,
    "micro": false
  },
  "railsbench": {
    "mean": 5482.229028269649,
    "rsd_pct": 0.7228846285554366,
    "micro": false
  },
  "ruby-lsp": {
    "mean": 184.56779341404027,
    "rsd_pct": 12.109301722102922,
    "micro": false
  },
  "sequel": {
    "mean": 203.11234420349777,
    "rsd_pct": 0.18429291159688216,
    "micro": false
  },
  "binarytrees": {
    "mean": 529.3004840339829,
    "rsd_pct": 0.11012608657790786,
    "micro": false
  },
  "chunky_png": {
    "mean": 1532.7811489696614,
    "rsd_pct": 0.05369699302959475,
    "micro": false
  },
  "erubi": {
    "mean": 593.2913761397328,
    "rsd_pct": 0.7292553962919932,
    "micro": false
  },
  "etanni": {
    "mean": 923.8260015069196,
    "rsd_pct": 0.5309664050001949,
    "micro": false
  },
  "fannkuchredux": {
    "mean": 2024.1008173166351,
    "rsd_pct": 0.10434037526859832,
    "micro": false
  },
  "lee": {
    "mean": 2292.9695932702584,
    "rsd_pct": 0.2543234222677401,
    "micro": false
  },
  "nbody": {
    "mean": 176.25550752478267,
    "rsd_pct": 0.05918531105003061,
    "micro": false
  },
  "optcarrot": {
    "mean": 9655.558133373657,
    "rsd_pct": 0.6615983512750462,
    "micro": false
  },
  "ruby-json": {
    "mean": 8594.043874492249,
    "rsd_pct": 0.1653636209381886,
    "micro": false
  },
  "rubykon": {
    "mean": 21116.57744050026,
    "rsd_pct": 0.6352436541449391,
    "micro": false
  },
  "30k_ifelse": {
    "mean": 1929.722098950693,
    "rsd_pct": 0.026023422181380883,
    "micro": true
  },
  "30k_methods": {
    "mean": 3855.2293577009723,
    "rsd_pct": 0.06539559103780923,
    "micro": true
  },
  "cfunc_itself": {
    "mean": 106.51281448005419,
    "rsd_pct": 0.09467004398942505,
    "micro": true
  },
  "fib": {
    "mean": 191.09091484045356,
    "rsd_pct": 0.005426582854686846,
    "micro": true
  },
  "getivar": {
    "mean": 107.47393650865746,
    "rsd_pct": 0.007727870800861995,
    "micro": true
  },
  "keyword_args": {
    "mean": 190.96928064320838,
    "rsd_pct": 0.12049216876312695,
    "micro": true
  },
  "respond_to": {
    "mean": 105.99221718592906,
    "rsd_pct": 1.157547992958958,
    "micro": true
  },
  "setivar": {
    "mean": 50.03754526635731,
    "rsd_pct": 0.011625312542309746,
    "micro": true
  },
  "setivar_object": {
    "mean": 127.0308336905111,
    "rsd_pct": 1.293037448814207,
    "micro": true
  },
  "setivar_young": {
    "mean": 124.15262783825811,
    "rsd_pct": 2.2078428255771367,
    "micro": true
  },
  "str_concat": {
    "mean": 116.2513934797915,
    "rsd_pct": 0.7057539012536579,
    "micro": true
  },
  "throw": {
    "mean": 50.298848530364566,
    "rsd_pct": 0.1657077488268358,
    "micro": true
  }
}