{
  "activerecord": {
    "mean": 104.98728379025124,
    "rsd_pct": 0.5029740028752712,
    "micro": false
  },
  "hexapdf": {
    "mean": 2385.2618443469205,
    "rsd_pct": 1.4064393550320502,
    "micro": false
  },
  "liquid-render": {
    "mean": 144.88521309422075,
    "rsd_pct": 1.8496302459561844,
    "micro": false
  },
  "mail": {
    "mean": 185.78556110368712,
    "rsd_pct": 2.623890407444091,
    "micro": false
  },
  "psych-load": {
    "mean": 2215.5971692254147,
    "rsd_pct": 0.09495776786817242,
    "micro": false
  },
  "railsbench": {
    "mean": 2413.073998813828,
    "rsd_pct": 0.8217723973782445,
    "micro": false
  },
  "binarytrees": {
    "mean": 376.886395855792,
    "rsd_pct": 0.15359331397446363,
    "micro": false
  },
  "chunky_png": {
    "mean": 670.1805766286521,
    "rsd_pct": 0.5441406282570946,
    "micro": false
  },
  "discourse": {
    "mean": 614.1158636463316,
    "rsd_pct": 19.14880739518672,
    "micro": false
  },
  "erubi": {
    "mean": 404.40348241478205,
    "rsd_pct": 0.6766791646786218,
    "micro": false
  },
  "erubi_rails": {
    "mean": 24.912472044614223,
    "rsd_pct": 54.02069647447022,
    "micro": false
  },
  "fannkuchredux": {
    "mean": 8815.268149475256,
    "rsd_pct": 0.19078686604590153,
    "micro": false
  },
  "lee": {
    "mean": 904.4312710281123,
    "rsd_pct": 1.6431840186835829,
    "micro": false
  },
  "nbody": {
    "mean": 88.28849168050857,
    "rsd_pct": 0.47457767754325525,
    "micro": false
  },
  "optcarrot": {
    "mean": 3479.5359402894974,
    "rsd_pct": 0.5727783076545578,
    "micro": false
  },
  "rubykon": {
    "mean": 7999.656871830423,
    "rsd_pct": 3.568229288868126,
    "micro": false
  },
  "30k_ifelse": {
    "mean": 359.2393866274506,
    "rsd_pct": 0.18036532247943118,
    "micro": true
  },
  "30k_methods": {
    "mean": 877.2167147729884,
    "rsd_pct": 0.06612673990315994,
    "micro": true
  },
  "cfunc_itself": {
    "mean": 45.026864747407735,
    "rsd_pct": 1.0171936317809722,
    "micro": true
  },
  "fib": {
    "mean": 62.49605841585435,
    "rsd_pct": 0.5867521890412635,
    "micro": true
  },
  "getivar": {
    "mean": 42.61072834466588,
    "rsd_pct": 0.6891661146719482,
    "micro": true
  },
  "keyword_args": {
    "mean": 52.80115034662167,
    "rsd_pct": 0.743117614138435,
    "micro": true
  },
  "respond_to": {
    "mean": 185.50742649525966,
    "rsd_pct": 0.29896692821529963,
    "micro": true
  },
  "setivar": {
    "mean": 50.57635750833176,
    "rsd_pct": 0.6503665984582511,
    "micro": true
  },
  "str_concat": {
    "mean": 108.02608738059824,
    "rsd_pct": 1.3954835790635831,
    "micro": true
  }
}