{
  "activerecord": {
    "mean": 147.0117160873978,
    "rsd_pct": 0.2293633014452992,
    "micro": false
  },
  "erubi_rails": {
    "mean": 44.889296349649115,
    "rsd_pct": 2.1326897885230527,
    "micro": false
  },
  "hexapdf": {
    "mean": 6164.19279028972,
    "rsd_pct": 1.7177477198079265,
    "micro": false
  },
  "liquid-c": {
    "mean": 188.84163924182454,
    "rsd_pct": 1.8363392247539165,
    "micro": false
  },
  "liquid-render": {
    "mean": 359.4296190593588,
    "rsd_pct": 2.203002460239054,
    "micro": false
  },
  "mail": {
    "mean": 378.3508047242375,
    "rsd_pct": 0.20013352534877982,
    "micro": false
  },
  "psych-load": {
    "mean": 5419.051242992282,
    "rsd_pct": 0.06671946373612575,
    "micro": false
  },
  "railsbench": {
    "mean": 5498.225508754452,
    "rsd_pct": 0.746026925763219,
    "micro": false
  },
  "ruby-lsp": {
    "mean": 184.49167380766835,
    "rsd_pct": 11.699845367409333,
    "micro": false
  },
  "sequel": {
    "mean": 202.09140988771577,
    "rsd_pct": 0.16671647069400172,
    "micro": false
  },
  "binarytrees": {
    "mean": 529.6766958421185,
    "rsd_pct": 0.2027110171026136,
    "micro": false
  },
  "chunky_png": {
    "mean": 1542.8356492230969,
    "rsd_pct": 0.06579618720454247,
    "micro": false
  },
  "erubi": {
    "mean": 560.2433891393817,
    "rsd_pct": 0.8659833687895229,
    "micro": false
  },
  "etanni": {
    "mean": 910.8281826719325,
    "rsd_pct": 0.47576362621697793,
    "micro": false
  },
  "fannkuchredux": {
    "mean": 2015.141041625453,
    "rsd_pct": 0.1416452078903422,
    "micro": false
  },
  "lee": {
    "mean": 2322.255095112182,
    "rsd_pct": 0.21383422323564477,
    "micro": false
  },
  "nbody": {
    "mean": 175.99059649518807,
    "rsd_pct": 0.06317118390054585,
    "micro": false
  },
  "optcarrot": {
    "mean": 9707.390469685197,
    "rsd_pct": 0.6803532523711788,
    "micro": false
  },
  "ruby-json": {
    "mean": 8211.236566056808,
    "rsd_pct": 0.12286786112613353,
    "micro": false
  },
  "rubykon": {
    "mean": 20874.103036150336,
    "rsd_pct": 1.0061340885457328,
    "micro": false
  },
  "30k_ifelse": {
    "mean": 1929.1162826517161,
    "rsd_pct": 0.06151307723320031,
    "micro": true
  },
  "30k_methods": {
    "mean": 3865.6625386682294,
    "rsd_pct": 0.07670769985562288,
    "micro": true
  },
  "cfunc_itself": {
    "mean": 101.43610998199088,
    "rsd_pct": 0.035404238298797866,
    "micro": true
  },
  "fib": {
    "mean": 191.09140557271462,
    "rsd_pct": 0.00557065759056549,
    "micro": true
  },
  "getivar": {
    "mean": 107.46888689474639,
    "rsd_pct": 0.009927153607341508,
    "micro": true
  },
  "keyword_args": {
    "mean": 190.46636886634334,
    "rsd_pct": 0.02722667792427016,
    "micro": true
  },
  "respond_to": {
    "mean": 99.23256011180321,
    "rsd_pct": 1.8224266636221718,
    "micro": true
  },
  "setivar": {
    "mean": 50.03820301430333,
    "rsd_pct": 0.012460533500236293,
    "micro": true
  },
  "setivar_object": {
    "mean": 126.8897893977292,
    "rsd_pct": 1.360510250070774,
    "micro": true
  },
  "setivar_young": {
    "mean": 124.09997405915486,
    "rsd_pct": 1.5820068903443005,
    "micro": true
  },
  "str_concat": {
    "mean": 116.19041218844936,
    "rsd_pct": 0.6992764200723681,
    "micro": true
  },
  "throw": {
    "mean": 49.70924096787578,
    "rsd_pct": 0.17345828496989046,
    "micro": true
  }
}