{
  "activerecord": {
    "mean": 113.69367194129154,
    "rsd_pct": 1.9711258245361016
  },
  "jekyll": {
    "mean": 7644.031825999264,
    "rsd_pct": 2.878222060466691
  },
  "liquid-render": {
    "mean": 149.3973089569819,
    "rsd_pct": 1.7277308969221175
  },
  "psych-load": {
    "mean": 1811.4187452127226,
    "rsd_pct": 0.6247084364070256
  },
  "railsbench": {
    "mean": 2714.777965587564,
    "rsd_pct": 1.5515707978457447
  },
  "binarytrees": {
    "mean": 307.0074480908391,
    "rsd_pct": 0.27944614156215436
  },
  "fannkuchredux": {
    "mean": 5496.094984083902,
    "rsd_pct": 0.09789101824531873
  },
  "lee": {
    "mean": 810.1434992626309,
    "rsd_pct": 1.515842043998646
  },
  "nbody": {
    "mean": 115.15816285206778,
    "rsd_pct": 0.029988298021658973
  },
  "optcarrot": {
    "mean": 3142.7253474714234,
    "rsd_pct": 0.21680536014376323
  },
  "30k_ifelse": {
    "mean": 329.0743915245448,
    "rsd_pct": 0.18689096743373637
  },
  "30k_methods": {
    "mean": 724.9923218753086,
    "rsd_pct": 0.023774260399458777
  },
  "cfunc_itself": {
    "mean": 41.46418415736525,
    "rsd_pct": 0.447545776340061
  },
  "fib": {
    "mean": 58.30836541390236,
    "rsd_pct": 0.030951178445293156
  },
  "getivar": {
    "mean": 36.278154805283215,
    "rsd_pct": 0.07341990242260067
  },
  "respond_to": {
    "mean": 155.8757671516999,
    "rsd_pct": 0.2707057408822819
  },
  "setivar": {
    "mean": 41.76948839832765,
    "rsd_pct": 0.3162856044254894
  }
}