{
  "activerecord": {
    "mean": 109.62898860217175,
    "rsd_pct": 0.35061000610308407
  },
  "jekyll": {
    "mean": 7454.247299768031,
    "rsd_pct": 1.710418174497353
  },
  "liquid-render": {
    "mean": 147.75187971203454,
    "rsd_pct": 0.9587302595955779
  },
  "mail": {
    "mean": 136.75951132181046,
    "rsd_pct": 0.48106795374274025
  },
  "psych-load": {
    "mean": 1621.6622647363693,
    "rsd_pct": 0.1916138487569392
  },
  "railsbench": {
    "mean": 2460.340089350939,
    "rsd_pct": 1.5387261004875818
  },
  "binarytrees": {
    "mean": 300.91876484322967,
    "rsd_pct": 2.5511071125431894
  },
  "fannkuchredux": {
    "mean": 5484.259997727349,
    "rsd_pct": 0.10415539211016135
  },
  "lee": {
    "mean": 815.3045221231878,
    "rsd_pct": 1.6323686380744769
  },
  "nbody": {
    "mean": 72.2380413216877,
    "rsd_pct": 0.047507664745142494
  },
  "optcarrot": {
    "mean": 3128.9754054509103,
    "rsd_pct": 0.0777363243184815
  },
  "30k_ifelse": {
    "mean": 323.538259558308,
    "rsd_pct": 0.18225294040121218
  },
  "30k_methods": {
    "mean": 762.9817473866484,
    "rsd_pct": 0.02324160030305134
  },
  "cfunc_itself": {
    "mean": 39.900316955233976,
    "rsd_pct": 0.22134959030012982
  },
  "fib": {
    "mean": 52.00189530352751,
    "rsd_pct": 0.0485029335304871
  },
  "getivar": {
    "mean": 36.2425931344853,
    "rsd_pct": 0.0681904623011266
  },
  "keyword_args": {
    "mean": 242.40049513771314,
    "rsd_pct": 0.06407551769949998
  },
  "respond_to": {
    "mean": 174.781036381388,
    "rsd_pct": 0.18578476648319525
  },
  "setivar": {
    "mean": 39.42353307455021,
    "rsd_pct": 0.07497302901833258
  }
}