{
  "activerecord": {
    "mean": 42.01659655488026,
    "rsd_pct": 0.7968717023348054,
    "micro": false
  },
  "erubi_rails": {
    "mean": 15.063467325807995,
    "rsd_pct": 3.5089182566069037,
    "micro": false
  },
  "hexapdf": {
    "mean": 2006.6773447518547,
    "rsd_pct": 2.342667290290023,
    "micro": false
  },
  "liquid-c": {
    "mean": 57.90362219879593,
    "rsd_pct": 2.038636638794581,
    "micro": false
  },
  "liquid-compile": {
    "mean": 55.20210596501251,
    "rsd_pct": 0.7690697507709738,
    "micro": false
  },
  "liquid-render": {
    "mean": 102.4747971827403,
    "rsd_pct": 2.7816104488365667,
    "micro": false
  },
  "mail": {
    "mean": 127.21960914505135,
    "rsd_pct": 0.37025845901754506,
    "micro": false
  },
  "psych-load": {
    "mean": 1799.9181035906076,
    "rsd_pct": 0.06302240059246701,
    "micro": false
  },
  "railsbench": {
    "mean": 1792.8088892251253,
    "rsd_pct": 1.188714732134415,
    "micro": false
  },
  "ruby-lsp": {
    "mean": 57.482745629931216,
    "rsd_pct": 20.635547017715048,
    "micro": false
  },
  "sequel": {
    "mean": 66.4711899675404,
    "rsd_pct": 0.39243574909880474,
    "micro": false
  },
  "binarytrees": {
    "mean": 224.76348851341754,
    "rsd_pct": 0.283080757535395,
    "micro": false
  },
  "chunky_png": {
    "mean": 602.7146990156987,
    "rsd_pct": 0.0601430515432993,
    "micro": false
  },
  "erubi": {
    "mean": 248.25008673432433,
    "rsd_pct": 0.8580402191088569,
    "micro": false
  },
  "etanni": {
    "mean": 403.5985605335053,
    "rsd_pct": 0.4534711719987561,
    "micro": false
  },
  "fannkuchredux": {
    "mean": 780.7923470810056,
    "rsd_pct": 0.3060506055123954,
    "micro": false
  },
  "lee": {
    "mean": 857.9252431088167,
    "rsd_pct": 0.3364763469957719,
    "micro": false
  },
  "nbody": {
    "mean": 76.6536756633566,
    "rsd_pct": 0.06777640290940279,
    "micro": false
  },
  "optcarrot": {
    "mean": 2236.75191582491,
    "rsd_pct": 0.5579567418201419,
    "micro": false
  },
  "ruby-json": {
    "mean": 3044.358363250891,
    "rsd_pct": 0.2587510655448509,
    "micro": false
  },
  "rubykon": {
    "mean": 6353.2402298723655,
    "rsd_pct": 0.3677660251767218,
    "micro": false
  },
  "30k_ifelse": {
    "mean": 359.8907521841201,
    "rsd_pct": 0.06989641216278879,
    "micro": true
  },
  "30k_methods": {
    "mean": 859.3983091413975,
    "rsd_pct": 0.028034913055169898,
    "micro": true
  },
  "cfunc_itself": {
    "mean": 39.1642114946868,
    "rsd_pct": 0.4829692380564425,
    "micro": true
  },
  "fib": {
    "mean": 44.34123593486018,
    "rsd_pct": 0.08561050271415795,
    "micro": true
  },
  "getivar": {
    "mean": 21.181311033587292,
    "rsd_pct": 0.15765188816082892,
    "micro": true
  },
  "keyword_args": {
    "mean": 47.66440102586029,
    "rsd_pct": 0.1096691110918096,
    "micro": true
  },
  "respond_to": {
    "mean": 26.23863315983611,
    "rsd_pct": 0.9787562823698217,
    "micro": true
  },
  "setivar": {
    "mean": 11.994847827258587,
    "rsd_pct": 0.08846960025710413,
    "micro": true
  },
  "setivar_object": {
    "mean": 46.642227707622204,
    "rsd_pct": 4.338718289389526,
    "micro": true
  },
  "setivar_young": {
    "mean": 43.143680799937535,
    "rsd_pct": 2.189071629288838,
    "micro": true
  },
  "str_concat": {
    "mean": 42.19574673814073,
    "rsd_pct": 1.6622145250750229,
    "micro": true
  },
  "throw": {
    "mean": 23.880672835587102,
    "rsd_pct": 0.239249791818288,
    "micro": true
  }
}