{
  "activerecord": {
    "mean": 92.00903012691933,
    "rsd_pct": 0.6809196186682551,
    "micro": false
  },
  "hexapdf": {
    "mean": 2119.018685150271,
    "rsd_pct": 1.7081174564390555,
    "micro": false
  },
  "liquid-render": {
    "mean": 113.41629938313459,
    "rsd_pct": 1.5522025145863765,
    "micro": false
  },
  "mail": {
    "mean": 141.26538661408372,
    "rsd_pct": 0.15872991882445153,
    "micro": false
  },
  "psych-load": {
    "mean": 1817.8084937545161,
    "rsd_pct": 0.05546584968170016,
    "micro": false
  },
  "railsbench": {
    "mean": 1981.5269373822957,
    "rsd_pct": 1.4448648266245405,
    "micro": false
  },
  "ruby-lsp": {
    "mean": 71.63244013858848,
    "rsd_pct": 20.07784557157446,
    "micro": false
  },
  "binarytrees": {
    "mean": 230.05461449420815,
    "rsd_pct": 0.06569064446155366,
    "micro": false
  },
  "chunky_png": {
    "mean": 625.4126683343202,
    "rsd_pct": 0.05734273706992203,
    "micro": false
  },
  "erubi": {
    "mean": 288.34659316510493,
    "rsd_pct": 0.8169455530992311,
    "micro": false
  },
  "erubi_rails": {
    "mean": 17.431758886838605,
    "rsd_pct": 4.017368867242792,
    "micro": false
  },
  "etanni": {
    "mean": 462.2403621608608,
    "rsd_pct": 0.6532775542648587,
    "micro": false
  },
  "fannkuchredux": {
    "mean": 927.6744672540752,
    "rsd_pct": 0.16733692051358262,
    "micro": false
  },
  "lee": {
    "mean": 878.6590429213406,
    "rsd_pct": 1.9664843814860324,
    "micro": false
  },
  "nbody": {
    "mean": 74.07674225234187,
    "rsd_pct": 0.033583998532478024,
    "micro": false
  },
  "optcarrot": {
    "mean": 2587.570763177549,
    "rsd_pct": 0.4324411849169229,
    "micro": false
  },
  "rubykon": {
    "mean": 6690.0818409242975,
    "rsd_pct": 0.3298136435403429,
    "micro": false
  },
  "30k_ifelse": {
    "mean": 399.5521136559546,
    "rsd_pct": 0.23286046679189704,
    "micro": true
  },
  "30k_methods": {
    "mean": 956.0867290943861,
    "rsd_pct": 0.030026993586049145,
    "micro": true
  },
  "cfunc_itself": {
    "mean": 40.71625788476083,
    "rsd_pct": 0.32681600833827207,
    "micro": true
  },
  "fib": {
    "mean": 62.830291908825956,
    "rsd_pct": 0.0437655622255223,
    "micro": true
  },
  "getivar": {
    "mean": 45.81600599453382,
    "rsd_pct": 0.24131907421860382,
    "micro": true
  },
  "keyword_args": {
    "mean": 52.0340894703016,
    "rsd_pct": 0.0690708208236976,
    "micro": true
  },
  "respond_to": {
    "mean": 28.841859750412027,
    "rsd_pct": 0.45147224008716236,
    "micro": true
  },
  "setivar": {
    "mean": 14.705287870053914,
    "rsd_pct": 0.093454262787833,
    "micro": true
  },
  "setivar_object": {
    "mean": 59.13081796791486,
    "rsd_pct": 26.738798203779474,
    "micro": true
  },
  "str_concat": {
    "mean": 43.52622249947853,
    "rsd_pct": 1.8521550687163997,
    "micro": true
  }
}