{
  "activerecord": {
    "mean": 42.11800919164437,
    "rsd_pct": 0.8807683961586575,
    "micro": false
  },
  "hexapdf": {
    "mean": 2043.6342917382717,
    "rsd_pct": 2.2280548868084145,
    "micro": false
  },
  "liquid-c": {
    "mean": 57.886248611934676,
    "rsd_pct": 2.045392896671281,
    "micro": false
  },
  "liquid-render": {
    "mean": 103.28252014975685,
    "rsd_pct": 2.772910618583568,
    "micro": false
  },
  "mail": {
    "mean": 130.07150388328859,
    "rsd_pct": 0.19788358440460302,
    "micro": false
  },
  "psych-load": {
    "mean": 1787.9698807373643,
    "rsd_pct": 0.05811512909048461,
    "micro": false
  },
  "railsbench": {
    "mean": 1802.4693838631113,
    "rsd_pct": 1.1118370679955887,
    "micro": false
  },
  "ruby-lsp": {
    "mean": 57.815514973278134,
    "rsd_pct": 19.89755969536135,
    "micro": false
  },
  "sequel": {
    "mean": 67.75869470750817,
    "rsd_pct": 0.3813203814414453,
    "micro": false
  },
  "binarytrees": {
    "mean": 237.4667815331902,
    "rsd_pct": 0.05634582605327299,
    "micro": false
  },
  "chunky_png": {
    "mean": 623.9932964963373,
    "rsd_pct": 0.08156697072561844,
    "micro": false
  },
  "erubi": {
    "mean": 247.10600979534198,
    "rsd_pct": 0.8334819384610349,
    "micro": false
  },
  "erubi_rails": {
    "mean": 15.086628379610914,
    "rsd_pct": 3.6525414399518854,
    "micro": false
  },
  "etanni": {
    "mean": 408.6981691846934,
    "rsd_pct": 0.46616506299492055,
    "micro": false
  },
  "fannkuchredux": {
    "mean": 858.6988813932176,
    "rsd_pct": 0.28821288342865287,
    "micro": false
  },
  "lee": {
    "mean": 899.4564273902638,
    "rsd_pct": 0.3080435461527423,
    "micro": false
  },
  "nbody": {
    "mean": 73.80391595149722,
    "rsd_pct": 0.10127181250565709,
    "micro": false
  },
  "optcarrot": {
    "mean": 2562.2262674073377,
    "rsd_pct": 0.6494039945868469,
    "micro": false
  },
  "ruby-json": {
    "mean": 3113.2983601341643,
    "rsd_pct": 0.07955729798515264,
    "micro": false
  },
  "rubykon": {
    "mean": 6648.229753909011,
    "rsd_pct": 0.40329159380010465,
    "micro": false
  },
  "30k_ifelse": {
    "mean": 421.0357009928594,
    "rsd_pct": 0.10967937767274262,
    "micro": true
  },
  "30k_methods": {
    "mean": 943.5879612518918,
    "rsd_pct": 0.03979969986498457,
    "micro": true
  },
  "cfunc_itself": {
    "mean": 43.09225766237119,
    "rsd_pct": 0.20077306882271145,
    "micro": true
  },
  "fib": {
    "mean": 61.71472264557249,
    "rsd_pct": 0.07387002663033937,
    "micro": true
  },
  "getivar": {
    "mean": 45.78857598057307,
    "rsd_pct": 0.06183872331103065,
    "micro": true
  },
  "keyword_args": {
    "mean": 53.61975541198125,
    "rsd_pct": 0.11833734581446638,
    "micro": true
  },
  "respond_to": {
    "mean": 32.290289959599896,
    "rsd_pct": 0.25033789024998104,
    "micro": true
  },
  "setivar": {
    "mean": 14.80543048362489,
    "rsd_pct": 0.1087695412351512,
    "micro": true
  },
  "setivar_object": {
    "mean": 48.544325124825875,
    "rsd_pct": 2.590650852694021,
    "micro": true
  },
  "setivar_young_object": {
    "mean": 46.70244996668771,
    "rsd_pct": 1.6931306266909305,
    "micro": true
  },
  "str_concat": {
    "mean": 44.340935317194905,
    "rsd_pct": 1.4857018385358594,
    "micro": true
  },
  "throw": {
    "mean": 23.536687331850526,
    "rsd_pct": 0.3703373793660815,
    "micro": true
  }
}