{
  "activerecord": {
    "mean": 108.49922883283833,
    "rsd_pct": 0.5410933126428242,
    "micro": false
  },
  "hexapdf": {
    "mean": 2416.2414018064737,
    "rsd_pct": 1.6808283966384412,
    "micro": false
  },
  "liquid-render": {
    "mean": 126.80466551998049,
    "rsd_pct": 1.6744489827286095,
    "micro": false
  },
  "mail": {
    "mean": 163.03678627935102,
    "rsd_pct": 0.37944369340155626,
    "micro": false
  },
  "psych-load": {
    "mean": 1954.9935208633542,
    "rsd_pct": 0.02422382525045193,
    "micro": false
  },
  "railsbench": {
    "mean": 2191.102416689197,
    "rsd_pct": 1.8133274448352752,
    "micro": false
  },
  "binarytrees": {
    "mean": 368.51547945601243,
    "rsd_pct": 1.4173520550662133,
    "micro": false
  },
  "chunky_png": {
    "mean": 663.5140181519091,
    "rsd_pct": 0.12058780484002149,
    "micro": false
  },
  "discourse": {
    "mean": 567.773638642393,
    "rsd_pct": 15.253401898913674,
    "micro": false
  },
  "erubi": {
    "mean": 425.9178151000053,
    "rsd_pct": 0.8208794811014601,
    "micro": false
  },
  "erubi_rails": {
    "mean": 20.522175643600722,
    "rsd_pct": 2.9704625896981813,
    "micro": false
  },
  "fannkuchredux": {
    "mean": 7071.7275477945805,
    "rsd_pct": 0.06792794410142601,
    "micro": false
  },
  "lee": {
    "mean": 907.0935294120794,
    "rsd_pct": 0.3323623358882527,
    "micro": false
  },
  "nbody": {
    "mean": 88.82332139055838,
    "rsd_pct": 0.5040956065606614,
    "micro": false
  },
  "optcarrot": {
    "mean": 3431.106268490354,
    "rsd_pct": 0.6209850465867303,
    "micro": false
  },
  "rubykon": {
    "mean": 7880.520269460976,
    "rsd_pct": 0.5831278660620627,
    "micro": false
  },
  "30k_ifelse": {
    "mean": 357.46499862183225,
    "rsd_pct": 0.1840491373285585,
    "micro": true
  },
  "30k_methods": {
    "mean": 921.7265486632558,
    "rsd_pct": 0.050402492650591296,
    "micro": true
  },
  "cfunc_itself": {
    "mean": 44.893162729767894,
    "rsd_pct": 0.9730021657248508,
    "micro": true
  },
  "fib": {
    "mean": 62.473766412294026,
    "rsd_pct": 0.5571315889407289,
    "micro": true
  },
  "getivar": {
    "mean": 42.55760333533417,
    "rsd_pct": 0.7034322826719002,
    "micro": true
  },
  "keyword_args": {
    "mean": 53.03027533953244,
    "rsd_pct": 0.7040668767136027,
    "micro": true
  },
  "respond_to": {
    "mean": 182.62539234840207,
    "rsd_pct": 0.3439375480768569,
    "micro": true
  },
  "setivar": {
    "mean": 49.259106848651726,
    "rsd_pct": 0.7357667223442801,
    "micro": true
  }
}