{
  "activerecord": {
    "mean": 106.03152148363144,
    "rsd_pct": 0.7223890209760858,
    "micro": false
  },
  "hexapdf": {
    "mean": 2204.373515304178,
    "rsd_pct": 2.003870279940904,
    "micro": false
  },
  "jekyll": {
    "mean": 7461.975088249892,
    "rsd_pct": 2.360000039947376,
    "micro": false
  },
  "liquid-render": {
    "mean": 118.11023451737128,
    "rsd_pct": 1.9799481504101277,
    "micro": false
  },
  "mail": {
    "mean": 141.21657668236102,
    "rsd_pct": 0.20245402277137617,
    "micro": false
  },
  "psych-load": {
    "mean": 1650.017801206559,
    "rsd_pct": 0.45449213490613555,
    "micro": false
  },
  "railsbench": {
    "mean": 2471.5907603502274,
    "rsd_pct": 1.39360515634118,
    "micro": false
  },
  "binarytrees": {
    "mean": 287.7030138547222,
    "rsd_pct": 2.575717044348831,
    "micro": false
  },
  "fannkuchredux": {
    "mean": 5741.452308744192,
    "rsd_pct": 0.05933951177703377,
    "micro": false
  },
  "lee": {
    "mean": 809.8907748237252,
    "rsd_pct": 1.5141496786596766,
    "micro": false
  },
  "nbody": {
    "mean": 72.54374263233932,
    "rsd_pct": 0.036812236704489465,
    "micro": false
  },
  "optcarrot": {
    "mean": 3111.424276418984,
    "rsd_pct": 0.47054686992202455,
    "micro": false
  },
  "rubykon": {
    "mean": 5764.9735594168305,
    "rsd_pct": 0.6718579980684557,
    "micro": false
  },
  "30k_ifelse": {
    "mean": 310.666278866982,
    "rsd_pct": 0.13356187046648768,
    "micro": true
  },
  "30k_methods": {
    "mean": 750.3088047618376,
    "rsd_pct": 0.026632485566495587,
    "micro": true
  },
  "cfunc_itself": {
    "mean": 38.952302660733935,
    "rsd_pct": 0.2733054312239386,
    "micro": true
  },
  "fib": {
    "mean": 52.221253069851734,
    "rsd_pct": 0.06003345264638519,
    "micro": true
  },
  "getivar": {
    "mean": 35.454901287777965,
    "rsd_pct": 0.04593522956345633,
    "micro": true
  },
  "keyword_args": {
    "mean": 45.713986241841845,
    "rsd_pct": 0.06640485873217379,
    "micro": true
  },
  "respond_to": {
    "mean": 155.67963425570926,
    "rsd_pct": 0.3037895734367618,
    "micro": true
  },
  "setivar": {
    "mean": 44.37677521531383,
    "rsd_pct": 1.2392892107762585,
    "micro": true
  }
}