{
  "activerecord": {
    "mean": 109.75337489291506,
    "rsd_pct": 1.0776992542939214,
    "micro": false
  },
  "hexapdf": {
    "mean": 2194.5938960649073,
    "rsd_pct": 2.064886108697179,
    "micro": false
  },
  "jekyll": {
    "mean": 7395.476952660829,
    "rsd_pct": 1.8712777755723335,
    "micro": false
  },
  "liquid-render": {
    "mean": 115.61025540841503,
    "rsd_pct": 2.1420214859572133,
    "micro": false
  },
  "mail": {
    "mean": 148.08490098267794,
    "rsd_pct": 1.7600664319838302,
    "micro": false
  },
  "psych-load": {
    "mean": 1753.7841734476388,
    "rsd_pct": 2.057544450207107,
    "micro": false
  },
  "railsbench": {
    "mean": 2511.8789514526725,
    "rsd_pct": 1.3693453534263318,
    "micro": false
  },
  "binarytrees": {
    "mean": 284.274201885965,
    "rsd_pct": 0.3306634646457881,
    "micro": false
  },
  "fannkuchredux": {
    "mean": 5533.241320494562,
    "rsd_pct": 0.13764585802189225,
    "micro": false
  },
  "lee": {
    "mean": 822.0974799245596,
    "rsd_pct": 0.07221753268807633,
    "micro": false
  },
  "nbody": {
    "mean": 72.04147258342536,
    "rsd_pct": 0.04001056828512417,
    "micro": false
  },
  "optcarrot": {
    "mean": 3115.5532149598002,
    "rsd_pct": 0.4670560468395438,
    "micro": false
  },
  "rubykon": {
    "mean": 5440.468949452043,
    "rsd_pct": 0.46136176756698494,
    "micro": false
  },
  "30k_ifelse": {
    "mean": 310.65559797678833,
    "rsd_pct": 0.15710567874667863,
    "micro": true
  },
  "30k_methods": {
    "mean": 760.1008566425127,
    "rsd_pct": 0.042235963874848556,
    "micro": true
  },
  "cfunc_itself": {
    "mean": 42.203462103842405,
    "rsd_pct": 0.2784353394337291,
    "micro": true
  },
  "fib": {
    "mean": 52.064628310501575,
    "rsd_pct": 0.10731094434889452,
    "micro": true
  },
  "getivar": {
    "mean": 35.47177884072341,
    "rsd_pct": 0.04822350181355744,
    "micro": true
  },
  "keyword_args": {
    "mean": 45.38309709395859,
    "rsd_pct": 0.19516900120355174,
    "micro": true
  },
  "respond_to": {
    "mean": 163.54402820620916,
    "rsd_pct": 0.38985340308093347,
    "micro": true
  },
  "setivar": {
    "mean": 41.959877295250244,
    "rsd_pct": 0.11246452837666539,
    "micro": true
  }
}