{
  "activerecord": {
    "mean": 109.73596538422424,
    "rsd_pct": 1.938394230292486
  },
  "jekyll": {
    "mean": 7468.906483286992,
    "rsd_pct": 2.010388017109618
  },
  "liquid-render": {
    "mean": 147.23707475729051,
    "rsd_pct": 2.456364980978057
  },
  "mail": {
    "mean": 138.03559132610206,
    "rsd_pct": 1.6461794898829716
  },
  "psych-load": {
    "mean": 1671.8941483646631,
    "rsd_pct": 1.1089536352795923
  },
  "railsbench": {
    "mean": 2596.0230592638254,
    "rsd_pct": 1.3896885989755816
  },
  "binarytrees": {
    "mean": 297.3986314689933,
    "rsd_pct": 0.19715580641060496
  },
  "fannkuchredux": {
    "mean": 5385.915393102914,
    "rsd_pct": 0.020915747934049152
  },
  "lee": {
    "mean": 795.5417562334333,
    "rsd_pct": 1.523860369466062
  },
  "nbody": {
    "mean": 74.15523868089971,
    "rsd_pct": 0.0516642258169631
  },
  "optcarrot": {
    "mean": 3129.382793325931,
    "rsd_pct": 0.4598328682506461
  },
  "30k_ifelse": {
    "mean": 317.87672363889385,
    "rsd_pct": 0.252629977263962
  },
  "30k_methods": {
    "mean": 758.2416671656948,
    "rsd_pct": 0.11658202039157695
  },
  "cfunc_itself": {
    "mean": 41.07090194106289,
    "rsd_pct": 0.35273408311861415
  },
  "fib": {
    "mean": 52.00400227804979,
    "rsd_pct": 0.023528311049786872
  },
  "getivar": {
    "mean": 36.24526758912408,
    "rsd_pct": 0.08517455338286022
  },
  "respond_to": {
    "mean": 166.16162668645114,
    "rsd_pct": 0.12266154245192683
  },
  "setivar": {
    "mean": 41.12159210650721,
    "rsd_pct": 0.14058049722928465
  }
}