{
  "activerecord": {
    "mean": 101.74246805558062,
    "rsd_pct": 0.4202290067385615,
    "micro": false
  },
  "hexapdf": {
    "mean": 2085.751686990261,
    "rsd_pct": 2.0551595495768566,
    "micro": false
  },
  "liquid-render": {
    "mean": 110.5316081442512,
    "rsd_pct": 2.3127474009503923,
    "micro": false
  },
  "mail": {
    "mean": 139.6338610082037,
    "rsd_pct": 0.3509235657300945,
    "micro": false
  },
  "psych-load": {
    "mean": 1636.6297281036775,
    "rsd_pct": 0.36742076400934415,
    "micro": false
  },
  "railsbench": {
    "mean": 2034.8162695765495,
    "rsd_pct": 1.624268783726464,
    "micro": false
  },
  "binarytrees": {
    "mean": 287.34474981970646,
    "rsd_pct": 0.06725618655871732,
    "micro": false
  },
  "erubi": {
    "mean": 353.1564247262265,
    "rsd_pct": 0.8519853535521491,
    "micro": false
  },
  "erubi_rails": {
    "mean": 19.614174529910088,
    "rsd_pct": 3.381128846137612,
    "micro": false
  },
  "fannkuchredux": {
    "mean": 5646.877386420965,
    "rsd_pct": 0.11805807466637779,
    "micro": false
  },
  "lee": {
    "mean": 756.6355292040569,
    "rsd_pct": 1.8610433520557306,
    "micro": false
  },
  "nbody": {
    "mean": 73.13246670947478,
    "rsd_pct": 0.04076144574833523,
    "micro": false
  },
  "optcarrot": {
    "mean": 2956.102546925346,
    "rsd_pct": 0.6334323344585434,
    "micro": false
  },
  "rubykon": {
    "mean": 5507.768070201079,
    "rsd_pct": 0.4131035691826901,
    "micro": false
  },
  "30k_ifelse": {
    "mean": 306.0615499718831,
    "rsd_pct": 0.10825357637097506,
    "micro": true
  },
  "30k_methods": {
    "mean": 739.4355808695158,
    "rsd_pct": 0.0259898667361285,
    "micro": true
  },
  "cfunc_itself": {
    "mean": 39.523207051661124,
    "rsd_pct": 0.2397695369978448,
    "micro": true
  },
  "fib": {
    "mean": 52.07327926925362,
    "rsd_pct": 0.04658055600898914,
    "micro": true
  },
  "getivar": {
    "mean": 35.4661221061037,
    "rsd_pct": 0.05701039849269528,
    "micro": true
  },
  "keyword_args": {
    "mean": 45.77732511750118,
    "rsd_pct": 0.13768831393087963,
    "micro": true
  },
  "respond_to": {
    "mean": 155.71390247837766,
    "rsd_pct": 0.13352069707533087,
    "micro": true
  },
  "setivar": {
    "mean": 41.12370731729328,
    "rsd_pct": 0.17651018761549803,
    "micro": true
  }
}