{
  "activerecord": {
    "mean": 331.15413270944964,
    "rsd_pct": 0.3095894624170973,
    "micro": false
  },
  "hexapdf": {
    "mean": 7500.505586651464,
    "rsd_pct": 1.5613100178955146,
    "micro": false
  },
  "liquid-render": {
    "mean": 440.66422630567104,
    "rsd_pct": 1.430535544795748,
    "micro": false
  },
  "mail": {
    "mean": 581.8704132093337,
    "rsd_pct": 0.4326271467961932,
    "micro": false
  },
  "psych-load": {
    "mean": 6205.27463791271,
    "rsd_pct": 0.02700101837967159,
    "micro": false
  },
  "railsbench": {
    "mean": 6609.132586605847,
    "rsd_pct": 0.5077113133337494,
    "micro": false
  },
  "ruby-lsp": {
    "mean": 241.96919306921654,
    "rsd_pct": 14.42958617377472,
    "micro": false
  },
  "binarytrees": {
    "mean": 565.210148562179,
    "rsd_pct": 3.419769896150427,
    "micro": false
  },
  "chunky_png": {
    "mean": 1642.4204596842173,
    "rsd_pct": 0.13216211941421988,
    "micro": false
  },
  "erubi": {
    "mean": 759.4579256542805,
    "rsd_pct": 1.4198718764063838,
    "micro": false
  },
  "erubi_rails": {
    "mean": 52.226217559754474,
    "rsd_pct": 2.3825400699346635,
    "micro": false
  },
  "etanni": {
    "mean": 1228.2565671152302,
    "rsd_pct": 0.8031577485233121,
    "micro": false
  },
  "fannkuchredux": {
    "mean": 5993.860985649128,
    "rsd_pct": 0.1200702902840265,
    "micro": false
  },
  "lee": {
    "mean": 2646.231454664043,
    "rsd_pct": 1.5729187095666655,
    "micro": false
  },
  "nbody": {
    "mean": 216.0310517375668,
    "rsd_pct": 0.1352452878117845,
    "micro": false
  },
  "optcarrot": {
    "mean": 14521.06171362102,
    "rsd_pct": 0.4017946438415961,
    "micro": false
  },
  "rubykon": {
    "mean": 23798.57913653056,
    "rsd_pct": 0.37032153237363247,
    "micro": false
  },
  "30k_ifelse": {
    "mean": 2306.6452792286873,
    "rsd_pct": 2.2700464002893534,
    "micro": true
  },
  "30k_methods": {
    "mean": 5183.729810174555,
    "rsd_pct": 0.05919811355573478,
    "micro": true
  },
  "cfunc_itself": {
    "mean": 118.9103413702374,
    "rsd_pct": 0.11308058856105725,
    "micro": true
  },
  "fib": {
    "mean": 225.60391063156302,
    "rsd_pct": 0.008229267139705903,
    "micro": true
  },
  "getivar": {
    "mean": 118.34654549985005,
    "rsd_pct": 0.0052065143470108695,
    "micro": true
  },
  "keyword_args": {
    "mean": 155.91371745277354,
    "rsd_pct": 0.01326691143118432,
    "micro": true
  },
  "respond_to": {
    "mean": 113.93230420497942,
    "rsd_pct": 1.2701422600848515,
    "micro": true
  },
  "setivar": {
    "mean": 113.57005113595218,
    "rsd_pct": 0.00721020031226649,
    "micro": true
  },
  "str_concat": {
    "mean": 118.60626319261348,
    "rsd_pct": 0.7544498141951659,
    "micro": true
  }
}