{
  "activerecord": {
    "mean": 146.14613769811277,
    "rsd_pct": 2.317362119050538,
    "micro": false
  },
  "erubi_rails": {
    "mean": 45.62429126407937,
    "rsd_pct": 11.823573970024835,
    "micro": false
  },
  "hexapdf": {
    "mean": 5990.599732597669,
    "rsd_pct": 2.164930156966013,
    "micro": false
  },
  "liquid-c": {
    "mean": 194.59579248279775,
    "rsd_pct": 0.6523594867734598,
    "micro": false
  },
  "liquid-compile": {
    "mean": 162.38524313528268,
    "rsd_pct": 2.1656038915804414,
    "micro": false
  },
  "liquid-render": {
    "mean": 357.7656703196583,
    "rsd_pct": 0.38102882555564904,
    "micro": false
  },
  "mail": {
    "mean": 373.36336303230945,
    "rsd_pct": 0.06453759514314145,
    "micro": false
  },
  "psych-load": {
    "mean": 5367.243173718452,
    "rsd_pct": 0.09226835291481485,
    "micro": false
  },
  "railsbench": {
    "mean": 5347.298444062471,
    "rsd_pct": 0.5546985729252905,
    "micro": false
  },
  "ruby-lsp": {
    "mean": 173.43533225357533,
    "rsd_pct": 3.9951208078161358,
    "micro": false
  },
  "sequel": {
    "mean": 205.35376943492642,
    "rsd_pct": 1.0593263092997933,
    "micro": false
  },
  "binarytrees": {
    "mean": 491.0159981701263,
    "rsd_pct": 0.1336934730878569,
    "micro": false
  },
  "chunky_png": {
    "mean": 1508.999274795254,
    "rsd_pct": 0.3989276877896323,
    "micro": false
  },
  "erubi": {
    "mean": 590.9437154020582,
    "rsd_pct": 0.0839957277029747,
    "micro": false
  },
  "etanni": {
    "mean": 971.4074635412544,
    "rsd_pct": 0.2349128160814072,
    "micro": false
  },
  "fannkuchredux": {
    "mean": 1471.4992189407349,
    "rsd_pct": 0.2689337129984498,
    "micro": false
  },
  "lee": {
    "mean": 2417.5039364823274,
    "rsd_pct": 0.37936251972130997,
    "micro": false
  },
  "nbody": {
    "mean": 155.45671925002293,
    "rsd_pct": 0.06218857445651714,
    "micro": false
  },
  "optcarrot": {
    "mean": 8546.269348015388,
    "rsd_pct": 0.49772012707355406,
    "micro": false
  },
  "ruby-json": {
    "mean": 8598.53672956427,
    "rsd_pct": 0.09128096723832135,
    "micro": false
  },
  "rubykon": {
    "mean": 20674.36195363601,
    "rsd_pct": 0.3754087960960978,
    "micro": false
  },
  "30k_ifelse": {
    "mean": 1599.4352801279588,
    "rsd_pct": 0.02765441663758666,
    "micro": true
  },
  "30k_methods": {
    "mean": 3469.4156486379065,
    "rsd_pct": 0.12405544370053986,
    "micro": true
  },
  "cfunc_itself": {
    "mean": 86.82037997113461,
    "rsd_pct": 0.01123236236574946,
    "micro": true
  },
  "fib": {
    "mean": 123.65524472469198,
    "rsd_pct": 0.0725820913653908,
    "micro": true
  },
  "getivar": {
    "mean": 40.46654313329666,
    "rsd_pct": 0.013644322375724154,
    "micro": true
  },
  "keyword_args": {
    "mean": 121.69806999434908,
    "rsd_pct": 0.03060237200807784,
    "micro": true
  },
  "respond_to": {
    "mean": 84.82128113261139,
    "rsd_pct": 1.11739355922873,
    "micro": true
  },
  "setivar": {
    "mean": 30.89440804160349,
    "rsd_pct": 0.015621264786936836,
    "micro": true
  },
  "setivar_object": {
    "mean": 113.12605731581387,
    "rsd_pct": 0.01039906803775134,
    "micro": true
  },
  "setivar_young": {
    "mean": 113.13795431440275,
    "rsd_pct": 0.01970006180330562,
    "micro": true
  },
  "str_concat": {
    "mean": 85.32298239238492,
    "rsd_pct": 0.2238341112673791,
    "micro": true
  },
  "throw": {
    "mean": 50.889641772955656,
    "rsd_pct": 0.19756819672262815,
    "micro": true
  }
}