{
  "activerecord": {
    "mean": 145.60932509001282,
    "rsd_pct": 2.3110655059415035,
    "micro": false
  },
  "erubi_rails": {
    "mean": 46.48850511363966,
    "rsd_pct": 11.631112220491548,
    "micro": false
  },
  "hexapdf": {
    "mean": 5890.953312317531,
    "rsd_pct": 2.0217738145539474,
    "micro": false
  },
  "liquid-c": {
    "mean": 189.4784458762336,
    "rsd_pct": 0.6296599042945781,
    "micro": false
  },
  "liquid-compile": {
    "mean": 160.39560451658804,
    "rsd_pct": 2.2175072323615543,
    "micro": false
  },
  "liquid-render": {
    "mean": 348.9563661134992,
    "rsd_pct": 0.3523630381476783,
    "micro": false
  },
  "mail": {
    "mean": 372.16396383941174,
    "rsd_pct": 0.07447775026628498,
    "micro": false
  },
  "psych-load": {
    "mean": 5342.376888543367,
    "rsd_pct": 0.09999554901389421,
    "micro": false
  },
  "railsbench": {
    "mean": 5336.438838392496,
    "rsd_pct": 0.5796957393226522,
    "micro": false
  },
  "ruby-lsp": {
    "mean": 171.57718002175292,
    "rsd_pct": 3.917036424932012,
    "micro": false
  },
  "sequel": {
    "mean": 206.38486455109987,
    "rsd_pct": 1.0233918415091399,
    "micro": false
  },
  "binarytrees": {
    "mean": 491.5701444260776,
    "rsd_pct": 0.12066020186762684,
    "micro": false
  },
  "chunky_png": {
    "mean": 1492.2973722219467,
    "rsd_pct": 0.3742748402967227,
    "micro": false
  },
  "erubi": {
    "mean": 580.7847090355762,
    "rsd_pct": 0.07682099557754671,
    "micro": false
  },
  "etanni": {
    "mean": 936.5229934919626,
    "rsd_pct": 0.2319680847661182,
    "micro": false
  },
  "fannkuchredux": {
    "mean": 1471.4435648459655,
    "rsd_pct": 0.2604668389580573,
    "micro": false
  },
  "lee": {
    "mean": 2293.6027786206632,
    "rsd_pct": 0.3163990275953587,
    "micro": false
  },
  "nbody": {
    "mean": 156.99682516042301,
    "rsd_pct": 0.009565019615784986,
    "micro": false
  },
  "optcarrot": {
    "mean": 8642.810111741224,
    "rsd_pct": 0.4997910827066968,
    "micro": false
  },
  "ruby-json": {
    "mean": 8512.731462717056,
    "rsd_pct": 0.349170005425945,
    "micro": false
  },
  "rubykon": {
    "mean": 19258.52644070983,
    "rsd_pct": 0.37240688482181633,
    "micro": false
  },
  "30k_ifelse": {
    "mean": 1598.3391024849632,
    "rsd_pct": 0.037886803192766175,
    "micro": true
  },
  "30k_methods": {
    "mean": 3454.421848544608,
    "rsd_pct": 0.07319666829971118,
    "micro": true
  },
  "cfunc_itself": {
    "mean": 86.83507806323107,
    "rsd_pct": 0.041489568457872016,
    "micro": true
  },
  "fib": {
    "mean": 123.64556162252224,
    "rsd_pct": 0.08277449055804646,
    "micro": true
  },
  "getivar": {
    "mean": 40.46660377378191,
    "rsd_pct": 0.01382445938433157,
    "micro": true
  },
  "keyword_args": {
    "mean": 126.99820475616292,
    "rsd_pct": 0.06088019756184407,
    "micro": true
  },
  "respond_to": {
    "mean": 78.44131602842249,
    "rsd_pct": 2.551416951603288,
    "micro": true
  },
  "setivar": {
    "mean": 30.89420741226191,
    "rsd_pct": 0.016459019294081792,
    "micro": true
  },
  "setivar_object": {
    "mean": 113.12560883315304,
    "rsd_pct": 0.00799742450293904,
    "micro": true
  },
  "setivar_young": {
    "mean": 113.14389121425329,
    "rsd_pct": 0.0194110607821995,
    "micro": true
  },
  "str_concat": {
    "mean": 83.2816008687689,
    "rsd_pct": 0.23421966605854694,
    "micro": true
  },
  "throw": {
    "mean": 49.278797740690514,
    "rsd_pct": 0.20044311113317206,
    "micro": true
  }
}