{
  "activerecord": {
    "mean": 102.68216748954728,
    "rsd_pct": 0.6184968384533035,
    "micro": false
  },
  "hexapdf": {
    "mean": 2374.0155850847564,
    "rsd_pct": 2.808265738525717,
    "micro": false
  },
  "liquid-render": {
    "mean": 126.56669506142217,
    "rsd_pct": 1.5199943695221192,
    "micro": false
  },
  "mail": {
    "mean": 155.35679587628692,
    "rsd_pct": 0.16196051242236514,
    "micro": false
  },
  "psych-load": {
    "mean": 1913.3746323486168,
    "rsd_pct": 0.024633795681752862,
    "micro": false
  },
  "railsbench": {
    "mean": 2090.2519265810647,
    "rsd_pct": 1.2862821225035832,
    "micro": false
  },
  "binarytrees": {
    "mean": 376.26473683743706,
    "rsd_pct": 0.1184035966139637,
    "micro": false
  },
  "chunky_png": {
    "mean": 648.1373796946016,
    "rsd_pct": 0.05159450061121365,
    "micro": false
  },
  "erubi": {
    "mean": 322.15336972817045,
    "rsd_pct": 0.8829436168968796,
    "micro": false
  },
  "erubi_rails": {
    "mean": 19.492629532365676,
    "rsd_pct": 3.474063981236414,
    "micro": false
  },
  "fannkuchredux": {
    "mean": 2365.558920800686,
    "rsd_pct": 0.27011456088792984,
    "micro": false
  },
  "lee": {
    "mean": 966.698569059372,
    "rsd_pct": 1.754772335241679,
    "micro": false
  },
  "nbody": {
    "mean": 93.77277392708478,
    "rsd_pct": 0.0927971059567505,
    "micro": false
  },
  "optcarrot": {
    "mean": 3446.865181128184,
    "rsd_pct": 0.5902362473314186,
    "micro": false
  },
  "rubykon": {
    "mean": 6788.309219231208,
    "rsd_pct": 0.5647399413598243,
    "micro": false
  },
  "30k_ifelse": {
    "mean": 355.4544645276937,
    "rsd_pct": 0.086248272847083,
    "micro": true
  },
  "30k_methods": {
    "mean": 867.2638823362914,
    "rsd_pct": 0.01636423901543079,
    "micro": true
  },
  "cfunc_itself": {
    "mean": 47.253950862056115,
    "rsd_pct": 0.5097700479047762,
    "micro": true
  },
  "fib": {
    "mean": 63.30524344765951,
    "rsd_pct": 0.04000678272568734,
    "micro": true
  },
  "getivar": {
    "mean": 44.204760679886455,
    "rsd_pct": 0.051889096418678525,
    "micro": true
  },
  "keyword_args": {
    "mean": 54.75487295988497,
    "rsd_pct": 0.11679479859941558,
    "micro": true
  },
  "respond_to": {
    "mean": 196.09522830584262,
    "rsd_pct": 0.09166431326782343,
    "micro": true
  },
  "setivar": {
    "mean": 42.023381960215204,
    "rsd_pct": 0.6473748638134342,
    "micro": true
  },
  "str_concat": {
    "mean": 42.34361776782393,
    "rsd_pct": 1.4847028589050297,
    "micro": true
  }
}