{
  "activerecord": {
    "mean": 111.34633661907476,
    "rsd_pct": 0.4772044207180512,
    "micro": false
  },
  "hexapdf": {
    "mean": 2044.116112915799,
    "rsd_pct": 2.0584548828604525,
    "micro": false
  },
  "liquid-c": {
    "mean": 59.92855959678175,
    "rsd_pct": 1.9436112742185068,
    "micro": false
  },
  "liquid-render": {
    "mean": 113.67900765551234,
    "rsd_pct": 2.500065823871047,
    "micro": false
  },
  "mail": {
    "mean": 138.11353839264484,
    "rsd_pct": 0.15576001953588084,
    "micro": false
  },
  "psych-load": {
    "mean": 1795.7516053691506,
    "rsd_pct": 0.03365923600342664,
    "micro": false
  },
  "railsbench": {
    "mean": 1892.0540944828342,
    "rsd_pct": 0.9947266407688896,
    "micro": false
  },
  "ruby-lsp": {
    "mean": 66.73574912436555,
    "rsd_pct": 18.690393215743928,
    "micro": false
  },
  "sequel": {
    "mean": 147.82559007546618,
    "rsd_pct": 1.874559324631887,
    "micro": false
  },
  "binarytrees": {
    "mean": 240.70165645477013,
    "rsd_pct": 0.0786611140818577,
    "micro": false
  },
  "chunky_png": {
    "mean": 638.8086414512908,
    "rsd_pct": 0.0536545246308324,
    "micro": false
  },
  "erubi": {
    "mean": 256.890341370868,
    "rsd_pct": 0.9613975886023196,
    "micro": false
  },
  "erubi_rails": {
    "mean": 16.56313103652198,
    "rsd_pct": 3.536250028853094,
    "micro": false
  },
  "etanni": {
    "mean": 408.0565762972886,
    "rsd_pct": 0.44995908343360447,
    "micro": false
  },
  "fannkuchredux": {
    "mean": 925.2541740591239,
    "rsd_pct": 0.06371329307485656,
    "micro": false
  },
  "lee": {
    "mean": 909.0865346425701,
    "rsd_pct": 0.12888917440302455,
    "micro": false
  },
  "nbody": {
    "mean": 72.2058099741791,
    "rsd_pct": 0.11608565912402839,
    "micro": false
  },
  "optcarrot": {
    "mean": 2622.1743194774413,
    "rsd_pct": 0.6847485875189581,
    "micro": false
  },
  "rubykon": {
    "mean": 6503.720759126979,
    "rsd_pct": 0.49887382168105787,
    "micro": false
  },
  "30k_ifelse": {
    "mean": 428.94854700779945,
    "rsd_pct": 0.06300813485205042,
    "micro": true
  },
  "30k_methods": {
    "mean": 979.2250212514773,
    "rsd_pct": 0.0292355989443784,
    "micro": true
  },
  "cfunc_itself": {
    "mean": 42.920022926753965,
    "rsd_pct": 0.37991547685413823,
    "micro": true
  },
  "fib": {
    "mean": 62.83440449762912,
    "rsd_pct": 0.0722575008982809,
    "micro": true
  },
  "getivar": {
    "mean": 45.60720270816407,
    "rsd_pct": 0.04587898423753117,
    "micro": true
  },
  "keyword_args": {
    "mean": 53.81508322804162,
    "rsd_pct": 0.20772931787727214,
    "micro": true
  },
  "respond_to": {
    "mean": 31.20053533693863,
    "rsd_pct": 0.2847435041636882,
    "micro": true
  },
  "setivar": {
    "mean": 14.903435213935799,
    "rsd_pct": 0.13707981134911965,
    "micro": true
  },
  "setivar_object": {
    "mean": 47.012978613321835,
    "rsd_pct": 0.8962136782136038,
    "micro": true
  },
  "str_concat": {
    "mean": 43.598452203207565,
    "rsd_pct": 1.4340815947565788,
    "micro": true
  }
}