{
  "activerecord": {
    "mean": 95.64277914904275,
    "rsd_pct": 0.7265975483804478,
    "micro": false
  },
  "hexapdf": {
    "mean": 2330.0299329062304,
    "rsd_pct": 2.3795469817040047,
    "micro": false
  },
  "liquid-render": {
    "mean": 115.06518623216098,
    "rsd_pct": 1.7937859037354746,
    "micro": false
  },
  "mail": {
    "mean": 162.43458789635878,
    "rsd_pct": 0.1528053557032828,
    "micro": false
  },
  "psych-load": {
    "mean": 1895.8486432830493,
    "rsd_pct": 0.02286384282352453,
    "micro": false
  },
  "railsbench": {
    "mean": 2051.934877038002,
    "rsd_pct": 1.4430879284995168,
    "micro": false
  },
  "ruby-lsp": {
    "mean": 72.79023710499166,
    "rsd_pct": 16.28598673001872,
    "micro": false
  },
  "binarytrees": {
    "mean": 252.20970965829898,
    "rsd_pct": 0.07009001407642781,
    "micro": false
  },
  "chunky_png": {
    "mean": 617.3336473293602,
    "rsd_pct": 0.06386764573466001,
    "micro": false
  },
  "erubi": {
    "mean": 292.2354673571659,
    "rsd_pct": 0.7606650175089735,
    "micro": false
  },
  "erubi_rails": {
    "mean": 17.802006024718814,
    "rsd_pct": 3.6871697321101564,
    "micro": false
  },
  "etanni": {
    "mean": 472.66631076733273,
    "rsd_pct": 0.5034049099244432,
    "micro": false
  },
  "fannkuchredux": {
    "mean": 2319.497631986936,
    "rsd_pct": 1.1569460399440035,
    "micro": false
  },
  "lee": {
    "mean": 926.6413299455529,
    "rsd_pct": 1.100491608389015,
    "micro": false
  },
  "nbody": {
    "mean": 86.43406779541598,
    "rsd_pct": 0.10262212434188743,
    "micro": false
  },
  "optcarrot": {
    "mean": 3212.837064266205,
    "rsd_pct": 0.402968330256758,
    "micro": false
  },
  "rubykon": {
    "mean": 6751.275987178087,
    "rsd_pct": 0.4462434990558195,
    "micro": false
  },
  "30k_ifelse": {
    "mean": 398.4612968503212,
    "rsd_pct": 0.12916017641751315,
    "micro": true
  },
  "30k_methods": {
    "mean": 956.1281954869628,
    "rsd_pct": 0.04220033281117135,
    "micro": true
  },
  "cfunc_itself": {
    "mean": 40.8762465386341,
    "rsd_pct": 0.41412035131523917,
    "micro": true
  },
  "fib": {
    "mean": 61.05925018588702,
    "rsd_pct": 0.04052577303736513,
    "micro": true
  },
  "getivar": {
    "mean": 46.862659424963134,
    "rsd_pct": 0.04727757719997787,
    "micro": true
  },
  "keyword_args": {
    "mean": 52.790134884610076,
    "rsd_pct": 0.13873070171363713,
    "micro": true
  },
  "respond_to": {
    "mean": 27.911016068648554,
    "rsd_pct": 0.5276757122425358,
    "micro": true
  },
  "setivar": {
    "mean": 49.045048617467245,
    "rsd_pct": 0.05286885576189894,
    "micro": true
  },
  "str_concat": {
    "mean": 47.45399878131894,
    "rsd_pct": 1.5900212408215737,
    "micro": true
  }
}