{
  "activerecord": {
    "mean": 104.015504058028,
    "rsd_pct": 0.4860818693750554,
    "micro": false
  },
  "hexapdf": {
    "mean": 2369.936093688011,
    "rsd_pct": 1.357246556449366,
    "micro": false
  },
  "liquid-render": {
    "mean": 143.83294521729007,
    "rsd_pct": 1.8365689429557486,
    "micro": false
  },
  "mail": {
    "mean": 186.15571100747695,
    "rsd_pct": 2.4754848077616813,
    "micro": false
  },
  "psych-load": {
    "mean": 2185.2560422072806,
    "rsd_pct": 0.061151535818613836,
    "micro": false
  },
  "railsbench": {
    "mean": 2446.4012737075486,
    "rsd_pct": 0.723020855561863,
    "micro": false
  },
  "binarytrees": {
    "mean": 374.749049455637,
    "rsd_pct": 0.1581058743920335,
    "micro": false
  },
  "chunky_png": {
    "mean": 678.6860617455737,
    "rsd_pct": 0.16527102343275385,
    "micro": false
  },
  "discourse": {
    "mean": 525.7943302490994,
    "rsd_pct": 17.572727131811835,
    "micro": false
  },
  "erubi": {
    "mean": 396.8411381653649,
    "rsd_pct": 0.8969985251586591,
    "micro": false
  },
  "erubi_rails": {
    "mean": 24.952430257055543,
    "rsd_pct": 55.952357544525306,
    "micro": false
  },
  "fannkuchredux": {
    "mean": 8869.963812828064,
    "rsd_pct": 0.5041027414497685,
    "micro": false
  },
  "lee": {
    "mean": 892.725113355978,
    "rsd_pct": 1.1614327269887579,
    "micro": false
  },
  "nbody": {
    "mean": 87.24289797246456,
    "rsd_pct": 0.49431660376140757,
    "micro": false
  },
  "optcarrot": {
    "mean": 3514.36195311447,
    "rsd_pct": 0.5932207721393324,
    "micro": false
  },
  "rubykon": {
    "mean": 8089.389742786686,
    "rsd_pct": 4.011634666071554,
    "micro": false
  },
  "30k_ifelse": {
    "mean": 353.17788515905187,
    "rsd_pct": 0.18986624298267465,
    "micro": true
  },
  "30k_methods": {
    "mean": 880.4590548811989,
    "rsd_pct": 0.06167376729877564,
    "micro": true
  },
  "cfunc_itself": {
    "mean": 44.98711708054114,
    "rsd_pct": 0.9959267967353369,
    "micro": true
  },
  "fib": {
    "mean": 62.483949528541416,
    "rsd_pct": 0.6017413065525499,
    "micro": true
  },
  "getivar": {
    "mean": 42.612056907525826,
    "rsd_pct": 0.7339753319010762,
    "micro": true
  },
  "keyword_args": {
    "mean": 53.87299637151684,
    "rsd_pct": 0.632557079340801,
    "micro": true
  },
  "respond_to": {
    "mean": 187.5366111142704,
    "rsd_pct": 0.3269004444480007,
    "micro": true
  },
  "setivar": {
    "mean": 50.59684007937125,
    "rsd_pct": 0.6990443108620995,
    "micro": true
  },
  "str_concat": {
    "mean": 108.13200434330355,
    "rsd_pct": 1.4918430965082827,
    "micro": true
  }
}