{
  "activerecord": {
    "mean": 141.5566561429949,
    "rsd_pct": 0.23754683738238896,
    "micro": false
  },
  "erubi_rails": {
    "mean": 43.79040868762228,
    "rsd_pct": 2.2696650775520664,
    "micro": false
  },
  "hexapdf": {
    "mean": 5632.3216422150535,
    "rsd_pct": 2.4741904748532364,
    "micro": false
  },
  "liquid-c": {
    "mean": 186.6330431222566,
    "rsd_pct": 1.74060084517642,
    "micro": false
  },
  "liquid-compile": {
    "mean": 161.16561889648438,
    "rsd_pct": 0.9868226033779313,
    "micro": false
  },
  "liquid-render": {
    "mean": 340.444929743369,
    "rsd_pct": 2.3376373084314066,
    "micro": false
  },
  "mail": {
    "mean": 360.39904569490596,
    "rsd_pct": 0.4200487382234143,
    "micro": false
  },
  "psych-load": {
    "mean": 4698.508449147145,
    "rsd_pct": 0.10211116634191364,
    "micro": false
  },
  "railsbench": {
    "mean": 5270.560270547867,
    "rsd_pct": 0.7267830440740185,
    "micro": false
  },
  "ruby-lsp": {
    "mean": 175.2496577267136,
    "rsd_pct": 12.26012892215287,
    "micro": false
  },
  "sequel": {
    "mean": 195.08641622205442,
    "rsd_pct": 0.18066567263498567,
    "micro": false
  },
  "binarytrees": {
    "mean": 493.83819052441555,
    "rsd_pct": 0.6867637756765623,
    "micro": false
  },
  "chunky_png": {
    "mean": 1367.0412470219712,
    "rsd_pct": 0.10003540163381162,
    "micro": false
  },
  "erubi": {
    "mean": 549.0026006666131,
    "rsd_pct": 0.9332041711337881,
    "micro": false
  },
  "etanni": {
    "mean": 912.4626114251132,
    "rsd_pct": 0.40843685203531604,
    "micro": false
  },
  "fannkuchredux": {
    "mean": 1502.7272027129163,
    "rsd_pct": 0.06195516494534917,
    "micro": false
  },
  "lee": {
    "mean": 2175.3412916071034,
    "rsd_pct": 0.2507292735984084,
    "micro": false
  },
  "nbody": {
    "mean": 160.15664380716368,
    "rsd_pct": 0.08972854484129959,
    "micro": false
  },
  "optcarrot": {
    "mean": 8708.594786375761,
    "rsd_pct": 0.6135545219982654,
    "micro": false
  },
  "ruby-json": {
    "mean": 7879.338724538684,
    "rsd_pct": 0.33361401898263104,
    "micro": false
  },
  "rubykon": {
    "mean": 19092.699926470716,
    "rsd_pct": 0.45399179251246813,
    "micro": false
  },
  "30k_ifelse": {
    "mean": 1718.8879780471325,
    "rsd_pct": 0.03684639268472563,
    "micro": true
  },
  "30k_methods": {
    "mean": 3634.7351462134848,
    "rsd_pct": 0.07490885456669757,
    "micro": true
  },
  "cfunc_itself": {
    "mean": 88.62233469937063,
    "rsd_pct": 0.33800481112384806,
    "micro": true
  },
  "fib": {
    "mean": 137.5271770559,
    "rsd_pct": 0.006436050696242143,
    "micro": true
  },
  "getivar": {
    "mean": 52.267270755271646,
    "rsd_pct": 0.04024029243413335,
    "micro": true
  },
  "keyword_args": {
    "mean": 127.60505959300733,
    "rsd_pct": 0.06774899104329304,
    "micro": true
  },
  "respond_to": {
    "mean": 71.37871158018613,
    "rsd_pct": 1.9541912206164018,
    "micro": true
  },
  "setivar": {
    "mean": 32.86611319736907,
    "rsd_pct": 0.016985231727188525,
    "micro": true
  },
  "setivar_object": {
    "mean": 120.74072815063927,
    "rsd_pct": 1.2183550255368492,
    "micro": true
  },
  "setivar_young": {
    "mean": 118.36104980942889,
    "rsd_pct": 4.17644640308581,
    "micro": true
  },
  "str_concat": {
    "mean": 85.07688706596824,
    "rsd_pct": 0.8785768508245986,
    "micro": true
  },
  "throw": {
    "mean": 49.347183729508565,
    "rsd_pct": 0.17003891969245438,
    "micro": true
  }
}