{
  "activerecord": {
    "mean": 341.56527662372145,
    "rsd_pct": 0.229174037998167,
    "micro": false
  },
  "hexapdf": {
    "mean": 6950.638010942687,
    "rsd_pct": 1.5508403964445217,
    "micro": false
  },
  "liquid-render": {
    "mean": 448.15447117701126,
    "rsd_pct": 0.8637911546233639,
    "micro": false
  },
  "mail": {
    "mean": 539.7012311987942,
    "rsd_pct": 0.1058359166827735,
    "micro": false
  },
  "psych-load": {
    "mean": 5698.800303802515,
    "rsd_pct": 0.06234140071921787,
    "micro": false
  },
  "railsbench": {
    "mean": 6242.061262546728,
    "rsd_pct": 0.4694983777484689,
    "micro": false
  },
  "ruby-lsp": {
    "mean": 213.02474690147335,
    "rsd_pct": 10.763619320542098,
    "micro": false
  },
  "binarytrees": {
    "mean": 527.1053020509759,
    "rsd_pct": 3.536885576215709,
    "micro": false
  },
  "chunky_png": {
    "mean": 1536.3696017690625,
    "rsd_pct": 0.10796556743616272,
    "micro": false
  },
  "erubi": {
    "mean": 790.2991148809504,
    "rsd_pct": 1.0205076826582418,
    "micro": false
  },
  "erubi_rails": {
    "mean": 51.00774245544522,
    "rsd_pct": 2.2924960616860646,
    "micro": false
  },
  "etanni": {
    "mean": 1212.877759122334,
    "rsd_pct": 0.5756156732875993,
    "micro": false
  },
  "fannkuchredux": {
    "mean": 5989.276066158588,
    "rsd_pct": 0.20541896045115834,
    "micro": false
  },
  "lee": {
    "mean": 2267.098543911495,
    "rsd_pct": 1.718775421854333,
    "micro": false
  },
  "nbody": {
    "mean": 187.11740096231674,
    "rsd_pct": 0.05882732613492402,
    "micro": false
  },
  "optcarrot": {
    "mean": 11568.579881188149,
    "rsd_pct": 0.39440772769929044,
    "micro": false
  },
  "rubykon": {
    "mean": 21227.788812185947,
    "rsd_pct": 0.40106126895882455,
    "micro": false
  },
  "30k_ifelse": {
    "mean": 2002.4940560944378,
    "rsd_pct": 0.03346706072405264,
    "micro": true
  },
  "30k_methods": {
    "mean": 4205.041209142655,
    "rsd_pct": 0.06637379844681465,
    "micro": true
  },
  "cfunc_itself": {
    "mean": 101.64136834641766,
    "rsd_pct": 0.009571366113636499,
    "micro": true
  },
  "fib": {
    "mean": 189.30473177992033,
    "rsd_pct": 0.008144222199076264,
    "micro": true
  },
  "getivar": {
    "mean": 106.59546372261556,
    "rsd_pct": 0.006067081373866173,
    "micro": true
  },
  "keyword_args": {
    "mean": 137.95102591939212,
    "rsd_pct": 0.008378173241952173,
    "micro": true
  },
  "respond_to": {
    "mean": 99.8018320598488,
    "rsd_pct": 1.0229377584869586,
    "micro": true
  },
  "setivar": {
    "mean": 108.83984101038972,
    "rsd_pct": 0.007595473503954089,
    "micro": true
  },
  "str_concat": {
    "mean": 109.09663164003067,
    "rsd_pct": 0.8470047612373954,
    "micro": true
  }
}