{
  "activerecord": {
    "mean": 102.83549384749615,
    "rsd_pct": 0.6871811491936575,
    "micro": false
  },
  "hexapdf": {
    "mean": 2327.419193337361,
    "rsd_pct": 2.312005726125642,
    "micro": false
  },
  "liquid-render": {
    "mean": 125.05284424405545,
    "rsd_pct": 1.5967891475199383,
    "micro": false
  },
  "mail": {
    "mean": 157.0721209401221,
    "rsd_pct": 0.14375078943283853,
    "micro": false
  },
  "psych-load": {
    "mean": 1915.5879365901153,
    "rsd_pct": 0.02688418329091813,
    "micro": false
  },
  "railsbench": {
    "mean": 2095.7714761296907,
    "rsd_pct": 1.4294137212523381,
    "micro": false
  },
  "binarytrees": {
    "mean": 365.2299962599169,
    "rsd_pct": 0.11053092178901405,
    "micro": false
  },
  "chunky_png": {
    "mean": 652.9210035999616,
    "rsd_pct": 0.041162092638548774,
    "micro": false
  },
  "erubi": {
    "mean": 324.5791479578761,
    "rsd_pct": 0.5905292670615101,
    "micro": false
  },
  "erubi_rails": {
    "mean": 19.499496906641337,
    "rsd_pct": 3.588481025843331,
    "micro": false
  },
  "fannkuchredux": {
    "mean": 2666.726909329494,
    "rsd_pct": 0.15182895003831914,
    "micro": false
  },
  "lee": {
    "mean": 970.075055398047,
    "rsd_pct": 1.7116308951376122,
    "micro": false
  },
  "nbody": {
    "mean": 94.68988337703334,
    "rsd_pct": 0.14100004438350952,
    "micro": false
  },
  "optcarrot": {
    "mean": 3499.3687142928443,
    "rsd_pct": 0.5817462778136416,
    "micro": false
  },
  "rubykon": {
    "mean": 6773.227405051391,
    "rsd_pct": 0.6400108785077141,
    "micro": false
  },
  "30k_ifelse": {
    "mean": 357.3005682365461,
    "rsd_pct": 0.0860008740486903,
    "micro": true
  },
  "30k_methods": {
    "mean": 871.471201919991,
    "rsd_pct": 0.016295996966831105,
    "micro": true
  },
  "cfunc_itself": {
    "mean": 46.35317669425099,
    "rsd_pct": 0.6196094426832217,
    "micro": true
  },
  "fib": {
    "mean": 63.3059991730584,
    "rsd_pct": 0.03938027998949817,
    "micro": true
  },
  "getivar": {
    "mean": 44.248095250938064,
    "rsd_pct": 0.1210434310413822,
    "micro": true
  },
  "keyword_args": {
    "mean": 55.66448047345514,
    "rsd_pct": 0.23173785920386092,
    "micro": true
  },
  "respond_to": {
    "mean": 188.9685030888628,
    "rsd_pct": 0.181477640411164,
    "micro": true
  },
  "setivar": {
    "mean": 49.71787767218692,
    "rsd_pct": 0.10763324138670814,
    "micro": true
  },
  "str_concat": {
    "mean": 46.61019518971443,
    "rsd_pct": 1.1719675989942169,
    "micro": true
  }
}