{
  "activerecord": {
    "mean": 102.43044891036473,
    "rsd_pct": 0.6568043182265009,
    "micro": false
  },
  "hexapdf": {
    "mean": 2336.5876741707325,
    "rsd_pct": 2.162600462719677,
    "micro": false
  },
  "liquid-render": {
    "mean": 115.55942381060989,
    "rsd_pct": 1.8612879322956473,
    "micro": false
  },
  "mail": {
    "mean": 155.5494882632047,
    "rsd_pct": 0.17170444676866842,
    "micro": false
  },
  "psych-load": {
    "mean": 1913.5757014155388,
    "rsd_pct": 0.02054480940235089,
    "micro": false
  },
  "railsbench": {
    "mean": 2079.746428132057,
    "rsd_pct": 1.4118492128696718,
    "micro": false
  },
  "binarytrees": {
    "mean": 240.10343418782017,
    "rsd_pct": 0.06625783694238291,
    "micro": false
  },
  "chunky_png": {
    "mean": 652.7786935369173,
    "rsd_pct": 0.19881349231193324,
    "micro": false
  },
  "erubi": {
    "mean": 303.7920885465362,
    "rsd_pct": 0.7421338115581475,
    "micro": false
  },
  "erubi_rails": {
    "mean": 19.33704818564962,
    "rsd_pct": 3.3839116807181706,
    "micro": false
  },
  "fannkuchredux": {
    "mean": 2372.3972459634147,
    "rsd_pct": 0.21919860436098607,
    "micro": false
  },
  "lee": {
    "mean": 944.071212339969,
    "rsd_pct": 0.987338399951536,
    "micro": false
  },
  "nbody": {
    "mean": 90.95482988969276,
    "rsd_pct": 0.12526198952634426,
    "micro": false
  },
  "optcarrot": {
    "mean": 3524.8998443285623,
    "rsd_pct": 0.6186646055551954,
    "micro": false
  },
  "rubykon": {
    "mean": 7239.347400516272,
    "rsd_pct": 0.45820636095801875,
    "micro": false
  },
  "30k_ifelse": {
    "mean": 358.2380549474196,
    "rsd_pct": 0.10758935726876674,
    "micro": true
  },
  "30k_methods": {
    "mean": 785.3484606742859,
    "rsd_pct": 0.01763569136647209,
    "micro": true
  },
  "cfunc_itself": {
    "mean": 46.99348284053468,
    "rsd_pct": 0.7595376900525417,
    "micro": true
  },
  "fib": {
    "mean": 62.889331875351324,
    "rsd_pct": 0.09719861246972225,
    "micro": true
  },
  "getivar": {
    "mean": 42.751061967404546,
    "rsd_pct": 0.0477063630568929,
    "micro": true
  },
  "keyword_args": {
    "mean": 53.83268383372089,
    "rsd_pct": 0.16031527825910924,
    "micro": true
  },
  "respond_to": {
    "mean": 30.46899756927719,
    "rsd_pct": 0.5118875313464079,
    "micro": true
  },
  "setivar": {
    "mean": 46.27624458044916,
    "rsd_pct": 0.52993017238084,
    "micro": true
  },
  "str_concat": {
    "mean": 46.475314465569,
    "rsd_pct": 1.2446105113771677,
    "micro": true
  }
}