{
  "activerecord": {
    "mean": 104.48847078378239,
    "rsd_pct": 0.5468518980099382,
    "micro": false
  },
  "hexapdf": {
    "mean": 2388.914885868629,
    "rsd_pct": 2.400797312206987,
    "micro": false
  },
  "liquid-render": {
    "mean": 130.2143901466362,
    "rsd_pct": 2.190713007812729,
    "micro": false
  },
  "mail": {
    "mean": 160.62915476880247,
    "rsd_pct": 0.17501345237447372,
    "micro": false
  },
  "psych-load": {
    "mean": 2068.4193757673106,
    "rsd_pct": 0.08418552374593699,
    "micro": false
  },
  "railsbench": {
    "mean": 2099.7865423560143,
    "rsd_pct": 1.2877447035546705,
    "micro": false
  },
  "binarytrees": {
    "mean": 368.37700808850616,
    "rsd_pct": 0.09674925541320781,
    "micro": false
  },
  "chunky_png": {
    "mean": 661.3443620502949,
    "rsd_pct": 0.04541899548155172,
    "micro": false
  },
  "discourse": {
    "mean": 479.1048133246056,
    "rsd_pct": 1.4503475154056966,
    "micro": false
  },
  "erubi": {
    "mean": 396.5326673910022,
    "rsd_pct": 0.588297738681885,
    "micro": false
  },
  "erubi_rails": {
    "mean": 21.276852444690817,
    "rsd_pct": 3.400894291300309,
    "micro": false
  },
  "fannkuchredux": {
    "mean": 8866.911213348309,
    "rsd_pct": 0.1299275081815287,
    "micro": false
  },
  "lee": {
    "mean": 923.2581005919548,
    "rsd_pct": 0.05987846503777214,
    "micro": false
  },
  "nbody": {
    "mean": 87.13956583629955,
    "rsd_pct": 0.06391593932155093,
    "micro": false
  },
  "optcarrot": {
    "mean": 3477.020845313867,
    "rsd_pct": 0.6020762683436196,
    "micro": false
  },
  "rubykon": {
    "mean": 7851.75539093713,
    "rsd_pct": 4.9962655075662035,
    "micro": false
  },
  "30k_ifelse": {
    "mean": 355.1996280439198,
    "rsd_pct": 0.08809275570540535,
    "micro": true
  },
  "30k_methods": {
    "mean": 872.5715537809513,
    "rsd_pct": 0.01606682527330716,
    "micro": true
  },
  "cfunc_itself": {
    "mean": 45.68384000903939,
    "rsd_pct": 0.8238906423892061,
    "micro": true
  },
  "fib": {
    "mean": 63.31067718565464,
    "rsd_pct": 0.0413982651927509,
    "micro": true
  },
  "getivar": {
    "mean": 42.52915084606151,
    "rsd_pct": 0.06165330350478582,
    "micro": true
  },
  "keyword_args": {
    "mean": 52.690377654997924,
    "rsd_pct": 0.32096733740617023,
    "micro": true
  },
  "respond_to": {
    "mean": 194.61125753229797,
    "rsd_pct": 0.2108184013844575,
    "micro": true
  },
  "setivar": {
    "mean": 60.03116580640282,
    "rsd_pct": 6.513212948522176,
    "micro": true
  },
  "str_concat": {
    "mean": 108.50747764072936,
    "rsd_pct": 0.766632954246682,
    "micro": true
  }
}