{
  "activerecord": {
    "mean": 42.76128058497756,
    "rsd_pct": 0.7782634205454723,
    "micro": false
  },
  "hexapdf": {
    "mean": 2032.3953959469993,
    "rsd_pct": 2.0581430485631436,
    "micro": false
  },
  "liquid-c": {
    "mean": 58.021777082720526,
    "rsd_pct": 2.3075358822988665,
    "micro": false
  },
  "liquid-render": {
    "mean": 104.90514824535542,
    "rsd_pct": 2.6929365193756585,
    "micro": false
  },
  "mail": {
    "mean": 129.51508864419523,
    "rsd_pct": 0.1784830510555977,
    "micro": false
  },
  "psych-load": {
    "mean": 1818.9783268297713,
    "rsd_pct": 0.05103479056838395,
    "micro": false
  },
  "railsbench": {
    "mean": 1809.6233771493037,
    "rsd_pct": 1.2037828130607107,
    "micro": false
  },
  "ruby-lsp": {
    "mean": 57.894422437833704,
    "rsd_pct": 19.622950956508216,
    "micro": false
  },
  "sequel": {
    "mean": 67.96681415923193,
    "rsd_pct": 0.2770458580500287,
    "micro": false
  },
  "binarytrees": {
    "mean": 234.9557754849749,
    "rsd_pct": 0.07457503784975818,
    "micro": false
  },
  "chunky_png": {
    "mean": 624.3093233497348,
    "rsd_pct": 0.040827297605668555,
    "micro": false
  },
  "erubi": {
    "mean": 252.14897771660662,
    "rsd_pct": 0.8270789558530824,
    "micro": false
  },
  "erubi_rails": {
    "mean": 15.139247096500565,
    "rsd_pct": 3.5731938016602904,
    "micro": false
  },
  "etanni": {
    "mean": 413.7311164328518,
    "rsd_pct": 0.45125082644123116,
    "micro": false
  },
  "fannkuchredux": {
    "mean": 862.7884116266732,
    "rsd_pct": 0.9944881543631385,
    "micro": false
  },
  "lee": {
    "mean": 908.3365850489248,
    "rsd_pct": 0.33945959282822286,
    "micro": false
  },
  "nbody": {
    "mean": 73.61575904543753,
    "rsd_pct": 0.10927072623530783,
    "micro": false
  },
  "optcarrot": {
    "mean": 2552.984449143211,
    "rsd_pct": 0.6788905857264966,
    "micro": false
  },
  "ruby-json": {
    "mean": 3082.8855010991297,
    "rsd_pct": 0.040793132217105746,
    "micro": false
  },
  "rubykon": {
    "mean": 6415.1194253315525,
    "rsd_pct": 0.5312013114960721,
    "micro": false
  },
  "30k_ifelse": {
    "mean": 421.22301144247996,
    "rsd_pct": 0.06904796530720904,
    "micro": true
  },
  "30k_methods": {
    "mean": 945.7841064071372,
    "rsd_pct": 0.04084285615041742,
    "micro": true
  },
  "cfunc_itself": {
    "mean": 42.172006567719805,
    "rsd_pct": 0.22791707763960065,
    "micro": true
  },
  "fib": {
    "mean": 61.67419517164814,
    "rsd_pct": 0.10289578917495436,
    "micro": true
  },
  "getivar": {
    "mean": 45.80097962299003,
    "rsd_pct": 0.09458226638923721,
    "micro": true
  },
  "keyword_args": {
    "mean": 54.153767665421384,
    "rsd_pct": 0.10198664643612607,
    "micro": true
  },
  "respond_to": {
    "mean": 30.824350890913983,
    "rsd_pct": 0.49077909322583163,
    "micro": true
  },
  "setivar": {
    "mean": 14.803578661441758,
    "rsd_pct": 0.11263330023836851,
    "micro": true
  },
  "setivar_object": {
    "mean": 48.56381874115577,
    "rsd_pct": 2.5691997407629077,
    "micro": true
  },
  "setivar_young_object": {
    "mean": 46.64549784012417,
    "rsd_pct": 1.2994007945330452,
    "micro": true
  },
  "str_concat": {
    "mean": 44.47631186893851,
    "rsd_pct": 1.3531448277172826,
    "micro": true
  },
  "throw": {
    "mean": 22.980775733076687,
    "rsd_pct": 0.23103522986555508,
    "micro": true
  }
}