{
  "activerecord": {
    "mean": 112.46650919891528,
    "rsd_pct": 0.4773029711742122,
    "micro": false
  },
  "hexapdf": {
    "mean": 2408.149248594418,
    "rsd_pct": 1.362225623058232,
    "micro": false
  },
  "liquid-render": {
    "mean": 128.98563374137785,
    "rsd_pct": 1.8760868738970686,
    "micro": false
  },
  "mail": {
    "mean": 163.29578474664024,
    "rsd_pct": 0.35448790067274805,
    "micro": false
  },
  "psych-load": {
    "mean": 1919.5063419368428,
    "rsd_pct": 0.04738023165075154,
    "micro": false
  },
  "railsbench": {
    "mean": 2233.2240399322473,
    "rsd_pct": 1.4039217490128617,
    "micro": false
  },
  "binarytrees": {
    "mean": 350.88162736035883,
    "rsd_pct": 0.1501549602748524,
    "micro": false
  },
  "discourse": {
    "mean": 57.22586172199303,
    "rsd_pct": 17.614057471220608,
    "micro": false
  },
  "erubi": {
    "mean": 420.24064179349807,
    "rsd_pct": 0.7335026756960018,
    "micro": false
  },
  "erubi_rails": {
    "mean": 21.340400113263343,
    "rsd_pct": 3.5265141446063173,
    "micro": false
  },
  "fannkuchredux": {
    "mean": 6692.121673670287,
    "rsd_pct": 0.06089099794639544,
    "micro": false
  },
  "lee": {
    "mean": 914.8291794514411,
    "rsd_pct": 1.4744077728217369,
    "micro": false
  },
  "nbody": {
    "mean": 89.87355617220588,
    "rsd_pct": 0.47244137752170373,
    "micro": false
  },
  "optcarrot": {
    "mean": 3606.780014462614,
    "rsd_pct": 0.5642912224152272,
    "micro": false
  },
  "rubykon": {
    "mean": 6547.192054141003,
    "rsd_pct": 0.36081677231134734,
    "micro": false
  },
  "30k_ifelse": {
    "mean": 353.75489596362144,
    "rsd_pct": 0.15595327952592133,
    "micro": true
  },
  "30k_methods": {
    "mean": 879.6137411343145,
    "rsd_pct": 0.059627622337327796,
    "micro": true
  },
  "cfunc_itself": {
    "mean": 44.58258911046326,
    "rsd_pct": 0.9989313076231532,
    "micro": true
  },
  "fib": {
    "mean": 62.55034488822275,
    "rsd_pct": 0.6037565855387688,
    "micro": true
  },
  "getivar": {
    "mean": 42.54963271549073,
    "rsd_pct": 0.6724291607404702,
    "micro": true
  },
  "keyword_args": {
    "mean": 52.67576259250033,
    "rsd_pct": 0.6757712451823198,
    "micro": true
  },
  "respond_to": {
    "mean": 189.69681344848746,
    "rsd_pct": 0.39309319504501367,
    "micro": true
  },
  "setivar": {
    "mean": 52.45603507066349,
    "rsd_pct": 0.544890546233463,
    "micro": true
  }
}