{
  "activerecord": {
    "mean": 306.58361730548205,
    "rsd_pct": 0.19114722362650655,
    "micro": false
  },
  "hexapdf": {
    "mean": 6772.426047672828,
    "rsd_pct": 1.5054580701412454,
    "micro": false
  },
  "liquid-render": {
    "mean": 391.4690354953432,
    "rsd_pct": 1.5779582552860965,
    "micro": false
  },
  "mail": {
    "mean": 409.23032260366847,
    "rsd_pct": 0.6657520652714762,
    "micro": false
  },
  "psych-load": {
    "mean": 5606.99594647934,
    "rsd_pct": 0.07291583423885395,
    "micro": false
  },
  "railsbench": {
    "mean": 6075.506738387048,
    "rsd_pct": 0.65876637585507,
    "micro": false
  },
  "ruby-lsp": {
    "mean": 218.24039069072504,
    "rsd_pct": 15.390546092805833,
    "micro": false
  },
  "binarytrees": {
    "mean": 538.1557447287967,
    "rsd_pct": 0.17562562491952974,
    "micro": false
  },
  "chunky_png": {
    "mean": 1515.3494468831923,
    "rsd_pct": 0.12394947200173981,
    "micro": false
  },
  "erubi": {
    "mean": 728.2175608118301,
    "rsd_pct": 1.2871758718205895,
    "micro": false
  },
  "erubi_rails": {
    "mean": 49.845824751791476,
    "rsd_pct": 2.455979946907761,
    "micro": false
  },
  "etanni": {
    "mean": 1124.6053448745183,
    "rsd_pct": 1.1426251481984262,
    "micro": false
  },
  "fannkuchredux": {
    "mean": 2320.4208583615364,
    "rsd_pct": 0.13706765241866606,
    "micro": false
  },
  "lee": {
    "mean": 2317.7908887578683,
    "rsd_pct": 0.3666550053292886,
    "micro": false
  },
  "nbody": {
    "mean": 177.18900081160265,
    "rsd_pct": 0.06939316544033736,
    "micro": false
  },
  "optcarrot": {
    "mean": 10708.389150165021,
    "rsd_pct": 0.4163920455262992,
    "micro": false
  },
  "rubykon": {
    "mean": 21652.142653676372,
    "rsd_pct": 0.34412113183881154,
    "micro": false
  },
  "30k_ifelse": {
    "mean": 1914.778104890138,
    "rsd_pct": 0.03312596791709897,
    "micro": true
  },
  "30k_methods": {
    "mean": 3932.8611792530864,
    "rsd_pct": 0.08173704780306895,
    "micro": true
  },
  "cfunc_itself": {
    "mean": 107.61013788287528,
    "rsd_pct": 0.2511332361849896,
    "micro": true
  },
  "fib": {
    "mean": 175.36691215428166,
    "rsd_pct": 0.0062750073772567735,
    "micro": true
  },
  "getivar": {
    "mean": 107.90446673432531,
    "rsd_pct": 0.03171691902282175,
    "micro": true
  },
  "keyword_args": {
    "mean": 155.1443559589324,
    "rsd_pct": 0.03021316590535054,
    "micro": true
  },
  "respond_to": {
    "mean": 99.8616305503545,
    "rsd_pct": 1.213812384018903,
    "micro": true
  },
  "setivar": {
    "mean": 50.03775124547674,
    "rsd_pct": 0.011888176623922907,
    "micro": true
  },
  "setivar_object": {
    "mean": 127.65727191944333,
    "rsd_pct": 1.2683159580166485,
    "micro": true
  },
  "str_concat": {
    "mean": 106.548878855429,
    "rsd_pct": 1.0086863352512012,
    "micro": true
  }
}