{
  "activerecord": {
    "mean": 41.4519494684213,
    "rsd_pct": 0.744777214064718,
    "micro": false
  },
  "erubi_rails": {
    "mean": 15.143958150061486,
    "rsd_pct": 3.6540429905273273,
    "micro": false
  },
  "hexapdf": {
    "mean": 2000.4862431436777,
    "rsd_pct": 2.5029535961601086,
    "micro": false
  },
  "liquid-c": {
    "mean": 58.151904696620306,
    "rsd_pct": 2.0396791178028892,
    "micro": false
  },
  "liquid-compile": {
    "mean": 56.079307947710284,
    "rsd_pct": 0.7310948204851074,
    "micro": false
  },
  "liquid-render": {
    "mean": 102.33648514793235,
    "rsd_pct": 2.747563464437155,
    "micro": false
  },
  "mail": {
    "mean": 127.07456681212992,
    "rsd_pct": 0.1961110548155701,
    "micro": false
  },
  "psych-load": {
    "mean": 1792.8741823260982,
    "rsd_pct": 0.10133462564078999,
    "micro": false
  },
  "railsbench": {
    "mean": 1799.2137776066859,
    "rsd_pct": 1.2488350555326182,
    "micro": false
  },
  "ruby-lsp": {
    "mean": 57.13697176768223,
    "rsd_pct": 20.332033225207034,
    "micro": false
  },
  "sequel": {
    "mean": 67.97263913196386,
    "rsd_pct": 0.4535361649054942,
    "micro": false
  },
  "binarytrees": {
    "mean": 224.04355305615206,
    "rsd_pct": 0.12724558795056198,
    "micro": false
  },
  "chunky_png": {
    "mean": 597.7956226852257,
    "rsd_pct": 0.06276876445537861,
    "micro": false
  },
  "erubi": {
    "mean": 253.08824237436056,
    "rsd_pct": 0.8066630211714376,
    "micro": false
  },
  "etanni": {
    "mean": 417.65615202408907,
    "rsd_pct": 0.4310862520797312,
    "micro": false
  },
  "fannkuchredux": {
    "mean": 769.3410701304674,
    "rsd_pct": 0.25361370200575606,
    "micro": false
  },
  "lee": {
    "mean": 892.7031659351832,
    "rsd_pct": 0.3998787192459423,
    "micro": false
  },
  "nbody": {
    "mean": 76.47186656443712,
    "rsd_pct": 0.09918306957465099,
    "micro": false
  },
  "optcarrot": {
    "mean": 2254.9887123828134,
    "rsd_pct": 0.7201168288635047,
    "micro": false
  },
  "ruby-json": {
    "mean": 3091.3854712620378,
    "rsd_pct": 0.027660924080062772,
    "micro": false
  },
  "rubykon": {
    "mean": 6558.856102824211,
    "rsd_pct": 0.3498228961114948,
    "micro": false
  },
  "30k_ifelse": {
    "mean": 361.56378572976047,
    "rsd_pct": 0.059629380218948216,
    "micro": true
  },
  "30k_methods": {
    "mean": 852.0932608567502,
    "rsd_pct": 0.025223684759014577,
    "micro": true
  },
  "cfunc_itself": {
    "mean": 38.87627653110274,
    "rsd_pct": 0.17498815310833155,
    "micro": true
  },
  "fib": {
    "mean": 44.89654023618846,
    "rsd_pct": 0.05328588182972391,
    "micro": true
  },
  "getivar": {
    "mean": 21.329352473473143,
    "rsd_pct": 0.5800783465519704,
    "micro": true
  },
  "keyword_args": {
    "mean": 48.07039773989171,
    "rsd_pct": 0.20378502971200466,
    "micro": true
  },
  "respond_to": {
    "mean": 25.496231792167055,
    "rsd_pct": 1.729345302006591,
    "micro": true
  },
  "setivar": {
    "mean": 11.991415737642631,
    "rsd_pct": 0.0860035903466527,
    "micro": true
  },
  "setivar_object": {
    "mean": 46.28567136658194,
    "rsd_pct": 2.3449642659726573,
    "micro": true
  },
  "setivar_young": {
    "mean": 43.08091176288395,
    "rsd_pct": 1.8764689856218977,
    "micro": true
  },
  "str_concat": {
    "mean": 43.74295758758217,
    "rsd_pct": 1.428720528491122,
    "micro": true
  },
  "throw": {
    "mean": 23.921414872151416,
    "rsd_pct": 0.31731289569036025,
    "micro": true
  }
}