{
  "activerecord": {
    "mean": 140.87910104055044,
    "rsd_pct": 0.24594652592458394,
    "micro": false
  },
  "erubi_rails": {
    "mean": 43.46037390902526,
    "rsd_pct": 2.262454515859588,
    "micro": false
  },
  "hexapdf": {
    "mean": 5645.134883373976,
    "rsd_pct": 2.417107630133794,
    "micro": false
  },
  "liquid-c": {
    "mean": 184.21355066929272,
    "rsd_pct": 1.6920041161856307,
    "micro": false
  },
  "liquid-compile": {
    "mean": 167.80507271917418,
    "rsd_pct": 0.5302168124265734,
    "micro": false
  },
  "liquid-render": {
    "mean": 338.3969914072599,
    "rsd_pct": 2.354505245597886,
    "micro": false
  },
  "mail": {
    "mean": 356.85295365232076,
    "rsd_pct": 0.4429502474780643,
    "micro": false
  },
  "psych-load": {
    "mean": 4961.868142336607,
    "rsd_pct": 0.040623974761854,
    "micro": false
  },
  "railsbench": {
    "mean": 5231.191936631997,
    "rsd_pct": 0.7545002303849906,
    "micro": false
  },
  "ruby-lsp": {
    "mean": 173.08447229272997,
    "rsd_pct": 12.957317441481399,
    "micro": false
  },
  "sequel": {
    "mean": 196.0098993917138,
    "rsd_pct": 0.19401166540211268,
    "micro": false
  },
  "binarytrees": {
    "mean": 492.51137315813037,
    "rsd_pct": 0.23255541045278444,
    "micro": false
  },
  "chunky_png": {
    "mean": 1363.5561571766932,
    "rsd_pct": 0.14414040235743342,
    "micro": false
  },
  "erubi": {
    "mean": 563.3673343855219,
    "rsd_pct": 0.8421093119469268,
    "micro": false
  },
  "etanni": {
    "mean": 900.1060866285115,
    "rsd_pct": 0.4983527552394043,
    "micro": false
  },
  "fannkuchredux": {
    "mean": 1521.4003936946392,
    "rsd_pct": 0.25107244799090406,
    "micro": false
  },
  "lee": {
    "mean": 2147.301235659556,
    "rsd_pct": 0.2531251467716809,
    "micro": false
  },
  "nbody": {
    "mean": 162.32502740233338,
    "rsd_pct": 0.07520897688891065,
    "micro": false
  },
  "optcarrot": {
    "mean": 8443.054733425379,
    "rsd_pct": 0.6481368504815397,
    "micro": false
  },
  "ruby-json": {
    "mean": 8266.376420358816,
    "rsd_pct": 0.045040298723076355,
    "micro": false
  },
  "rubykon": {
    "mean": 18921.691970402997,
    "rsd_pct": 0.37308417407505656,
    "micro": false
  },
  "30k_ifelse": {
    "mean": 1717.8527491675181,
    "rsd_pct": 0.028249313703235666,
    "micro": true
  },
  "30k_methods": {
    "mean": 3646.0505286636558,
    "rsd_pct": 0.1016193686517044,
    "micro": true
  },
  "cfunc_itself": {
    "mean": 84.52196283906233,
    "rsd_pct": 0.14182993003518576,
    "micro": true
  },
  "fib": {
    "mean": 137.52923875724673,
    "rsd_pct": 0.008161129856940078,
    "micro": true
  },
  "getivar": {
    "mean": 52.359194719927885,
    "rsd_pct": 0.02301796587012463,
    "micro": true
  },
  "keyword_args": {
    "mean": 127.49962045920553,
    "rsd_pct": 0.02181200959057188,
    "micro": true
  },
  "respond_to": {
    "mean": 77.30746631131653,
    "rsd_pct": 1.427978914172134,
    "micro": true
  },
  "setivar": {
    "mean": 32.8516470425917,
    "rsd_pct": 0.015823907030780456,
    "micro": true
  },
  "setivar_object": {
    "mean": 120.64611667016301,
    "rsd_pct": 1.1804015403038892,
    "micro": true
  },
  "setivar_young": {
    "mean": 117.93757692894674,
    "rsd_pct": 0.007278918336609778,
    "micro": true
  },
  "str_concat": {
    "mean": 85.16760085539151,
    "rsd_pct": 0.9642138224441617,
    "micro": true
  },
  "throw": {
    "mean": 49.852257292722236,
    "rsd_pct": 0.1607597506253891,
    "micro": true
  }
}