{
  "activerecord": {
    "mean": 103.31661386664996,
    "rsd_pct": 0.7336600510554638,
    "micro": false
  },
  "hexapdf": {
    "mean": 2360.6646398703256,
    "rsd_pct": 2.7091300625104924,
    "micro": false
  },
  "liquid-render": {
    "mean": 126.39074504470369,
    "rsd_pct": 1.8222059706538054,
    "micro": false
  },
  "mail": {
    "mean": 155.33712098840624,
    "rsd_pct": 0.1619551098554463,
    "micro": false
  },
  "psych-load": {
    "mean": 1922.489753117164,
    "rsd_pct": 0.016032140730233096,
    "micro": false
  },
  "railsbench": {
    "mean": 2097.103770325581,
    "rsd_pct": 0.839744003668815,
    "micro": false
  },
  "binarytrees": {
    "mean": 368.0119678378105,
    "rsd_pct": 0.09511661592535922,
    "micro": false
  },
  "chunky_png": {
    "mean": 641.7240607241789,
    "rsd_pct": 0.1864783975513357,
    "micro": false
  },
  "erubi": {
    "mean": 319.35213738289036,
    "rsd_pct": 0.6178304082450851,
    "micro": false
  },
  "erubi_rails": {
    "mean": 19.27280257902357,
    "rsd_pct": 3.594516968594904,
    "micro": false
  },
  "fannkuchredux": {
    "mean": 6971.195041884978,
    "rsd_pct": 0.2604200539567122,
    "micro": false
  },
  "lee": {
    "mean": 918.226057220073,
    "rsd_pct": 1.3943057593958275,
    "micro": false
  },
  "nbody": {
    "mean": 91.12059904469385,
    "rsd_pct": 0.07367850702782686,
    "micro": false
  },
  "optcarrot": {
    "mean": 3441.838385661443,
    "rsd_pct": 0.6179536401303937,
    "micro": false
  },
  "rubykon": {
    "mean": 6812.309617549181,
    "rsd_pct": 0.46592570253144383,
    "micro": false
  },
  "30k_ifelse": {
    "mean": 353.63442572680384,
    "rsd_pct": 0.07436207200002301,
    "micro": true
  },
  "30k_methods": {
    "mean": 875.0350952825763,
    "rsd_pct": 0.02251500357448806,
    "micro": true
  },
  "cfunc_itself": {
    "mean": 45.112736479324454,
    "rsd_pct": 0.6300092861893232,
    "micro": true
  },
  "fib": {
    "mean": 63.30191029442681,
    "rsd_pct": 0.03888660507287835,
    "micro": true
  },
  "getivar": {
    "mean": 44.23013005143492,
    "rsd_pct": 0.10974350439330786,
    "micro": true
  },
  "keyword_args": {
    "mean": 52.6960775158123,
    "rsd_pct": 0.2791446429715662,
    "micro": true
  },
  "respond_to": {
    "mean": 187.08529394297372,
    "rsd_pct": 0.12275708091169922,
    "micro": true
  },
  "setivar": {
    "mean": 49.71999168958304,
    "rsd_pct": 0.11426194853347064,
    "micro": true
  },
  "str_concat": {
    "mean": 42.97191302142876,
    "rsd_pct": 1.51344593563715,
    "micro": true
  }
}