{
  "activerecord": {
    "mean": 115.46934571219381,
    "rsd_pct": 1.8961889524578497
  },
  "jekyll": {
    "mean": 7513.356384495273,
    "rsd_pct": 2.9289050934894356
  },
  "liquid-render": {
    "mean": 148.70680178329349,
    "rsd_pct": 2.9194652750578225
  },
  "mail": {
    "mean": 143.38857527865574,
    "rsd_pct": 1.9163473464722323
  },
  "psych-load": {
    "mean": 1745.977365411818,
    "rsd_pct": 0.2689221883379102
  },
  "railsbench": {
    "mean": 2632.4849457480013,
    "rsd_pct": 0.9188350373360473
  },
  "binarytrees": {
    "mean": 303.7036804432449,
    "rsd_pct": 0.4717292215231065
  },
  "fannkuchredux": {
    "mean": 5560.933205205947,
    "rsd_pct": 0.49164847144441237
  },
  "lee": {
    "mean": 810.0325364619493,
    "rsd_pct": 1.636764494725397
  },
  "nbody": {
    "mean": 71.12440398743595,
    "rsd_pct": 0.05670735624563228
  },
  "optcarrot": {
    "mean": 3147.5752571132034,
    "rsd_pct": 0.21082427583891775
  },
  "30k_ifelse": {
    "mean": 323.8207334294342,
    "rsd_pct": 0.20075645173498355
  },
  "30k_methods": {
    "mean": 715.8749501945244,
    "rsd_pct": 0.015728739753422455
  },
  "cfunc_itself": {
    "mean": 40.60355739621735,
    "rsd_pct": 0.2926912007600041
  },
  "fib": {
    "mean": 57.311076407147716,
    "rsd_pct": 0.05039426529857257
  },
  "getivar": {
    "mean": 36.31811427037307,
    "rsd_pct": 0.08819888075803925
  },
  "respond_to": {
    "mean": 162.55032504801596,
    "rsd_pct": 0.2841647489727711
  },
  "setivar": {
    "mean": 44.22155807334845,
    "rsd_pct": 0.21562798168298777
  }
}