{
  "activerecord": {
    "mean": 109.4870416690474,
    "rsd_pct": 0.4786227909993962,
    "micro": false
  },
  "hexapdf": {
    "mean": 2417.0914261912308,
    "rsd_pct": 1.9106962594159072,
    "micro": false
  },
  "liquid-render": {
    "mean": 130.90629070304718,
    "rsd_pct": 1.7872172439809004,
    "micro": false
  },
  "mail": {
    "mean": 161.28303664850026,
    "rsd_pct": 0.3656420446163779,
    "micro": false
  },
  "psych-load": {
    "mean": 1957.9850912714999,
    "rsd_pct": 0.032540200066874046,
    "micro": false
  },
  "railsbench": {
    "mean": 2205.355274863541,
    "rsd_pct": 1.1626129903938194,
    "micro": false
  },
  "binarytrees": {
    "mean": 362.6304210740186,
    "rsd_pct": 1.4647389633065853,
    "micro": false
  },
  "chunky_png": {
    "mean": 664.8124635840455,
    "rsd_pct": 0.10999793108701264,
    "micro": false
  },
  "discourse": {
    "mean": 501.27626036440853,
    "rsd_pct": 6.341734667729419,
    "micro": false
  },
  "erubi": {
    "mean": 422.65300690493683,
    "rsd_pct": 0.7377848063929572,
    "micro": false
  },
  "erubi_rails": {
    "mean": 20.118190983761778,
    "rsd_pct": 3.30249000326549,
    "micro": false
  },
  "fannkuchredux": {
    "mean": 6943.0948837349815,
    "rsd_pct": 0.06826197127304066,
    "micro": false
  },
  "lee": {
    "mean": 918.2834023875849,
    "rsd_pct": 0.22592324628159108,
    "micro": false
  },
  "nbody": {
    "mean": 90.51845291798764,
    "rsd_pct": 0.4587542877354967,
    "micro": false
  },
  "optcarrot": {
    "mean": 3506.408277836939,
    "rsd_pct": 0.6049192784992367,
    "micro": false
  },
  "rubykon": {
    "mean": 7887.415649245183,
    "rsd_pct": 0.7519241926335907,
    "micro": false
  },
  "30k_ifelse": {
    "mean": 360.07044532535866,
    "rsd_pct": 0.19650969997132428,
    "micro": true
  },
  "30k_methods": {
    "mean": 906.3386620784348,
    "rsd_pct": 0.05655947002542986,
    "micro": true
  },
  "cfunc_itself": {
    "mean": 44.596704936488834,
    "rsd_pct": 0.958142293604464,
    "micro": true
  },
  "fib": {
    "mean": 62.48106332466614,
    "rsd_pct": 0.6010305552231519,
    "micro": true
  },
  "getivar": {
    "mean": 42.55331608966827,
    "rsd_pct": 0.698764251868708,
    "micro": true
  },
  "keyword_args": {
    "mean": 52.92405282714012,
    "rsd_pct": 0.7191685656698675,
    "micro": true
  },
  "respond_to": {
    "mean": 180.05064605838723,
    "rsd_pct": 0.3197621546768248,
    "micro": true
  },
  "setivar": {
    "mean": 52.517490680833845,
    "rsd_pct": 0.6397673276982645,
    "micro": true
  }
}