{
  "activerecord": {
    "mean": 102.77368286474834,
    "rsd_pct": 0.693792341689235,
    "micro": false
  },
  "hexapdf": {
    "mean": 2236.9192805344937,
    "rsd_pct": 2.1739621601020738,
    "micro": false
  },
  "liquid-render": {
    "mean": 127.9989682741728,
    "rsd_pct": 1.0304440813115587,
    "micro": false
  },
  "mail": {
    "mean": 157.78002734979844,
    "rsd_pct": 0.17208757922806908,
    "micro": false
  },
  "psych-load": {
    "mean": 1869.4938735997614,
    "rsd_pct": 0.03804519013287752,
    "micro": false
  },
  "railsbench": {
    "mean": 2020.9795310016489,
    "rsd_pct": 1.4760065477087565,
    "micro": false
  },
  "ruby-lsp": {
    "mean": 71.70418509467511,
    "rsd_pct": 18.193448432821363,
    "micro": false
  },
  "binarytrees": {
    "mean": 238.2164601786783,
    "rsd_pct": 0.06235762175285584,
    "micro": false
  },
  "chunky_png": {
    "mean": 611.5658858000339,
    "rsd_pct": 0.1918178799076695,
    "micro": false
  },
  "erubi": {
    "mean": 285.4784383135016,
    "rsd_pct": 0.9214611761331106,
    "micro": false
  },
  "erubi_rails": {
    "mean": 17.90354578918041,
    "rsd_pct": 3.6164982232570866,
    "micro": false
  },
  "etanni": {
    "mean": 474.37897490453906,
    "rsd_pct": 0.4939492360264741,
    "micro": false
  },
  "fannkuchredux": {
    "mean": 2273.9395959341587,
    "rsd_pct": 0.10560348247752674,
    "micro": false
  },
  "lee": {
    "mean": 901.5671051820391,
    "rsd_pct": 1.9600851275060067,
    "micro": false
  },
  "nbody": {
    "mean": 78.874127109827,
    "rsd_pct": 0.06719708127763349,
    "micro": false
  },
  "optcarrot": {
    "mean": 2903.0585087331324,
    "rsd_pct": 0.38704937301959097,
    "micro": false
  },
  "rubykon": {
    "mean": 6585.944438866379,
    "rsd_pct": 0.45399216840079354,
    "micro": false
  },
  "30k_ifelse": {
    "mean": 402.4142053205287,
    "rsd_pct": 0.14047967033051179,
    "micro": true
  },
  "30k_methods": {
    "mean": 953.9771242481947,
    "rsd_pct": 0.02693593680591246,
    "micro": true
  },
  "cfunc_itself": {
    "mean": 41.37931610534477,
    "rsd_pct": 0.1384262187558778,
    "micro": true
  },
  "fib": {
    "mean": 60.83727320551547,
    "rsd_pct": 0.07215441261091199,
    "micro": true
  },
  "getivar": {
    "mean": 45.61648847261334,
    "rsd_pct": 0.06549763212135881,
    "micro": true
  },
  "keyword_args": {
    "mean": 52.72363385953819,
    "rsd_pct": 0.04276465930346105,
    "micro": true
  },
  "respond_to": {
    "mean": 30.47756557849294,
    "rsd_pct": 0.6048847852552162,
    "micro": true
  },
  "setivar": {
    "mean": 47.78526074174229,
    "rsd_pct": 0.5587191681240194,
    "micro": true
  },
  "str_concat": {
    "mean": 40.58318849676262,
    "rsd_pct": 1.8707240833999679,
    "micro": true
  }
}