{
  "activerecord": {
    "mean": 103.00841250639293,
    "rsd_pct": 0.4323094963834393,
    "micro": false
  },
  "hexapdf": {
    "mean": 2395.2384270727634,
    "rsd_pct": 2.0497863973793393,
    "micro": false
  },
  "liquid-render": {
    "mean": 145.2594259284812,
    "rsd_pct": 1.881253501665981,
    "micro": false
  },
  "mail": {
    "mean": 185.1155939990672,
    "rsd_pct": 2.4013387926245655,
    "micro": false
  },
  "psych-load": {
    "mean": 2195.5338045954704,
    "rsd_pct": 0.049222235655141694,
    "micro": false
  },
  "railsbench": {
    "mean": 2439.3419191241264,
    "rsd_pct": 0.7308751197787632,
    "micro": false
  },
  "binarytrees": {
    "mean": 377.52159779507014,
    "rsd_pct": 0.1462833529514209,
    "micro": false
  },
  "chunky_png": {
    "mean": 670.2051929615695,
    "rsd_pct": 0.5476857084044948,
    "micro": false
  },
  "discourse": {
    "mean": 524.7364017004902,
    "rsd_pct": 16.690637688448195,
    "micro": false
  },
  "erubi": {
    "mean": 418.48086157536255,
    "rsd_pct": 0.6577543200326768,
    "micro": false
  },
  "erubi_rails": {
    "mean": 25.03409025600957,
    "rsd_pct": 55.60970897212606,
    "micro": false
  },
  "fannkuchredux": {
    "mean": 6922.791173184912,
    "rsd_pct": 0.05592312637818028,
    "micro": false
  },
  "lee": {
    "mean": 895.0117918747393,
    "rsd_pct": 1.9391797694265784,
    "micro": false
  },
  "nbody": {
    "mean": 86.86820113093313,
    "rsd_pct": 0.4976371996401536,
    "micro": false
  },
  "optcarrot": {
    "mean": 3548.978504538536,
    "rsd_pct": 0.594924109469284,
    "micro": false
  },
  "rubykon": {
    "mean": 7922.128074367841,
    "rsd_pct": 3.739679773117549,
    "micro": false
  },
  "30k_ifelse": {
    "mean": 355.5143623546298,
    "rsd_pct": 0.18370832422677794,
    "micro": true
  },
  "30k_methods": {
    "mean": 887.2645748779178,
    "rsd_pct": 0.0715328415103493,
    "micro": true
  },
  "cfunc_itself": {
    "mean": 44.88886156488185,
    "rsd_pct": 0.9714863934528097,
    "micro": true
  },
  "fib": {
    "mean": 62.49023208447198,
    "rsd_pct": 0.613560438607073,
    "micro": true
  },
  "getivar": {
    "mean": 44.32046535398,
    "rsd_pct": 2.537777510268601,
    "micro": true
  },
  "keyword_args": {
    "mean": 53.08721028761101,
    "rsd_pct": 0.7224074551635343,
    "micro": true
  },
  "respond_to": {
    "mean": 190.7324660911199,
    "rsd_pct": 0.45989663895819216,
    "micro": true
  },
  "setivar": {
    "mean": 50.638593004579405,
    "rsd_pct": 0.7716766594538579,
    "micro": true
  },
  "str_concat": {
    "mean": 105.30862002176981,
    "rsd_pct": 1.5569794954153955,
    "micro": true
  }
}