{
  "activerecord": {
    "mean": 42.808653874526186,
    "rsd_pct": 0.8412272062283316,
    "micro": false
  },
  "erubi_rails": {
    "mean": 15.02484621446138,
    "rsd_pct": 3.6445503734579225,
    "micro": false
  },
  "hexapdf": {
    "mean": 2043.056337783734,
    "rsd_pct": 2.256221732954815,
    "micro": false
  },
  "liquid-c": {
    "mean": 59.40498223173476,
    "rsd_pct": 2.064355259758393,
    "micro": false
  },
  "liquid-compile": {
    "mean": 51.844165499204195,
    "rsd_pct": 4.7993603429105525,
    "micro": false
  },
  "liquid-render": {
    "mean": 108.76783680008805,
    "rsd_pct": 2.592953558896288,
    "micro": false
  },
  "mail": {
    "mean": 128.38474937504338,
    "rsd_pct": 0.3966012020058185,
    "micro": false
  },
  "psych-load": {
    "mean": 1809.6515672902267,
    "rsd_pct": 0.06176024134981119,
    "micro": false
  },
  "railsbench": {
    "mean": 1811.6366751492023,
    "rsd_pct": 1.0789380256541468,
    "micro": false
  },
  "ruby-lsp": {
    "mean": 58.48483775149692,
    "rsd_pct": 19.836347849069092,
    "micro": false
  },
  "sequel": {
    "mean": 67.83728784925881,
    "rsd_pct": 0.48181890683072104,
    "micro": false
  },
  "binarytrees": {
    "mean": 226.35567300444976,
    "rsd_pct": 0.08199559736270491,
    "micro": false
  },
  "chunky_png": {
    "mean": 650.5053346355757,
    "rsd_pct": 0.05077488478661482,
    "micro": false
  },
  "erubi": {
    "mean": 255.07457403895947,
    "rsd_pct": 0.7636519289205651,
    "micro": false
  },
  "etanni": {
    "mean": 413.8973262549068,
    "rsd_pct": 0.45857332080701085,
    "micro": false
  },
  "fannkuchredux": {
    "mean": 770.15624307096,
    "rsd_pct": 0.2835778110053766,
    "micro": false
  },
  "lee": {
    "mean": 917.228532156774,
    "rsd_pct": 0.3280587130873024,
    "micro": false
  },
  "nbody": {
    "mean": 69.21692275985454,
    "rsd_pct": 0.0766200496678068,
    "micro": false
  },
  "optcarrot": {
    "mean": 2263.885165254275,
    "rsd_pct": 0.6266132642068307,
    "micro": false
  },
  "ruby-json": {
    "mean": 3019.4637229045234,
    "rsd_pct": 0.16160740680599603,
    "micro": false
  },
  "rubykon": {
    "mean": 6792.924415071805,
    "rsd_pct": 0.6474691953134305,
    "micro": false
  },
  "30k_ifelse": {
    "mean": 359.9317855116996,
    "rsd_pct": 0.06134888575527701,
    "micro": true
  },
  "30k_methods": {
    "mean": 859.8809244678072,
    "rsd_pct": 0.019489035806690928,
    "micro": true
  },
  "cfunc_itself": {
    "mean": 38.37071054198577,
    "rsd_pct": 0.1982433036570123,
    "micro": true
  },
  "fib": {
    "mean": 44.64161618543951,
    "rsd_pct": 0.052038955107329074,
    "micro": true
  },
  "getivar": {
    "mean": 21.154485558244314,
    "rsd_pct": 0.23439546172807674,
    "micro": true
  },
  "keyword_args": {
    "mean": 47.69255165321872,
    "rsd_pct": 0.1320435120909636,
    "micro": true
  },
  "respond_to": {
    "mean": 25.340439569734528,
    "rsd_pct": 0.9308369465270536,
    "micro": true
  },
  "setivar": {
    "mean": 17.65199636355552,
    "rsd_pct": 0.13018894930557126,
    "micro": true
  },
  "setivar_object": {
    "mean": 46.46307824309482,
    "rsd_pct": 5.336085954473688,
    "micro": true
  },
  "setivar_young": {
    "mean": 42.281857636457275,
    "rsd_pct": 1.1968068368700988,
    "micro": true
  },
  "str_concat": {
    "mean": 42.11037644118322,
    "rsd_pct": 1.4705510464318423,
    "micro": true
  },
  "throw": {
    "mean": 24.459476239825367,
    "rsd_pct": 0.21801505283644868,
    "micro": true
  }
}