{
  "activerecord": {
    "mean": 104.1894618165556,
    "rsd_pct": 0.47564191817190576,
    "micro": false
  },
  "hexapdf": {
    "mean": 2409.2868040005364,
    "rsd_pct": 1.219048737016752,
    "micro": false
  },
  "liquid-render": {
    "mean": 146.0193448638829,
    "rsd_pct": 1.632460621660093,
    "micro": false
  },
  "mail": {
    "mean": 187.85665186016627,
    "rsd_pct": 2.6562171000064123,
    "micro": false
  },
  "psych-load": {
    "mean": 2242.61777078112,
    "rsd_pct": 0.05706182536092804,
    "micro": false
  },
  "railsbench": {
    "mean": 2416.8580325941243,
    "rsd_pct": 0.5487739084727836,
    "micro": false
  },
  "binarytrees": {
    "mean": 368.86102613061666,
    "rsd_pct": 0.15806177991302445,
    "micro": false
  },
  "chunky_png": {
    "mean": 676.0450080657998,
    "rsd_pct": 0.515805288629337,
    "micro": false
  },
  "discourse": {
    "mean": 646.4600960978053,
    "rsd_pct": 20.954623361302787,
    "micro": false
  },
  "erubi": {
    "mean": 419.0562325633234,
    "rsd_pct": 0.7470273648418884,
    "micro": false
  },
  "erubi_rails": {
    "mean": 25.67726255375704,
    "rsd_pct": 55.13766176187563,
    "micro": false
  },
  "fannkuchredux": {
    "mean": 7028.677971785267,
    "rsd_pct": 0.034521244298869484,
    "micro": false
  },
  "lee": {
    "mean": 902.4965654881228,
    "rsd_pct": 1.3033399853569667,
    "micro": false
  },
  "nbody": {
    "mean": 89.98177062381397,
    "rsd_pct": 0.45241724998557475,
    "micro": false
  },
  "optcarrot": {
    "mean": 3419.4582890719175,
    "rsd_pct": 0.6048568696802578,
    "micro": false
  },
  "rubykon": {
    "mean": 8025.358062361677,
    "rsd_pct": 3.9905343689767734,
    "micro": false
  },
  "30k_ifelse": {
    "mean": 355.5215436499566,
    "rsd_pct": 0.18791583038124327,
    "micro": true
  },
  "30k_methods": {
    "mean": 882.7431236647747,
    "rsd_pct": 0.06212166960529454,
    "micro": true
  },
  "cfunc_itself": {
    "mean": 44.80694087871005,
    "rsd_pct": 0.8764312923049283,
    "micro": true
  },
  "fib": {
    "mean": 62.49606162891723,
    "rsd_pct": 0.6197768295367015,
    "micro": true
  },
  "getivar": {
    "mean": 42.63621284662899,
    "rsd_pct": 0.7405373523815648,
    "micro": true
  },
  "keyword_args": {
    "mean": 53.81197513309664,
    "rsd_pct": 0.6591090813028639,
    "micro": true
  },
  "respond_to": {
    "mean": 197.5417647912514,
    "rsd_pct": 0.2866902896587375,
    "micro": true
  },
  "setivar": {
    "mean": 53.71113378422679,
    "rsd_pct": 0.5670606658559612,
    "micro": true
  },
  "str_concat": {
    "mean": 110.50128079174708,
    "rsd_pct": 1.3411895834906973,
    "micro": true
  }
}