{
  "activerecord": {
    "mean": 103.54039624022941,
    "rsd_pct": 0.6101943790328715,
    "micro": false
  },
  "hexapdf": {
    "mean": 2255.0519732137523,
    "rsd_pct": 1.9839059594870865,
    "micro": false
  },
  "liquid-render": {
    "mean": 113.87793983108011,
    "rsd_pct": 1.7242033965867523,
    "micro": false
  },
  "mail": {
    "mean": 155.6745934940409,
    "rsd_pct": 0.16079249860199257,
    "micro": false
  },
  "psych-load": {
    "mean": 1981.8162058790524,
    "rsd_pct": 0.018156647719314484,
    "micro": false
  },
  "railsbench": {
    "mean": 2156.1852092544236,
    "rsd_pct": 0.966540569339158,
    "micro": false
  },
  "binarytrees": {
    "mean": 230.9331161562692,
    "rsd_pct": 0.07324392685418879,
    "micro": false
  },
  "chunky_png": {
    "mean": 642.0826667298874,
    "rsd_pct": 0.1642203697759366,
    "micro": false
  },
  "erubi": {
    "mean": 297.68538655656755,
    "rsd_pct": 0.8204362403980106,
    "micro": false
  },
  "erubi_rails": {
    "mean": 19.445829534560293,
    "rsd_pct": 3.7862558266571993,
    "micro": false
  },
  "fannkuchredux": {
    "mean": 2346.9584164520106,
    "rsd_pct": 0.1882736389475106,
    "micro": false
  },
  "lee": {
    "mean": 953.5166642495564,
    "rsd_pct": 0.9776725461769731,
    "micro": false
  },
  "nbody": {
    "mean": 86.554419641432,
    "rsd_pct": 0.08395830899339635,
    "micro": false
  },
  "optcarrot": {
    "mean": 3458.2986483971276,
    "rsd_pct": 0.35245734784797317,
    "micro": false
  },
  "rubykon": {
    "mean": 7004.934797187646,
    "rsd_pct": 0.36942885856819324,
    "micro": false
  },
  "30k_ifelse": {
    "mean": 347.4749481039388,
    "rsd_pct": 0.1933201692664732,
    "micro": true
  },
  "30k_methods": {
    "mean": 823.4361281308035,
    "rsd_pct": 0.049208497821487174,
    "micro": true
  },
  "cfunc_itself": {
    "mean": 44.15726022278311,
    "rsd_pct": 0.20732438580986626,
    "micro": true
  },
  "fib": {
    "mean": 61.74856406814626,
    "rsd_pct": 0.19112979949766876,
    "micro": true
  },
  "getivar": {
    "mean": 42.74915426778079,
    "rsd_pct": 0.05423082851599419,
    "micro": true
  },
  "keyword_args": {
    "mean": 53.52274297342468,
    "rsd_pct": 0.16590724038966884,
    "micro": true
  },
  "respond_to": {
    "mean": 30.128336891830426,
    "rsd_pct": 0.40544497973059707,
    "micro": true
  },
  "setivar": {
    "mean": 40.58537570869221,
    "rsd_pct": 0.5100704202697744,
    "micro": true
  },
  "str_concat": {
    "mean": 48.07943341554586,
    "rsd_pct": 1.6572010224203104,
    "micro": true
  }
}