{
  "activerecord": {
    "mean": 104.93911891895276,
    "rsd_pct": 0.21078827765332026,
    "micro": false
  },
  "hexapdf": {
    "mean": 2175.874310359359,
    "rsd_pct": 1.704073881461652,
    "micro": false
  },
  "jekyll": {
    "mean": 7320.623731861512,
    "rsd_pct": 2.8714119162171183,
    "micro": false
  },
  "liquid-render": {
    "mean": 126.23677660826765,
    "rsd_pct": 1.694099641750951,
    "micro": false
  },
  "mail": {
    "mean": 144.75330291315913,
    "rsd_pct": 1.22683561862404,
    "micro": false
  },
  "psych-load": {
    "mean": 1627.8932406256597,
    "rsd_pct": 0.654378540217904,
    "micro": false
  },
  "railsbench": {
    "mean": 2138.991536448399,
    "rsd_pct": 1.3901646580750817,
    "micro": false
  },
  "binarytrees": {
    "mean": 298.99496786734636,
    "rsd_pct": 0.1786516538934732,
    "micro": false
  },
  "erubi": {
    "mean": 410.3587925726292,
    "rsd_pct": 1.1483968733580514,
    "micro": false
  },
  "erubi_rails": {
    "mean": 31.89644424133321,
    "rsd_pct": 16.979055194032412,
    "micro": false
  },
  "fannkuchredux": {
    "mean": 5465.647408738732,
    "rsd_pct": 0.047675157748230994,
    "micro": false
  },
  "lee": {
    "mean": 749.139175678675,
    "rsd_pct": 1.8583209226594926,
    "micro": false
  },
  "nbody": {
    "mean": 75.22854087136882,
    "rsd_pct": 0.037851991308703085,
    "micro": false
  },
  "optcarrot": {
    "mean": 3140.535610417525,
    "rsd_pct": 0.5710335925080425,
    "micro": false
  },
  "rubykon": {
    "mean": 5535.470015803973,
    "rsd_pct": 0.9599308022597255,
    "micro": false
  },
  "30k_ifelse": {
    "mean": 307.88160126942853,
    "rsd_pct": 0.1550734422360943,
    "micro": true
  },
  "30k_methods": {
    "mean": 740.1990874742086,
    "rsd_pct": 0.02288283658623615,
    "micro": true
  },
  "cfunc_itself": {
    "mean": 39.24497209931954,
    "rsd_pct": 0.3031481139428896,
    "micro": true
  },
  "fib": {
    "mean": 52.11217981801989,
    "rsd_pct": 0.06353581302429052,
    "micro": true
  },
  "getivar": {
    "mean": 35.4768615810478,
    "rsd_pct": 0.130885652044312,
    "micro": true
  },
  "keyword_args": {
    "mean": 45.77810145538608,
    "rsd_pct": 0.6171179509634198,
    "micro": true
  },
  "respond_to": {
    "mean": 158.6217510010131,
    "rsd_pct": 0.6002044192656226,
    "micro": true
  },
  "setivar": {
    "mean": 41.84682221673087,
    "rsd_pct": 0.3223448093467993,
    "micro": true
  }
}