{
  "activerecord": {
    "mean": 144.4765170304512,
    "rsd_pct": 2.340605504865426,
    "micro": false
  },
  "erubi_rails": {
    "mean": 45.49031920308006,
    "rsd_pct": 11.809551271799936,
    "micro": false
  },
  "hexapdf": {
    "mean": 5717.496034502983,
    "rsd_pct": 1.9781954218683935,
    "micro": false
  },
  "liquid-c": {
    "mean": 189.21627549527287,
    "rsd_pct": 0.5921512660454336,
    "micro": false
  },
  "liquid-compile": {
    "mean": 161.05833392537815,
    "rsd_pct": 2.2693099726837396,
    "micro": false
  },
  "liquid-render": {
    "mean": 353.8553466334155,
    "rsd_pct": 0.37516165420229175,
    "micro": false
  },
  "mail": {
    "mean": 369.4829696665208,
    "rsd_pct": 0.07462631832927373,
    "micro": false
  },
  "psych-load": {
    "mean": 5435.290131966273,
    "rsd_pct": 0.1859737249045334,
    "micro": false
  },
  "railsbench": {
    "mean": 5318.651152402163,
    "rsd_pct": 0.5586314823293113,
    "micro": false
  },
  "ruby-lsp": {
    "mean": 168.1060751511173,
    "rsd_pct": 4.168205135408468,
    "micro": false
  },
  "sequel": {
    "mean": 203.1646116347886,
    "rsd_pct": 1.0273007436456032,
    "micro": false
  },
  "binarytrees": {
    "mean": 490.27451053261757,
    "rsd_pct": 0.14051097069898932,
    "micro": false
  },
  "chunky_png": {
    "mean": 1493.84266572694,
    "rsd_pct": 0.564057441977878,
    "micro": false
  },
  "erubi": {
    "mean": 577.6649112216173,
    "rsd_pct": 0.09805855196945541,
    "micro": false
  },
  "etanni": {
    "mean": 925.2953541775545,
    "rsd_pct": 0.18114554641179137,
    "micro": false
  },
  "fannkuchredux": {
    "mean": 1475.218972334495,
    "rsd_pct": 0.19392634593609184,
    "micro": false
  },
  "lee": {
    "mean": 2429.6001751153244,
    "rsd_pct": 0.32381558399835725,
    "micro": false
  },
  "nbody": {
    "mean": 156.173696531389,
    "rsd_pct": 0.08408488469723065,
    "micro": false
  },
  "optcarrot": {
    "mean": 8903.629681716362,
    "rsd_pct": 0.44759906318406967,
    "micro": false
  },
  "ruby-json": {
    "mean": 8119.442397852738,
    "rsd_pct": 0.03916539161801055,
    "micro": false
  },
  "rubykon": {
    "mean": 19423.921109487612,
    "rsd_pct": 0.46982509640391296,
    "micro": false
  },
  "30k_ifelse": {
    "mean": 1599.6866449713707,
    "rsd_pct": 0.02995669727683379,
    "micro": true
  },
  "30k_methods": {
    "mean": 3484.784988605458,
    "rsd_pct": 0.08369402284899717,
    "micro": true
  },
  "cfunc_itself": {
    "mean": 90.29892275430029,
    "rsd_pct": 0.014669791359399213,
    "micro": true
  },
  "fib": {
    "mean": 123.647751727341,
    "rsd_pct": 0.08158355648214584,
    "micro": true
  },
  "getivar": {
    "mean": 40.46655029958209,
    "rsd_pct": 0.015240216926282031,
    "micro": true
  },
  "keyword_args": {
    "mean": 121.66542826856309,
    "rsd_pct": 0.032620118096931286,
    "micro": true
  },
  "respond_to": {
    "mean": 73.18433286030321,
    "rsd_pct": 2.1701400998530898,
    "micro": true
  },
  "setivar": {
    "mean": 30.894508517174643,
    "rsd_pct": 0.01678644739747226,
    "micro": true
  },
  "setivar_object": {
    "mean": 113.12514966560735,
    "rsd_pct": 0.007163900848316143,
    "micro": true
  },
  "setivar_young": {
    "mean": 113.14335023790463,
    "rsd_pct": 0.0192818867462509,
    "micro": true
  },
  "str_concat": {
    "mean": 83.22968912021867,
    "rsd_pct": 0.2331702778390785,
    "micro": true
  },
  "throw": {
    "mean": 51.38025092102631,
    "rsd_pct": 0.19444423662367016,
    "micro": true
  }
}