{
  "activerecord": {
    "mean": 143.57169068228174,
    "rsd_pct": 0.23135355451404954,
    "micro": false
  },
  "erubi_rails": {
    "mean": 45.22965825553841,
    "rsd_pct": 1.912818834848588,
    "micro": false
  },
  "hexapdf": {
    "mean": 5705.675590162476,
    "rsd_pct": 2.4984101328685986,
    "micro": false
  },
  "liquid-c": {
    "mean": 188.76098420813636,
    "rsd_pct": 1.7256165446275413,
    "micro": false
  },
  "liquid-compile": {
    "mean": 162.48122272482897,
    "rsd_pct": 0.5940062983423945,
    "micro": false
  },
  "liquid-render": {
    "mean": 354.8769324451037,
    "rsd_pct": 2.277870032563518,
    "micro": false
  },
  "mail": {
    "mean": 366.4625211228286,
    "rsd_pct": 0.13306011984896554,
    "micro": false
  },
  "psych-load": {
    "mean": 5258.856476470828,
    "rsd_pct": 0.05276096589642657,
    "micro": false
  },
  "railsbench": {
    "mean": 5302.677966033419,
    "rsd_pct": 0.7330011742505291,
    "micro": false
  },
  "ruby-lsp": {
    "mean": 175.22713773039953,
    "rsd_pct": 12.69597252666745,
    "micro": false
  },
  "sequel": {
    "mean": 199.75103067318528,
    "rsd_pct": 0.2708189524131704,
    "micro": false
  },
  "binarytrees": {
    "mean": 490.00471324490553,
    "rsd_pct": 0.18367933064017508,
    "micro": false
  },
  "chunky_png": {
    "mean": 1464.2806408866759,
    "rsd_pct": 0.0772838800632255,
    "micro": false
  },
  "erubi": {
    "mean": 554.8499774719987,
    "rsd_pct": 1.0177180303940252,
    "micro": false
  },
  "etanni": {
    "mean": 907.5345419502506,
    "rsd_pct": 0.5588557758462206,
    "micro": false
  },
  "fannkuchredux": {
    "mean": 1485.6043131649494,
    "rsd_pct": 0.20007294917488933,
    "micro": false
  },
  "lee": {
    "mean": 2294.1333243534677,
    "rsd_pct": 0.22867908207438187,
    "micro": false
  },
  "nbody": {
    "mean": 154.8321355949156,
    "rsd_pct": 0.08489371553960745,
    "micro": false
  },
  "optcarrot": {
    "mean": 8550.851166496674,
    "rsd_pct": 0.4887693973052073,
    "micro": false
  },
  "ruby-json": {
    "mean": 8611.24762619535,
    "rsd_pct": 0.31975936994484483,
    "micro": false
  },
  "rubykon": {
    "mean": 19447.78403081,
    "rsd_pct": 0.3876092380254652,
    "micro": false
  },
  "30k_ifelse": {
    "mean": 1596.7601873996582,
    "rsd_pct": 0.03126824567994036,
    "micro": true
  },
  "30k_methods": {
    "mean": 3447.718379047254,
    "rsd_pct": 0.10134831063826052,
    "micro": true
  },
  "cfunc_itself": {
    "mean": 86.83693886961566,
    "rsd_pct": 0.034646169727950094,
    "micro": true
  },
  "fib": {
    "mean": 123.69768693211621,
    "rsd_pct": 0.07032480326160222,
    "micro": true
  },
  "getivar": {
    "mean": 40.46714662458062,
    "rsd_pct": 0.01792690715885892,
    "micro": true
  },
  "keyword_args": {
    "mean": 121.6689403299998,
    "rsd_pct": 0.034381642116600955,
    "micro": true
  },
  "respond_to": {
    "mean": 73.16038542223839,
    "rsd_pct": 2.4764512324151693,
    "micro": true
  },
  "setivar": {
    "mean": 30.893845188676703,
    "rsd_pct": 0.015706823615624546,
    "micro": true
  },
  "setivar_object": {
    "mean": 116.16999200310245,
    "rsd_pct": 1.399131691759222,
    "micro": true
  },
  "setivar_young": {
    "mean": 113.14390750080979,
    "rsd_pct": 0.01893058094059479,
    "micro": true
  },
  "str_concat": {
    "mean": 83.3055296095426,
    "rsd_pct": 0.9615713733121053,
    "micro": true
  },
  "throw": {
    "mean": 53.277208451898055,
    "rsd_pct": 0.15065582692966026,
    "micro": true
  }
}