{
  "activerecord": {
    "mean": 109.82059063982068,
    "rsd_pct": 1.9762141574141752,
    "micro": false
  },
  "jekyll": {
    "mean": 7630.228595924564,
    "rsd_pct": 1.9616920458148872,
    "micro": false
  },
  "liquid-render": {
    "mean": 149.3933542871908,
    "rsd_pct": 1.7700928072221682,
    "micro": false
  },
  "psych-load": {
    "mean": 1831.4013100927696,
    "rsd_pct": 0.4804762757240196,
    "micro": false
  },
  "railsbench": {
    "mean": 2696.337628015317,
    "rsd_pct": 1.2352862850005222,
    "micro": false
  },
  "binarytrees": {
    "mean": 301.0102868909343,
    "rsd_pct": 0.140854188735453,
    "micro": false
  },
  "fannkuchredux": {
    "mean": 5502.502132637892,
    "rsd_pct": 0.03925779671043766,
    "micro": false
  },
  "lee": {
    "mean": 811.6242674645036,
    "rsd_pct": 1.5302426149817427,
    "micro": false
  },
  "nbody": {
    "mean": 114.86632442736828,
    "rsd_pct": 0.1341250058631243,
    "micro": false
  },
  "optcarrot": {
    "mean": 3151.958856091369,
    "rsd_pct": 0.3310301648410403,
    "micro": false
  },
  "30k_ifelse": {
    "mean": 324.55188567669563,
    "rsd_pct": 0.17644134269956252,
    "micro": true
  },
  "30k_methods": {
    "mean": 720.0521371107445,
    "rsd_pct": 0.02156389269519454,
    "micro": true
  },
  "cfunc_itself": {
    "mean": 41.557602540706284,
    "rsd_pct": 0.33781127743283823,
    "micro": true
  },
  "fib": {
    "mean": 58.30158246715949,
    "rsd_pct": 0.04122917897054321,
    "micro": true
  },
  "getivar": {
    "mean": 36.26744549524808,
    "rsd_pct": 0.04386390710463358,
    "micro": true
  },
  "respond_to": {
    "mean": 154.87878595595248,
    "rsd_pct": 0.37839355258113916,
    "micro": true
  },
  "setivar": {
    "mean": 41.858028717746244,
    "rsd_pct": 0.22480025422647032,
    "micro": true
  }
}