{
  "activerecord": {
    "mean": 110.99065228082826,
    "rsd_pct": 0.4968311725008896,
    "micro": false
  },
  "hexapdf": {
    "mean": 2183.9116413146257,
    "rsd_pct": 2.4079032874566857,
    "micro": false
  },
  "liquid-c": {
    "mean": 61.9897894595891,
    "rsd_pct": 2.444164671022734,
    "micro": false
  },
  "liquid-render": {
    "mean": 107.42861879423508,
    "rsd_pct": 2.724796777273085,
    "micro": false
  },
  "mail": {
    "mean": 142.54258995783243,
    "rsd_pct": 0.17337516178785947,
    "micro": false
  },
  "psych-load": {
    "mean": 1803.6524398252368,
    "rsd_pct": 0.0411520112712442,
    "micro": false
  },
  "railsbench": {
    "mean": 1975.4444794729352,
    "rsd_pct": 2.1588551609566595,
    "micro": false
  },
  "ruby-lsp": {
    "mean": 70.70977870019502,
    "rsd_pct": 19.733026452744596,
    "micro": false
  },
  "sequel": {
    "mean": 150.13123962580036,
    "rsd_pct": 2.285011191836062,
    "micro": false
  },
  "binarytrees": {
    "mean": 235.39231341770466,
    "rsd_pct": 0.05128688620327706,
    "micro": false
  },
  "chunky_png": {
    "mean": 616.2884344812483,
    "rsd_pct": 0.10436029771055427,
    "micro": false
  },
  "erubi": {
    "mean": 251.00839298359955,
    "rsd_pct": 1.2184667455380307,
    "micro": false
  },
  "erubi_rails": {
    "mean": 17.192321010392646,
    "rsd_pct": 3.3026554472281,
    "micro": false
  },
  "etanni": {
    "mean": 412.0600816095248,
    "rsd_pct": 0.513073962212396,
    "micro": false
  },
  "fannkuchredux": {
    "mean": 905.3170627237043,
    "rsd_pct": 0.07773895440005787,
    "micro": false
  },
  "lee": {
    "mean": 921.5238559104148,
    "rsd_pct": 0.13905223142865392,
    "micro": false
  },
  "nbody": {
    "mean": 71.87792991803919,
    "rsd_pct": 0.053865701543348694,
    "micro": false
  },
  "optcarrot": {
    "mean": 2612.74543919911,
    "rsd_pct": 0.6959012080381662,
    "micro": false
  },
  "rubykon": {
    "mean": 6504.218417964876,
    "rsd_pct": 0.8311356467979379,
    "micro": false
  },
  "30k_ifelse": {
    "mean": 395.8469355106354,
    "rsd_pct": 0.08857674209951644,
    "micro": true
  },
  "30k_methods": {
    "mean": 945.2027938373033,
    "rsd_pct": 0.030026781705655096,
    "micro": true
  },
  "cfunc_itself": {
    "mean": 42.69785942955756,
    "rsd_pct": 0.16659828736013965,
    "micro": true
  },
  "fib": {
    "mean": 62.24426482732479,
    "rsd_pct": 0.056532191008392824,
    "micro": true
  },
  "getivar": {
    "mean": 45.8251739138686,
    "rsd_pct": 0.24900252589837088,
    "micro": true
  },
  "keyword_args": {
    "mean": 53.27171997133038,
    "rsd_pct": 0.1173189316196914,
    "micro": true
  },
  "respond_to": {
    "mean": 28.60206480087876,
    "rsd_pct": 0.4376432779154223,
    "micro": true
  },
  "setivar": {
    "mean": 14.706449387177024,
    "rsd_pct": 0.09325784025189333,
    "micro": true
  },
  "setivar_object": {
    "mean": 47.52448191445967,
    "rsd_pct": 1.1326197809570322,
    "micro": true
  },
  "str_concat": {
    "mean": 44.263888943420014,
    "rsd_pct": 1.3768036276721527,
    "micro": true
  }
}