{
  "activerecord": {
    "mean": 149.76379526818351,
    "rsd_pct": 0.18421424411608867,
    "micro": false
  },
  "hexapdf": {
    "mean": 6179.377589498957,
    "rsd_pct": 2.0502239268798244,
    "micro": false
  },
  "liquid-c": {
    "mean": 190.43274205447972,
    "rsd_pct": 1.7424002204728983,
    "micro": false
  },
  "liquid-render": {
    "mean": 369.95995235798273,
    "rsd_pct": 2.1589353517497702,
    "micro": false
  },
  "mail": {
    "mean": 376.9159756138239,
    "rsd_pct": 0.12345888740291555,
    "micro": false
  },
  "psych-load": {
    "mean": 5299.923582623403,
    "rsd_pct": 0.040072667077798774,
    "micro": false
  },
  "railsbench": {
    "mean": 5472.604249914487,
    "rsd_pct": 0.7216141147995241,
    "micro": false
  },
  "ruby-lsp": {
    "mean": 184.50548479306525,
    "rsd_pct": 11.70189483328111,
    "micro": false
  },
  "sequel": {
    "mean": 201.2591198655003,
    "rsd_pct": 0.1871735413671478,
    "micro": false
  },
  "binarytrees": {
    "mean": 527.8525171757099,
    "rsd_pct": 0.13267535064412103,
    "micro": false
  },
  "chunky_png": {
    "mean": 1524.983665207401,
    "rsd_pct": 0.11404584456908795,
    "micro": false
  },
  "erubi": {
    "mean": 555.5555136175826,
    "rsd_pct": 0.9420506918448616,
    "micro": false
  },
  "erubi_rails": {
    "mean": 45.031881427989816,
    "rsd_pct": 2.0733761485357336,
    "micro": false
  },
  "etanni": {
    "mean": 1003.9820387123191,
    "rsd_pct": 0.4597069824375129,
    "micro": false
  },
  "fannkuchredux": {
    "mean": 2015.9579321904027,
    "rsd_pct": 0.1902717393454645,
    "micro": false
  },
  "lee": {
    "mean": 2243.184236386283,
    "rsd_pct": 0.30234105792761096,
    "micro": false
  },
  "nbody": {
    "mean": 177.48060903891368,
    "rsd_pct": 0.06608795874988184,
    "micro": false
  },
  "optcarrot": {
    "mean": 10027.642054234942,
    "rsd_pct": 0.7031020182597503,
    "micro": false
  },
  "ruby-json": {
    "mean": 8304.785022387901,
    "rsd_pct": 0.19394573049389643,
    "micro": false
  },
  "rubykon": {
    "mean": 20932.394817098975,
    "rsd_pct": 0.3122818473177739,
    "micro": false
  },
  "30k_ifelse": {
    "mean": 1941.9946386379765,
    "rsd_pct": 0.038430755166283005,
    "micro": true
  },
  "30k_methods": {
    "mean": 3894.0414310033834,
    "rsd_pct": 0.08692012846531026,
    "micro": true
  },
  "cfunc_itself": {
    "mean": 102.49951464156139,
    "rsd_pct": 0.020025526992611124,
    "micro": true
  },
  "fib": {
    "mean": 191.09588015226672,
    "rsd_pct": 0.006050886130816947,
    "micro": true
  },
  "getivar": {
    "mean": 107.47293578973468,
    "rsd_pct": 0.007271998643054878,
    "micro": true
  },
  "keyword_args": {
    "mean": 190.67182655255962,
    "rsd_pct": 0.07326332726831325,
    "micro": true
  },
  "respond_to": {
    "mean": 104.8388016170947,
    "rsd_pct": 1.1431812840180442,
    "micro": true
  },
  "setivar": {
    "mean": 50.03974857015742,
    "rsd_pct": 0.012185342375856474,
    "micro": true
  },
  "setivar_object": {
    "mean": 126.84627074449166,
    "rsd_pct": 1.3795031328271983,
    "micro": true
  },
  "setivar_young_object": {
    "mean": 124.54447354338019,
    "rsd_pct": 4.18898687205241,
    "micro": true
  },
  "str_concat": {
    "mean": 116.41140730675731,
    "rsd_pct": 0.6405465681594292,
    "micro": true
  },
  "throw": {
    "mean": 50.64697150312127,
    "rsd_pct": 0.15673202430697242,
    "micro": true
  }
}