{
  "activerecord": {
    "mean": 106.6267286951188,
    "rsd_pct": 0.43509604809484576,
    "micro": false
  },
  "hexapdf": {
    "mean": 2387.846350669861,
    "rsd_pct": 0.9881307087143805,
    "micro": false
  },
  "liquid-render": {
    "mean": 145.82892352550783,
    "rsd_pct": 1.806288742172186,
    "micro": false
  },
  "mail": {
    "mean": 184.46651910032546,
    "rsd_pct": 2.4646654326835296,
    "micro": false
  },
  "psych-load": {
    "mean": 2196.590731665492,
    "rsd_pct": 0.06390597651966246,
    "micro": false
  },
  "railsbench": {
    "mean": 2434.4077544907727,
    "rsd_pct": 0.33526953179932345,
    "micro": false
  },
  "binarytrees": {
    "mean": 389.17735355789773,
    "rsd_pct": 0.9671830617063631,
    "micro": false
  },
  "chunky_png": {
    "mean": 668.4210225297459,
    "rsd_pct": 0.5345821287271223,
    "micro": false
  },
  "discourse": {
    "mean": 631.7755626232336,
    "rsd_pct": 19.980255459738906,
    "micro": false
  },
  "erubi": {
    "mean": 420.4313337802887,
    "rsd_pct": 0.6961462381297814,
    "micro": false
  },
  "erubi_rails": {
    "mean": 24.43532552807687,
    "rsd_pct": 53.13762629806521,
    "micro": false
  },
  "fannkuchredux": {
    "mean": 6970.76006680727,
    "rsd_pct": 0.10816360643611173,
    "micro": false
  },
  "lee": {
    "mean": 893.681585611332,
    "rsd_pct": 1.934409235511924,
    "micro": false
  },
  "nbody": {
    "mean": 87.70707875734915,
    "rsd_pct": 0.49471288124626794,
    "micro": false
  },
  "optcarrot": {
    "mean": 3453.4481725345054,
    "rsd_pct": 0.6000255555046932,
    "micro": false
  },
  "rubykon": {
    "mean": 7965.155371030171,
    "rsd_pct": 2.7772393103941337,
    "micro": false
  },
  "30k_ifelse": {
    "mean": 360.7665899463675,
    "rsd_pct": 0.17871560336264847,
    "micro": true
  },
  "30k_methods": {
    "mean": 872.2543376921253,
    "rsd_pct": 0.06084772772829182,
    "micro": true
  },
  "cfunc_itself": {
    "mean": 47.72329132878379,
    "rsd_pct": 0.9241479405806052,
    "micro": true
  },
  "fib": {
    "mean": 62.48372120899148,
    "rsd_pct": 0.595702327290249,
    "micro": true
  },
  "getivar": {
    "mean": 42.622185705055855,
    "rsd_pct": 0.6952844124609632,
    "micro": true
  },
  "keyword_args": {
    "mean": 52.96680882651762,
    "rsd_pct": 0.6922653442134964,
    "micro": true
  },
  "respond_to": {
    "mean": 185.08384850563354,
    "rsd_pct": 0.3051737228971384,
    "micro": true
  },
  "setivar": {
    "mean": 50.48654118055028,
    "rsd_pct": 0.8244283148120095,
    "micro": true
  },
  "str_concat": {
    "mean": 107.45539754477855,
    "rsd_pct": 1.45117459099246,
    "micro": true
  }
}