{
  "activerecord": {
    "mean": 110.12671658425857,
    "rsd_pct": 1.9548976781841185
  },
  "lee": {
    "mean": 808.7335705005734,
    "rsd_pct": 1.7074015584577924
  }
}