{
  "activerecord": {
    "mean": 109.07185669210585,
    "rsd_pct": 0.5897468456078816,
    "micro": false
  },
  "hexapdf": {
    "mean": 2424.4877782960734,
    "rsd_pct": 1.481613494316382,
    "micro": false
  },
  "liquid-render": {
    "mean": 127.10015982007369,
    "rsd_pct": 1.7918349149927144,
    "micro": false
  },
  "mail": {
    "mean": 162.1459381033977,
    "rsd_pct": 0.3519112359323942,
    "micro": false
  },
  "psych-load": {
    "mean": 2058.8263421008983,
    "rsd_pct": 0.2705450065469516,
    "micro": false
  },
  "railsbench": {
    "mean": 2212.667885546883,
    "rsd_pct": 1.2695775619682923,
    "micro": false
  },
  "binarytrees": {
    "mean": 360.8889869222092,
    "rsd_pct": 0.1575278918372919,
    "micro": false
  },
  "chunky_png": {
    "mean": 660.7407667385094,
    "rsd_pct": 0.29184186929200934,
    "micro": false
  },
  "discourse": {
    "mean": 501.5769618300673,
    "rsd_pct": 8.7386323416094,
    "micro": false
  },
  "erubi": {
    "mean": 442.7964548243487,
    "rsd_pct": 0.730754492418825,
    "micro": false
  },
  "erubi_rails": {
    "mean": 20.86713081996306,
    "rsd_pct": 3.323643974461296,
    "micro": false
  },
  "fannkuchredux": {
    "mean": 6938.219797300796,
    "rsd_pct": 0.9187877028655582,
    "micro": false
  },
  "lee": {
    "mean": 916.9232047473391,
    "rsd_pct": 1.6122440783555327,
    "micro": false
  },
  "nbody": {
    "mean": 91.17380355569449,
    "rsd_pct": 1.084129405959098,
    "micro": false
  },
  "optcarrot": {
    "mean": 3566.9432300453386,
    "rsd_pct": 0.5798418020382741,
    "micro": false
  },
  "rubykon": {
    "mean": 10893.21578697612,
    "rsd_pct": 0.6978657055624894,
    "micro": false
  },
  "30k_ifelse": {
    "mean": 360.02511722553106,
    "rsd_pct": 0.17938018301833394,
    "micro": true
  },
  "30k_methods": {
    "mean": 876.4218000162925,
    "rsd_pct": 0.06184197444574461,
    "micro": true
  },
  "cfunc_itself": {
    "mean": 47.060454882380675,
    "rsd_pct": 0.9977162934515068,
    "micro": true
  },
  "fib": {
    "mean": 62.48940404235943,
    "rsd_pct": 0.6203790014986433,
    "micro": true
  },
  "getivar": {
    "mean": 42.56096161106717,
    "rsd_pct": 0.718683231924392,
    "micro": true
  },
  "keyword_args": {
    "mean": 53.11308380840544,
    "rsd_pct": 0.7276068281976917,
    "micro": true
  },
  "respond_to": {
    "mean": 182.84400580450892,
    "rsd_pct": 0.40359257625401285,
    "micro": true
  },
  "setivar": {
    "mean": 52.7443148704663,
    "rsd_pct": 0.7406560976914096,
    "micro": true
  }
}