{
  "activerecord": {
    "mean": 101.28153817063274,
    "rsd_pct": 0.7912057747304624,
    "micro": false
  },
  "hexapdf": {
    "mean": 2226.825385175956,
    "rsd_pct": 1.9820345509104895,
    "micro": false
  },
  "liquid-render": {
    "mean": 117.78592687691204,
    "rsd_pct": 1.260512054268974,
    "micro": false
  },
  "mail": {
    "mean": 144.07586247623368,
    "rsd_pct": 0.16984533977185906,
    "micro": false
  },
  "psych-load": {
    "mean": 1794.3886366672814,
    "rsd_pct": 0.029755819274332754,
    "micro": false
  },
  "railsbench": {
    "mean": 2018.531846255064,
    "rsd_pct": 1.4465044417295194,
    "micro": false
  },
  "ruby-lsp": {
    "mean": 69.92992528048293,
    "rsd_pct": 17.908892427699705,
    "micro": false
  },
  "binarytrees": {
    "mean": 235.77665719979754,
    "rsd_pct": 0.18818501103147953,
    "micro": false
  },
  "chunky_png": {
    "mean": 621.6656890901504,
    "rsd_pct": 0.04747869493145256,
    "micro": false
  },
  "erubi": {
    "mean": 293.85038235683595,
    "rsd_pct": 0.8701721794634865,
    "micro": false
  },
  "erubi_rails": {
    "mean": 18.346613700456697,
    "rsd_pct": 3.909550098173919,
    "micro": false
  },
  "etanni": {
    "mean": 474.9071396183267,
    "rsd_pct": 0.4781989622045883,
    "micro": false
  },
  "fannkuchredux": {
    "mean": 944.4800049643077,
    "rsd_pct": 0.12676124467640962,
    "micro": false
  },
  "lee": {
    "mean": 914.5238100529903,
    "rsd_pct": 0.03814500076107719,
    "micro": false
  },
  "nbody": {
    "mean": 74.75564438608234,
    "rsd_pct": 0.036494421118629945,
    "micro": false
  },
  "optcarrot": {
    "mean": 2612.109753505016,
    "rsd_pct": 0.42305989609631867,
    "micro": false
  },
  "rubykon": {
    "mean": 6612.135895915951,
    "rsd_pct": 0.3605644224044158,
    "micro": false
  },
  "setivar_object": {
    "mean": 45.869752071829964,
    "rsd_pct": 0.04845552708844512,
    "micro": false
  },
  "30k_ifelse": {
    "mean": 395.90912371664785,
    "rsd_pct": 0.20571489378362823,
    "micro": true
  },
  "30k_methods": {
    "mean": 945.6769501003215,
    "rsd_pct": 0.044665089362143556,
    "micro": true
  },
  "cfunc_itself": {
    "mean": 40.412513247566416,
    "rsd_pct": 0.488050210171309,
    "micro": true
  },
  "fib": {
    "mean": 61.72151281889984,
    "rsd_pct": 0.04892568573546168,
    "micro": true
  },
  "getivar": {
    "mean": 45.63089841982102,
    "rsd_pct": 0.05752059375744818,
    "micro": true
  },
  "keyword_args": {
    "mean": 52.21966529618307,
    "rsd_pct": 0.08875719259024356,
    "micro": true
  },
  "respond_to": {
    "mean": 28.227038603620112,
    "rsd_pct": 0.4537595587314754,
    "micro": true
  },
  "setivar": {
    "mean": 14.710246997214306,
    "rsd_pct": 0.09356107511916835,
    "micro": true
  },
  "str_concat": {
    "mean": 45.442676204716626,
    "rsd_pct": 1.7020156071199335,
    "micro": true
  }
}