{
  "activerecord": {
    "mean": 103.5003423166927,
    "rsd_pct": 0.6479512225645433,
    "micro": false
  },
  "hexapdf": {
    "mean": 2407.7157552043595,
    "rsd_pct": 2.1502853411331797,
    "micro": false
  },
  "liquid-render": {
    "mean": 126.21102059403292,
    "rsd_pct": 1.9859732836422161,
    "micro": false
  },
  "mail": {
    "mean": 159.61992420676737,
    "rsd_pct": 0.3613840436882885,
    "micro": false
  },
  "psych-load": {
    "mean": 1898.1848059842985,
    "rsd_pct": 0.16914025026485077,
    "micro": false
  },
  "railsbench": {
    "mean": 2109.3779668211937,
    "rsd_pct": 1.2206493342406375,
    "micro": false
  },
  "binarytrees": {
    "mean": 359.8078451755028,
    "rsd_pct": 1.5145165620645973,
    "micro": false
  },
  "chunky_png": {
    "mean": 659.2863190919161,
    "rsd_pct": 0.10514884450745624,
    "micro": false
  },
  "discourse": {
    "mean": 511.01416104326125,
    "rsd_pct": 16.174158551695804,
    "micro": false
  },
  "erubi": {
    "mean": 423.98526057924914,
    "rsd_pct": 0.7882536469775511,
    "micro": false
  },
  "erubi_rails": {
    "mean": 20.242353137766962,
    "rsd_pct": 3.672781229566924,
    "micro": false
  },
  "fannkuchredux": {
    "mean": 6968.680241579811,
    "rsd_pct": 0.15530562235763373,
    "micro": false
  },
  "lee": {
    "mean": 894.6693380851121,
    "rsd_pct": 1.2769159960560772,
    "micro": false
  },
  "nbody": {
    "mean": 88.04154259914702,
    "rsd_pct": 0.4996344533844633,
    "micro": false
  },
  "optcarrot": {
    "mean": 3495.888594289621,
    "rsd_pct": 0.5838661315183937,
    "micro": false
  },
  "rubykon": {
    "mean": 7941.146012023091,
    "rsd_pct": 0.5939443284164622,
    "micro": false
  },
  "30k_ifelse": {
    "mean": 353.90190346674484,
    "rsd_pct": 0.183700943843184,
    "micro": true
  },
  "30k_methods": {
    "mean": 893.8381552526897,
    "rsd_pct": 0.06255930522727954,
    "micro": true
  },
  "cfunc_itself": {
    "mean": 45.13319642713996,
    "rsd_pct": 0.9563370915359847,
    "micro": true
  },
  "fib": {
    "mean": 62.577876218574175,
    "rsd_pct": 0.6290318103316215,
    "micro": true
  },
  "getivar": {
    "mean": 42.609172566008816,
    "rsd_pct": 0.7217999592584629,
    "micro": true
  },
  "keyword_args": {
    "mean": 52.73686177417557,
    "rsd_pct": 0.6681868708627101,
    "micro": true
  },
  "respond_to": {
    "mean": 189.908007738515,
    "rsd_pct": 0.29388001957865456,
    "micro": true
  },
  "setivar": {
    "mean": 54.198213896574224,
    "rsd_pct": 0.6628242378686549,
    "micro": true
  },
  "str_concat": {
    "mean": 109.4203099721309,
    "rsd_pct": 1.5246818779345066,
    "micro": true
  }
}