{
  "activerecord": {
    "mean": 331.9987918013813,
    "rsd_pct": 0.2055473512335623,
    "micro": false
  },
  "hexapdf": {
    "mean": 6849.397144156198,
    "rsd_pct": 1.063109763802265,
    "micro": false
  },
  "liquid-render": {
    "mean": 441.30130418283767,
    "rsd_pct": 1.129192913257685,
    "micro": false
  },
  "mail": {
    "mean": 427.519471841871,
    "rsd_pct": 0.53098348542198,
    "micro": false
  },
  "psych-load": {
    "mean": 5379.069263037915,
    "rsd_pct": 0.020287887470832686,
    "micro": false
  },
  "railsbench": {
    "mean": 6194.685454247519,
    "rsd_pct": 0.6337417112545098,
    "micro": false
  },
  "ruby-lsp": {
    "mean": 210.51310204954595,
    "rsd_pct": 10.636944244407925,
    "micro": false
  },
  "binarytrees": {
    "mean": 524.605772940309,
    "rsd_pct": 0.1750291648751511,
    "micro": false
  },
  "chunky_png": {
    "mean": 1552.0690073317382,
    "rsd_pct": 0.07070923404920147,
    "micro": false
  },
  "erubi": {
    "mean": 744.5730036934433,
    "rsd_pct": 1.7698072700804939,
    "micro": false
  },
  "erubi_rails": {
    "mean": 50.242082345515605,
    "rsd_pct": 2.619051707486056,
    "micro": false
  },
  "etanni": {
    "mean": 1186.9184978505862,
    "rsd_pct": 0.5191453008745212,
    "micro": false
  },
  "fannkuchredux": {
    "mean": 2318.059825881695,
    "rsd_pct": 0.15042615640676224,
    "micro": false
  },
  "lee": {
    "mean": 2275.2165294210004,
    "rsd_pct": 1.6984031208529253,
    "micro": false
  },
  "nbody": {
    "mean": 179.9174670405962,
    "rsd_pct": 0.07988135430961531,
    "micro": false
  },
  "optcarrot": {
    "mean": 10631.054401087264,
    "rsd_pct": 0.3856169363971647,
    "micro": false
  },
  "rubykon": {
    "mean": 21095.103692806635,
    "rsd_pct": 0.9252846843180113,
    "micro": false
  },
  "30k_ifelse": {
    "mean": 1913.8597206079535,
    "rsd_pct": 0.027264538418441137,
    "micro": true
  },
  "30k_methods": {
    "mean": 3945.3937290702015,
    "rsd_pct": 0.06952921421470279,
    "micro": true
  },
  "cfunc_itself": {
    "mean": 103.15426055185786,
    "rsd_pct": 0.03889738225035642,
    "micro": true
  },
  "fib": {
    "mean": 181.47654206967636,
    "rsd_pct": 0.00663717947829545,
    "micro": true
  },
  "getivar": {
    "mean": 107.46639710155198,
    "rsd_pct": 0.006670472367430623,
    "micro": true
  },
  "keyword_args": {
    "mean": 150.80426125750725,
    "rsd_pct": 0.013072531219357777,
    "micro": true
  },
  "respond_to": {
    "mean": 99.53608068736428,
    "rsd_pct": 0.5569357104931234,
    "micro": true
  },
  "setivar": {
    "mean": 50.039473400273195,
    "rsd_pct": 0.014940414954347229,
    "micro": true
  },
  "str_concat": {
    "mean": 107.57560518680803,
    "rsd_pct": 1.1345096716449565,
    "micro": true
  }
}