{
  "activerecord": {
    "mean": 114.24522302450096,
    "rsd_pct": 1.6849051860825193
  },
  "jekyll": {
    "mean": 7467.739967815578,
    "rsd_pct": 1.8822339493851938
  },
  "liquid-render": {
    "mean": 146.40394134784307,
    "rsd_pct": 2.4702089537733243
  },
  "mail": {
    "mean": 143.49148304800886,
    "rsd_pct": 1.829504389222344
  },
  "psych-load": {
    "mean": 1695.8721163216978,
    "rsd_pct": 0.4825168608787925
  },
  "railsbench": {
    "mean": 2538.046356337145,
    "rsd_pct": 1.3630808037049715
  },
  "binarytrees": {
    "mean": 301.7815538077501,
    "rsd_pct": 0.4948663045927086
  },
  "fannkuchredux": {
    "mean": 5399.67138916254,
    "rsd_pct": 0.5080942019377965
  },
  "lee": {
    "mean": 800.2946756314486,
    "rsd_pct": 1.6074599109875352
  },
  "nbody": {
    "mean": 72.95855903330276,
    "rsd_pct": 0.06903362218341902
  },
  "optcarrot": {
    "mean": 3115.6289661303163,
    "rsd_pct": 0.15781951086205456
  },
  "30k_ifelse": {
    "mean": 317.51139368861914,
    "rsd_pct": 0.17590311943642717
  },
  "30k_methods": {
    "mean": 765.1418579523178,
    "rsd_pct": 0.023250006460375346
  },
  "cfunc_itself": {
    "mean": 41.62494709810159,
    "rsd_pct": 0.34370363261845804
  },
  "fib": {
    "mean": 52.028012447059155,
    "rsd_pct": 0.03185009442443264
  },
  "getivar": {
    "mean": 36.278195703881934,
    "rsd_pct": 0.07322182228622018
  },
  "respond_to": {
    "mean": 171.02260574594968,
    "rsd_pct": 0.4726863698479727
  },
  "setivar": {
    "mean": 41.25588264197428,
    "rsd_pct": 0.16040024071648964
  }
}