{
  "activerecord": {
    "mean": 109.14099150661217,
    "rsd_pct": 0.491032715050604,
    "micro": false
  },
  "hexapdf": {
    "mean": 2370.3499886517725,
    "rsd_pct": 1.9697289787738808,
    "micro": false
  },
  "liquid-render": {
    "mean": 126.78588576211482,
    "rsd_pct": 1.894367689675991,
    "micro": false
  },
  "mail": {
    "mean": 161.88654461570206,
    "rsd_pct": 0.35389710099983857,
    "micro": false
  },
  "psych-load": {
    "mean": 1936.5293841809034,
    "rsd_pct": 0.02590293547219667,
    "micro": false
  },
  "railsbench": {
    "mean": 2174.669543777903,
    "rsd_pct": 1.3167623119378138,
    "micro": false
  },
  "binarytrees": {
    "mean": 355.2341480355929,
    "rsd_pct": 0.1808054000246214,
    "micro": false
  },
  "chunky_png": {
    "mean": 655.3814985168477,
    "rsd_pct": 0.11088150491209627,
    "micro": false
  },
  "discourse": {
    "mean": 734.881298802793,
    "rsd_pct": 19.503365520533166,
    "micro": false
  },
  "erubi": {
    "mean": 415.55568028954747,
    "rsd_pct": 0.7449177708791819,
    "micro": false
  },
  "erubi_rails": {
    "mean": 20.52407301943693,
    "rsd_pct": 3.3503126809185133,
    "micro": false
  },
  "fannkuchredux": {
    "mean": 7508.679663017392,
    "rsd_pct": 0.46267882319654585,
    "micro": false
  },
  "lee": {
    "mean": 897.4425181831149,
    "rsd_pct": 1.7241947041001917,
    "micro": false
  },
  "nbody": {
    "mean": 85.9820529990268,
    "rsd_pct": 0.44770582714120205,
    "micro": false
  },
  "optcarrot": {
    "mean": 3566.2235364317894,
    "rsd_pct": 0.5816605773356995,
    "micro": false
  },
  "rubykon": {
    "mean": 6587.719862287243,
    "rsd_pct": 0.25505733477179887,
    "micro": false
  },
  "30k_ifelse": {
    "mean": 359.20221274028773,
    "rsd_pct": 0.16530653816187305,
    "micro": true
  },
  "30k_methods": {
    "mean": 877.3250201378356,
    "rsd_pct": 0.0608184668142805,
    "micro": true
  },
  "cfunc_itself": {
    "mean": 45.518027268500134,
    "rsd_pct": 0.995675423527517,
    "micro": true
  },
  "fib": {
    "mean": 62.493461041594855,
    "rsd_pct": 0.5721848009974208,
    "micro": true
  },
  "getivar": {
    "mean": 42.55853758363095,
    "rsd_pct": 0.6828269635023279,
    "micro": true
  },
  "keyword_args": {
    "mean": 52.97352695128038,
    "rsd_pct": 0.6593957678121263,
    "micro": true
  },
  "respond_to": {
    "mean": 194.98035088911945,
    "rsd_pct": 0.25962798384052155,
    "micro": true
  },
  "setivar": {
    "mean": 52.55696223534867,
    "rsd_pct": 0.6109012408125148,
    "micro": true
  }
}