{
  "activerecord": {
    "mean": 329.0811991184086,
    "rsd_pct": 0.23815999624845888,
    "micro": false
  },
  "hexapdf": {
    "mean": 7812.9388539120555,
    "rsd_pct": 1.0273182341552918,
    "micro": false
  },
  "liquid-render": {
    "mean": 449.11970223024997,
    "rsd_pct": 1.4207179352882267,
    "micro": false
  },
  "mail": {
    "mean": 575.4384856010156,
    "rsd_pct": 0.6635965043269725,
    "micro": false
  },
  "psych-load": {
    "mean": 6586.066655690472,
    "rsd_pct": 0.09154071495564284,
    "micro": false
  },
  "railsbench": {
    "mean": 6586.186393598716,
    "rsd_pct": 0.563913043123625,
    "micro": false
  },
  "binarytrees": {
    "mean": 574.7820428436304,
    "rsd_pct": 3.4351546659924788,
    "micro": false
  },
  "chunky_png": {
    "mean": 1644.7964457554683,
    "rsd_pct": 0.05478712991014137,
    "micro": false
  },
  "erubi": {
    "mean": 785.2855619710328,
    "rsd_pct": 0.9571659181683081,
    "micro": false
  },
  "erubi_rails": {
    "mean": 52.84053168033023,
    "rsd_pct": 2.2252978529792657,
    "micro": false
  },
  "etanni": {
    "mean": 1224.4024975668817,
    "rsd_pct": 0.5377120571517812,
    "micro": false
  },
  "fannkuchredux": {
    "mean": 5895.652346561353,
    "rsd_pct": 0.17224928761082908,
    "micro": false
  },
  "lee": {
    "mean": 2472.725000720294,
    "rsd_pct": 1.5746948537528616,
    "micro": false
  },
  "nbody": {
    "mean": 226.35015765263233,
    "rsd_pct": 0.20654081568877578,
    "micro": false
  },
  "optcarrot": {
    "mean": 15387.251279937724,
    "rsd_pct": 0.4153176188059231,
    "micro": false
  },
  "ruby-lsp": {
    "mean": 227.88765651240135,
    "rsd_pct": 10.123108310679164,
    "micro": false
  },
  "rubykon": {
    "mean": 24576.352504516643,
    "rsd_pct": 0.2777505049677609,
    "micro": false
  },
  "30k_ifelse": {
    "mean": 2361.978174429387,
    "rsd_pct": 0.05062757280477275,
    "micro": true
  },
  "30k_methods": {
    "mean": 5202.511765807867,
    "rsd_pct": 0.060634366065137495,
    "micro": true
  },
  "cfunc_itself": {
    "mean": 121.50475918267146,
    "rsd_pct": 0.01873717273154579,
    "micro": true
  },
  "fib": {
    "mean": 225.59860914637065,
    "rsd_pct": 0.0034336383135070837,
    "micro": true
  },
  "getivar": {
    "mean": 118.35037404126041,
    "rsd_pct": 0.008111362262114086,
    "micro": true
  },
  "keyword_args": {
    "mean": 156.9014798970772,
    "rsd_pct": 0.01639192919590337,
    "micro": true
  },
  "respond_to": {
    "mean": 114.29163612651102,
    "rsd_pct": 1.8028908138333877,
    "micro": true
  },
  "setivar": {
    "mean": 112.69057161195617,
    "rsd_pct": 0.005232609188752152,
    "micro": true
  },
  "str_concat": {
    "mean": 118.17501428400635,
    "rsd_pct": 1.0118995505547583,
    "micro": true
  }
}