{
  "activerecord": {
    "mean": 329.67429595294766,
    "rsd_pct": 0.11617592197435601,
    "micro": false
  },
  "hexapdf": {
    "mean": 6423.978015780449,
    "rsd_pct": 1.20435355147275,
    "micro": false
  },
  "liquid-c": {
    "mean": 191.48922408170975,
    "rsd_pct": 1.8394544913552096,
    "micro": false
  },
  "liquid-render": {
    "mean": 374.2511394019756,
    "rsd_pct": 2.1365256882751735,
    "micro": false
  },
  "mail": {
    "mean": 379.9867497046331,
    "rsd_pct": 0.19567525994586832,
    "micro": false
  },
  "psych-load": {
    "mean": 5266.520220662157,
    "rsd_pct": 0.07278223524337761,
    "micro": false
  },
  "railsbench": {
    "mean": 5624.984747668107,
    "rsd_pct": 0.6972387629453555,
    "micro": false
  },
  "ruby-lsp": {
    "mean": 189.03614683377165,
    "rsd_pct": 10.858501780699784,
    "micro": false
  },
  "sequel": {
    "mean": 387.09286054958113,
    "rsd_pct": 1.9433540665249975,
    "micro": false
  },
  "binarytrees": {
    "mean": 526.6778835106686,
    "rsd_pct": 0.7306800230059576,
    "micro": false
  },
  "chunky_png": {
    "mean": 1550.5667044199072,
    "rsd_pct": 0.1796115833361233,
    "micro": false
  },
  "erubi": {
    "mean": 562.2382464382467,
    "rsd_pct": 1.0004065195973735,
    "micro": false
  },
  "erubi_rails": {
    "mean": 46.63931244320501,
    "rsd_pct": 2.4772319062881016,
    "micro": false
  },
  "etanni": {
    "mean": 898.0234216670601,
    "rsd_pct": 0.4298004287982068,
    "micro": false
  },
  "fannkuchredux": {
    "mean": 2053.527310490608,
    "rsd_pct": 0.1327496043682172,
    "micro": false
  },
  "lee": {
    "mean": 2290.8101185986943,
    "rsd_pct": 0.1692338049012647,
    "micro": false
  },
  "nbody": {
    "mean": 177.10890528479857,
    "rsd_pct": 0.0592354595027202,
    "micro": false
  },
  "optcarrot": {
    "mean": 10137.77767928938,
    "rsd_pct": 0.643229259760491,
    "micro": false
  },
  "rubykon": {
    "mean": 20490.2541877081,
    "rsd_pct": 0.3902425371209241,
    "micro": false
  },
  "30k_ifelse": {
    "mean": 1932.7090925913542,
    "rsd_pct": 0.028189761031855123,
    "micro": true
  },
  "30k_methods": {
    "mean": 3881.7099031992257,
    "rsd_pct": 0.0632776926040588,
    "micro": true
  },
  "cfunc_itself": {
    "mean": 103.43901708579139,
    "rsd_pct": 0.009401347419087262,
    "micro": true
  },
  "fib": {
    "mean": 191.09838985785933,
    "rsd_pct": 0.0070411898681556765,
    "micro": true
  },
  "getivar": {
    "mean": 107.46985737131823,
    "rsd_pct": 0.00788476570534264,
    "micro": true
  },
  "keyword_args": {
    "mean": 195.63466010708606,
    "rsd_pct": 0.006379029197335911,
    "micro": true
  },
  "respond_to": {
    "mean": 99.79416770936801,
    "rsd_pct": 0.798452177691416,
    "micro": true
  },
  "setivar": {
    "mean": 50.03961105952504,
    "rsd_pct": 0.013068151854566274,
    "micro": true
  },
  "setivar_object": {
    "mean": 127.51495211279757,
    "rsd_pct": 0.9344079886727813,
    "micro": true
  },
  "str_concat": {
    "mean": 106.4761967822228,
    "rsd_pct": 0.6903139772613957,
    "micro": true
  }
}