{
  "activerecord": {
    "mean": 112.17999082959682,
    "rsd_pct": 1.87074073921824
  },
  "jekyll": {
    "mean": 7650.150997401215,
    "rsd_pct": 2.3658785181409763
  },
  "liquid-render": {
    "mean": 150.30668548405953,
    "rsd_pct": 1.788361384952597
  },
  "psych-load": {
    "mean": 1796.0101484088227,
    "rsd_pct": 0.5393009116371
  },
  "railsbench": {
    "mean": 2774.169336806517,
    "rsd_pct": 1.2589261542976538
  },
  "binarytrees": {
    "mean": 299.0858706425091,
    "rsd_pct": 1.2323693699115266
  },
  "fannkuchredux": {
    "mean": 5505.441124492791,
    "rsd_pct": 0.058271990468912294
  },
  "lee": {
    "mean": 806.1652024509385,
    "rsd_pct": 1.6946982932231858
  },
  "nbody": {
    "mean": 117.7633651823271,
    "rsd_pct": 0.6462945865965836
  },
  "optcarrot": {
    "mean": 3120.612393412739,
    "rsd_pct": 0.31463632981414114
  },
  "30k_ifelse": {
    "mean": 337.83874501312647,
    "rsd_pct": 0.16016773355978725
  },
  "30k_methods": {
    "mean": 723.5409756928372,
    "rsd_pct": 0.021534689234989204
  },
  "cfunc_itself": {
    "mean": 41.09859695990982,
    "rsd_pct": 0.31334678022451384
  },
  "fib": {
    "mean": 58.312602349565374,
    "rsd_pct": 0.05950933157950065
  },
  "getivar": {
    "mean": 36.27274169147395,
    "rsd_pct": 0.052484820024691334
  },
  "respond_to": {
    "mean": 159.13879144876586,
    "rsd_pct": 0.5530766966708595
  },
  "setivar": {
    "mean": 41.77803664164493,
    "rsd_pct": 0.2898364457967018
  }
}