{
  "activerecord": {
    "mean": 109.57213241648114,
    "rsd_pct": 0.5866855207134192,
    "micro": false
  },
  "hexapdf": {
    "mean": 2429.348641137282,
    "rsd_pct": 2.5158493835166484,
    "micro": false
  },
  "liquid-render": {
    "mean": 129.7403709179941,
    "rsd_pct": 1.8794271878350726,
    "micro": false
  },
  "mail": {
    "mean": 161.6686834552424,
    "rsd_pct": 0.33922039684498195,
    "micro": false
  },
  "psych-load": {
    "mean": 2017.9618577783306,
    "rsd_pct": 0.035796451816525125,
    "micro": false
  },
  "railsbench": {
    "mean": 2176.9024101396403,
    "rsd_pct": 1.7528268855821847,
    "micro": false
  },
  "binarytrees": {
    "mean": 364.54200962955343,
    "rsd_pct": 1.4476142623274035,
    "micro": false
  },
  "chunky_png": {
    "mean": 666.9926069055995,
    "rsd_pct": 0.27983919398304546,
    "micro": false
  },
  "discourse": {
    "mean": 498.7868264486844,
    "rsd_pct": 6.442375593041735,
    "micro": false
  },
  "erubi": {
    "mean": 419.5574457816621,
    "rsd_pct": 0.8555692418092525,
    "micro": false
  },
  "erubi_rails": {
    "mean": 20.501937652708556,
    "rsd_pct": 3.6246644206907375,
    "micro": false
  },
  "fannkuchredux": {
    "mean": 7102.42736171931,
    "rsd_pct": 0.058401957186527104,
    "micro": false
  },
  "lee": {
    "mean": 902.1456334739923,
    "rsd_pct": 1.2540744223429818,
    "micro": false
  },
  "nbody": {
    "mean": 89.40377521471386,
    "rsd_pct": 0.4349402793247402,
    "micro": false
  },
  "optcarrot": {
    "mean": 3449.9367685988545,
    "rsd_pct": 0.588792388390863,
    "micro": false
  },
  "rubykon": {
    "mean": 7903.065647495289,
    "rsd_pct": 0.5896889739109777,
    "micro": false
  },
  "30k_ifelse": {
    "mean": 358.9528536424041,
    "rsd_pct": 0.16671620131637122,
    "micro": true
  },
  "30k_methods": {
    "mean": 882.3694743304735,
    "rsd_pct": 0.05718058887462299,
    "micro": true
  },
  "cfunc_itself": {
    "mean": 44.14751477177942,
    "rsd_pct": 0.8445714589914176,
    "micro": true
  },
  "fib": {
    "mean": 62.48370695532209,
    "rsd_pct": 0.5792953479641753,
    "micro": true
  },
  "getivar": {
    "mean": 52.60152520942002,
    "rsd_pct": 15.238565905720142,
    "micro": true
  },
  "keyword_args": {
    "mean": 52.774057388305664,
    "rsd_pct": 0.7386625295961087,
    "micro": true
  },
  "respond_to": {
    "mean": 188.58561675565747,
    "rsd_pct": 0.2609641566079408,
    "micro": true
  },
  "setivar": {
    "mean": 49.780172942706706,
    "rsd_pct": 0.6656671027097383,
    "micro": true
  }
}