{
  "activerecord": {
    "mean": 103.32451067557655,
    "rsd_pct": 0.6327734290320857,
    "micro": false
  },
  "hexapdf": {
    "mean": 2335.833907375733,
    "rsd_pct": 3.238711186252408,
    "micro": false
  },
  "liquid-render": {
    "mean": 127.92190692282671,
    "rsd_pct": 1.7037389073057205,
    "micro": false
  },
  "mail": {
    "mean": 155.35935700878383,
    "rsd_pct": 0.1864323037446616,
    "micro": false
  },
  "psych-load": {
    "mean": 1908.7798648824294,
    "rsd_pct": 0.01919213532206235,
    "micro": false
  },
  "railsbench": {
    "mean": 2070.589050153891,
    "rsd_pct": 0.9223399829787061,
    "micro": false
  },
  "binarytrees": {
    "mean": 363.65286257932894,
    "rsd_pct": 0.05917297466985628,
    "micro": false
  },
  "chunky_png": {
    "mean": 629.5269810023808,
    "rsd_pct": 0.050769545839152296,
    "micro": false
  },
  "erubi": {
    "mean": 319.8248573969449,
    "rsd_pct": 0.6988016305917597,
    "micro": false
  },
  "erubi_rails": {
    "mean": 19.07293644035235,
    "rsd_pct": 3.7033299316352664,
    "micro": false
  },
  "fannkuchredux": {
    "mean": 6965.70501724879,
    "rsd_pct": 0.11979392852748662,
    "micro": false
  },
  "lee": {
    "mean": 950.4715283179567,
    "rsd_pct": 0.39846393123434337,
    "micro": false
  },
  "nbody": {
    "mean": 93.80180179587498,
    "rsd_pct": 0.16612542127673713,
    "micro": false
  },
  "optcarrot": {
    "mean": 3435.0796276082597,
    "rsd_pct": 0.5959114393545233,
    "micro": false
  },
  "rubykon": {
    "mean": 6792.94696636498,
    "rsd_pct": 1.2537521408241725,
    "micro": false
  },
  "30k_ifelse": {
    "mean": 354.1511568494818,
    "rsd_pct": 0.0923721421941028,
    "micro": true
  },
  "30k_methods": {
    "mean": 874.6199336918918,
    "rsd_pct": 0.02014263051455695,
    "micro": true
  },
  "cfunc_itself": {
    "mean": 46.44217361242343,
    "rsd_pct": 0.6018703690857086,
    "micro": true
  },
  "fib": {
    "mean": 63.503409884158216,
    "rsd_pct": 0.05460511586361561,
    "micro": true
  },
  "getivar": {
    "mean": 44.227096082950574,
    "rsd_pct": 0.09818712651866426,
    "micro": true
  },
  "keyword_args": {
    "mean": 52.748663124866724,
    "rsd_pct": 0.3230821637249697,
    "micro": true
  },
  "respond_to": {
    "mean": 199.88119510011842,
    "rsd_pct": 0.13692215413688896,
    "micro": true
  },
  "setivar": {
    "mean": 42.800255145155944,
    "rsd_pct": 0.22766505563614933,
    "micro": true
  },
  "str_concat": {
    "mean": 45.50734421031343,
    "rsd_pct": 1.474867880451462,
    "micro": true
  }
}