{
  "activerecord": {
    "mean": 92.03667112486872,
    "rsd_pct": 0.7009332619153487,
    "micro": false
  },
  "hexapdf": {
    "mean": 2133.768728049472,
    "rsd_pct": 1.2608225983896915,
    "micro": false
  },
  "liquid-render": {
    "mean": 114.36460612357818,
    "rsd_pct": 1.4158158893124428,
    "micro": false
  },
  "mail": {
    "mean": 142.0021657295954,
    "rsd_pct": 0.10360173880513508,
    "micro": false
  },
  "psych-load": {
    "mean": 1796.1372307346512,
    "rsd_pct": 0.049676123806758926,
    "micro": false
  },
  "railsbench": {
    "mean": 1961.624493310228,
    "rsd_pct": 1.0517195259759442,
    "micro": false
  },
  "ruby-lsp": {
    "mean": 70.642675596183,
    "rsd_pct": 20.37473687739233,
    "micro": false
  },
  "binarytrees": {
    "mean": 230.35223900618823,
    "rsd_pct": 0.06407847417556903,
    "micro": false
  },
  "chunky_png": {
    "mean": 629.0845554249245,
    "rsd_pct": 0.06420354057639364,
    "micro": false
  },
  "erubi": {
    "mean": 284.7592791414185,
    "rsd_pct": 0.8381180562130714,
    "micro": false
  },
  "erubi_rails": {
    "mean": 17.361061363911702,
    "rsd_pct": 4.323425123079208,
    "micro": false
  },
  "etanni": {
    "mean": 462.752382858612,
    "rsd_pct": 0.5666092162577689,
    "micro": false
  },
  "fannkuchredux": {
    "mean": 931.4589474372389,
    "rsd_pct": 0.1276852955331087,
    "micro": false
  },
  "lee": {
    "mean": 896.2831402064434,
    "rsd_pct": 0.057842066567740096,
    "micro": false
  },
  "nbody": {
    "mean": 74.08872591928179,
    "rsd_pct": 0.03408396484934619,
    "micro": false
  },
  "optcarrot": {
    "mean": 2875.9988748623678,
    "rsd_pct": 0.37163045863987026,
    "micro": false
  },
  "rubykon": {
    "mean": 6808.660109713674,
    "rsd_pct": 0.37293498782416495,
    "micro": false
  },
  "30k_ifelse": {
    "mean": 397.9634305369109,
    "rsd_pct": 0.1469755980576633,
    "micro": true
  },
  "30k_methods": {
    "mean": 955.266242637299,
    "rsd_pct": 0.03083318962665511,
    "micro": true
  },
  "cfunc_itself": {
    "mean": 40.70491006752461,
    "rsd_pct": 0.36932220210756234,
    "micro": true
  },
  "fib": {
    "mean": 62.8466272914091,
    "rsd_pct": 0.055176103737703854,
    "micro": true
  },
  "getivar": {
    "mean": 45.76613878032381,
    "rsd_pct": 0.20343309874233179,
    "micro": true
  },
  "keyword_args": {
    "mean": 52.040678461101685,
    "rsd_pct": 0.05999041041030133,
    "micro": true
  },
  "respond_to": {
    "mean": 28.840369203087086,
    "rsd_pct": 0.3636548016266921,
    "micro": true
  },
  "setivar": {
    "mean": 14.70341896004838,
    "rsd_pct": 0.09369855051914831,
    "micro": true
  },
  "setivar_object": {
    "mean": 54.50503827625891,
    "rsd_pct": 22.352335658408993,
    "micro": true
  },
  "str_concat": {
    "mean": 43.24475300988477,
    "rsd_pct": 1.7657906703260708,
    "micro": true
  }
}