{
  "activerecord": {
    "mean": 362.10376052741907,
    "rsd_pct": 0.23220662707101916,
    "micro": false
  },
  "hexapdf": {
    "mean": 7611.493354849517,
    "rsd_pct": 1.0138690516786442,
    "micro": false
  },
  "liquid-render": {
    "mean": 440.5084723198598,
    "rsd_pct": 1.4476325398626675,
    "micro": false
  },
  "mail": {
    "mean": 489.15156476038294,
    "rsd_pct": 0.5796023450592122,
    "micro": false
  },
  "psych-load": {
    "mean": 6518.636208648483,
    "rsd_pct": 0.029183668418168277,
    "micro": false
  },
  "railsbench": {
    "mean": 7099.853505070011,
    "rsd_pct": 0.8576659659809127,
    "micro": false
  },
  "binarytrees": {
    "mean": 541.5442704201438,
    "rsd_pct": 3.760504763972136,
    "micro": false
  },
  "chunky_png": {
    "mean": 1592.236699924494,
    "rsd_pct": 0.05386944043599252,
    "micro": false
  },
  "erubi": {
    "mean": 769.4957610984236,
    "rsd_pct": 1.2860524210606974,
    "micro": false
  },
  "erubi_rails": {
    "mean": 58.456323859526925,
    "rsd_pct": 2.406917478823687,
    "micro": false
  },
  "etanni": {
    "mean": 1224.1606381832667,
    "rsd_pct": 0.6845849901027325,
    "micro": false
  },
  "fannkuchredux": {
    "mean": 5801.5867981128395,
    "rsd_pct": 0.17748573231732095,
    "micro": false
  },
  "lee": {
    "mean": 2485.8170600741037,
    "rsd_pct": 0.06885548987800015,
    "micro": false
  },
  "nbody": {
    "mean": 188.15578736334305,
    "rsd_pct": 0.10104739047408769,
    "micro": false
  },
  "optcarrot": {
    "mean": 11418.129210639745,
    "rsd_pct": 0.5134000805417919,
    "micro": false
  },
  "rubykon": {
    "mean": 24051.1544813402,
    "rsd_pct": 0.4101074453014026,
    "micro": false
  },
  "30k_ifelse": {
    "mean": 2596.214807891686,
    "rsd_pct": 0.7587548701333573,
    "micro": true
  },
  "30k_methods": {
    "mean": 6064.108669951868,
    "rsd_pct": 0.04101891799565249,
    "micro": true
  },
  "cfunc_itself": {
    "mean": 106.2129778409621,
    "rsd_pct": 0.060906215733726454,
    "micro": true
  },
  "fib": {
    "mean": 199.59596215541606,
    "rsd_pct": 0.33921649488440736,
    "micro": true
  },
  "getivar": {
    "mean": 97.90766134993676,
    "rsd_pct": 0.012470375916201345,
    "micro": true
  },
  "keyword_args": {
    "mean": 158.63566993199208,
    "rsd_pct": 0.03759178217435991,
    "micro": true
  },
  "respond_to": {
    "mean": 98.4273340732546,
    "rsd_pct": 0.5281576173610606,
    "micro": true
  },
  "setivar": {
    "mean": 113.15844042384822,
    "rsd_pct": 0.021250015830304215,
    "micro": true
  },
  "str_concat": {
    "mean": 111.93493390613693,
    "rsd_pct": 0.8049741744806899,
    "micro": true
  }
}