{
  "activerecord": {
    "mean": 94.19268373205763,
    "rsd_pct": 0.58341864110371,
    "micro": false
  },
  "hexapdf": {
    "mean": 2158.26575687776,
    "rsd_pct": 2.0567325451875864,
    "micro": false
  },
  "liquid-render": {
    "mean": 112.36244697485947,
    "rsd_pct": 1.9404098591386272,
    "micro": false
  },
  "mail": {
    "mean": 141.84178908775286,
    "rsd_pct": 0.1564892194122916,
    "micro": false
  },
  "psych-load": {
    "mean": 1848.1278436879318,
    "rsd_pct": 0.061468960702007164,
    "micro": false
  },
  "railsbench": {
    "mean": 2014.63253783683,
    "rsd_pct": 1.003395876962895,
    "micro": false
  },
  "ruby-lsp": {
    "mean": 68.63635607521262,
    "rsd_pct": 15.296190072224391,
    "micro": false
  },
  "binarytrees": {
    "mean": 233.10573643402142,
    "rsd_pct": 0.05451915463949026,
    "micro": false
  },
  "chunky_png": {
    "mean": 614.2093211299542,
    "rsd_pct": 0.04998007034665023,
    "micro": false
  },
  "erubi": {
    "mean": 295.6075965582083,
    "rsd_pct": 1.034981740767914,
    "micro": false
  },
  "erubi_rails": {
    "mean": 17.391878251093893,
    "rsd_pct": 3.6954408161591843,
    "micro": false
  },
  "etanni": {
    "mean": 475.04456707143356,
    "rsd_pct": 0.6186808570720805,
    "micro": false
  },
  "fannkuchredux": {
    "mean": 912.0128472291287,
    "rsd_pct": 0.1624040914656733,
    "micro": false
  },
  "lee": {
    "mean": 911.9254203767262,
    "rsd_pct": 0.22215769141095135,
    "micro": false
  },
  "nbody": {
    "mean": 71.886458183809,
    "rsd_pct": 0.048081467496502,
    "micro": false
  },
  "optcarrot": {
    "mean": 2827.963652306547,
    "rsd_pct": 0.40636245172814645,
    "micro": false
  },
  "rubykon": {
    "mean": 6701.731543118755,
    "rsd_pct": 0.949081613875974,
    "micro": false
  },
  "30k_ifelse": {
    "mean": 393.6358764767647,
    "rsd_pct": 0.13200551676921327,
    "micro": true
  },
  "30k_methods": {
    "mean": 956.4613788155839,
    "rsd_pct": 0.027289570822898995,
    "micro": true
  },
  "cfunc_itself": {
    "mean": 40.35610728265255,
    "rsd_pct": 0.19662551035728418,
    "micro": true
  },
  "fib": {
    "mean": 62.84419990308677,
    "rsd_pct": 0.054684976619217764,
    "micro": true
  },
  "getivar": {
    "mean": 45.809945795957844,
    "rsd_pct": 0.24052016629949394,
    "micro": true
  },
  "keyword_args": {
    "mean": 54.324350996002394,
    "rsd_pct": 0.06134076558837187,
    "micro": true
  },
  "respond_to": {
    "mean": 28.318451140868536,
    "rsd_pct": 0.2696608786541661,
    "micro": true
  },
  "setivar": {
    "mean": 14.70358483459063,
    "rsd_pct": 0.09333749710715515,
    "micro": true
  },
  "setivar_object": {
    "mean": 46.93152688224526,
    "rsd_pct": 1.1806029419596549,
    "micro": true
  },
  "str_concat": {
    "mean": 40.395566488563595,
    "rsd_pct": 1.6958771034143776,
    "micro": true
  }
}