{
  "activerecord": {
    "mean": 105.28483490727129,
    "rsd_pct": 0.5338956875896584,
    "micro": false
  },
  "hexapdf": {
    "mean": 2067.2323391462364,
    "rsd_pct": 2.106856148740958,
    "micro": false
  },
  "liquid-c": {
    "mean": 59.06475271501344,
    "rsd_pct": 2.1358180299198017,
    "micro": false
  },
  "liquid-render": {
    "mean": 109.74198386437543,
    "rsd_pct": 2.5838600178112285,
    "micro": false
  },
  "mail": {
    "mean": 131.29193763751047,
    "rsd_pct": 0.15330461795488978,
    "micro": false
  },
  "psych-load": {
    "mean": 1787.7976298642654,
    "rsd_pct": 0.02710928041359393,
    "micro": false
  },
  "railsbench": {
    "mean": 1835.5224608133237,
    "rsd_pct": 1.1758445610427712,
    "micro": false
  },
  "ruby-lsp": {
    "mean": 63.11049898469392,
    "rsd_pct": 19.91455172451581,
    "micro": false
  },
  "sequel": {
    "mean": 142.82614539424293,
    "rsd_pct": 1.798845919127133,
    "micro": false
  },
  "binarytrees": {
    "mean": 228.7526892642269,
    "rsd_pct": 0.05904430973259852,
    "micro": false
  },
  "chunky_png": {
    "mean": 619.2693247139687,
    "rsd_pct": 0.05850027404488995,
    "micro": false
  },
  "erubi": {
    "mean": 248.1347237819735,
    "rsd_pct": 1.0684682163726074,
    "micro": false
  },
  "erubi_rails": {
    "mean": 15.938772381666828,
    "rsd_pct": 8.593504975409841,
    "micro": false
  },
  "etanni": {
    "mean": 405.5322071689428,
    "rsd_pct": 0.45228328193342704,
    "micro": false
  },
  "fannkuchredux": {
    "mean": 848.6083041998031,
    "rsd_pct": 0.07490717746835213,
    "micro": false
  },
  "lee": {
    "mean": 878.8052855313501,
    "rsd_pct": 0.1638890595669507,
    "micro": false
  },
  "nbody": {
    "mean": 73.06848334936568,
    "rsd_pct": 0.08324608318717786,
    "micro": false
  },
  "optcarrot": {
    "mean": 2628.225814551115,
    "rsd_pct": 0.6346131896252488,
    "micro": false
  },
  "rubykon": {
    "mean": 6702.986022333304,
    "rsd_pct": 0.47696668431611444,
    "micro": false
  },
  "30k_ifelse": {
    "mean": 423.1941016846673,
    "rsd_pct": 0.059390355674448586,
    "micro": true
  },
  "30k_methods": {
    "mean": 959.7658231155947,
    "rsd_pct": 0.042632742755383944,
    "micro": true
  },
  "cfunc_itself": {
    "mean": 42.737430905764725,
    "rsd_pct": 0.20297626362094695,
    "micro": true
  },
  "fib": {
    "mean": 61.92980600110261,
    "rsd_pct": 0.03843774390783283,
    "micro": true
  },
  "getivar": {
    "mean": 45.81864695546442,
    "rsd_pct": 0.20032009406391962,
    "micro": true
  },
  "keyword_args": {
    "mean": 53.00616554512498,
    "rsd_pct": 0.13525779691135248,
    "micro": true
  },
  "respond_to": {
    "mean": 29.19549618889329,
    "rsd_pct": 0.255519775196229,
    "micro": true
  },
  "setivar": {
    "mean": 14.91255471017559,
    "rsd_pct": 0.07621154589501095,
    "micro": true
  },
  "setivar_object": {
    "mean": 47.49930039913622,
    "rsd_pct": 1.1607134847289526,
    "micro": true
  },
  "str_concat": {
    "mean": 39.83885086336547,
    "rsd_pct": 1.5598233624228366,
    "micro": true
  }
}