{
  "activerecord": {
    "mean": 42.30248106033312,
    "rsd_pct": 3.8083081345347933,
    "micro": false
  },
  "erubi_rails": {
    "mean": 15.91535056605167,
    "rsd_pct": 19.313412717372103,
    "micro": false
  },
  "hexapdf": {
    "mean": 2072.200569882989,
    "rsd_pct": 2.066014082277203,
    "micro": false
  },
  "liquid-c": {
    "mean": 60.11983873130298,
    "rsd_pct": 0.6716001442528091,
    "micro": false
  },
  "liquid-compile": {
    "mean": 56.66157315445549,
    "rsd_pct": 1.3998889512440376,
    "micro": false
  },
  "liquid-render": {
    "mean": 104.98870044703717,
    "rsd_pct": 0.47784267889243387,
    "micro": false
  },
  "mail": {
    "mean": 133.85932429903937,
    "rsd_pct": 0.13871624077969494,
    "micro": false
  },
  "psych-load": {
    "mean": 1828.104716166854,
    "rsd_pct": 0.0699681562049917,
    "micro": false
  },
  "railsbench": {
    "mean": 1818.3530364185572,
    "rsd_pct": 1.1372399941340174,
    "micro": false
  },
  "ruby-lsp": {
    "mean": 55.267670126848444,
    "rsd_pct": 7.584752217806647,
    "micro": false
  },
  "sequel": {
    "mean": 69.7055992980798,
    "rsd_pct": 1.1250411206517632,
    "micro": false
  },
  "binarytrees": {
    "mean": 226.20370359668001,
    "rsd_pct": 0.06949161423823794,
    "micro": false
  },
  "chunky_png": {
    "mean": 659.7493814925352,
    "rsd_pct": 0.39222460416816635,
    "micro": false
  },
  "erubi": {
    "mean": 256.30249300350744,
    "rsd_pct": 0.06914733521489333,
    "micro": false
  },
  "etanni": {
    "mean": 412.66108855453075,
    "rsd_pct": 0.05671790551988015,
    "micro": false
  },
  "fannkuchredux": {
    "mean": 763.0691447108984,
    "rsd_pct": 0.04252625166139102,
    "micro": false
  },
  "lee": {
    "mean": 939.4756033129636,
    "rsd_pct": 0.3601259099166389,
    "micro": false
  },
  "nbody": {
    "mean": 77.25949460190945,
    "rsd_pct": 0.07382138421710137,
    "micro": false
  },
  "optcarrot": {
    "mean": 2281.029021243254,
    "rsd_pct": 0.6118098553438249,
    "micro": false
  },
  "ruby-json": {
    "mean": 3128.922239691019,
    "rsd_pct": 0.07414834939573083,
    "micro": false
  },
  "rubykon": {
    "mean": 6833.304371436437,
    "rsd_pct": 0.3559340640705546,
    "micro": false
  },
  "30k_ifelse": {
    "mean": 361.6990248926661,
    "rsd_pct": 0.05730105206227286,
    "micro": true
  },
  "30k_methods": {
    "mean": 858.6945592061332,
    "rsd_pct": 0.03221224856690121,
    "micro": true
  },
  "cfunc_itself": {
    "mean": 38.98530032915565,
    "rsd_pct": 0.2784946087380782,
    "micro": true
  },
  "fib": {
    "mean": 44.57644532418011,
    "rsd_pct": 0.053544159457504376,
    "micro": true
  },
  "getivar": {
    "mean": 21.150312684437036,
    "rsd_pct": 0.22078883297194274,
    "micro": true
  },
  "keyword_args": {
    "mean": 48.60500657676364,
    "rsd_pct": 0.35069610876789586,
    "micro": true
  },
  "respond_to": {
    "mean": 26.362249880632017,
    "rsd_pct": 0.5625228203549636,
    "micro": true
  },
  "setivar": {
    "mean": 11.991603388247121,
    "rsd_pct": 0.09400000299839133,
    "micro": true
  },
  "setivar_object": {
    "mean": 42.122873732739166,
    "rsd_pct": 0.04871024680877005,
    "micro": true
  },
  "setivar_young": {
    "mean": 42.2434823835627,
    "rsd_pct": 1.178056363107913,
    "micro": true
  },
  "str_concat": {
    "mean": 42.91374718186335,
    "rsd_pct": 0.40617242472695037,
    "micro": true
  },
  "throw": {
    "mean": 23.8582002422964,
    "rsd_pct": 0.2679729577774448,
    "micro": true
  }
}