{
  "activerecord": {
    "mean": 94.54884241056567,
    "rsd_pct": 0.6872423285177268,
    "micro": false
  },
  "hexapdf": {
    "mean": 2148.022804160913,
    "rsd_pct": 2.1134006569172237,
    "micro": false
  },
  "liquid-render": {
    "mean": 110.7196141677919,
    "rsd_pct": 1.9795886263183518,
    "micro": false
  },
  "mail": {
    "mean": 142.10605597229187,
    "rsd_pct": 0.13864963107220446,
    "micro": false
  },
  "psych-load": {
    "mean": 1816.343650346001,
    "rsd_pct": 0.038887701286327604,
    "micro": false
  },
  "railsbench": {
    "mean": 2000.7710232399404,
    "rsd_pct": 0.8365012974482765,
    "micro": false
  },
  "ruby-lsp": {
    "mean": 69.49940488676991,
    "rsd_pct": 15.8831245571992,
    "micro": false
  },
  "binarytrees": {
    "mean": 234.1718405320802,
    "rsd_pct": 0.05517463683601419,
    "micro": false
  },
  "chunky_png": {
    "mean": 619.7082244907506,
    "rsd_pct": 0.052447494723664785,
    "micro": false
  },
  "erubi": {
    "mean": 294.4360957275528,
    "rsd_pct": 1.0379840511942264,
    "micro": false
  },
  "erubi_rails": {
    "mean": 17.68355431768638,
    "rsd_pct": 3.498428211398632,
    "micro": false
  },
  "etanni": {
    "mean": 471.5844866531413,
    "rsd_pct": 0.5184628882791338,
    "micro": false
  },
  "fannkuchredux": {
    "mean": 943.8644672433535,
    "rsd_pct": 0.08234435673487876,
    "micro": false
  },
  "lee": {
    "mean": 913.9262473742876,
    "rsd_pct": 0.27380458362789767,
    "micro": false
  },
  "nbody": {
    "mean": 74.4356068021465,
    "rsd_pct": 0.03364186508384637,
    "micro": false
  },
  "optcarrot": {
    "mean": 2705.2784263156354,
    "rsd_pct": 0.43424367925014096,
    "micro": false
  },
  "rubykon": {
    "mean": 6501.024490346511,
    "rsd_pct": 0.8120786945247701,
    "micro": false
  },
  "30k_ifelse": {
    "mean": 397.6114868419245,
    "rsd_pct": 0.16407780399187294,
    "micro": true
  },
  "30k_methods": {
    "mean": 955.9695018222556,
    "rsd_pct": 0.032686633624753166,
    "micro": true
  },
  "cfunc_itself": {
    "mean": 40.26768099557856,
    "rsd_pct": 0.18011478096496095,
    "micro": true
  },
  "fib": {
    "mean": 62.84814572500639,
    "rsd_pct": 0.05404015518958358,
    "micro": true
  },
  "getivar": {
    "mean": 45.773152605371045,
    "rsd_pct": 0.2004680425437681,
    "micro": true
  },
  "keyword_args": {
    "mean": 51.933457854796536,
    "rsd_pct": 0.047269803055108,
    "micro": true
  },
  "respond_to": {
    "mean": 28.259450547733373,
    "rsd_pct": 0.44944394954427475,
    "micro": true
  },
  "setivar": {
    "mean": 19.298519261116,
    "rsd_pct": 0.0701299163092186,
    "micro": true
  },
  "setivar_object": {
    "mean": 47.74063753084453,
    "rsd_pct": 1.502500692482224,
    "micro": true
  },
  "str_concat": {
    "mean": 43.60785359395263,
    "rsd_pct": 1.4093959197703858,
    "micro": true
  }
}