{
  "activerecord": {
    "mean": 92.80051902006163,
    "rsd_pct": 0.710380411045298,
    "micro": false
  },
  "hexapdf": {
    "mean": 2181.652587465942,
    "rsd_pct": 2.34883838646361,
    "micro": false
  },
  "liquid-render": {
    "mean": 111.34618557937569,
    "rsd_pct": 1.9395308642270774,
    "micro": false
  },
  "mail": {
    "mean": 143.0751137801313,
    "rsd_pct": 0.21563051620377816,
    "micro": false
  },
  "psych-load": {
    "mean": 1862.0824144532282,
    "rsd_pct": 0.060050508765341126,
    "micro": false
  },
  "railsbench": {
    "mean": 1989.9834997951984,
    "rsd_pct": 1.6554396160529272,
    "micro": false
  },
  "ruby-lsp": {
    "mean": 69.27672771215693,
    "rsd_pct": 15.736819293499918,
    "micro": false
  },
  "binarytrees": {
    "mean": 227.5794113466386,
    "rsd_pct": 0.13506635254012966,
    "micro": false
  },
  "chunky_png": {
    "mean": 618.7959665840026,
    "rsd_pct": 0.06726415067416032,
    "micro": false
  },
  "erubi": {
    "mean": 298.2798637342913,
    "rsd_pct": 0.9997685498012361,
    "micro": false
  },
  "erubi_rails": {
    "mean": 17.521550182619492,
    "rsd_pct": 3.5007504953755237,
    "micro": false
  },
  "etanni": {
    "mean": 475.60023730398996,
    "rsd_pct": 0.5534103538554933,
    "micro": false
  },
  "fannkuchredux": {
    "mean": 912.4246601547513,
    "rsd_pct": 0.08390442341544983,
    "micro": false
  },
  "lee": {
    "mean": 885.5203104798089,
    "rsd_pct": 0.25852651450910075,
    "micro": false
  },
  "nbody": {
    "mean": 71.69378788868052,
    "rsd_pct": 0.04951695717640921,
    "micro": false
  },
  "optcarrot": {
    "mean": 2590.9862572327256,
    "rsd_pct": 0.4133046955985277,
    "micro": false
  },
  "rubykon": {
    "mean": 6713.4444978709025,
    "rsd_pct": 0.19787694413348303,
    "micro": false
  },
  "30k_ifelse": {
    "mean": 398.9870412647724,
    "rsd_pct": 0.17772609120737995,
    "micro": true
  },
  "30k_methods": {
    "mean": 955.1628961926326,
    "rsd_pct": 0.029624371168277645,
    "micro": true
  },
  "cfunc_itself": {
    "mean": 41.203793098834616,
    "rsd_pct": 0.220717003201601,
    "micro": true
  },
  "fib": {
    "mean": 62.84179706302173,
    "rsd_pct": 0.0550809471362442,
    "micro": true
  },
  "getivar": {
    "mean": 45.83638113786663,
    "rsd_pct": 0.2559800738842375,
    "micro": true
  },
  "keyword_args": {
    "mean": 52.42905645769858,
    "rsd_pct": 0.054226324425694826,
    "micro": true
  },
  "respond_to": {
    "mean": 28.988631576758,
    "rsd_pct": 0.7379189569533275,
    "micro": true
  },
  "setivar": {
    "mean": 14.710994253469194,
    "rsd_pct": 0.10651284081425749,
    "micro": true
  },
  "setivar_object": {
    "mean": 47.70686521648837,
    "rsd_pct": 1.5296330335929316,
    "micro": true
  },
  "str_concat": {
    "mean": 43.825196022115044,
    "rsd_pct": 1.387969819258686,
    "micro": true
  }
}