{
  "activerecord": {
    "mean": 335.5261059778352,
    "rsd_pct": 0.103160608764694,
    "micro": false
  },
  "hexapdf": {
    "mean": 6441.103674471378,
    "rsd_pct": 1.3872950984469838,
    "micro": false
  },
  "liquid-c": {
    "mean": 190.92007139149834,
    "rsd_pct": 1.836684626194242,
    "micro": false
  },
  "liquid-render": {
    "mean": 380.54293154461965,
    "rsd_pct": 2.1095189130900724,
    "micro": false
  },
  "mail": {
    "mean": 377.1222744964891,
    "rsd_pct": 0.1138251712986343,
    "micro": false
  },
  "psych-load": {
    "mean": 5230.474044382572,
    "rsd_pct": 0.11528662248312206,
    "micro": false
  },
  "railsbench": {
    "mean": 5644.0266987929745,
    "rsd_pct": 0.7066397474866914,
    "micro": false
  },
  "ruby-lsp": {
    "mean": 188.06457489658638,
    "rsd_pct": 11.184167357487157,
    "micro": false
  },
  "sequel": {
    "mean": 387.54335123536396,
    "rsd_pct": 1.8604991496635723,
    "micro": false
  },
  "binarytrees": {
    "mean": 523.851543842327,
    "rsd_pct": 0.7187595740144054,
    "micro": false
  },
  "chunky_png": {
    "mean": 1555.5716749513522,
    "rsd_pct": 0.08393022062362968,
    "micro": false
  },
  "erubi": {
    "mean": 574.1105625240863,
    "rsd_pct": 0.8518284628708168,
    "micro": false
  },
  "erubi_rails": {
    "mean": 47.05642493456367,
    "rsd_pct": 2.4604401480100235,
    "micro": false
  },
  "etanni": {
    "mean": 959.2365768110874,
    "rsd_pct": 0.4252057222021481,
    "micro": false
  },
  "fannkuchredux": {
    "mean": 2024.7685698453677,
    "rsd_pct": 0.14972054666851672,
    "micro": false
  },
  "lee": {
    "mean": 2494.2374880510297,
    "rsd_pct": 0.20416736943525415,
    "micro": false
  },
  "nbody": {
    "mean": 177.58379001170397,
    "rsd_pct": 0.0646305703215426,
    "micro": false
  },
  "optcarrot": {
    "mean": 10124.771370366216,
    "rsd_pct": 0.6194040674550444,
    "micro": false
  },
  "rubykon": {
    "mean": 20571.200929457944,
    "rsd_pct": 0.32177708884547734,
    "micro": false
  },
  "30k_ifelse": {
    "mean": 1931.4465242576725,
    "rsd_pct": 0.031127197050730374,
    "micro": true
  },
  "30k_methods": {
    "mean": 3873.001667112112,
    "rsd_pct": 0.08822632889586138,
    "micro": true
  },
  "cfunc_itself": {
    "mean": 103.37896785064108,
    "rsd_pct": 0.015456501430594193,
    "micro": true
  },
  "fib": {
    "mean": 191.09875157544886,
    "rsd_pct": 0.005723928395708837,
    "micro": true
  },
  "getivar": {
    "mean": 107.46896474611485,
    "rsd_pct": 0.008418235978093349,
    "micro": true
  },
  "keyword_args": {
    "mean": 196.7039709786574,
    "rsd_pct": 0.008592875885665348,
    "micro": true
  },
  "respond_to": {
    "mean": 101.20339943754553,
    "rsd_pct": 1.1877240076661315,
    "micro": true
  },
  "setivar": {
    "mean": 50.03922184540042,
    "rsd_pct": 0.011424631416004555,
    "micro": true
  },
  "setivar_object": {
    "mean": 127.51354026291871,
    "rsd_pct": 0.9342074807766461,
    "micro": true
  },
  "str_concat": {
    "mean": 106.45849689682747,
    "rsd_pct": 0.7160272822636187,
    "micro": true
  }
}