{
  "activerecord": {
    "mean": 103.6455580439323,
    "rsd_pct": 0.6534726339652516,
    "micro": false
  },
  "hexapdf": {
    "mean": 2451.527732859055,
    "rsd_pct": 1.1683102346034402,
    "micro": false
  },
  "liquid-render": {
    "mean": 126.13600964033151,
    "rsd_pct": 1.8215120095301895,
    "micro": false
  },
  "mail": {
    "mean": 155.04770187544636,
    "rsd_pct": 0.17985486607723963,
    "micro": false
  },
  "psych-load": {
    "mean": 1992.4307475487392,
    "rsd_pct": 0.02753622371688904,
    "micro": false
  },
  "railsbench": {
    "mean": 2084.9089577794075,
    "rsd_pct": 1.2969407336193415,
    "micro": false
  },
  "binarytrees": {
    "mean": 366.7364709544927,
    "rsd_pct": 0.08028417981492889,
    "micro": false
  },
  "chunky_png": {
    "mean": 652.2355332970619,
    "rsd_pct": 0.06066693969503549,
    "micro": false
  },
  "erubi": {
    "mean": 318.6045522938986,
    "rsd_pct": 0.6922105195177988,
    "micro": false
  },
  "erubi_rails": {
    "mean": 19.462096769027305,
    "rsd_pct": 3.827096018058229,
    "micro": false
  },
  "fannkuchredux": {
    "mean": 2348.5015946129956,
    "rsd_pct": 0.27181131291176575,
    "micro": false
  },
  "lee": {
    "mean": 969.3687822669744,
    "rsd_pct": 0.058087617100013623,
    "micro": false
  },
  "nbody": {
    "mean": 94.85545603714826,
    "rsd_pct": 0.11741942273517612,
    "micro": false
  },
  "optcarrot": {
    "mean": 3513.865639269352,
    "rsd_pct": 0.595345875259008,
    "micro": false
  },
  "rubykon": {
    "mean": 6919.175496449073,
    "rsd_pct": 1.022523662202375,
    "micro": false
  },
  "30k_ifelse": {
    "mean": 393.95739442922854,
    "rsd_pct": 0.07038426083402137,
    "micro": true
  },
  "30k_methods": {
    "mean": 910.5923686014569,
    "rsd_pct": 0.019493777560115475,
    "micro": true
  },
  "cfunc_itself": {
    "mean": 47.3787903588695,
    "rsd_pct": 0.6418173755826423,
    "micro": true
  },
  "fib": {
    "mean": 63.309205098757666,
    "rsd_pct": 0.038266911416617234,
    "micro": true
  },
  "getivar": {
    "mean": 44.2552015257575,
    "rsd_pct": 0.1230410437021019,
    "micro": true
  },
  "keyword_args": {
    "mean": 54.44222724993913,
    "rsd_pct": 0.13747845943974885,
    "micro": true
  },
  "respond_to": {
    "mean": 185.56587384254843,
    "rsd_pct": 0.1892228615390938,
    "micro": true
  },
  "setivar": {
    "mean": 50.03813907549191,
    "rsd_pct": 0.23748301379490314,
    "micro": true
  },
  "str_concat": {
    "mean": 44.861424806206216,
    "rsd_pct": 1.3133315742907443,
    "micro": true
  }
}