{
  "activerecord": {
    "mean": 43.17747581411492,
    "rsd_pct": 0.7835376903713284,
    "micro": false
  },
  "erubi_rails": {
    "mean": 15.273732232713039,
    "rsd_pct": 3.562156594640291,
    "micro": false
  },
  "hexapdf": {
    "mean": 2108.6858895917735,
    "rsd_pct": 1.9177706619032675,
    "micro": false
  },
  "liquid-c": {
    "mean": 59.60021993673559,
    "rsd_pct": 2.0282432103020236,
    "micro": false
  },
  "liquid-compile": {
    "mean": 51.94607426400309,
    "rsd_pct": 5.050731900505511,
    "micro": false
  },
  "liquid-render": {
    "mean": 105.10169806351003,
    "rsd_pct": 2.66907297951096,
    "micro": false
  },
  "mail": {
    "mean": 129.43486712098897,
    "rsd_pct": 0.16057053370471222,
    "micro": false
  },
  "psych-load": {
    "mean": 1816.6799667601783,
    "rsd_pct": 0.10667456364555315,
    "micro": false
  },
  "railsbench": {
    "mean": 1806.9141906375687,
    "rsd_pct": 1.2153442098869058,
    "micro": false
  },
  "ruby-lsp": {
    "mean": 58.60479459276094,
    "rsd_pct": 20.27723081541816,
    "micro": false
  },
  "sequel": {
    "mean": 68.31166337946678,
    "rsd_pct": 0.26874598341884115,
    "micro": false
  },
  "binarytrees": {
    "mean": 227.5397875827962,
    "rsd_pct": 0.08021440353529521,
    "micro": false
  },
  "chunky_png": {
    "mean": 644.6928461833346,
    "rsd_pct": 0.1434021960969531,
    "micro": false
  },
  "erubi": {
    "mean": 259.2098131751666,
    "rsd_pct": 0.8420724126356778,
    "micro": false
  },
  "etanni": {
    "mean": 412.6650852073605,
    "rsd_pct": 0.44415387758773306,
    "micro": false
  },
  "fannkuchredux": {
    "mean": 772.8562323376536,
    "rsd_pct": 0.06110076916309775,
    "micro": false
  },
  "lee": {
    "mean": 916.9160113448188,
    "rsd_pct": 0.3861769848474636,
    "micro": false
  },
  "nbody": {
    "mean": 76.88798350998415,
    "rsd_pct": 0.09606532674326068,
    "micro": false
  },
  "optcarrot": {
    "mean": 2242.0358701298633,
    "rsd_pct": 0.6242185268335761,
    "micro": false
  },
  "ruby-json": {
    "mean": 2993.5737401867905,
    "rsd_pct": 0.24086060313471608,
    "micro": false
  },
  "rubykon": {
    "mean": 6837.822074815631,
    "rsd_pct": 0.3582996157446638,
    "micro": false
  },
  "30k_ifelse": {
    "mean": 359.8184463652697,
    "rsd_pct": 0.062329434678850326,
    "micro": true
  },
  "30k_methods": {
    "mean": 859.2980238001632,
    "rsd_pct": 0.02676535106212456,
    "micro": true
  },
  "cfunc_itself": {
    "mean": 38.45580006555583,
    "rsd_pct": 0.1915682802236582,
    "micro": true
  },
  "fib": {
    "mean": 44.57743239514197,
    "rsd_pct": 0.04915268660717681,
    "micro": true
  },
  "getivar": {
    "mean": 21.15071303274293,
    "rsd_pct": 0.2226879791790334,
    "micro": true
  },
  "keyword_args": {
    "mean": 47.95647318512916,
    "rsd_pct": 0.21203755188259732,
    "micro": true
  },
  "respond_to": {
    "mean": 25.581705951778105,
    "rsd_pct": 0.602975116810784,
    "micro": true
  },
  "setivar": {
    "mean": 11.990892193567882,
    "rsd_pct": 0.12526034645413323,
    "micro": true
  },
  "setivar_object": {
    "mean": 43.71033246370126,
    "rsd_pct": 1.878231310422321,
    "micro": true
  },
  "setivar_young": {
    "mean": 42.28531974259504,
    "rsd_pct": 1.4890270669921684,
    "micro": true
  },
  "str_concat": {
    "mean": 43.30547631530337,
    "rsd_pct": 1.4128699386125338,
    "micro": true
  },
  "throw": {
    "mean": 24.58589556325632,
    "rsd_pct": 0.22787221266514174,
    "micro": true
  }
}