{
  "activerecord": {
    "mean": 114.52715450881938,
    "rsd_pct": 0.5081731819463838,
    "micro": false
  },
  "hexapdf": {
    "mean": 2375.8655272501833,
    "rsd_pct": 0.8391258478209229,
    "micro": false
  },
  "liquid-render": {
    "mean": 136.60243058927938,
    "rsd_pct": 2.298285361770233,
    "micro": false
  },
  "mail": {
    "mean": 163.15528985751746,
    "rsd_pct": 0.34706962318634893,
    "micro": false
  },
  "psych-load": {
    "mean": 1934.244754592267,
    "rsd_pct": 0.09917022748772367,
    "micro": false
  },
  "railsbench": {
    "mean": 2212.3379640591643,
    "rsd_pct": 1.3744911518837237,
    "micro": false
  },
  "binarytrees": {
    "mean": 345.3477296543618,
    "rsd_pct": 0.15453603847095626,
    "micro": false
  },
  "discourse": {
    "mean": 587.3448756208425,
    "rsd_pct": 1.7421354993135374,
    "micro": false
  },
  "erubi": {
    "mean": 420.611666268087,
    "rsd_pct": 0.8691368109472186,
    "micro": false
  },
  "erubi_rails": {
    "mean": 21.10642928935734,
    "rsd_pct": 3.5482258512685934,
    "micro": false
  },
  "fannkuchredux": {
    "mean": 6903.227178216912,
    "rsd_pct": 0.3447803677120513,
    "micro": false
  },
  "lee": {
    "mean": 899.5581586301947,
    "rsd_pct": 1.6316911091644195,
    "micro": false
  },
  "nbody": {
    "mean": 85.92625317170348,
    "rsd_pct": 0.4595527672087042,
    "micro": false
  },
  "optcarrot": {
    "mean": 3616.3286841629692,
    "rsd_pct": 0.5258107874475567,
    "micro": false
  },
  "rubykon": {
    "mean": 6576.530726874868,
    "rsd_pct": 0.3964017132265449,
    "micro": false
  },
  "30k_ifelse": {
    "mean": 357.6689293591439,
    "rsd_pct": 0.1598638828836467,
    "micro": true
  },
  "30k_methods": {
    "mean": 877.2152979985218,
    "rsd_pct": 0.05857927634983991,
    "micro": true
  },
  "cfunc_itself": {
    "mean": 47.21995378971439,
    "rsd_pct": 0.8527385811629419,
    "micro": true
  },
  "fib": {
    "mean": 62.4988195687714,
    "rsd_pct": 0.5914516025651123,
    "micro": true
  },
  "getivar": {
    "mean": 42.570038020630115,
    "rsd_pct": 0.7189734168648602,
    "micro": true
  },
  "keyword_args": {
    "mean": 53.70974037329369,
    "rsd_pct": 0.655557617685365,
    "micro": true
  },
  "respond_to": {
    "mean": 190.09447118797755,
    "rsd_pct": 0.2555927120389714,
    "micro": true
  },
  "setivar": {
    "mean": 49.37758644896051,
    "rsd_pct": 0.6614646828472251,
    "micro": true
  }
}