{
  "activerecord": {
    "mean": 145.46492874954535,
    "rsd_pct": 2.6027265968996725,
    "micro": false
  },
  "erubi_rails": {
    "mean": 45.58105820012494,
    "rsd_pct": 12.924869938342384,
    "micro": false
  },
  "hexapdf": {
    "mean": 5828.494714324673,
    "rsd_pct": 1.9140374357168783,
    "micro": false
  },
  "liquid-c": {
    "mean": 191.59064816091868,
    "rsd_pct": 1.4919280713455543,
    "micro": false
  },
  "liquid-compile": {
    "mean": 163.3636913653021,
    "rsd_pct": 0.5007966040952095,
    "micro": false
  },
  "liquid-render": {
    "mean": 366.79046419799647,
    "rsd_pct": 1.9690238092240702,
    "micro": false
  },
  "mail": {
    "mean": 360.056441444426,
    "rsd_pct": 0.11291608795864863,
    "micro": false
  },
  "psych-load": {
    "mean": 5179.319793730974,
    "rsd_pct": 0.06419422953602212,
    "micro": false
  },
  "railsbench": {
    "mean": 5331.092278907697,
    "rsd_pct": 0.7172498877847444,
    "micro": false
  },
  "ruby-lsp": {
    "mean": 175.5745644064469,
    "rsd_pct": 11.806155417012263,
    "micro": false
  },
  "sequel": {
    "mean": 199.6115629604999,
    "rsd_pct": 1.2682872137017418,
    "micro": false
  },
  "binarytrees": {
    "mean": 490.6807263485259,
    "rsd_pct": 0.1645015402451187,
    "micro": false
  },
  "chunky_png": {
    "mean": 1541.9241640716791,
    "rsd_pct": 0.3598751587711884,
    "micro": false
  },
  "erubi": {
    "mean": 573.7590763387801,
    "rsd_pct": 0.8078557038332581,
    "micro": false
  },
  "etanni": {
    "mean": 931.2061032242312,
    "rsd_pct": 0.4517124902886071,
    "micro": false
  },
  "fannkuchredux": {
    "mean": 1497.0914105325937,
    "rsd_pct": 0.2662533590913842,
    "micro": false
  },
  "lee": {
    "mean": 2422.3069345489853,
    "rsd_pct": 0.29068417624765625,
    "micro": false
  },
  "nbody": {
    "mean": 153.55990586035392,
    "rsd_pct": 0.09110643423840982,
    "micro": false
  },
  "optcarrot": {
    "mean": 8776.800018300613,
    "rsd_pct": 0.5221157852347305,
    "micro": false
  },
  "ruby-json": {
    "mean": 7856.87115068237,
    "rsd_pct": 0.04719611676952318,
    "micro": false
  },
  "rubykon": {
    "mean": 19505.210477610428,
    "rsd_pct": 0.37929413057773903,
    "micro": false
  },
  "30k_ifelse": {
    "mean": 1603.5535617646847,
    "rsd_pct": 0.04380188846580741,
    "micro": true
  },
  "30k_methods": {
    "mean": 3441.8604420902934,
    "rsd_pct": 0.0658381385181089,
    "micro": true
  },
  "cfunc_itself": {
    "mean": 86.84286115141549,
    "rsd_pct": 0.030775325483463498,
    "micro": true
  },
  "fib": {
    "mean": 123.660672027784,
    "rsd_pct": 0.05522777094168754,
    "micro": true
  },
  "getivar": {
    "mean": 40.46724725270498,
    "rsd_pct": 0.017127061827417325,
    "micro": true
  },
  "keyword_args": {
    "mean": 121.70076034162949,
    "rsd_pct": 0.028298935521314513,
    "micro": true
  },
  "respond_to": {
    "mean": 81.81770143754856,
    "rsd_pct": 1.237392559726673,
    "micro": true
  },
  "setivar": {
    "mean": 30.8947027931867,
    "rsd_pct": 0.01905051850394288,
    "micro": true
  },
  "setivar_object": {
    "mean": 115.68145165829179,
    "rsd_pct": 1.6030609370759417,
    "micro": true
  },
  "setivar_young": {
    "mean": 113.13729541834002,
    "rsd_pct": 0.018599261085488,
    "micro": true
  },
  "str_concat": {
    "mean": 83.9786689546584,
    "rsd_pct": 1.0477872819403369,
    "micro": true
  },
  "throw": {
    "mean": 49.087502873223166,
    "rsd_pct": 0.19454357265919128,
    "micro": true
  }
}