{
  "activerecord": {
    "mean": 112.28816238094599,
    "rsd_pct": 0.5963279338144707,
    "micro": false
  },
  "hexapdf": {
    "mean": 2383.5103888006415,
    "rsd_pct": 1.841073421355398,
    "micro": false
  },
  "liquid-render": {
    "mean": 130.28440814438605,
    "rsd_pct": 1.92789763631728,
    "micro": false
  },
  "mail": {
    "mean": 163.03022018112551,
    "rsd_pct": 0.35639865137496646,
    "micro": false
  },
  "psych-load": {
    "mean": 1943.806779064956,
    "rsd_pct": 0.026867958410286073,
    "micro": false
  },
  "railsbench": {
    "mean": 2220.508973331986,
    "rsd_pct": 1.4099845596801515,
    "micro": false
  },
  "binarytrees": {
    "mean": 341.065009836521,
    "rsd_pct": 0.19086879686684946,
    "micro": false
  },
  "discourse": {
    "mean": 72.05063419921014,
    "rsd_pct": 10.577306906487724,
    "micro": false
  },
  "erubi": {
    "mean": 407.0840692965484,
    "rsd_pct": 0.7968791346328765,
    "micro": false
  },
  "erubi_rails": {
    "mean": 20.7316970856545,
    "rsd_pct": 3.1370462513011526,
    "micro": false
  },
  "fannkuchredux": {
    "mean": 6817.419382400112,
    "rsd_pct": 0.04987936306858203,
    "micro": false
  },
  "lee": {
    "mean": 892.6186434619012,
    "rsd_pct": 1.3776530355577354,
    "micro": false
  },
  "nbody": {
    "mean": 87.81841456294963,
    "rsd_pct": 0.4515754720748517,
    "micro": false
  },
  "optcarrot": {
    "mean": 3554.5266916005253,
    "rsd_pct": 0.5793206509418836,
    "micro": false
  },
  "rubykon": {
    "mean": 6432.449450000179,
    "rsd_pct": 0.31245663837023824,
    "micro": false
  },
  "30k_ifelse": {
    "mean": 354.96905304760384,
    "rsd_pct": 0.15818199293166488,
    "micro": true
  },
  "30k_methods": {
    "mean": 877.8857259614877,
    "rsd_pct": 0.06596345236719611,
    "micro": true
  },
  "cfunc_itself": {
    "mean": 45.75417624184173,
    "rsd_pct": 0.9558253009869344,
    "micro": true
  },
  "fib": {
    "mean": 62.679596309134425,
    "rsd_pct": 0.5990253163575958,
    "micro": true
  },
  "getivar": {
    "mean": 42.54049242627311,
    "rsd_pct": 0.5582960553965748,
    "micro": true
  },
  "keyword_args": {
    "mean": 52.770210185470354,
    "rsd_pct": 0.6454104159270095,
    "micro": true
  },
  "respond_to": {
    "mean": 186.503375560633,
    "rsd_pct": 0.46799051616178977,
    "micro": true
  },
  "setivar": {
    "mean": 49.18075507733537,
    "rsd_pct": 0.6111402548747085,
    "micro": true
  }
}