{
  "activerecord": {
    "mean": 104.07099106862229,
    "rsd_pct": 0.5782146440159368,
    "micro": false
  },
  "hexapdf": {
    "mean": 2372.7076118191085,
    "rsd_pct": 2.266581949334673,
    "micro": false
  },
  "liquid-render": {
    "mean": 114.23492263893635,
    "rsd_pct": 1.7448432002130525,
    "micro": false
  },
  "mail": {
    "mean": 154.56155199528664,
    "rsd_pct": 0.18199559559075895,
    "micro": false
  },
  "psych-load": {
    "mean": 2078.738887856404,
    "rsd_pct": 0.06625545476981147,
    "micro": false
  },
  "railsbench": {
    "mean": 2172.070817152659,
    "rsd_pct": 0.8261882064117451,
    "micro": false
  },
  "binarytrees": {
    "mean": 236.16186622530222,
    "rsd_pct": 0.06796476974625267,
    "micro": false
  },
  "chunky_png": {
    "mean": 643.6983412452813,
    "rsd_pct": 0.19676051914248693,
    "micro": false
  },
  "erubi": {
    "mean": 298.46614521386016,
    "rsd_pct": 0.8605782630289459,
    "micro": false
  },
  "erubi_rails": {
    "mean": 19.721000098887785,
    "rsd_pct": 3.5835084106947552,
    "micro": false
  },
  "fannkuchredux": {
    "mean": 2390.0532573461533,
    "rsd_pct": 0.05097801419783781,
    "micro": false
  },
  "lee": {
    "mean": 953.7394013255835,
    "rsd_pct": 0.963208181909516,
    "micro": false
  },
  "nbody": {
    "mean": 91.87553888400092,
    "rsd_pct": 0.07945078731489588,
    "micro": false
  },
  "optcarrot": {
    "mean": 3560.694887240728,
    "rsd_pct": 0.6345220495221776,
    "micro": false
  },
  "rubykon": {
    "mean": 7112.889381746451,
    "rsd_pct": 0.38056470033483,
    "micro": false
  },
  "30k_ifelse": {
    "mean": 350.70939043706113,
    "rsd_pct": 0.10035902426146963,
    "micro": true
  },
  "30k_methods": {
    "mean": 822.8243805468082,
    "rsd_pct": 0.038471891076846954,
    "micro": true
  },
  "cfunc_itself": {
    "mean": 43.78384811298869,
    "rsd_pct": 0.979390958239598,
    "micro": true
  },
  "fib": {
    "mean": 61.587571026608586,
    "rsd_pct": 0.04258816153939269,
    "micro": true
  },
  "getivar": {
    "mean": 42.74756574656264,
    "rsd_pct": 0.0536384995566088,
    "micro": true
  },
  "keyword_args": {
    "mean": 53.67267443111016,
    "rsd_pct": 0.28065068417285743,
    "micro": true
  },
  "respond_to": {
    "mean": 29.90296036240798,
    "rsd_pct": 0.4081919916189753,
    "micro": true
  },
  "setivar": {
    "mean": 47.53431217098723,
    "rsd_pct": 0.4367031279114569,
    "micro": true
  },
  "str_concat": {
    "mean": 42.58129806295643,
    "rsd_pct": 1.8068702415735134,
    "micro": true
  }
}