{
  "activerecord": {
    "mean": 105.26318692279105,
    "rsd_pct": 0.5649877624738805,
    "micro": false
  },
  "hexapdf": {
    "mean": 2309.996106723944,
    "rsd_pct": 2.9506313712360273,
    "micro": false
  },
  "liquid-render": {
    "mean": 127.2777791779775,
    "rsd_pct": 2.0888684462347182,
    "micro": false
  },
  "mail": {
    "mean": 160.29490169105875,
    "rsd_pct": 0.1895746981745277,
    "micro": false
  },
  "psych-load": {
    "mean": 1948.52364808321,
    "rsd_pct": 0.03867762808740627,
    "micro": false
  },
  "railsbench": {
    "mean": 2134.0092439204454,
    "rsd_pct": 0.9999946655214997,
    "micro": false
  },
  "binarytrees": {
    "mean": 371.8561868447421,
    "rsd_pct": 0.08650473239040332,
    "micro": false
  },
  "chunky_png": {
    "mean": 651.8327909211317,
    "rsd_pct": 0.05428463819041739,
    "micro": false
  },
  "erubi": {
    "mean": 400.85231447044544,
    "rsd_pct": 0.837455838189291,
    "micro": false
  },
  "erubi_rails": {
    "mean": 19.97341155069894,
    "rsd_pct": 3.1502790583131093,
    "micro": false
  },
  "fannkuchredux": {
    "mean": 8760.988382746777,
    "rsd_pct": 0.3104860943415441,
    "micro": false
  },
  "lee": {
    "mean": 905.9486360373822,
    "rsd_pct": 0.4426816031566903,
    "micro": false
  },
  "nbody": {
    "mean": 90.75881637306544,
    "rsd_pct": 0.06402906385232052,
    "micro": false
  },
  "optcarrot": {
    "mean": 3489.588361978531,
    "rsd_pct": 0.6045607418027108,
    "micro": false
  },
  "rubykon": {
    "mean": 7670.7880191504955,
    "rsd_pct": 4.484428482540517,
    "micro": false
  },
  "30k_ifelse": {
    "mean": 357.8152424722378,
    "rsd_pct": 0.08717017619653689,
    "micro": true
  },
  "30k_methods": {
    "mean": 879.4695273549719,
    "rsd_pct": 0.015387032457416176,
    "micro": true
  },
  "cfunc_itself": {
    "mean": 48.335974239613684,
    "rsd_pct": 0.677119826292027,
    "micro": true
  },
  "fib": {
    "mean": 63.39372169403803,
    "rsd_pct": 0.1902698392993916,
    "micro": true
  },
  "getivar": {
    "mean": 42.52640684591789,
    "rsd_pct": 0.0631943728985859,
    "micro": true
  },
  "keyword_args": {
    "mean": 52.65155437072276,
    "rsd_pct": 0.2534092455347577,
    "micro": true
  },
  "respond_to": {
    "mean": 197.5846636862982,
    "rsd_pct": 0.04062997360278893,
    "micro": true
  },
  "setivar": {
    "mean": 53.77709937682034,
    "rsd_pct": 0.15499531381630383,
    "micro": true
  },
  "str_concat": {
    "mean": 109.19099020340094,
    "rsd_pct": 0.7007526737492126,
    "micro": true
  }
}