{
  "activerecord": {
    "mean": 98.41531425714493,
    "rsd_pct": 0.7159126334209203,
    "micro": false
  },
  "hexapdf": {
    "mean": 2344.9183454116187,
    "rsd_pct": 2.93855122229464,
    "micro": false
  },
  "liquid-render": {
    "mean": 114.24004826271398,
    "rsd_pct": 1.9036783959551262,
    "micro": false
  },
  "mail": {
    "mean": 154.38288337891063,
    "rsd_pct": 0.14340560919126316,
    "micro": false
  },
  "psych-load": {
    "mean": 1959.6756100654602,
    "rsd_pct": 0.03251461520703063,
    "micro": false
  },
  "railsbench": {
    "mean": 2082.7808732787767,
    "rsd_pct": 1.375796982661669,
    "micro": false
  },
  "binarytrees": {
    "mean": 233.21529259768928,
    "rsd_pct": 3.6462973236183847,
    "micro": false
  },
  "chunky_png": {
    "mean": 643.9836823171185,
    "rsd_pct": 0.07783650943116442,
    "micro": false
  },
  "erubi": {
    "mean": 292.8548415205372,
    "rsd_pct": 0.8751928207201104,
    "micro": false
  },
  "erubi_rails": {
    "mean": 18.58340099496339,
    "rsd_pct": 3.8764689154312886,
    "micro": false
  },
  "etanni": {
    "mean": 478.7866444814773,
    "rsd_pct": 0.4875523846440401,
    "micro": false
  },
  "fannkuchredux": {
    "mean": 2287.1861577033997,
    "rsd_pct": 0.17202797649379137,
    "micro": false
  },
  "lee": {
    "mean": 959.09683406353,
    "rsd_pct": 0.08363428286420406,
    "micro": false
  },
  "nbody": {
    "mean": 78.47030000114927,
    "rsd_pct": 0.10362939277111313,
    "micro": false
  },
  "optcarrot": {
    "mean": 3182.9645482202372,
    "rsd_pct": 0.36638690624776105,
    "micro": false
  },
  "rubykon": {
    "mean": 6933.637174715598,
    "rsd_pct": 0.4451046461860341,
    "micro": false
  },
  "30k_ifelse": {
    "mean": 400.434635807665,
    "rsd_pct": 0.12458639790484756,
    "micro": true
  },
  "30k_methods": {
    "mean": 960.8532603830099,
    "rsd_pct": 0.05209255247975835,
    "micro": true
  },
  "cfunc_itself": {
    "mean": 41.765220601534104,
    "rsd_pct": 0.4739082620231971,
    "micro": true
  },
  "fib": {
    "mean": 61.25611803901669,
    "rsd_pct": 0.10041525800681243,
    "micro": true
  },
  "getivar": {
    "mean": 46.86562072468196,
    "rsd_pct": 0.048153984913875944,
    "micro": true
  },
  "keyword_args": {
    "mean": 51.50147523615778,
    "rsd_pct": 0.1372229312747761,
    "micro": true
  },
  "respond_to": {
    "mean": 27.94988871702935,
    "rsd_pct": 0.41978079409585844,
    "micro": true
  },
  "setivar": {
    "mean": 47.01115296167486,
    "rsd_pct": 0.09411344492961857,
    "micro": true
  },
  "str_concat": {
    "mean": 46.68412459404948,
    "rsd_pct": 1.4272888713028522,
    "micro": true
  }
}