{
  "activerecord": {
    "mean": 110.91147022894941,
    "rsd_pct": 0.5877554639390762,
    "micro": false
  },
  "hexapdf": {
    "mean": 2411.5184274191656,
    "rsd_pct": 2.2902282276841572,
    "micro": false
  },
  "liquid-render": {
    "mean": 126.60828640143717,
    "rsd_pct": 1.9468654691976472,
    "micro": false
  },
  "mail": {
    "mean": 163.92580216719966,
    "rsd_pct": 0.37344048522844575,
    "micro": false
  },
  "psych-load": {
    "mean": 1997.8484268610675,
    "rsd_pct": 0.07237077726508392,
    "micro": false
  },
  "railsbench": {
    "mean": 2134.643095669647,
    "rsd_pct": 1.8661577606089585,
    "micro": false
  },
  "binarytrees": {
    "mean": 353.84608482038885,
    "rsd_pct": 1.4894669184536566,
    "micro": false
  },
  "chunky_png": {
    "mean": 665.9601021868488,
    "rsd_pct": 0.11513637284159348,
    "micro": false
  },
  "discourse": {
    "mean": 497.97781372968205,
    "rsd_pct": 9.011646233931549,
    "micro": false
  },
  "erubi": {
    "mean": 437.3127706745203,
    "rsd_pct": 0.7862633069862648,
    "micro": false
  },
  "erubi_rails": {
    "mean": 20.482511788819085,
    "rsd_pct": 3.4777094168273033,
    "micro": false
  },
  "fannkuchredux": {
    "mean": 7139.05967908601,
    "rsd_pct": 0.12399364241239061,
    "micro": false
  },
  "lee": {
    "mean": 924.6641187263386,
    "rsd_pct": 0.24907195153582937,
    "micro": false
  },
  "nbody": {
    "mean": 90.1681038737297,
    "rsd_pct": 0.4841518057668769,
    "micro": false
  },
  "optcarrot": {
    "mean": 3509.8184349636235,
    "rsd_pct": 0.5802387419558518,
    "micro": false
  },
  "rubykon": {
    "mean": 7864.916984861095,
    "rsd_pct": 0.9472625100404224,
    "micro": false
  },
  "30k_ifelse": {
    "mean": 358.73729356431534,
    "rsd_pct": 0.17761735313632335,
    "micro": true
  },
  "30k_methods": {
    "mean": 884.0442048385739,
    "rsd_pct": 0.058853238379174506,
    "micro": true
  },
  "cfunc_itself": {
    "mean": 44.21335045214093,
    "rsd_pct": 0.8555430365487113,
    "micro": true
  },
  "fib": {
    "mean": 62.47867281199433,
    "rsd_pct": 0.5924300982300483,
    "micro": true
  },
  "getivar": {
    "mean": 42.57798208574292,
    "rsd_pct": 0.7547437434636312,
    "micro": true
  },
  "keyword_args": {
    "mean": 52.83676792573642,
    "rsd_pct": 0.6959547328789155,
    "micro": true
  },
  "respond_to": {
    "mean": 181.51733775648776,
    "rsd_pct": 0.3821022831883952,
    "micro": true
  },
  "setivar": {
    "mean": 52.77482821985672,
    "rsd_pct": 0.7935340138084412,
    "micro": true
  }
}