{
  "activerecord": {
    "mean": 109.45032292447699,
    "rsd_pct": 0.5192285329769959,
    "micro": false
  },
  "hexapdf": {
    "mean": 2065.4410290066153,
    "rsd_pct": 2.019043409133526,
    "micro": false
  },
  "liquid-c": {
    "mean": 59.86722840085447,
    "rsd_pct": 1.9605926947066687,
    "micro": false
  },
  "liquid-render": {
    "mean": 113.14202456295871,
    "rsd_pct": 2.542501230676398,
    "micro": false
  },
  "mail": {
    "mean": 138.38541175128842,
    "rsd_pct": 0.15066267969196517,
    "micro": false
  },
  "psych-load": {
    "mean": 1794.0891065169126,
    "rsd_pct": 0.023783854440109768,
    "micro": false
  },
  "railsbench": {
    "mean": 1892.2036178022001,
    "rsd_pct": 1.201032313330142,
    "micro": false
  },
  "ruby-lsp": {
    "mean": 66.84201583537894,
    "rsd_pct": 18.61358106631012,
    "micro": false
  },
  "sequel": {
    "mean": 147.2059449525895,
    "rsd_pct": 1.9596853191432215,
    "micro": false
  },
  "binarytrees": {
    "mean": 240.78320749861425,
    "rsd_pct": 0.09108329338793013,
    "micro": false
  },
  "chunky_png": {
    "mean": 638.8913969914879,
    "rsd_pct": 0.054912507760781264,
    "micro": false
  },
  "erubi": {
    "mean": 256.7009946871668,
    "rsd_pct": 0.9620597174747811,
    "micro": false
  },
  "erubi_rails": {
    "mean": 16.49599245863422,
    "rsd_pct": 3.5799128854860225,
    "micro": false
  },
  "etanni": {
    "mean": 408.73424883951276,
    "rsd_pct": 0.44583173603777154,
    "micro": false
  },
  "fannkuchredux": {
    "mean": 925.2494161039414,
    "rsd_pct": 0.06238638792074121,
    "micro": false
  },
  "lee": {
    "mean": 909.4358925718725,
    "rsd_pct": 0.11041444923858966,
    "micro": false
  },
  "nbody": {
    "mean": 72.1699603161761,
    "rsd_pct": 0.09157836477965099,
    "micro": false
  },
  "optcarrot": {
    "mean": 2622.732968752583,
    "rsd_pct": 0.6717310603912541,
    "micro": false
  },
  "rubykon": {
    "mean": 6678.436361082519,
    "rsd_pct": 0.35265067757218677,
    "micro": false
  },
  "30k_ifelse": {
    "mean": 428.92757430672646,
    "rsd_pct": 0.058093580627248224,
    "micro": true
  },
  "30k_methods": {
    "mean": 979.0894907491747,
    "rsd_pct": 0.032780906285500386,
    "micro": true
  },
  "cfunc_itself": {
    "mean": 42.93908367874802,
    "rsd_pct": 0.33926927595772594,
    "micro": true
  },
  "fib": {
    "mean": 62.82810383489496,
    "rsd_pct": 0.06967671507967069,
    "micro": true
  },
  "getivar": {
    "mean": 45.607685125284064,
    "rsd_pct": 0.04310272004062676,
    "micro": true
  },
  "keyword_args": {
    "mean": 53.84979857165728,
    "rsd_pct": 0.24151533420550325,
    "micro": true
  },
  "respond_to": {
    "mean": 31.450105732773224,
    "rsd_pct": 0.2849483808619222,
    "micro": true
  },
  "setivar": {
    "mean": 14.901218528740646,
    "rsd_pct": 0.1273304873509931,
    "micro": true
  },
  "setivar_object": {
    "mean": 47.00941929812817,
    "rsd_pct": 0.8955311486114383,
    "micro": true
  },
  "str_concat": {
    "mean": 43.59369266851435,
    "rsd_pct": 1.4187882891138714,
    "micro": true
  }
}