{
  "activerecord": {
    "mean": 149.19875911557614,
    "rsd_pct": 0.19225608249741333,
    "micro": false
  },
  "hexapdf": {
    "mean": 6084.017740314205,
    "rsd_pct": 1.3803142808054372,
    "micro": false
  },
  "liquid-c": {
    "mean": 187.4811832817494,
    "rsd_pct": 1.7364051687003206,
    "micro": false
  },
  "liquid-render": {
    "mean": 356.9370657108061,
    "rsd_pct": 2.2384966126728236,
    "micro": false
  },
  "mail": {
    "mean": 371.15963704251,
    "rsd_pct": 0.13907286632702542,
    "micro": false
  },
  "psych-load": {
    "mean": 5138.385183736682,
    "rsd_pct": 0.044674473562409646,
    "micro": false
  },
  "railsbench": {
    "mean": 5482.72565441827,
    "rsd_pct": 0.7238460722065663,
    "micro": false
  },
  "ruby-lsp": {
    "mean": 184.1184253809832,
    "rsd_pct": 11.702276100108888,
    "micro": false
  },
  "sequel": {
    "mean": 195.79836332629765,
    "rsd_pct": 0.22210147102305486,
    "micro": false
  },
  "binarytrees": {
    "mean": 531.0614563835164,
    "rsd_pct": 0.5502807077269417,
    "micro": false
  },
  "chunky_png": {
    "mean": 1523.4369195757374,
    "rsd_pct": 0.08379896982483465,
    "micro": false
  },
  "erubi": {
    "mean": 567.045626253821,
    "rsd_pct": 0.7542387764029673,
    "micro": false
  },
  "erubi_rails": {
    "mean": 45.24447779018351,
    "rsd_pct": 2.0392578712705256,
    "micro": false
  },
  "etanni": {
    "mean": 922.5437112230187,
    "rsd_pct": 0.4204076069848316,
    "micro": false
  },
  "fannkuchredux": {
    "mean": 2038.270488543355,
    "rsd_pct": 0.1309202538839398,
    "micro": false
  },
  "lee": {
    "mean": 2252.4481458323344,
    "rsd_pct": 0.24206063944947892,
    "micro": false
  },
  "nbody": {
    "mean": 177.31523518605206,
    "rsd_pct": 0.06198214088999671,
    "micro": false
  },
  "optcarrot": {
    "mean": 10748.179683337608,
    "rsd_pct": 0.6214109945049252,
    "micro": false
  },
  "ruby-json": {
    "mean": 8639.605736732483,
    "rsd_pct": 0.04655942025091693,
    "micro": false
  },
  "rubykon": {
    "mean": 21026.9535779953,
    "rsd_pct": 0.38589182737813443,
    "micro": false
  },
  "30k_ifelse": {
    "mean": 1931.3996438174806,
    "rsd_pct": 0.04329522923458481,
    "micro": true
  },
  "30k_methods": {
    "mean": 3855.7910889919317,
    "rsd_pct": 0.13887734103735733,
    "micro": true
  },
  "cfunc_itself": {
    "mean": 112.53280826621781,
    "rsd_pct": 0.17986809985038174,
    "micro": true
  },
  "fib": {
    "mean": 191.0943069127331,
    "rsd_pct": 0.005729523024536772,
    "micro": true
  },
  "getivar": {
    "mean": 107.46779406460327,
    "rsd_pct": 0.0073766705397994075,
    "micro": true
  },
  "keyword_args": {
    "mean": 190.4430045265584,
    "rsd_pct": 0.024977044538182586,
    "micro": true
  },
  "respond_to": {
    "mean": 111.88031868841902,
    "rsd_pct": 0.4926764794808077,
    "micro": true
  },
  "setivar": {
    "mean": 50.03793608121298,
    "rsd_pct": 0.012223202847629072,
    "micro": true
  },
  "setivar_object": {
    "mean": 126.80156573148098,
    "rsd_pct": 1.3956072015785261,
    "micro": true
  },
  "str_concat": {
    "mean": 96.67493513366307,
    "rsd_pct": 0.880200202238107,
    "micro": true
  },
  "throw": {
    "mean": 49.97447415565451,
    "rsd_pct": 0.19357361661750272,
    "micro": true
  }
}