{
  "version": 2,
  "times": {
    "activerecord": [
      [
        146.59743290394545,
        147.06926606595516,
        147.61953800916672,
        146.2428756058216,
        146.657919511199,
        145.9710020571947,
        146.4724252000451,
        146.2200591340661,
        146.2832186371088,
        145.95420379191637,
        144.73166968673468,
        147.15218171477318,
        147.56660256534815,
        146.5704534202814,
        145.1936373487115,
        144.59550846368074,
        146.06509916484356,
        146.25627268105745,
        159.1057013720274,
        153.52068841457367,
        147.34761603176594,
        149.95128475129604,
        148.03463593125343,
        149.23276472836733,
        147.3558433353901,
        146.33918087929487,
        146.20359987020493,
        146.4545438066125,
        145.83688229322433,
        146.70898392796516,
        146.34849037975073,
        145.4679975286126,
        145.5562999472022,
        145.6209197640419,
        147.36954867839813,
        147.42949604988098,
        147.25688379257917,
        146.75347879529,
        147.5711390376091,
        148.4167454764247,
        148.51196017116308,
        147.37930707633495,
        146.7205500230193,
        147.85838220268488,
        148.11133965849876,
        147.13226817548275,
        146.87553606927395,
        146.06500789523125,
        145.97890246659517,
        146.43860142678022,
        146.61670103669167,
        146.4533731341362,
        145.625458098948,
        146.97787445038557,
        146.4378098025918,
        145.49913723021746,
        145.8043335005641,
        146.03857044130564,
        146.59505244344473,
        147.56202418357134,
        147.27219194173813,
        146.25542424619198,
        145.21808177232742,
        145.62529511749744,
        146.3185315951705,
        146.0749851539731,
        145.40751744061708,
        145.109080709517
      ]
    ],
    "30k_methods": [
      [
        6485.570073127747,
        6483.704716898501,
        6485.9162690117955,
        6486.569113098085,
        6486.409623175859
      ]
    ],
    "lee": [
      [
        1104.9354262650013,
        1111.9702020660043,
        1122.019525617361,
        1132.0524541661143,
        1151.8660821020603,
        1106.1986917629838,
        1113.9783058315516,
        1123.3356855809689
      ]
    ]
  },
  "warmups": {
    "activerecord": [
      [
        148.6335163936019
      ]
    ],
    "30k_methods": [
      [
        6484.92318764329
      ]
    ],
    "lee": [
      [
        1159.009225666523
      ]
    ]
  },
  "yjit_stats": {
    "activerecord": [

    ],
    "30k_methods": [

    ],
    "lee": [

    ]
  },
  "peak_mem_bytes": {
    "activerecord": [
      66969600
    ],
    "30k_methods": [
      57262080
    ],
    "lee": [
      35323904
    ]
  },
  "benchmark_metadata": {
    "activerecord": {
      "warmup_itrs": 1,
      "min_bench_itrs": 5,
      "min_bench_time": 10.0,
      "env": {
        "RUBY_VERSION": "3.1.0",
        "GEM_ROOT": "/home/ubuntu/.rubies/ruby-yjit-metrics-prod/lib/ruby/gems/3.1.0",
        "RUBY_ENGINE": "ruby",
        "GEM_PATH": "/home/ubuntu/.gem/ruby/3.1.0:/home/ubuntu/.rubies/ruby-yjit-metrics-prod/lib/ruby/gems/3.1.0",
        "GEM_HOME": "/home/ubuntu/.gem/ruby/3.1.0",
        "RUBY_ROOT": "/home/ubuntu/.rubies/ruby-yjit-metrics-prod",
        "PATH": "/home/ubuntu/.gem/ruby/3.1.0/bin:/home/ubuntu/.rubies/ruby-yjit-metrics-prod/lib/ruby/gems/3.1.0/bin:/home/ubuntu/.rubies/ruby-yjit-metrics-prod/bin:/usr/local/sbin:/usr/local/bin:/usr/sbin:/usr/bin:/sbin:/bin:/usr/games:/usr/local/games:/snap/bin",
        "RUBYOPT": "-r/home/ubuntu/.rubies/ruby-yjit-metrics-prod/lib/ruby/3.1.0/bundler/setup ",
        "BUNDLER_ORIG_BUNDLE_BIN_PATH": "BUNDLER_ENVIRONMENT_PRESERVER_INTENTIONALLY_NIL",
        "BUNDLER_ORIG_BUNDLE_GEMFILE": "BUNDLER_ENVIRONMENT_PRESERVER_INTENTIONALLY_NIL",
        "BUNDLER_ORIG_BUNDLER_VERSION": "BUNDLER_ENVIRONMENT_PRESERVER_INTENTIONALLY_NIL",
        "BUNDLER_ORIG_GEM_HOME": "/home/ubuntu/.gem/ruby/3.1.0",
        "BUNDLER_ORIG_GEM_PATH": "/home/ubuntu/.gem/ruby/3.1.0:/home/ubuntu/.rubies/ruby-yjit-metrics-prod/lib/ruby/gems/3.1.0",
        "BUNDLER_ORIG_MANPATH": "BUNDLER_ENVIRONMENT_PRESERVER_INTENTIONALLY_NIL",
        "BUNDLER_ORIG_PATH": "/home/ubuntu/.gem/ruby/3.1.0/bin:/home/ubuntu/.rubies/ruby-yjit-metrics-prod/lib/ruby/gems/3.1.0/bin:/home/ubuntu/.rubies/ruby-yjit-metrics-prod/bin:/usr/local/sbin:/usr/local/bin:/usr/sbin:/usr/bin:/sbin:/bin:/usr/games:/usr/local/games:/snap/bin",
        "BUNDLER_ORIG_RB_USER_INSTALL": "BUNDLER_ENVIRONMENT_PRESERVER_INTENTIONALLY_NIL",
        "BUNDLER_ORIG_RUBYLIB": "BUNDLER_ENVIRONMENT_PRESERVER_INTENTIONALLY_NIL",
        "BUNDLE_BIN_PATH": "/home/ubuntu/.rubies/ruby-yjit-metrics-prod/lib/ruby/gems/3.1.0/gems/bundler-2.3.0.dev/libexec/bundle",
        "BUNDLE_GEMFILE": "/home/ubuntu/ym/yjit-bench/benchmarks/activerecord/Gemfile",
        "BUNDLER_VERSION": "2.3.0.dev",
        "BUNDLER_ORIG_RUBYOPT": "",
        "RUBYLIB": ""
      },
      "loaded_gems": [
        [
          "error_highlight",
          "0.2.0"
        ],
        [
          "did_you_mean",
          "1.6.0.pre.alpha"
        ],
        [
          "benchmark",
          "0.2.0"
        ],
        [
          "json",
          "2.6.1"
        ],
        [
          "ostruct",
          "0.5.0"
        ],
        [
          "securerandom",
          "0.1.1"
        ],
        [
          "bundler",
          "2.3.0.dev"
        ],
        [
          "pathname",
          "0.2.0"
        ],
        [
          "concurrent-ruby",
          "1.1.9"
        ],
        [
          "i18n",
          "1.8.11"
        ],
        [
          "minitest",
          "5.14.4"
        ],
        [
          "thread_safe",
          "0.3.6"
        ],
        [
          "tzinfo",
          "1.2.9"
        ],
        [
          "zeitwerk",
          "2.5.1"
        ],
        [
          "activesupport",
          "6.0.4.1"
        ],
        [
          "activemodel",
          "6.0.4.1"
        ],
        [
          "activerecord",
          "6.0.4.1"
        ],
        [
          "sqlite3",
          "1.4.2"
        ]
      ],
      "benchmark_name": "activerecord",
      "benchmark_path": "/home/ubuntu/ym/yjit-bench/benchmarks/activerecord/benchmark.rb",
      "runs": 1
    },
    "30k_methods": {
      "warmup_itrs": 1,
      "min_bench_itrs": 5,
      "min_bench_time": 10.0,
      "env": {
        "RUBY_VERSION": "3.1.0",
        "GEM_ROOT": "/home/ubuntu/.rubies/ruby-yjit-metrics-prod/lib/ruby/gems/3.1.0",
        "RUBY_ENGINE": "ruby",
        "GEM_PATH": "/home/ubuntu/.gem/ruby/3.1.0:/home/ubuntu/.rubies/ruby-yjit-metrics-prod/lib/ruby/gems/3.1.0",
        "GEM_HOME": "/home/ubuntu/.gem/ruby/3.1.0",
        "RUBY_ROOT": "/home/ubuntu/.rubies/ruby-yjit-metrics-prod",
        "PATH": "/home/ubuntu/.gem/ruby/3.1.0/bin:/home/ubuntu/.rubies/ruby-yjit-metrics-prod/lib/ruby/gems/3.1.0/bin:/home/ubuntu/.rubies/ruby-yjit-metrics-prod/bin:/usr/local/sbin:/usr/local/bin:/usr/sbin:/usr/bin:/sbin:/bin:/usr/games:/usr/local/games:/snap/bin",
        "RUBYOPT": ""
      },
      "loaded_gems": [
        [
          "error_highlight",
          "0.2.0"
        ],
        [
          "did_you_mean",
          "1.6.0.pre.alpha"
        ],
        [
          "benchmark",
          "0.2.0"
        ],
        [
          "json",
          "2.6.1"
        ],
        [
          "ostruct",
          "0.5.0"
        ]
      ],
      "benchmark_name": "30k_methods",
      "benchmark_path": "/home/ubuntu/ym/yjit-bench/benchmarks/30k_methods.rb",
      "runs": 1
    },
    "lee": {
      "warmup_itrs": 1,
      "min_bench_itrs": 5,
      "min_bench_time": 10.0,
      "env": {
        "RUBY_VERSION": "3.1.0",
        "GEM_ROOT": "/home/ubuntu/.rubies/ruby-yjit-metrics-prod/lib/ruby/gems/3.1.0",
        "RUBY_ENGINE": "ruby",